,DayOfYear,Interp.Value,LowerBound,UpperBound,gw_min,gw_max,AvgWaterTemp_C,NEP_median,NEP_lower,NEP_upper,NEP_max,daily_NEP,atm_CO2_ppm,date,measured_discharge
1,122,20585.01,19605.76,25267.1896,20585.01,35003.18212,0.015020833,3.209604885,1.665713107,5.08632107,15.36496386,3.209604885,436.3777039,2020-05-01,0.144911979
2,122,20585.01,19605.76,25267.1896,20585.01,35003.18212,0.015020833,3.209604885,1.665713107,5.08632107,15.36496386,3.209604885,436.3777039,2022-05-02,3.963163125
3,122,20585.01,19605.76,25267.1896,20585.01,35003.18212,0.015020833,3.209604885,1.665713107,5.08632107,15.36496386,3.209604885,436.3777039,2021-05-02,0.272350521
4,122,20585.01,19605.76,25267.1896,20585.01,35003.18212,0.015020833,3.209604885,1.665713107,5.08632107,15.36496386,3.209604885,436.3777039,2023-05-02,0.349156875
5,123,20770.10018,19768.49476,25334.76784,20585.01,35003.18212,0.005104167,3.209604885,1.665713107,5.08632107,15.36496386,3.209604885,438.4704708,2022-05-03,3.230457396
6,123,20770.10018,19768.49476,25334.76784,20585.01,35003.18212,0.005104167,3.209604885,1.665713107,5.08632107,15.36496386,3.209604885,438.4704708,2020-05-02,0.164128021
7,123,20770.10018,19768.49476,25334.76784,20585.01,35003.18212,0.005104167,3.209604885,1.665713107,5.08632107,15.36496386,3.209604885,438.4704708,2023-05-03,0.409973125
8,123,20770.10018,19768.49476,25334.76784,20585.01,35003.18212,0.005104167,3.209604885,1.665713107,5.08632107,15.36496386,3.209604885,438.4704708,2021-05-03,0.367440938
9,124,20955.13999,19931.23516,25402.34608,20585.01,35003.18212,0.016604167,3.209604885,1.665713107,5.08632107,15.36496386,3.209604885,438.618313,2020-05-03,0.205971563
10,124,20955.13999,19931.23516,25402.34608,20585.01,35003.18212,0.016604167,3.209604885,1.665713107,5.08632107,15.36496386,3.209604885,438.618313,2022-05-04,2.609073125
11,124,20955.13999,19931.23516,25402.34608,20585.01,35003.18212,0.016604167,3.209604885,1.665713107,5.08632107,15.36496386,3.209604885,438.618313,2023-05-04,0.452218854
12,124,20955.13999,19931.23516,25402.34608,20585.01,35003.18212,0.016604167,3.209604885,1.665713107,5.08632107,15.36496386,3.209604885,438.618313,2021-05-04,0.638766354
13,125,21140.06561,20093.96195,25469.92432,20585.01,35003.18212,0.023806452,3.209604885,1.665713107,5.08632107,15.36496386,3.209604885,439.2929719,2020-05-04,0.270686771
14,125,21140.06561,20093.96195,25469.92432,20585.01,35003.18212,0.023806452,3.209604885,1.665713107,5.08632107,15.36496386,3.209604885,439.2929719,2022-05-05,2.393176042
15,125,21140.06561,20093.96195,25469.92432,20585.01,35003.18212,0.023806452,3.209604885,1.665713107,5.08632107,15.36496386,3.209604885,439.2929719,2023-05-05,0.491767083
16,125,21140.06561,20093.96195,25469.92432,20585.01,35003.18212,0.023806452,3.209604885,1.665713107,5.08632107,15.36496386,3.209604885,439.2929719,2021-05-05,0.803939688
17,126,21324.81322,20256.65591,25537.50256,20585.01,35003.18212,-0.00965625,3.209604885,1.665713107,5.08632107,15.36496386,3.209604885,438.6628,2020-05-05,0.675117813
18,126,21324.81322,20256.65591,25537.50256,20585.01,35003.18212,-0.00965625,3.209604885,1.665713107,5.08632107,15.36496386,3.209604885,438.6628,2021-05-06,0.84889
19,126,21324.81322,20256.65591,25537.50256,20585.01,35003.18212,-0.00965625,3.209604885,1.665713107,5.08632107,15.36496386,3.209604885,438.6628,2022-05-06,1.664398125
20,126,21324.81322,20256.65591,25537.50256,20585.01,35003.18212,-0.00965625,3.209604885,1.665713107,5.08632107,15.36496386,3.209604885,438.6628,2023-05-06,0.657322708
21,127,21509.31899,20419.29779,25605.0808,20585.01,35003.18212,0.453254848,3.209604885,1.665713107,5.08632107,15.36496386,3.209604885,441.9802912,2020-05-06,0.831769271
22,127,21509.31899,20419.29779,25605.0808,20585.01,35003.18212,0.453254848,3.209604885,1.665713107,5.08632107,15.36496386,3.209604885,441.9802912,2023-05-07,2.029819167
23,127,21509.31899,20419.29779,25605.0808,20585.01,35003.18212,0.453254848,3.209604885,1.665713107,5.08632107,15.36496386,3.209604885,441.9802912,2021-05-07,1.062390118
24,127,21509.31899,20419.29779,25605.0808,20585.01,35003.18212,0.453254848,3.209604885,1.665713107,5.08632107,15.36496386,3.209604885,441.9802912,2019-05-07,0.212287079
25,127,21509.31899,20419.29779,25605.0808,20585.01,35003.18212,0.453254848,3.209604885,1.665713107,5.08632107,15.36496386,3.209604885,441.9802912,2022-05-07,1.729246042
26,128,21693.51911,20581.86837,25672.65904,20585.01,35003.18212,0.407993644,3.209604885,1.665713107,5.08632107,15.36496386,4.088598938,437.2670093,2023-05-08,1.522894792
27,128,21693.51911,20581.86837,25672.65904,20585.01,35003.18212,0.407993644,3.209604885,1.665713107,5.08632107,15.36496386,4.088598938,437.2670093,2022-05-08,1.543025417
28,128,21693.51911,20581.86837,25672.65904,20585.01,35003.18212,0.407993644,3.209604885,1.665713107,5.08632107,15.36496386,4.088598938,437.2670093,2021-05-08,0.916162396
29,128,21693.51911,20581.86837,25672.65904,20585.01,35003.18212,0.407993644,3.209604885,1.665713107,5.08632107,15.36496386,4.088598938,437.2670093,2019-05-08,0.231493333
30,128,21693.51911,20581.86837,25672.65904,20585.01,35003.18212,0.407993644,3.209604885,1.665713107,5.08632107,15.36496386,4.088598938,437.2670093,2020-05-07,0.759125625
31,129,21877.34975,20744.34839,25740.23728,20585.01,35003.18212,0.46614574,3.209604885,1.665713107,5.08632107,15.36496386,4.597536885,432.4701054,2022-05-09,0.979719792
32,129,21877.34975,20744.34839,25740.23728,20585.01,35003.18212,0.46614574,3.209604885,1.665713107,5.08632107,15.36496386,4.597536885,432.4701054,2020-05-08,1.117541771
33,129,21877.34975,20744.34839,25740.23728,20585.01,35003.18212,0.46614574,3.209604885,1.665713107,5.08632107,15.36496386,4.597536885,432.4701054,2023-05-09,1.260337708
34,129,21877.34975,20744.34839,25740.23728,20585.01,35003.18212,0.46614574,3.209604885,1.665713107,5.08632107,15.36496386,4.597536885,432.4701054,2019-05-09,0.329296458
35,129,21877.34975,20744.34839,25740.23728,20585.01,35003.18212,0.46614574,3.209604885,1.665713107,5.08632107,15.36496386,4.597536885,432.4701054,2021-05-09,0.889585417
36,130,22060.74709,20906.71864,25807.81552,20585.01,35003.18212,0.505024823,3.209604885,1.665713107,5.08632107,15.36496386,6.11290663,435.6372397,2022-05-10,0.724930625
37,130,22060.74709,20906.71864,25807.81552,20585.01,35003.18212,0.505024823,3.209604885,1.665713107,5.08632107,15.36496386,6.11290663,435.6372397,2023-05-10,0.832892188
38,130,22060.74709,20906.71864,25807.81552,20585.01,35003.18212,0.505024823,3.209604885,1.665713107,5.08632107,15.36496386,6.11290663,435.6372397,2019-05-10,0.395357813
39,130,22060.74709,20906.71864,25807.81552,20585.01,35003.18212,0.505024823,3.209604885,1.665713107,5.08632107,15.36496386,6.11290663,435.6372397,2020-05-09,1.520701875
40,130,22060.74709,20906.71864,25807.81552,20585.01,35003.18212,0.505024823,3.209604885,1.665713107,5.08632107,15.36496386,6.11290663,435.6372397,2021-05-10,0.933114368
41,131,22243.6473,21068.95986,25875.39376,20585.01,35003.18212,0.642117647,3.209604885,1.665713107,5.08632107,15.36496386,2.350407141,440.0858577,2022-05-11,0.709859583
42,131,22243.6473,21068.95986,25875.39376,20585.01,35003.18212,0.642117647,3.209604885,1.665713107,5.08632107,15.36496386,2.350407141,440.0858577,2023-05-11,1.030305833
43,131,22243.6473,21068.95986,25875.39376,20585.01,35003.18212,0.642117647,3.209604885,1.665713107,5.08632107,15.36496386,2.350407141,440.0858577,2019-05-11,0.378772396
44,131,22243.6473,21068.95986,25875.39376,20585.01,35003.18212,0.642117647,3.209604885,1.665713107,5.08632107,15.36496386,2.350407141,440.0858577,2021-05-11,0.910682273
45,131,22243.6473,21068.95986,25875.39376,20585.01,35003.18212,0.642117647,3.209604885,1.665713107,5.08632107,15.36496386,2.350407141,440.0858577,2020-05-10,2.023084792
46,132,22425.98656,21231.05283,25942.972,20585.01,35003.18212,0.831837838,3.209604885,1.665713107,5.08632107,15.36496386,2.784853796,440.1731852,2021-05-12,0.807176667
47,132,22425.98656,21231.05283,25942.972,20585.01,35003.18212,0.831837838,3.209604885,1.665713107,5.08632107,15.36496386,2.784853796,440.1731852,2023-05-12,1.383648438
48,132,22425.98656,21231.05283,25942.972,20585.01,35003.18212,0.831837838,3.209604885,1.665713107,5.08632107,15.36496386,2.784853796,440.1731852,2020-05-11,2.948872292
49,132,22425.98656,21231.05283,25942.972,20585.01,35003.18212,0.831837838,3.209604885,1.665713107,5.08632107,15.36496386,2.784853796,440.1731852,2022-05-12,0.690149167
50,132,22425.98656,21231.05283,25942.972,20585.01,35003.18212,0.831837838,3.209604885,1.665713107,5.08632107,15.36496386,2.784853796,440.1731852,2019-05-12,0.340438542
51,133,22607.70106,21392.9783,26010.55024,20585.01,35003.18212,0.817613251,3.209604885,1.665713107,5.08632107,15.36496386,3.209604885,437.5162897,2021-05-13,0.705570938
52,133,22607.70106,21392.9783,26010.55024,20585.01,35003.18212,0.817613251,3.209604885,1.665713107,5.08632107,15.36496386,3.209604885,437.5162897,2023-05-13,1.222520938
53,133,22607.70106,21392.9783,26010.55024,20585.01,35003.18212,0.817613251,3.209604885,1.665713107,5.08632107,15.36496386,3.209604885,437.5162897,2020-05-12,2.809070938
54,133,22607.70106,21392.9783,26010.55024,20585.01,35003.18212,0.817613251,3.209604885,1.665713107,5.08632107,15.36496386,3.209604885,437.5162897,2019-05-13,0.328502708
55,133,22607.70106,21392.9783,26010.55024,20585.01,35003.18212,0.817613251,3.209604885,1.665713107,5.08632107,15.36496386,3.209604885,437.5162897,2022-05-13,1.212309271
56,134,22788.72695,21554.71704,26078.12848,20585.01,35003.18212,0.982971726,3.209604885,1.665713107,5.08632107,15.36496386,1.097574526,437.1252989,2020-05-13,1.959488333
57,134,22788.72695,21554.71704,26078.12848,20585.01,35003.18212,0.982971726,3.209604885,1.665713107,5.08632107,15.36496386,1.097574526,437.1252989,2023-05-14,1.291422708
58,134,22788.72695,21554.71704,26078.12848,20585.01,35003.18212,0.982971726,3.209604885,1.665713107,5.08632107,15.36496386,1.097574526,437.1252989,2021-05-14,0.554488438
59,134,22788.72695,21554.71704,26078.12848,20585.01,35003.18212,0.982971726,3.209604885,1.665713107,5.08632107,15.36496386,1.097574526,437.1252989,2022-05-14,0.999070625
60,134,22788.72695,21554.71704,26078.12848,20585.01,35003.18212,0.982971726,3.209604885,1.665713107,5.08632107,15.36496386,1.097574526,437.1252989,2019-05-14,0.334831368
61,135,22969.00043,21716.24982,26145.70672,20585.01,35003.18212,1.215287202,3.209604885,1.665713107,5.08632107,15.36496386,2.781544005,432.7726573,2020-05-14,1.334020833
62,135,22969.00043,21716.24982,26145.70672,20585.01,35003.18212,1.215287202,3.209604885,1.665713107,5.08632107,15.36496386,2.781544005,432.7726573,2023-05-15,1.131908958
63,135,22969.00043,21716.24982,26145.70672,20585.01,35003.18212,1.215287202,3.209604885,1.665713107,5.08632107,15.36496386,2.781544005,432.7726573,2019-05-15,0.349247579
64,135,22969.00043,21716.24982,26145.70672,20585.01,35003.18212,1.215287202,3.209604885,1.665713107,5.08632107,15.36496386,2.781544005,432.7726573,2021-05-15,0.520175313
65,135,22969.00043,21716.24982,26145.70672,20585.01,35003.18212,1.215287202,3.209604885,1.665713107,5.08632107,15.36496386,2.781544005,432.7726573,2022-05-15,0.8069225
66,136,23148.45768,21877.5574,26213.28496,20585.01,35003.18212,1.422148426,3.209604885,1.665713107,5.08632107,15.36496386,1.187701791,433.1895057,2023-05-16,1.002153646
67,136,23148.45768,21877.5574,26213.28496,20585.01,35003.18212,1.422148426,3.209604885,1.665713107,5.08632107,15.36496386,1.187701791,433.1895057,2021-05-16,0.677501979
68,136,23148.45768,21877.5574,26213.28496,20585.01,35003.18212,1.422148426,3.209604885,1.665713107,5.08632107,15.36496386,1.187701791,433.1895057,2020-05-15,0.971824688
69,136,23148.45768,21877.5574,26213.28496,20585.01,35003.18212,1.422148426,3.209604885,1.665713107,5.08632107,15.36496386,1.187701791,433.1895057,2022-05-16,0.807125625
70,136,23148.45768,21877.5574,26213.28496,20585.01,35003.18212,1.422148426,3.209604885,1.665713107,5.08632107,15.36496386,1.187701791,433.1895057,2019-05-16,0.362743684
71,137,23327.03485,22038.62054,26280.8632,20585.01,35003.18212,1.303130719,3.209604885,1.665713107,5.08632107,15.36496386,3.565413377,434.2653803,2022-05-17,0.809478125
72,137,23327.03485,22038.62054,26280.8632,20585.01,35003.18212,1.303130719,3.209604885,1.665713107,5.08632107,15.36496386,3.565413377,434.2653803,2020-05-16,0.877271042
73,137,23327.03485,22038.62054,26280.8632,20585.01,35003.18212,1.303130719,3.209604885,1.665713107,5.08632107,15.36496386,3.565413377,434.2653803,2021-05-17,0.928571354
74,137,23327.03485,22038.62054,26280.8632,20585.01,35003.18212,1.303130719,3.209604885,1.665713107,5.08632107,15.36496386,3.565413377,434.2653803,2023-05-17,0.974408333
75,137,23327.03485,22038.62054,26280.8632,20585.01,35003.18212,1.303130719,3.209604885,1.665713107,5.08632107,15.36496386,3.565413377,434.2653803,2019-05-17,0.337346563
76,138,23504.66814,22199.42001,26348.44144,20585.01,35003.18212,1.386668958,3.209604885,1.665713107,5.08632107,15.36496386,1.66896617,437.1252919,2018-05-18,0.82162013
77,138,23504.66814,22199.42001,26348.44144,20585.01,35003.18212,1.386668958,3.209604885,1.665713107,5.08632107,15.36496386,1.66896617,437.1252919,2022-05-18,0.989558958
78,138,23504.66814,22199.42001,26348.44144,20585.01,35003.18212,1.386668958,3.209604885,1.665713107,5.08632107,15.36496386,1.66896617,437.1252919,2020-05-17,0.777648542
79,138,23504.66814,22199.42001,26348.44144,20585.01,35003.18212,1.386668958,3.209604885,1.665713107,5.08632107,15.36496386,1.66896617,437.1252919,2019-05-18,0.296858021
80,138,23504.66814,22199.42001,26348.44144,20585.01,35003.18212,1.386668958,3.209604885,1.665713107,5.08632107,15.36496386,1.66896617,437.1252919,2023-05-18,0.915982813
81,138,23504.66814,22199.42001,26348.44144,20585.01,35003.18212,1.386668958,3.209604885,1.665713107,5.08632107,15.36496386,1.66896617,437.1252919,2021-05-18,0.68743625
82,139,23681.29373,22359.93656,26416.01968,20585.01,35003.18212,1.676531963,3.209604885,1.665713107,5.08632107,15.36496386,3.209604885,435.8021605,2018-05-19,0.98543375
83,139,23681.29373,22359.93656,26416.01968,20585.01,35003.18212,1.676531963,3.209604885,1.665713107,5.08632107,15.36496386,3.209604885,435.8021605,2022-05-19,0.932343542
84,139,23681.29373,22359.93656,26416.01968,20585.01,35003.18212,1.676531963,3.209604885,1.665713107,5.08632107,15.36496386,3.209604885,435.8021605,2020-05-18,0.668523854
85,139,23681.29373,22359.93656,26416.01968,20585.01,35003.18212,1.676531963,3.209604885,1.665713107,5.08632107,15.36496386,3.209604885,435.8021605,2019-05-19,0.318377969
86,139,23681.29373,22359.93656,26416.01968,20585.01,35003.18212,1.676531963,3.209604885,1.665713107,5.08632107,15.36496386,3.209604885,435.8021605,2023-05-19,0.813613438
87,139,23681.29373,22359.93656,26416.01968,20585.01,35003.18212,1.676531963,3.209604885,1.665713107,5.08632107,15.36496386,3.209604885,435.8021605,2021-05-19,0.48977375
88,140,23856.84778,22520.15097,26483.59792,20585.01,35003.18212,1.916173958,3.209604885,1.665713107,5.08632107,15.36496386,2.016337595,446.1018871,2022-05-20,1.063208854
89,140,23856.84778,22520.15097,26483.59792,20585.01,35003.18212,1.916173958,3.209604885,1.665713107,5.08632107,15.36496386,2.016337595,446.1018871,2018-05-20,1.072464375
90,140,23856.84778,22520.15097,26483.59792,20585.01,35003.18212,1.916173958,3.209604885,1.665713107,5.08632107,15.36496386,2.016337595,446.1018871,2020-05-19,0.619122813
91,140,23856.84778,22520.15097,26483.59792,20585.01,35003.18212,1.916173958,3.209604885,1.665713107,5.08632107,15.36496386,2.016337595,446.1018871,2023-05-20,0.763712813
92,140,23856.84778,22520.15097,26483.59792,20585.01,35003.18212,1.916173958,3.209604885,1.665713107,5.08632107,15.36496386,2.016337595,446.1018871,2021-05-20,0.401931458
93,140,23856.84778,22520.15097,26483.59792,20585.01,35003.18212,1.916173958,3.209604885,1.665713107,5.08632107,15.36496386,2.016337595,446.1018871,2019-05-20,0.291956354
94,141,24031.26648,22680.04399,26551.17616,20585.01,35003.18212,2.189392708,3.209604885,1.665713107,5.08632107,15.36496386,2.582806893,447.5875964,2023-05-21,0.726814688
95,141,24031.26648,22680.04399,26551.17616,20585.01,35003.18212,2.189392708,3.209604885,1.665713107,5.08632107,15.36496386,2.582806893,447.5875964,2018-05-21,1.109474688
96,141,24031.26648,22680.04399,26551.17616,20585.01,35003.18212,2.189392708,3.209604885,1.665713107,5.08632107,15.36496386,2.582806893,447.5875964,2020-05-20,0.595175104
97,141,24031.26648,22680.04399,26551.17616,20585.01,35003.18212,2.189392708,3.209604885,1.665713107,5.08632107,15.36496386,2.582806893,447.5875964,2022-05-21,1.245379792
98,141,24031.26648,22680.04399,26551.17616,20585.01,35003.18212,2.189392708,3.209604885,1.665713107,5.08632107,15.36496386,2.582806893,447.5875964,2021-05-21,0.344386979
99,141,24031.26648,22680.04399,26551.17616,20585.01,35003.18212,2.189392708,3.209604885,1.665713107,5.08632107,15.36496386,2.582806893,447.5875964,2019-05-21,0.258920729
100,142,24204.486,22839.59639,26618.7544,20585.01,35003.18212,2.126892708,3.209604885,1.665713107,5.08632107,15.36496386,3.140819933,438.4645446,2022-05-22,1.343095208
101,142,24204.486,22839.59639,26618.7544,20585.01,35003.18212,2.126892708,3.209604885,1.665713107,5.08632107,15.36496386,3.140819933,438.4645446,2019-05-22,0.242628333
102,142,24204.486,22839.59639,26618.7544,20585.01,35003.18212,2.126892708,3.209604885,1.665713107,5.08632107,15.36496386,3.140819933,438.4645446,2020-05-21,0.575285
103,142,24204.486,22839.59639,26618.7544,20585.01,35003.18212,2.126892708,3.209604885,1.665713107,5.08632107,15.36496386,3.140819933,438.4645446,2023-05-22,0.637340208
104,142,24204.486,22839.59639,26618.7544,20585.01,35003.18212,2.126892708,3.209604885,1.665713107,5.08632107,15.36496386,3.140819933,438.4645446,2018-05-22,1.150760833
105,142,24204.486,22839.59639,26618.7544,20585.01,35003.18212,2.126892708,3.209604885,1.665713107,5.08632107,15.36496386,3.140819933,438.4645446,2021-05-22,0.377888854
106,143,24376.44252,22998.78893,26686.33264,20585.01,35003.18212,2.25636238,3.209604885,1.665713107,5.08632107,15.36496386,2.880818965,435.2729588,2020-05-22,0.568530625
107,143,24376.44252,22998.78893,26686.33264,20585.01,35003.18212,2.25636238,3.209604885,1.665713107,5.08632107,15.36496386,2.880818965,435.2729588,2023-05-23,0.553568438
108,143,24376.44252,22998.78893,26686.33264,20585.01,35003.18212,2.25636238,3.209604885,1.665713107,5.08632107,15.36496386,2.880818965,435.2729588,2018-05-23,0.905360313
109,143,24376.44252,22998.78893,26686.33264,20585.01,35003.18212,2.25636238,3.209604885,1.665713107,5.08632107,15.36496386,2.880818965,435.2729588,2021-05-23,0.351191563
110,143,24376.44252,22998.78893,26686.33264,20585.01,35003.18212,2.25636238,3.209604885,1.665713107,5.08632107,15.36496386,2.880818965,435.2729588,2019-05-23,0.23306375
111,143,24376.44252,22998.78893,26686.33264,20585.01,35003.18212,2.25636238,3.209604885,1.665713107,5.08632107,15.36496386,2.880818965,435.2729588,2022-05-23,1.151935729
112,144,24547.07222,23157.60239,26753.91088,20585.01,35003.18212,2.498295359,3.209604885,1.665713107,5.08632107,15.36496386,3.209604885,432.3384614,2019-05-24,0.231533542
113,144,24547.07222,23157.60239,26753.91088,20585.01,35003.18212,2.498295359,3.209604885,1.665713107,5.08632107,15.36496386,3.209604885,432.3384614,2020-05-23,0.555159792
114,144,24547.07222,23157.60239,26753.91088,20585.01,35003.18212,2.498295359,3.209604885,1.665713107,5.08632107,15.36496386,3.209604885,432.3384614,2023-05-24,0.498242188
115,144,24547.07222,23157.60239,26753.91088,20585.01,35003.18212,2.498295359,3.209604885,1.665713107,5.08632107,15.36496386,3.209604885,432.3384614,2018-05-24,0.882652708
116,144,24547.07222,23157.60239,26753.91088,20585.01,35003.18212,2.498295359,3.209604885,1.665713107,5.08632107,15.36496386,3.209604885,432.3384614,2021-05-24,0.319540638
117,144,24547.07222,23157.60239,26753.91088,20585.01,35003.18212,2.498295359,3.209604885,1.665713107,5.08632107,15.36496386,3.209604885,432.3384614,2022-05-24,0.973250833
118,145,24716.31127,23316.01751,26821.48912,20585.01,35003.18212,2.629211458,3.209604885,1.665713107,5.08632107,15.36496386,2.829598196,440.6975972,2019-05-25,0.237773854
119,145,24716.31127,23316.01751,26821.48912,20585.01,35003.18212,2.629211458,3.209604885,1.665713107,5.08632107,15.36496386,2.829598196,440.6975972,2023-05-25,0.465285104
120,145,24716.31127,23316.01751,26821.48912,20585.01,35003.18212,2.629211458,3.209604885,1.665713107,5.08632107,15.36496386,2.829598196,440.6975972,2020-05-24,0.528073021
121,145,24716.31127,23316.01751,26821.48912,20585.01,35003.18212,2.629211458,3.209604885,1.665713107,5.08632107,15.36496386,2.829598196,440.6975972,2021-05-25,0.306835521
122,145,24716.31127,23316.01751,26821.48912,20585.01,35003.18212,2.629211458,3.209604885,1.665713107,5.08632107,15.36496386,2.829598196,440.6975972,2018-05-25,0.969856563
123,145,24716.31127,23316.01751,26821.48912,20585.01,35003.18212,2.629211458,3.209604885,1.665713107,5.08632107,15.36496386,2.829598196,440.6975972,2022-05-25,0.838925
124,146,24884.09585,23474.01506,26889.06736,20585.01,35003.18212,3.0626125,3.209604885,1.665713107,5.08632107,15.36496386,1.30290269,436.4968934,2023-05-26,0.462363958
125,146,24884.09585,23474.01506,26889.06736,20585.01,35003.18212,3.0626125,3.209604885,1.665713107,5.08632107,15.36496386,1.30290269,436.4968934,2019-05-26,0.231164583
126,146,24884.09585,23474.01506,26889.06736,20585.01,35003.18212,3.0626125,3.209604885,1.665713107,5.08632107,15.36496386,1.30290269,436.4968934,2020-05-25,0.541032604
127,146,24884.09585,23474.01506,26889.06736,20585.01,35003.18212,3.0626125,3.209604885,1.665713107,5.08632107,15.36496386,1.30290269,436.4968934,2021-05-26,0.290557604
128,146,24884.09585,23474.01506,26889.06736,20585.01,35003.18212,3.0626125,3.209604885,1.665713107,5.08632107,15.36496386,1.30290269,436.4968934,2018-05-26,0.844380313
129,146,24884.09585,23474.01506,26889.06736,20585.01,35003.18212,3.0626125,3.209604885,1.665713107,5.08632107,15.36496386,1.30290269,436.4968934,2022-05-26,0.84728125
130,147,25050.36214,23631.57582,26956.6456,20585.01,35003.18212,2.974303125,3.209604885,1.665713107,5.08632107,15.36496386,4.011326316,441.4737069,2021-05-27,0.286414063
131,147,25050.36214,23631.57582,26956.6456,20585.01,35003.18212,2.974303125,3.209604885,1.665713107,5.08632107,15.36496386,4.011326316,441.4737069,2020-05-26,0.623295104
132,147,25050.36214,23631.57582,26956.6456,20585.01,35003.18212,2.974303125,3.209604885,1.665713107,5.08632107,15.36496386,4.011326316,441.4737069,2023-05-27,0.560495417
133,147,25050.36214,23631.57582,26956.6456,20585.01,35003.18212,2.974303125,3.209604885,1.665713107,5.08632107,15.36496386,4.011326316,441.4737069,2018-05-27,0.787927708
134,147,25050.36214,23631.57582,26956.6456,20585.01,35003.18212,2.974303125,3.209604885,1.665713107,5.08632107,15.36496386,4.011326316,441.4737069,2019-05-27,0.226228542
135,147,25050.36214,23631.57582,26956.6456,20585.01,35003.18212,2.974303125,3.209604885,1.665713107,5.08632107,15.36496386,4.011326316,441.4737069,2022-05-27,0.863735938
136,148,25215.04632,23788.68053,27024.22384,20585.01,35003.18212,3.0183127,3.209604885,1.665713107,5.08632107,15.36496386,3.209604885,441.7619104,2023-05-28,0.487414688
137,148,25215.04632,23788.68053,27024.22384,20585.01,35003.18212,3.0183127,3.209604885,1.665713107,5.08632107,15.36496386,3.209604885,441.7619104,2021-05-28,0.26741253
138,148,25215.04632,23788.68053,27024.22384,20585.01,35003.18212,3.0183127,3.209604885,1.665713107,5.08632107,15.36496386,3.209604885,441.7619104,2020-05-27,0.540868854
139,148,25215.04632,23788.68053,27024.22384,20585.01,35003.18212,3.0183127,3.209604885,1.665713107,5.08632107,15.36496386,3.209604885,441.7619104,2022-05-28,0.777997604
140,148,25215.04632,23788.68053,27024.22384,20585.01,35003.18212,3.0183127,3.209604885,1.665713107,5.08632107,15.36496386,3.209604885,441.7619104,2018-05-28,0.723311146
141,148,25215.04632,23788.68053,27024.22384,20585.01,35003.18212,3.0183127,3.209604885,1.665713107,5.08632107,15.36496386,3.209604885,441.7619104,2019-05-28,0.217673333
142,149,25378.08456,23945.30997,27091.80208,20585.01,35003.18212,2.72382636,3.209604885,1.665713107,5.08632107,15.36496386,1.710722508,436.2843102,2020-05-28,0.481790729
143,149,25378.08456,23945.30997,27091.80208,20585.01,35003.18212,2.72382636,3.209604885,1.665713107,5.08632107,15.36496386,1.710722508,436.2843102,2018-05-29,0.693104792
144,149,25378.08456,23945.30997,27091.80208,20585.01,35003.18212,2.72382636,3.209604885,1.665713107,5.08632107,15.36496386,1.710722508,436.2843102,2022-05-29,0.697754896
145,149,25378.08456,23945.30997,27091.80208,20585.01,35003.18212,2.72382636,3.209604885,1.665713107,5.08632107,15.36496386,1.710722508,436.2843102,2023-05-29,0.523265625
146,149,25378.08456,23945.30997,27091.80208,20585.01,35003.18212,2.72382636,3.209604885,1.665713107,5.08632107,15.36496386,1.710722508,436.2843102,2019-05-29,0.268255
147,149,25378.08456,23945.30997,27091.80208,20585.01,35003.18212,2.72382636,3.209604885,1.665713107,5.08632107,15.36496386,1.710722508,436.2843102,2021-05-29,0.236547234
148,150,25539.41304,24101.44489,27159.38032,20585.01,35003.18212,3.044111465,3.209604885,1.665713107,5.08632107,15.36496386,3.209604885,433.822597,2023-05-30,1.024972083
149,150,25539.41304,24101.44489,27159.38032,20585.01,35003.18212,3.044111465,3.209604885,1.665713107,5.08632107,15.36496386,3.209604885,433.822597,2018-05-30,0.665816563
150,150,25539.41304,24101.44489,27159.38032,20585.01,35003.18212,3.044111465,3.209604885,1.665713107,5.08632107,15.36496386,3.209604885,433.822597,2021-05-30,0.232510729
151,150,25539.41304,24101.44489,27159.38032,20585.01,35003.18212,3.044111465,3.209604885,1.665713107,5.08632107,15.36496386,3.209604885,433.822597,2020-05-29,0.450639583
152,150,25539.41304,24101.44489,27159.38032,20585.01,35003.18212,3.044111465,3.209604885,1.665713107,5.08632107,15.36496386,3.209604885,433.822597,2022-05-30,0.627780625
153,150,25539.41304,24101.44489,27159.38032,20585.01,35003.18212,3.044111465,3.209604885,1.665713107,5.08632107,15.36496386,3.209604885,433.822597,2019-05-30,0.236571667
154,151,25698.96793,24257.06607,27226.95856,20585.01,35003.18212,3.162135789,3.209604885,1.665713107,5.08632107,15.36496386,1.647707893,438.7066102,2023-05-31,0.974433021
155,151,25698.96793,24257.06607,27226.95856,20585.01,35003.18212,3.162135789,3.209604885,1.665713107,5.08632107,15.36496386,1.647707893,438.7066102,2020-05-30,0.428636979
156,151,25698.96793,24257.06607,27226.95856,20585.01,35003.18212,3.162135789,3.209604885,1.665713107,5.08632107,15.36496386,1.647707893,438.7066102,2019-05-31,0.217612083
157,151,25698.96793,24257.06607,27226.95856,20585.01,35003.18212,3.162135789,3.209604885,1.665713107,5.08632107,15.36496386,1.647707893,438.7066102,2018-05-31,0.638114792
158,151,25698.96793,24257.06607,27226.95856,20585.01,35003.18212,3.162135789,3.209604885,1.665713107,5.08632107,15.36496386,1.647707893,438.7066102,2021-05-31,0.229479792
159,151,25698.96793,24257.06607,27226.95856,20585.01,35003.18212,3.162135789,3.209604885,1.665713107,5.08632107,15.36496386,1.647707893,438.7066102,2022-05-31,0.568710521
160,152,25856.68542,24412.15427,27294.5368,20585.01,35003.18212,3.166693446,3.209604885,1.665713107,5.08632107,15.36496386,1.501764299,436.1112727,2020-05-31,0.409608854
161,152,25856.68542,24412.15427,27294.5368,20585.01,35003.18212,3.166693446,3.209604885,1.665713107,5.08632107,15.36496386,1.501764299,436.1112727,2021-06-01,0.232864271
162,152,25856.68542,24412.15427,27294.5368,20585.01,35003.18212,3.166693446,3.209604885,1.665713107,5.08632107,15.36496386,1.501764299,436.1112727,2019-06-01,0.215617396
163,152,25856.68542,24412.15427,27294.5368,20585.01,35003.18212,3.166693446,3.209604885,1.665713107,5.08632107,15.36496386,1.501764299,436.1112727,2018-06-01,0.620060417
164,152,25856.68542,24412.15427,27294.5368,20585.01,35003.18212,3.166693446,3.209604885,1.665713107,5.08632107,15.36496386,1.501764299,436.1112727,2022-06-01,0.528209167
165,152,25856.68542,24412.15427,27294.5368,20585.01,35003.18212,3.166693446,3.209604885,1.665713107,5.08632107,15.36496386,1.501764299,436.1112727,2023-06-01,0.688578021
166,153,26012.50168,24566.69024,27362.11504,20585.01,35003.18212,3.036726042,3.209604885,1.665713107,5.08632107,15.36496386,1.114448013,428.6948528,2019-06-02,0.216599479
167,153,26012.50168,24566.69024,27362.11504,20585.01,35003.18212,3.036726042,3.209604885,1.665713107,5.08632107,15.36496386,1.114448013,428.6948528,2018-06-02,0.664670313
168,153,26012.50168,24566.69024,27362.11504,20585.01,35003.18212,3.036726042,3.209604885,1.665713107,5.08632107,15.36496386,1.114448013,428.6948528,2022-06-02,0.494145729
169,153,26012.50168,24566.69024,27362.11504,20585.01,35003.18212,3.036726042,3.209604885,1.665713107,5.08632107,15.36496386,1.114448013,428.6948528,2021-06-02,0.281761771
170,153,26012.50168,24566.69024,27362.11504,20585.01,35003.18212,3.036726042,3.209604885,1.665713107,5.08632107,15.36496386,1.114448013,428.6948528,2023-06-02,1.080970625
171,153,26012.50168,24566.69024,27362.11504,20585.01,35003.18212,3.036726042,3.209604885,1.665713107,5.08632107,15.36496386,1.114448013,428.6948528,2020-06-01,0.394130208
172,154,26166.35289,24720.65475,27429.69328,20585.01,35003.18212,3.162249735,3.209604885,1.665713107,5.08632107,15.36496386,2.075261723,434.1976434,2021-06-03,0.284992043
173,154,26166.35289,24720.65475,27429.69328,20585.01,35003.18212,3.162249735,3.209604885,1.665713107,5.08632107,15.36496386,2.075261723,434.1976434,2018-06-03,0.625555417
174,154,26166.35289,24720.65475,27429.69328,20585.01,35003.18212,3.162249735,3.209604885,1.665713107,5.08632107,15.36496386,2.075261723,434.1976434,2022-06-03,0.467442813
175,154,26166.35289,24720.65475,27429.69328,20585.01,35003.18212,3.162249735,3.209604885,1.665713107,5.08632107,15.36496386,2.075261723,434.1976434,2020-06-02,0.378187188
176,154,26166.35289,24720.65475,27429.69328,20585.01,35003.18212,3.162249735,3.209604885,1.665713107,5.08632107,15.36496386,2.075261723,434.1976434,2023-06-03,1.0211675
177,154,26166.35289,24720.65475,27429.69328,20585.01,35003.18212,3.162249735,3.209604885,1.665713107,5.08632107,15.36496386,2.075261723,434.1976434,2019-06-03,0.211079896
178,155,26318.17523,24874.02858,27497.27152,20585.01,35003.18212,3.580667708,3.209604885,1.665713107,5.08632107,15.36496386,1.785585135,435.9853503,2018-06-04,0.593530417
179,155,26318.17523,24874.02858,27497.27152,20585.01,35003.18212,3.580667708,3.209604885,1.665713107,5.08632107,15.36496386,1.785585135,435.9853503,2021-06-04,0.268521771
180,155,26318.17523,24874.02858,27497.27152,20585.01,35003.18212,3.580667708,3.209604885,1.665713107,5.08632107,15.36496386,1.785585135,435.9853503,2023-06-04,0.780196667
181,155,26318.17523,24874.02858,27497.27152,20585.01,35003.18212,3.580667708,3.209604885,1.665713107,5.08632107,15.36496386,1.785585135,435.9853503,2019-06-04,0.202019896
182,155,26318.17523,24874.02858,27497.27152,20585.01,35003.18212,3.580667708,3.209604885,1.665713107,5.08632107,15.36496386,1.785585135,435.9853503,2022-06-04,0.444801563
183,155,26318.17523,24874.02858,27497.27152,20585.01,35003.18212,3.580667708,3.209604885,1.665713107,5.08632107,15.36496386,1.785585135,435.9853503,2020-06-03,0.370905625
184,156,26467.90486,25026.79247,27564.84976,20585.01,35003.18212,3.77974244,3.209604885,1.665713107,5.08632107,15.36496386,4.917497722,432.3504233,2019-06-05,0.194785208
185,156,26467.90486,25026.79247,27564.84976,20585.01,35003.18212,3.77974244,3.209604885,1.665713107,5.08632107,15.36496386,4.917497722,432.3504233,2020-06-04,0.481917708
186,156,26467.90486,25026.79247,27564.84976,20585.01,35003.18212,3.77974244,3.209604885,1.665713107,5.08632107,15.36496386,4.917497722,432.3504233,2018-06-05,0.569732083
187,156,26467.90486,25026.79247,27564.84976,20585.01,35003.18212,3.77974244,3.209604885,1.665713107,5.08632107,15.36496386,4.917497722,432.3504233,2021-06-05,0.273288438
188,156,26467.90486,25026.79247,27564.84976,20585.01,35003.18212,3.77974244,3.209604885,1.665713107,5.08632107,15.36496386,4.917497722,432.3504233,2023-06-05,0.686471042
189,156,26467.90486,25026.79247,27564.84976,20585.01,35003.18212,3.77974244,3.209604885,1.665713107,5.08632107,15.36496386,4.917497722,432.3504233,2022-06-05,0.424556875
190,157,26615.47798,25178.92719,27632.428,20585.01,35003.18212,3.896335092,3.209604885,1.665713107,5.08632107,15.36496386,1.817674574,425.6820807,2020-06-05,0.407283438
191,157,26615.47798,25178.92719,27632.428,20585.01,35003.18212,3.896335092,3.209604885,1.665713107,5.08632107,15.36496386,1.817674574,425.6820807,2023-06-06,0.591715833
192,157,26615.47798,25178.92719,27632.428,20585.01,35003.18212,3.896335092,3.209604885,1.665713107,5.08632107,15.36496386,1.817674574,425.6820807,2019-06-06,0.192475313
193,157,26615.47798,25178.92719,27632.428,20585.01,35003.18212,3.896335092,3.209604885,1.665713107,5.08632107,15.36496386,1.817674574,425.6820807,2022-06-06,0.404895104
194,157,26615.47798,25178.92719,27632.428,20585.01,35003.18212,3.896335092,3.209604885,1.665713107,5.08632107,15.36496386,1.817674574,425.6820807,2021-06-06,0.263522917
195,157,26615.47798,25178.92719,27632.428,20585.01,35003.18212,3.896335092,3.209604885,1.665713107,5.08632107,15.36496386,1.817674574,425.6820807,2018-06-06,0.576240976
196,158,26760.83075,25330.41351,27700.00624,20585.01,35003.18212,3.91768125,3.209604885,1.665713107,5.08632107,15.36496386,0.919079285,427.0054323,2021-06-07,0.344484896
197,158,26760.83075,25330.41351,27700.00624,20585.01,35003.18212,3.91768125,3.209604885,1.665713107,5.08632107,15.36496386,0.919079285,427.0054323,2020-06-06,0.38798375
198,158,26760.83075,25330.41351,27700.00624,20585.01,35003.18212,3.91768125,3.209604885,1.665713107,5.08632107,15.36496386,0.919079285,427.0054323,2022-06-07,0.387563333
199,158,26760.83075,25330.41351,27700.00624,20585.01,35003.18212,3.91768125,3.209604885,1.665713107,5.08632107,15.36496386,0.919079285,427.0054323,2019-06-07,0.189122632
200,158,26760.83075,25330.41351,27700.00624,20585.01,35003.18212,3.91768125,3.209604885,1.665713107,5.08632107,15.36496386,0.919079285,427.0054323,2023-06-07,0.525534167
201,158,26760.83075,25330.41351,27700.00624,20585.01,35003.18212,3.91768125,3.209604885,1.665713107,5.08632107,15.36496386,0.919079285,427.0054323,2018-06-07,0.451227604
202,159,26903.89936,25481.23219,27767.58448,20585.01,35003.18212,4.077596875,3.209604885,1.665713107,5.08632107,15.36496386,1.426064953,430.1458578,2021-06-08,0.343558646
203,159,26903.89936,25481.23219,27767.58448,20585.01,35003.18212,4.077596875,3.209604885,1.665713107,5.08632107,15.36496386,1.426064953,430.1458578,2022-06-08,0.375218229
204,159,26903.89936,25481.23219,27767.58448,20585.01,35003.18212,4.077596875,3.209604885,1.665713107,5.08632107,15.36496386,1.426064953,430.1458578,2019-06-08,0.193409896
205,159,26903.89936,25481.23219,27767.58448,20585.01,35003.18212,4.077596875,3.209604885,1.665713107,5.08632107,15.36496386,1.426064953,430.1458578,2023-06-08,0.497261875
206,159,26903.89936,25481.23219,27767.58448,20585.01,35003.18212,4.077596875,3.209604885,1.665713107,5.08632107,15.36496386,1.426064953,430.1458578,2018-06-08,0.423622396
207,159,26903.89936,25481.23219,27767.58448,20585.01,35003.18212,4.077596875,3.209604885,1.665713107,5.08632107,15.36496386,1.426064953,430.1458578,2020-06-07,0.373939688
208,160,27044.61998,25631.364,27835.16272,20585.01,35003.18212,3.87976226,3.209604885,1.665713107,5.08632107,15.36496386,2.242251519,441.9555507,2022-06-09,0.367082396
209,160,27044.61998,25631.364,27835.16272,20585.01,35003.18212,3.87976226,3.209604885,1.665713107,5.08632107,15.36496386,2.242251519,441.9555507,2018-06-09,0.406670938
210,160,27044.61998,25631.364,27835.16272,20585.01,35003.18212,3.87976226,3.209604885,1.665713107,5.08632107,15.36496386,2.242251519,441.9555507,2019-06-09,0.188472917
211,160,27044.61998,25631.364,27835.16272,20585.01,35003.18212,3.87976226,3.209604885,1.665713107,5.08632107,15.36496386,2.242251519,441.9555507,2023-06-09,0.480390729
212,160,27044.61998,25631.364,27835.16272,20585.01,35003.18212,3.87976226,3.209604885,1.665713107,5.08632107,15.36496386,2.242251519,441.9555507,2020-06-08,0.356617396
213,160,27044.61998,25631.364,27835.16272,20585.01,35003.18212,3.87976226,3.209604885,1.665713107,5.08632107,15.36496386,2.242251519,441.9555507,2021-06-09,0.357450521
214,161,27182.92879,25780.78969,27902.74096,20585.01,35003.18212,3.76672356,3.209604885,1.665713107,5.08632107,15.36496386,2.87617966,433.1632033,2023-06-10,0.459316146
215,161,27182.92879,25780.78969,27902.74096,20585.01,35003.18212,3.76672356,3.209604885,1.665713107,5.08632107,15.36496386,2.87617966,433.1632033,2018-06-10,0.40229
216,161,27182.92879,25780.78969,27902.74096,20585.01,35003.18212,3.76672356,3.209604885,1.665713107,5.08632107,15.36496386,2.87617966,433.1632033,2019-06-10,0.185790833
217,161,27182.92879,25780.78969,27902.74096,20585.01,35003.18212,3.76672356,3.209604885,1.665713107,5.08632107,15.36496386,2.87617966,433.1632033,2020-06-09,0.34802625
218,161,27182.92879,25780.78969,27902.74096,20585.01,35003.18212,3.76672356,3.209604885,1.665713107,5.08632107,15.36496386,2.87617966,433.1632033,2021-06-10,0.330133542
219,161,27182.92879,25780.78969,27902.74096,20585.01,35003.18212,3.76672356,3.209604885,1.665713107,5.08632107,15.36496386,2.87617966,433.1632033,2022-06-10,0.363703646
220,162,27318.76196,25929.49003,27970.3192,20585.01,35003.18212,3.809418042,3.209604885,1.665713107,5.08632107,15.36496386,2.49922483,432.0008852,2020-06-10,0.356721042
221,162,27318.76196,25929.49003,27970.3192,20585.01,35003.18212,3.809418042,3.209604885,1.665713107,5.08632107,15.36496386,2.49922483,432.0008852,2023-06-11,0.443473021
222,162,27318.76196,25929.49003,27970.3192,20585.01,35003.18212,3.809418042,3.209604885,1.665713107,5.08632107,15.36496386,2.49922483,432.0008852,2021-06-11,0.297865128
223,162,27318.76196,25929.49003,27970.3192,20585.01,35003.18212,3.809418042,3.209604885,1.665713107,5.08632107,15.36496386,2.49922483,432.0008852,2022-06-11,0.359651146
224,162,27318.76196,25929.49003,27970.3192,20585.01,35003.18212,3.809418042,3.209604885,1.665713107,5.08632107,15.36496386,2.49922483,432.0008852,2018-06-11,0.439096458
225,162,27318.76196,25929.49003,27970.3192,20585.01,35003.18212,3.809418042,3.209604885,1.665713107,5.08632107,15.36496386,2.49922483,432.0008852,2019-06-11,0.179272917
226,163,27452.05567,26077.44579,28037.89744,20585.01,35003.18212,3.706228538,3.209604885,1.665713107,5.08632107,15.36496386,2.789358072,433.3686863,2020-06-11,0.338531979
227,163,27452.05567,26077.44579,28037.89744,20585.01,35003.18212,3.706228538,3.209604885,1.665713107,5.08632107,15.36496386,2.789358072,433.3686863,2018-06-12,0.437970313
228,163,27452.05567,26077.44579,28037.89744,20585.01,35003.18212,3.706228538,3.209604885,1.665713107,5.08632107,15.36496386,2.789358072,433.3686863,2021-06-12,0.282664375
229,163,27452.05567,26077.44579,28037.89744,20585.01,35003.18212,3.706228538,3.209604885,1.665713107,5.08632107,15.36496386,2.789358072,433.3686863,2023-06-12,0.430447188
230,163,27452.05567,26077.44579,28037.89744,20585.01,35003.18212,3.706228538,3.209604885,1.665713107,5.08632107,15.36496386,2.789358072,433.3686863,2019-06-12,0.173934167
231,163,27452.05567,26077.44579,28037.89744,20585.01,35003.18212,3.706228538,3.209604885,1.665713107,5.08632107,15.36496386,2.789358072,433.3686863,2022-06-12,0.350704792
232,164,27582.74611,26224.63773,28105.47568,20585.01,35003.18212,3.87376135,3.209604885,1.665713107,5.08632107,15.36496386,1.787441323,439.4966122,2018-06-13,0.41061375
233,164,27582.74611,26224.63773,28105.47568,20585.01,35003.18212,3.87376135,3.209604885,1.665713107,5.08632107,15.36496386,1.787441323,439.4966122,2020-06-12,0.333009271
234,164,27582.74611,26224.63773,28105.47568,20585.01,35003.18212,3.87376135,3.209604885,1.665713107,5.08632107,15.36496386,1.787441323,439.4966122,2022-06-13,0.344800313
235,164,27582.74611,26224.63773,28105.47568,20585.01,35003.18212,3.87376135,3.209604885,1.665713107,5.08632107,15.36496386,1.787441323,439.4966122,2019-06-13,0.181700417
236,164,27582.74611,26224.63773,28105.47568,20585.01,35003.18212,3.87376135,3.209604885,1.665713107,5.08632107,15.36496386,1.787441323,439.4966122,2023-06-13,0.418643021
237,164,27582.74611,26224.63773,28105.47568,20585.01,35003.18212,3.87376135,3.209604885,1.665713107,5.08632107,15.36496386,1.787441323,439.4966122,2021-06-13,0.269641042
238,165,27710.76944,26371.0466,28173.05392,20585.01,35003.18212,4.099998801,3.209604885,1.665713107,5.08632107,15.36496386,1.082035918,430.8607985,2022-06-14,0.333057292
239,165,27710.76944,26371.0466,28173.05392,20585.01,35003.18212,4.099998801,3.209604885,1.665713107,5.08632107,15.36496386,1.082035918,430.8607985,2023-06-14,0.415194271
240,165,27710.76944,26371.0466,28173.05392,20585.01,35003.18212,4.099998801,3.209604885,1.665713107,5.08632107,15.36496386,1.082035918,430.8607985,2020-06-13,0.488838542
241,165,27710.76944,26371.0466,28173.05392,20585.01,35003.18212,4.099998801,3.209604885,1.665713107,5.08632107,15.36496386,1.082035918,430.8607985,2018-06-14,0.386989688
242,165,27710.76944,26371.0466,28173.05392,20585.01,35003.18212,4.099998801,3.209604885,1.665713107,5.08632107,15.36496386,1.082035918,430.8607985,2021-06-14,0.259005208
243,165,27710.76944,26371.0466,28173.05392,20585.01,35003.18212,4.099998801,3.209604885,1.665713107,5.08632107,15.36496386,1.082035918,430.8607985,2019-06-14,0.17901988
244,166,27836.06184,26516.65319,28240.63216,20585.01,35003.18212,4.176696158,3.209604885,1.665713107,5.08632107,15.36496386,3.580526595,430.7829437,2023-06-15,0.407287083
245,166,27836.06184,26516.65319,28240.63216,20585.01,35003.18212,4.176696158,3.209604885,1.665713107,5.08632107,15.36496386,3.580526595,430.7829437,2020-06-14,0.387890625
246,166,27836.06184,26516.65319,28240.63216,20585.01,35003.18212,4.176696158,3.209604885,1.665713107,5.08632107,15.36496386,3.580526595,430.7829437,2022-06-15,0.326944688
247,166,27836.06184,26516.65319,28240.63216,20585.01,35003.18212,4.176696158,3.209604885,1.665713107,5.08632107,15.36496386,3.580526595,430.7829437,2021-06-15,0.247510521
248,166,27836.06184,26516.65319,28240.63216,20585.01,35003.18212,4.176696158,3.209604885,1.665713107,5.08632107,15.36496386,3.580526595,430.7829437,2018-06-15,0.375663646
249,166,27836.06184,26516.65319,28240.63216,20585.01,35003.18212,4.176696158,3.209604885,1.665713107,5.08632107,15.36496386,3.580526595,430.7829437,2019-06-15,0.18324234
250,167,27958.5595,26661.43824,28308.2104,20585.01,35003.18212,4.302176812,3.209604885,1.665713107,5.08632107,15.36496386,1.426495033,431.8781972,2023-06-16,0.397366354
251,167,27958.5595,26661.43824,28308.2104,20585.01,35003.18212,4.302176812,3.209604885,1.665713107,5.08632107,15.36496386,1.426495033,431.8781972,2020-06-15,0.370538375
252,167,27958.5595,26661.43824,28308.2104,20585.01,35003.18212,4.302176812,3.209604885,1.665713107,5.08632107,15.36496386,1.426495033,431.8781972,2021-06-16,0.235777396
253,167,27958.5595,26661.43824,28308.2104,20585.01,35003.18212,4.302176812,3.209604885,1.665713107,5.08632107,15.36496386,1.426495033,431.8781972,2022-06-16,0.325913021
254,167,27958.5595,26661.43824,28308.2104,20585.01,35003.18212,4.302176812,3.209604885,1.665713107,5.08632107,15.36496386,1.426495033,431.8781972,2018-06-16,0.369644688
255,167,27958.5595,26661.43824,28308.2104,20585.01,35003.18212,4.302176812,3.209604885,1.665713107,5.08632107,15.36496386,1.426495033,431.8781972,2019-06-16,0.17950125
256,168,28078.22693,26805.38252,28454.77898,20585.01,35003.18212,4.48031401,3.209604885,1.665713107,5.08632107,15.36496386,2.76189898,438.0274569,2021-06-17,0.227260313
257,168,28078.22693,26805.38252,28454.77898,20585.01,35003.18212,4.48031401,3.209604885,1.665713107,5.08632107,15.36496386,2.76189898,438.0274569,2018-06-17,0.358786667
258,168,28078.22693,26805.38252,28454.77898,20585.01,35003.18212,4.48031401,3.209604885,1.665713107,5.08632107,15.36496386,2.76189898,438.0274569,2023-06-17,0.402528229
259,168,28078.22693,26805.38252,28454.77898,20585.01,35003.18212,4.48031401,3.209604885,1.665713107,5.08632107,15.36496386,2.76189898,438.0274569,2020-06-16,0.571718913
260,168,28078.22693,26805.38252,28454.77898,20585.01,35003.18212,4.48031401,3.209604885,1.665713107,5.08632107,15.36496386,2.76189898,438.0274569,2022-06-17,0.345474583
261,168,28078.22693,26805.38252,28454.77898,20585.01,35003.18212,4.48031401,3.209604885,1.665713107,5.08632107,15.36496386,2.76189898,438.0274569,2019-06-17,0.1747275
262,169,28195.13287,26948.46681,28598.35335,20585.01,35003.18212,4.336282983,3.209604885,1.665713107,5.08632107,15.36496386,6.114031811,444.1040286,2019-06-18,0.170752292
263,169,28195.13287,26948.46681,28598.35335,20585.01,35003.18212,4.336282983,3.209604885,1.665713107,5.08632107,15.36496386,6.114031811,444.1040286,2023-06-18,0.491125313
264,169,28195.13287,26948.46681,28598.35335,20585.01,35003.18212,4.336282983,3.209604885,1.665713107,5.08632107,15.36496386,6.114031811,444.1040286,2020-06-17,0.478624535
265,169,28195.13287,26948.46681,28598.35335,20585.01,35003.18212,4.336282983,3.209604885,1.665713107,5.08632107,15.36496386,6.114031811,444.1040286,2022-06-18,0.334250521
266,169,28195.13287,26948.46681,28598.35335,20585.01,35003.18212,4.336282983,3.209604885,1.665713107,5.08632107,15.36496386,6.114031811,444.1040286,2021-06-18,0.232538542
267,169,28195.13287,26948.46681,28598.35335,20585.01,35003.18212,4.336282983,3.209604885,1.665713107,5.08632107,15.36496386,6.114031811,444.1040286,2018-06-18,0.346612396
268,170,28309.3698,27090.67185,28738.97248,20585.01,35003.18212,4.48339619,3.209604885,1.665713107,5.08632107,15.36496386,5.331311395,440.9016667,2022-06-19,0.345074063
269,170,28309.3698,27090.67185,28738.97248,20585.01,35003.18212,4.48339619,3.209604885,1.665713107,5.08632107,15.36496386,5.331311395,440.9016667,2021-06-19,0.227558125
270,170,28309.3698,27090.67185,28738.97248,20585.01,35003.18212,4.48339619,3.209604885,1.665713107,5.08632107,15.36496386,5.331311395,440.9016667,2023-06-19,0.437538542
271,170,28309.3698,27090.67185,28738.97248,20585.01,35003.18212,4.48339619,3.209604885,1.665713107,5.08632107,15.36496386,5.331311395,440.9016667,2020-06-18,0.394644271
272,170,28309.3698,27090.67185,28738.97248,20585.01,35003.18212,4.48339619,3.209604885,1.665713107,5.08632107,15.36496386,5.331311395,440.9016667,2018-06-19,0.331916667
273,170,28309.3698,27090.67185,28738.97248,20585.01,35003.18212,4.48339619,3.209604885,1.665713107,5.08632107,15.36496386,5.331311395,440.9016667,2019-06-19,0.173019684
274,171,28421.0302,27231.97841,28876.67536,20585.01,35003.18212,4.777462121,3.209604885,1.665713107,5.08632107,15.36496386,10.88568559,440.3372649,2018-06-20,0.331662396
275,171,28421.0302,27231.97841,28876.67536,20585.01,35003.18212,4.777462121,3.209604885,1.665713107,5.08632107,15.36496386,10.88568559,440.3372649,2021-06-20,0.40256625
276,171,28421.0302,27231.97841,28876.67536,20585.01,35003.18212,4.777462121,3.209604885,1.665713107,5.08632107,15.36496386,10.88568559,440.3372649,2023-06-20,0.410160313
277,171,28421.0302,27231.97841,28876.67536,20585.01,35003.18212,4.777462121,3.209604885,1.665713107,5.08632107,15.36496386,10.88568559,440.3372649,2019-06-20,0.170938229
278,171,28421.0302,27231.97841,28876.67536,20585.01,35003.18212,4.777462121,3.209604885,1.665713107,5.08632107,15.36496386,10.88568559,440.3372649,2022-06-20,0.331938854
279,171,28421.0302,27231.97841,28876.67536,20585.01,35003.18212,4.777462121,3.209604885,1.665713107,5.08632107,15.36496386,10.88568559,440.3372649,2020-06-19,0.396080417
280,172,28530.20653,27372.36726,29011.50097,20585.01,35003.18212,4.668353659,3.209604885,1.665713107,5.08632107,15.36496386,3.231772079,442.4527865,2018-06-21,0.3187685
281,172,28530.20653,27372.36726,29011.50097,20585.01,35003.18212,4.668353659,3.209604885,1.665713107,5.08632107,15.36496386,3.231772079,442.4527865,2022-06-21,0.334456354
282,172,28530.20653,27372.36726,29011.50097,20585.01,35003.18212,4.668353659,3.209604885,1.665713107,5.08632107,15.36496386,3.231772079,442.4527865,2019-06-21,0.169434583
283,172,28530.20653,27372.36726,29011.50097,20585.01,35003.18212,4.668353659,3.209604885,1.665713107,5.08632107,15.36496386,3.231772079,442.4527865,2023-06-21,0.401995625
284,172,28530.20653,27372.36726,29011.50097,20585.01,35003.18212,4.668353659,3.209604885,1.665713107,5.08632107,15.36496386,3.231772079,442.4527865,2021-06-21,0.366531563
285,172,28530.20653,27372.36726,29011.50097,20585.01,35003.18212,4.668353659,3.209604885,1.665713107,5.08632107,15.36496386,3.231772079,442.4527865,2020-06-20,0.773738542
286,173,28636.99128,27511.81916,29143.4883,20585.01,35003.18212,4.687333016,3.209604885,1.665713107,5.08632107,15.36496386,3.209604885,466.9637509,2018-06-22,0.330274792
287,173,28636.99128,27511.81916,29143.4883,20585.01,35003.18212,4.687333016,3.209604885,1.665713107,5.08632107,15.36496386,3.209604885,466.9637509,2019-06-22,0.200966042
288,173,28636.99128,27511.81916,29143.4883,20585.01,35003.18212,4.687333016,3.209604885,1.665713107,5.08632107,15.36496386,3.209604885,466.9637509,2023-06-22,0.387558438
289,173,28636.99128,27511.81916,29143.4883,20585.01,35003.18212,4.687333016,3.209604885,1.665713107,5.08632107,15.36496386,3.209604885,466.9637509,2020-06-21,1.152765208
290,173,28636.99128,27511.81916,29143.4883,20585.01,35003.18212,4.687333016,3.209604885,1.665713107,5.08632107,15.36496386,3.209604885,466.9637509,2021-06-22,0.338665729
291,173,28636.99128,27511.81916,29143.4883,20585.01,35003.18212,4.687333016,3.209604885,1.665713107,5.08632107,15.36496386,3.209604885,466.9637509,2022-06-22,0.363606354
292,174,28741.47692,27650.31488,29272.67632,20585.01,35003.18212,4.624723938,3.209604885,1.665713107,5.08632107,15.36496386,3.209604885,463.2086593,2023-06-23,0.386036771
293,174,28741.47692,27650.31488,29272.67632,20585.01,35003.18212,4.624723938,3.209604885,1.665713107,5.08632107,15.36496386,3.209604885,463.2086593,2020-06-22,0.910918125
294,174,28741.47692,27650.31488,29272.67632,20585.01,35003.18212,4.624723938,3.209604885,1.665713107,5.08632107,15.36496386,3.209604885,463.2086593,2019-06-23,0.185674271
295,174,28741.47692,27650.31488,29272.67632,20585.01,35003.18212,4.624723938,3.209604885,1.665713107,5.08632107,15.36496386,3.209604885,463.2086593,2018-06-23,0.338628229
296,174,28741.47692,27650.31488,29272.67632,20585.01,35003.18212,4.624723938,3.209604885,1.665713107,5.08632107,15.36496386,3.209604885,463.2086593,2021-06-23,0.312052083
297,174,28741.47692,27650.31488,29272.67632,20585.01,35003.18212,4.624723938,3.209604885,1.665713107,5.08632107,15.36496386,3.209604885,463.2086593,2022-06-23,0.346023854
298,175,28843.75594,27787.83517,29399.10402,20585.01,35003.18212,4.553330476,3.209604885,1.665713107,5.08632107,15.36496386,3.209604885,459.464577,2020-06-23,0.732849063
299,175,28843.75594,27787.83517,29399.10402,20585.01,35003.18212,4.553330476,3.209604885,1.665713107,5.08632107,15.36496386,3.209604885,459.464577,2023-06-24,0.369094167
300,175,28843.75594,27787.83517,29399.10402,20585.01,35003.18212,4.553330476,3.209604885,1.665713107,5.08632107,15.36496386,3.209604885,459.464577,2021-06-24,0.286142813
301,175,28843.75594,27787.83517,29399.10402,20585.01,35003.18212,4.553330476,3.209604885,1.665713107,5.08632107,15.36496386,3.209604885,459.464577,2019-06-24,0.1909575
302,175,28843.75594,27787.83517,29399.10402,20585.01,35003.18212,4.553330476,3.209604885,1.665713107,5.08632107,15.36496386,3.209604885,459.464577,2018-06-24,0.322242083
303,175,28843.75594,27787.83517,29399.10402,20585.01,35003.18212,4.553330476,3.209604885,1.665713107,5.08632107,15.36496386,3.209604885,459.464577,2022-06-24,0.33498
304,176,28943.92081,27924.3608,29522.81038,20585.01,35003.18212,4.842607619,3.209604885,1.665713107,5.08632107,15.36496386,5.734209923,464.3744801,2018-06-25,0.309915313
305,176,28943.92081,27924.3608,29522.81038,20585.01,35003.18212,4.842607619,3.209604885,1.665713107,5.08632107,15.36496386,5.734209923,464.3744801,2022-06-25,0.324542708
306,176,28943.92081,27924.3608,29522.81038,20585.01,35003.18212,4.842607619,3.209604885,1.665713107,5.08632107,15.36496386,5.734209923,464.3744801,2020-06-24,1.050463158
307,176,28943.92081,27924.3608,29522.81038,20585.01,35003.18212,4.842607619,3.209604885,1.665713107,5.08632107,15.36496386,5.734209923,464.3744801,2023-06-25,0.358950208
308,176,28943.92081,27924.3608,29522.81038,20585.01,35003.18212,4.842607619,3.209604885,1.665713107,5.08632107,15.36496386,5.734209923,464.3744801,2021-06-25,0.279431977
309,176,28943.92081,27924.3608,29522.81038,20585.01,35003.18212,4.842607619,3.209604885,1.665713107,5.08632107,15.36496386,5.734209923,464.3744801,2019-06-25,0.182539479
310,177,29042.064,28059.87254,29643.83439,20585.01,35003.18212,4.923873327,3.209604885,1.665713107,5.08632107,15.36496386,8.315487943,436.8315786,2018-06-26,0.298462708
311,177,29042.064,28059.87254,29643.83439,20585.01,35003.18212,4.923873327,3.209604885,1.665713107,5.08632107,15.36496386,8.315487943,436.8315786,2019-06-26,0.174822083
312,177,29042.064,28059.87254,29643.83439,20585.01,35003.18212,4.923873327,3.209604885,1.665713107,5.08632107,15.36496386,8.315487943,436.8315786,2023-06-26,0.3489125
313,177,29042.064,28059.87254,29643.83439,20585.01,35003.18212,4.923873327,3.209604885,1.665713107,5.08632107,15.36496386,8.315487943,436.8315786,2020-06-25,1.162932195
314,177,29042.064,28059.87254,29643.83439,20585.01,35003.18212,4.923873327,3.209604885,1.665713107,5.08632107,15.36496386,8.315487943,436.8315786,2022-06-26,0.315857188
315,177,29042.064,28059.87254,29643.83439,20585.01,35003.18212,4.923873327,3.209604885,1.665713107,5.08632107,15.36496386,8.315487943,436.8315786,2021-06-26,0.2665225
316,178,29138.278,28194.35115,29762.21502,20585.01,35003.18212,4.979854626,3.209604885,1.665713107,5.08632107,15.36496386,9.523060576,443.3406184,2018-06-27,0.431352083
317,178,29138.278,28194.35115,29762.21502,20585.01,35003.18212,4.979854626,3.209604885,1.665713107,5.08632107,15.36496386,9.523060576,443.3406184,2019-06-27,0.170456489
318,178,29138.278,28194.35115,29762.21502,20585.01,35003.18212,4.979854626,3.209604885,1.665713107,5.08632107,15.36496386,9.523060576,443.3406184,2023-06-27,0.352231458
319,178,29138.278,28194.35115,29762.21502,20585.01,35003.18212,4.979854626,3.209604885,1.665713107,5.08632107,15.36496386,9.523060576,443.3406184,2022-06-27,0.308716146
320,178,29138.278,28194.35115,29762.21502,20585.01,35003.18212,4.979854626,3.209604885,1.665713107,5.08632107,15.36496386,9.523060576,443.3406184,2020-06-26,0.864002211
321,178,29138.278,28194.35115,29762.21502,20585.01,35003.18212,4.979854626,3.209604885,1.665713107,5.08632107,15.36496386,9.523060576,443.3406184,2021-06-27,0.255286771
322,179,29232.65527,28327.77738,29877.99126,20585.01,35003.18212,4.842888258,3.209604885,1.665713107,5.08632107,15.36496386,7.052380987,442.3611459,2023-06-28,0.343450208
323,179,29232.65527,28327.77738,29877.99126,20585.01,35003.18212,4.842888258,3.209604885,1.665713107,5.08632107,15.36496386,7.052380987,442.3611459,2018-06-28,0.443565729
324,179,29232.65527,28327.77738,29877.99126,20585.01,35003.18212,4.842888258,3.209604885,1.665713107,5.08632107,15.36496386,7.052380987,442.3611459,2022-06-28,0.302949792
325,179,29232.65527,28327.77738,29877.99126,20585.01,35003.18212,4.842888258,3.209604885,1.665713107,5.08632107,15.36496386,7.052380987,442.3611459,2019-06-28,0.171180938
326,179,29232.65527,28327.77738,29877.99126,20585.01,35003.18212,4.842888258,3.209604885,1.665713107,5.08632107,15.36496386,7.052380987,442.3611459,2021-06-28,0.250353542
327,179,29232.65527,28327.77738,29877.99126,20585.01,35003.18212,4.842888258,3.209604885,1.665713107,5.08632107,15.36496386,7.052380987,442.3611459,2020-06-27,0.764403333
328,180,29325.28831,28460.13202,29991.20209,20585.01,35003.18212,4.945021093,3.209604885,1.665713107,5.08632107,15.36496386,6.023720368,437.2392313,2023-06-29,0.347432396
329,180,29325.28831,28460.13202,29991.20209,20585.01,35003.18212,4.945021093,3.209604885,1.665713107,5.08632107,15.36496386,6.023720368,437.2392313,2019-06-29,0.164525833
330,180,29325.28831,28460.13202,29991.20209,20585.01,35003.18212,4.945021093,3.209604885,1.665713107,5.08632107,15.36496386,6.023720368,437.2392313,2020-06-28,0.712334479
331,180,29325.28831,28460.13202,29991.20209,20585.01,35003.18212,4.945021093,3.209604885,1.665713107,5.08632107,15.36496386,6.023720368,437.2392313,2022-06-29,0.300377917
332,180,29325.28831,28460.13202,29991.20209,20585.01,35003.18212,4.945021093,3.209604885,1.665713107,5.08632107,15.36496386,6.023720368,437.2392313,2018-06-29,0.442978095
333,180,29325.28831,28460.13202,29991.20209,20585.01,35003.18212,4.945021093,3.209604885,1.665713107,5.08632107,15.36496386,6.023720368,437.2392313,2021-06-29,0.248630208
334,181,29416.26958,28591.39581,30101.8865,20585.01,35003.18212,4.881228461,3.209604885,1.665713107,5.08632107,15.36496386,8.148092419,450.4991056,2020-06-29,0.716458452
335,181,29416.26958,28591.39581,30101.8865,20585.01,35003.18212,4.881228461,3.209604885,1.665713107,5.08632107,15.36496386,8.148092419,450.4991056,2018-06-30,0.526855833
336,181,29416.26958,28591.39581,30101.8865,20585.01,35003.18212,4.881228461,3.209604885,1.665713107,5.08632107,15.36496386,8.148092419,450.4991056,2021-06-30,0.244640625
337,181,29416.26958,28591.39581,30101.8865,20585.01,35003.18212,4.881228461,3.209604885,1.665713107,5.08632107,15.36496386,8.148092419,450.4991056,2023-06-30,0.35231875
338,181,29416.26958,28591.39581,30101.8865,20585.01,35003.18212,4.881228461,3.209604885,1.665713107,5.08632107,15.36496386,8.148092419,450.4991056,2022-06-30,0.297151771
339,181,29416.26958,28591.39581,30101.8865,20585.01,35003.18212,4.881228461,3.209604885,1.665713107,5.08632107,15.36496386,8.148092419,450.4991056,2019-06-30,0.167552604
340,182,29505.69156,28721.54952,30210.08346,20585.01,35003.18212,4.912198276,3.209604885,1.665713107,5.08632107,15.36496386,9.68956215,440.9358612,2023-07-01,0.336084167
341,182,29505.69156,28721.54952,30210.08346,20585.01,35003.18212,4.912198276,3.209604885,1.665713107,5.08632107,15.36496386,9.68956215,440.9358612,2022-07-01,0.293673333
342,182,29505.69156,28721.54952,30210.08346,20585.01,35003.18212,4.912198276,3.209604885,1.665713107,5.08632107,15.36496386,9.68956215,440.9358612,2020-06-30,0.712975158
343,182,29505.69156,28721.54952,30210.08346,20585.01,35003.18212,4.912198276,3.209604885,1.665713107,5.08632107,15.36496386,9.68956215,440.9358612,2019-07-01,0.189574583
344,182,29505.69156,28721.54952,30210.08346,20585.01,35003.18212,4.912198276,3.209604885,1.665713107,5.08632107,15.36496386,9.68956215,440.9358612,2018-07-01,0.660756563
345,182,29505.69156,28721.54952,30210.08346,20585.01,35003.18212,4.912198276,3.209604885,1.665713107,5.08632107,15.36496386,9.68956215,440.9358612,2021-07-01,0.241414167
346,183,29593.64674,28850.57393,30315.83196,20585.01,35003.18212,5.02608642,3.209604885,1.665713107,5.08632107,15.36496386,5.835794839,438.5089687,2018-07-02,0.732585
347,183,29593.64674,28850.57393,30315.83196,20585.01,35003.18212,5.02608642,3.209604885,1.665713107,5.08632107,15.36496386,5.835794839,438.5089687,2023-07-02,0.325255313
348,183,29593.64674,28850.57393,30315.83196,20585.01,35003.18212,5.02608642,3.209604885,1.665713107,5.08632107,15.36496386,5.835794839,438.5089687,2020-07-01,0.700598659
349,183,29593.64674,28850.57393,30315.83196,20585.01,35003.18212,5.02608642,3.209604885,1.665713107,5.08632107,15.36496386,5.835794839,438.5089687,2022-07-02,0.287194167
350,183,29593.64674,28850.57393,30315.83196,20585.01,35003.18212,5.02608642,3.209604885,1.665713107,5.08632107,15.36496386,5.835794839,438.5089687,2021-07-02,0.239012396
351,183,29593.64674,28850.57393,30315.83196,20585.01,35003.18212,5.02608642,3.209604885,1.665713107,5.08632107,15.36496386,5.835794839,438.5089687,2019-07-02,0.180835208
352,184,29680.22758,28978.44978,30419.17098,20585.01,35003.18212,5.251683412,3.209604885,1.665713107,5.08632107,15.36496386,8.518464464,418.4412416,2020-07-02,0.606155806
353,184,29680.22758,28978.44978,30419.17098,20585.01,35003.18212,5.251683412,3.209604885,1.665713107,5.08632107,15.36496386,8.518464464,418.4412416,2019-07-03,0.173971771
354,184,29680.22758,28978.44978,30419.17098,20585.01,35003.18212,5.251683412,3.209604885,1.665713107,5.08632107,15.36496386,8.518464464,418.4412416,2018-07-03,0.568554167
355,184,29680.22758,28978.44978,30419.17098,20585.01,35003.18212,5.251683412,3.209604885,1.665713107,5.08632107,15.36496386,8.518464464,418.4412416,2022-07-03,0.284608125
356,184,29680.22758,28978.44978,30419.17098,20585.01,35003.18212,5.251683412,3.209604885,1.665713107,5.08632107,15.36496386,8.518464464,418.4412416,2023-07-03,0.316967292
357,184,29680.22758,28978.44978,30419.17098,20585.01,35003.18212,5.251683412,3.209604885,1.665713107,5.08632107,15.36496386,8.518464464,418.4412416,2021-07-03,0.230602083
358,185,29765.52656,29105.15784,30520.1395,20585.01,35003.18212,5.203263258,3.209604885,1.665713107,5.08632107,15.36496386,3.209604885,449.1634336,2023-07-04,0.310832083
359,185,29765.52656,29105.15784,30520.1395,20585.01,35003.18212,5.203263258,3.209604885,1.665713107,5.08632107,15.36496386,3.209604885,449.1634336,2019-07-04,0.172105208
360,185,29765.52656,29105.15784,30520.1395,20585.01,35003.18212,5.203263258,3.209604885,1.665713107,5.08632107,15.36496386,3.209604885,449.1634336,2021-07-04,0.223831146
361,185,29765.52656,29105.15784,30520.1395,20585.01,35003.18212,5.203263258,3.209604885,1.665713107,5.08632107,15.36496386,3.209604885,449.1634336,2020-07-03,0.576959063
362,185,29765.52656,29105.15784,30520.1395,20585.01,35003.18212,5.203263258,3.209604885,1.665713107,5.08632107,15.36496386,3.209604885,449.1634336,2022-07-04,0.347601771
363,185,29765.52656,29105.15784,30520.1395,20585.01,35003.18212,5.203263258,3.209604885,1.665713107,5.08632107,15.36496386,3.209604885,449.1634336,2018-07-04,0.465895313
364,186,29849.63616,29230.67888,30618.77651,20585.01,35003.18212,5.423893491,3.209604885,1.665713107,5.08632107,15.36496386,14.53774417,438.1655876,2023-07-05,0.296446563
365,186,29849.63616,29230.67888,30618.77651,20585.01,35003.18212,5.423893491,3.209604885,1.665713107,5.08632107,15.36496386,14.53774417,438.1655876,2019-07-05,0.170051474
366,186,29849.63616,29230.67888,30618.77651,20585.01,35003.18212,5.423893491,3.209604885,1.665713107,5.08632107,15.36496386,14.53774417,438.1655876,2021-07-05,0.22135
367,186,29849.63616,29230.67888,30618.77651,20585.01,35003.18212,5.423893491,3.209604885,1.665713107,5.08632107,15.36496386,14.53774417,438.1655876,2020-07-04,0.557391146
368,186,29849.63616,29230.67888,30618.77651,20585.01,35003.18212,5.423893491,3.209604885,1.665713107,5.08632107,15.36496386,14.53774417,438.1655876,2018-07-05,0.424997619
369,186,29849.63616,29230.67888,30618.77651,20585.01,35003.18212,5.423893491,3.209604885,1.665713107,5.08632107,15.36496386,14.53774417,438.1655876,2022-07-05,0.303013021
370,187,29932.64887,29354.99366,30715.12099,20585.01,35003.18212,5.451265444,3.209604885,1.665713107,5.08632107,15.36496386,3.209604885,441.8983922,2021-07-06,0.224306979
371,187,29932.64887,29354.99366,30715.12099,20585.01,35003.18212,5.451265444,3.209604885,1.665713107,5.08632107,15.36496386,3.209604885,441.8983922,2020-07-05,0.541988125
372,187,29932.64887,29354.99366,30715.12099,20585.01,35003.18212,5.451265444,3.209604885,1.665713107,5.08632107,15.36496386,3.209604885,441.8983922,2022-07-06,0.295265625
373,187,29932.64887,29354.99366,30715.12099,20585.01,35003.18212,5.451265444,3.209604885,1.665713107,5.08632107,15.36496386,3.209604885,441.8983922,2023-07-06,0.288431042
374,187,29932.64887,29354.99366,30715.12099,20585.01,35003.18212,5.451265444,3.209604885,1.665713107,5.08632107,15.36496386,3.209604885,441.8983922,2018-07-06,0.407598646
375,187,29932.64887,29354.99366,30715.12099,20585.01,35003.18212,5.451265444,3.209604885,1.665713107,5.08632107,15.36496386,3.209604885,441.8983922,2019-07-06,0.166136875
376,188,30014.65715,29478.08295,30809.21192,20585.01,35003.18212,5.312219697,3.209604885,1.665713107,5.08632107,15.36496386,10.80776519,460.9910621,2023-07-07,0.312585729
377,188,30014.65715,29478.08295,30809.21192,20585.01,35003.18212,5.312219697,3.209604885,1.665713107,5.08632107,15.36496386,10.80776519,460.9910621,2018-07-07,0.401053021
378,188,30014.65715,29478.08295,30809.21192,20585.01,35003.18212,5.312219697,3.209604885,1.665713107,5.08632107,15.36496386,10.80776519,460.9910621,2021-07-07,0.230979479
379,188,30014.65715,29478.08295,30809.21192,20585.01,35003.18212,5.312219697,3.209604885,1.665713107,5.08632107,15.36496386,10.80776519,460.9910621,2019-07-07,0.164058646
380,188,30014.65715,29478.08295,30809.21192,20585.01,35003.18212,5.312219697,3.209604885,1.665713107,5.08632107,15.36496386,10.80776519,460.9910621,2020-07-06,0.525566146
381,188,30014.65715,29478.08295,30809.21192,20585.01,35003.18212,5.312219697,3.209604885,1.665713107,5.08632107,15.36496386,10.80776519,460.9910621,2022-07-07,0.286939688
382,189,30095.75348,29599.9275,30901.08829,20585.01,35003.18212,5.290367983,3.209604885,1.665713107,5.08632107,15.36496386,3.209604885,420.7092075,2022-07-08,0.284819896
383,189,30095.75348,29599.9275,30901.08829,20585.01,35003.18212,5.290367983,3.209604885,1.665713107,5.08632107,15.36496386,3.209604885,420.7092075,2023-07-08,0.477092188
384,189,30095.75348,29599.9275,30901.08829,20585.01,35003.18212,5.290367983,3.209604885,1.665713107,5.08632107,15.36496386,3.209604885,420.7092075,2019-07-08,0.163719167
385,189,30095.75348,29599.9275,30901.08829,20585.01,35003.18212,5.290367983,3.209604885,1.665713107,5.08632107,15.36496386,3.209604885,420.7092075,2020-07-07,0.507629663
386,189,30095.75348,29599.9275,30901.08829,20585.01,35003.18212,5.290367983,3.209604885,1.665713107,5.08632107,15.36496386,3.209604885,420.7092075,2018-07-08,0.386161146
387,189,30095.75348,29599.9275,30901.08829,20585.01,35003.18212,5.290367983,3.209604885,1.665713107,5.08632107,15.36496386,3.209604885,420.7092075,2021-07-08,0.251838462
388,190,30176.03034,29720.50809,30990.78907,20585.01,35003.18212,5.097332984,3.209604885,1.665713107,5.08632107,15.36496386,2.448947589,444.3416277,2023-07-09,0.552836563
389,190,30176.03034,29720.50809,30990.78907,20585.01,35003.18212,5.097332984,3.209604885,1.665713107,5.08632107,15.36496386,2.448947589,444.3416277,2019-07-09,0.163848333
390,190,30176.03034,29720.50809,30990.78907,20585.01,35003.18212,5.097332984,3.209604885,1.665713107,5.08632107,15.36496386,2.448947589,444.3416277,2022-07-09,0.280804896
391,190,30176.03034,29720.50809,30990.78907,20585.01,35003.18212,5.097332984,3.209604885,1.665713107,5.08632107,15.36496386,2.448947589,444.3416277,2021-07-09,0.264221979
392,190,30176.03034,29720.50809,30990.78907,20585.01,35003.18212,5.097332984,3.209604885,1.665713107,5.08632107,15.36496386,2.448947589,444.3416277,2018-07-09,0.39073875
393,190,30176.03034,29720.50809,30990.78907,20585.01,35003.18212,5.097332984,3.209604885,1.665713107,5.08632107,15.36496386,2.448947589,444.3416277,2020-07-08,0.497157396
394,191,30255.58021,29839.80546,31078.35324,20585.01,35003.18212,5.148768577,3.209604885,1.665713107,5.08632107,15.36496386,9.29056645,455.1898652,2023-07-10,0.433496354
395,191,30255.58021,29839.80546,31078.35324,20585.01,35003.18212,5.148768577,3.209604885,1.665713107,5.08632107,15.36496386,9.29056645,455.1898652,2019-07-10,0.156618021
396,191,30255.58021,29839.80546,31078.35324,20585.01,35003.18212,5.148768577,3.209604885,1.665713107,5.08632107,15.36496386,9.29056645,455.1898652,2020-07-09,0.499899063
397,191,30255.58021,29839.80546,31078.35324,20585.01,35003.18212,5.148768577,3.209604885,1.665713107,5.08632107,15.36496386,9.29056645,455.1898652,2021-07-10,0.244528542
398,191,30255.58021,29839.80546,31078.35324,20585.01,35003.18212,5.148768577,3.209604885,1.665713107,5.08632107,15.36496386,9.29056645,455.1898652,2018-07-10,0.371022989
399,191,30255.58021,29839.80546,31078.35324,20585.01,35003.18212,5.148768577,3.209604885,1.665713107,5.08632107,15.36496386,9.29056645,455.1898652,2022-07-10,0.311969479
400,192,30334.49557,29957.8004,31163.8198,20585.01,35003.18212,5.21063125,3.209604885,1.665713107,5.08632107,15.36496386,5.549340286,472.4657377,2019-07-11,0.156090208
401,192,30334.49557,29957.8004,31163.8198,20585.01,35003.18212,5.21063125,3.209604885,1.665713107,5.08632107,15.36496386,5.549340286,472.4657377,2021-07-11,0.228884896
402,192,30334.49557,29957.8004,31163.8198,20585.01,35003.18212,5.21063125,3.209604885,1.665713107,5.08632107,15.36496386,5.549340286,472.4657377,2018-07-11,0.387138333
403,192,30334.49557,29957.8004,31163.8198,20585.01,35003.18212,5.21063125,3.209604885,1.665713107,5.08632107,15.36496386,5.549340286,472.4657377,2023-07-11,0.377348021
404,192,30334.49557,29957.8004,31163.8198,20585.01,35003.18212,5.21063125,3.209604885,1.665713107,5.08632107,15.36496386,5.549340286,472.4657377,2022-07-11,0.368953854
405,192,30334.49557,29957.8004,31163.8198,20585.01,35003.18212,5.21063125,3.209604885,1.665713107,5.08632107,15.36496386,5.549340286,472.4657377,2020-07-10,0.587455625
406,193,30412.86888,30074.47366,31247.22773,20585.01,35003.18212,5.20592299,3.209604885,1.665713107,5.08632107,15.36496386,3.209604885,433.0815375,2019-07-12,0.157608452
407,193,30412.86888,30074.47366,31247.22773,20585.01,35003.18212,5.20592299,3.209604885,1.665713107,5.08632107,15.36496386,3.209604885,433.0815375,2023-07-12,0.364226042
408,193,30412.86888,30074.47366,31247.22773,20585.01,35003.18212,5.20592299,3.209604885,1.665713107,5.08632107,15.36496386,3.209604885,433.0815375,2018-07-12,0.554380968
409,193,30412.86888,30074.47366,31247.22773,20585.01,35003.18212,5.20592299,3.209604885,1.665713107,5.08632107,15.36496386,3.209604885,433.0815375,2022-07-12,0.390614167
410,193,30412.86888,30074.47366,31247.22773,20585.01,35003.18212,5.20592299,3.209604885,1.665713107,5.08632107,15.36496386,3.209604885,433.0815375,2021-07-12,0.220071771
411,193,30412.86888,30074.47366,31247.22773,20585.01,35003.18212,5.20592299,3.209604885,1.665713107,5.08632107,15.36496386,3.209604885,433.0815375,2020-07-11,0.533885521
412,194,30490.79264,30189.806,31328.616,20585.01,35003.18212,5.259662791,3.209604885,1.665713107,5.08632107,15.36496386,3.446317956,455.6235611,2023-07-13,0.352213125
413,194,30490.79264,30189.806,31328.616,20585.01,35003.18212,5.259662791,3.209604885,1.665713107,5.08632107,15.36496386,3.446317956,455.6235611,2021-07-13,0.229606354
414,194,30490.79264,30189.806,31328.616,20585.01,35003.18212,5.259662791,3.209604885,1.665713107,5.08632107,15.36496386,3.446317956,455.6235611,2022-07-13,0.348893958
415,194,30490.79264,30189.806,31328.616,20585.01,35003.18212,5.259662791,3.209604885,1.665713107,5.08632107,15.36496386,3.446317956,455.6235611,2019-07-13,0.189750208
416,194,30490.79264,30189.806,31328.616,20585.01,35003.18212,5.259662791,3.209604885,1.665713107,5.08632107,15.36496386,3.446317956,455.6235611,2020-07-12,0.50884125
417,195,30568.35931,30303.7782,31408.02359,20585.01,35003.18212,5.426474854,3.209604885,1.665713107,5.08632107,15.36496386,3.209604885,454.8091833,2019-07-14,0.174189583
418,195,30568.35931,30303.7782,31408.02359,20585.01,35003.18212,5.426474854,3.209604885,1.665713107,5.08632107,15.36496386,3.209604885,454.8091833,2021-07-14,0.215642604
419,195,30568.35931,30303.7782,31408.02359,20585.01,35003.18212,5.426474854,3.209604885,1.665713107,5.08632107,15.36496386,3.209604885,454.8091833,2023-07-14,0.337316354
420,195,30568.35931,30303.7782,31408.02359,20585.01,35003.18212,5.426474854,3.209604885,1.665713107,5.08632107,15.36496386,3.209604885,454.8091833,2020-07-13,0.540009688
421,195,30568.35931,30303.7782,31408.02359,20585.01,35003.18212,5.426474854,3.209604885,1.665713107,5.08632107,15.36496386,3.209604885,454.8091833,2022-07-14,0.3366575
422,196,30645.66137,30416.371,31485.4895,20585.01,35003.18212,5.318467593,3.209604885,1.665713107,5.08632107,15.36496386,3.206510464,453.9948055,2020-07-14,0.625347396
423,196,30645.66137,30416.371,31485.4895,20585.01,35003.18212,5.318467593,3.209604885,1.665713107,5.08632107,15.36496386,3.206510464,453.9948055,2023-07-15,0.335684167
424,196,30645.66137,30416.371,31485.4895,20585.01,35003.18212,5.318467593,3.209604885,1.665713107,5.08632107,15.36496386,3.206510464,453.9948055,2019-07-15,0.166121042
425,196,30645.66137,30416.371,31485.4895,20585.01,35003.18212,5.318467593,3.209604885,1.665713107,5.08632107,15.36496386,3.206510464,453.9948055,2021-07-15,0.215483021
426,196,30645.66137,30416.371,31485.4895,20585.01,35003.18212,5.318467593,3.209604885,1.665713107,5.08632107,15.36496386,3.206510464,453.9948055,2022-07-15,0.321745625
427,197,30722.79131,30527.56519,31561.0527,20585.01,35003.18212,5.320046373,3.209604885,1.665713107,5.08632107,15.36496386,3.209604885,453.1804277,2020-07-15,0.582348646
428,197,30722.79131,30527.56519,31561.0527,20585.01,35003.18212,5.320046373,3.209604885,1.665713107,5.08632107,15.36496386,3.209604885,453.1804277,2023-07-16,0.325902396
429,197,30722.79131,30527.56519,31561.0527,20585.01,35003.18212,5.320046373,3.209604885,1.665713107,5.08632107,15.36496386,3.209604885,453.1804277,2019-07-16,0.160812188
430,197,30722.79131,30527.56519,31561.0527,20585.01,35003.18212,5.320046373,3.209604885,1.665713107,5.08632107,15.36496386,3.209604885,453.1804277,2022-07-16,0.377522188
431,197,30722.79131,30527.56519,31561.0527,20585.01,35003.18212,5.320046373,3.209604885,1.665713107,5.08632107,15.36496386,3.209604885,453.1804277,2021-07-16,0.205490843
432,198,30799.82113,30577.17613,31634.75218,20585.01,35003.18212,5.503384884,3.209604885,1.665713107,5.08632107,15.36496386,3.209604885,451.8504508,2020-07-16,0.558518542
433,198,30799.82113,30577.17613,31634.75218,20585.01,35003.18212,5.503384884,3.209604885,1.665713107,5.08632107,15.36496386,3.209604885,451.8504508,2023-07-17,0.316235313
434,198,30799.82113,30577.17613,31634.75218,20585.01,35003.18212,5.503384884,3.209604885,1.665713107,5.08632107,15.36496386,3.209604885,451.8504508,2022-07-17,0.411203229
435,198,30799.82113,30577.17613,31634.75218,20585.01,35003.18212,5.503384884,3.209604885,1.665713107,5.08632107,15.36496386,3.209604885,451.8504508,2021-07-17,0.200815833
436,198,30799.82113,30577.17613,31634.75218,20585.01,35003.18212,5.503384884,3.209604885,1.665713107,5.08632107,15.36496386,3.209604885,451.8504508,2019-07-17,0.160188646
437,199,30876.741,30626.73092,31706.62692,20585.01,35003.18212,5.513070602,3.209604885,1.665713107,5.08632107,15.36496386,3.75951738,444.0737188,2021-07-18,0.194947813
438,199,30876.741,30626.73092,31706.62692,20585.01,35003.18212,5.513070602,3.209604885,1.665713107,5.08632107,15.36496386,3.75951738,444.0737188,2020-07-17,0.567259063
439,199,30876.741,30626.73092,31706.62692,20585.01,35003.18212,5.513070602,3.209604885,1.665713107,5.08632107,15.36496386,3.75951738,444.0737188,2022-07-18,0.397877917
440,199,30876.741,30626.73092,31706.62692,20585.01,35003.18212,5.513070602,3.209604885,1.665713107,5.08632107,15.36496386,3.75951738,444.0737188,2019-07-18,0.227642316
441,199,30876.741,30626.73092,31706.62692,20585.01,35003.18212,5.513070602,3.209604885,1.665713107,5.08632107,15.36496386,3.75951738,444.0737188,2023-07-18,0.306685417
442,200,30953.52064,30676.23124,31776.71589,20585.01,35003.18212,5.366071345,3.209604885,1.665713107,5.08632107,15.36496386,4.457587468,469.1764439,2020-07-18,0.552601667
443,200,30953.52064,30676.23124,31776.71589,20585.01,35003.18212,5.366071345,3.209604885,1.665713107,5.08632107,15.36496386,4.457587468,469.1764439,2019-07-19,0.191578021
444,200,30953.52064,30676.23124,31776.71589,20585.01,35003.18212,5.366071345,3.209604885,1.665713107,5.08632107,15.36496386,4.457587468,469.1764439,2023-07-19,0.297251875
445,200,30953.52064,30676.23124,31776.71589,20585.01,35003.18212,5.366071345,3.209604885,1.665713107,5.08632107,15.36496386,4.457587468,469.1764439,2022-07-19,0.415911042
446,200,30953.52064,30676.23124,31776.71589,20585.01,35003.18212,5.366071345,3.209604885,1.665713107,5.08632107,15.36496386,4.457587468,469.1764439,2021-07-19,0.191410938
447,201,31030.12974,30725.67877,31845.05809,20585.01,35003.18212,5.177386207,3.209604885,1.665713107,5.08632107,15.36496386,4.65498984,472.0186479,2022-07-20,0.468728542
448,201,31030.12974,30725.67877,31845.05809,20585.01,35003.18212,5.177386207,3.209604885,1.665713107,5.08632107,15.36496386,4.65498984,472.0186479,2019-07-20,0.177878542
449,201,31030.12974,30725.67877,31845.05809,20585.01,35003.18212,5.177386207,3.209604885,1.665713107,5.08632107,15.36496386,4.65498984,472.0186479,2023-07-20,0.287935833
450,201,31030.12974,30725.67877,31845.05809,20585.01,35003.18212,5.177386207,3.209604885,1.665713107,5.08632107,15.36496386,4.65498984,472.0186479,2018-07-20,0.33828
451,201,31030.12974,30725.67877,31845.05809,20585.01,35003.18212,5.177386207,3.209604885,1.665713107,5.08632107,15.36496386,4.65498984,472.0186479,2021-07-20,0.177951771
452,201,31030.12974,30725.67877,31845.05809,20585.01,35003.18212,5.177386207,3.209604885,1.665713107,5.08632107,15.36496386,4.65498984,472.0186479,2020-07-19,0.642578438
453,202,31106.53801,30775.0752,31911.6925,20585.01,35003.18212,5.131192045,3.209604885,1.665713107,5.08632107,15.36496386,3.209604885,452.9859529,2018-07-21,0.340631979
454,202,31106.53801,30775.0752,31911.6925,20585.01,35003.18212,5.131192045,3.209604885,1.665713107,5.08632107,15.36496386,3.209604885,452.9859529,2022-07-21,0.419781146
455,202,31106.53801,30775.0752,31911.6925,20585.01,35003.18212,5.131192045,3.209604885,1.665713107,5.08632107,15.36496386,3.209604885,452.9859529,2021-07-21,0.174197143
456,202,31106.53801,30775.0752,31911.6925,20585.01,35003.18212,5.131192045,3.209604885,1.665713107,5.08632107,15.36496386,3.209604885,452.9859529,2023-07-21,0.278738542
457,202,31106.53801,30775.0752,31911.6925,20585.01,35003.18212,5.131192045,3.209604885,1.665713107,5.08632107,15.36496386,3.209604885,452.9859529,2020-07-20,0.619809063
458,202,31106.53801,30775.0752,31911.6925,20585.01,35003.18212,5.131192045,3.209604885,1.665713107,5.08632107,15.36496386,3.209604885,452.9859529,2019-07-21,0.173831354
459,203,31182.71516,30824.42222,31976.71208,20585.01,35003.18212,5.566207331,3.209604885,1.665713107,5.08632107,15.36496386,3.209604885,465.6468727,2020-07-21,0.599719583
460,203,31182.71516,30824.42222,31976.71208,20585.01,35003.18212,5.566207331,3.209604885,1.665713107,5.08632107,15.36496386,3.209604885,465.6468727,2023-07-22,0.269659479
461,203,31182.71516,30824.42222,31976.71208,20585.01,35003.18212,5.566207331,3.209604885,1.665713107,5.08632107,15.36496386,3.209604885,465.6468727,2022-07-22,0.390257708
462,203,31182.71516,30824.42222,31976.71208,20585.01,35003.18212,5.566207331,3.209604885,1.665713107,5.08632107,15.36496386,3.209604885,465.6468727,2018-07-22,0.3308925
463,203,31182.71516,30824.42222,31976.71208,20585.01,35003.18212,5.566207331,3.209604885,1.665713107,5.08632107,15.36496386,3.209604885,465.6468727,2021-07-22,0.173722105
464,203,31182.71516,30824.42222,31976.71208,20585.01,35003.18212,5.566207331,3.209604885,1.665713107,5.08632107,15.36496386,3.209604885,465.6468727,2019-07-22,0.166866771
465,204,31258.63089,30873.72152,32040.15077,20585.01,35003.18212,5.604491647,3.209604885,1.665713107,5.08632107,15.36496386,3.209604885,457.8777069,2022-07-23,0.353048958
466,204,31258.63089,30873.72152,32040.15077,20585.01,35003.18212,5.604491647,3.209604885,1.665713107,5.08632107,15.36496386,3.209604885,457.8777069,2020-07-22,0.660011463
467,204,31258.63089,30873.72152,32040.15077,20585.01,35003.18212,5.604491647,3.209604885,1.665713107,5.08632107,15.36496386,3.209604885,457.8777069,2023-07-23,0.260701146
468,204,31258.63089,30873.72152,32040.15077,20585.01,35003.18212,5.604491647,3.209604885,1.665713107,5.08632107,15.36496386,3.209604885,457.8777069,2021-07-23,0.170729688
469,204,31258.63089,30873.72152,32040.15077,20585.01,35003.18212,5.604491647,3.209604885,1.665713107,5.08632107,15.36496386,3.209604885,457.8777069,2019-07-23,0.162430104
470,205,31334.25492,30922.97479,32101.99522,20585.01,35003.18212,5.576634259,3.209604885,1.665713107,5.08632107,15.36496386,3.209604885,470.2761802,2022-07-24,0.343411354
471,205,31334.25492,30922.97479,32101.99522,20585.01,35003.18212,5.576634259,3.209604885,1.665713107,5.08632107,15.36496386,3.209604885,470.2761802,2020-07-23,0.660619688
472,205,31334.25492,30922.97479,32101.99522,20585.01,35003.18212,5.576634259,3.209604885,1.665713107,5.08632107,15.36496386,3.209604885,470.2761802,2021-07-24,0.261326667
473,205,31334.25492,30922.97479,32101.99522,20585.01,35003.18212,5.576634259,3.209604885,1.665713107,5.08632107,15.36496386,3.209604885,470.2761802,2023-07-24,0.251863542
474,205,31334.25492,30922.97479,32101.99522,20585.01,35003.18212,5.576634259,3.209604885,1.665713107,5.08632107,15.36496386,3.209604885,470.2761802,2019-07-24,0.159475625
475,206,31409.55694,30972.1837,32162.28372,20585.01,35003.18212,5.64743911,3.209604885,1.665713107,5.08632107,15.36496386,4.118624633,477.3287715,2020-07-24,0.637684896
476,206,31409.55694,30972.1837,32162.28372,20585.01,35003.18212,5.64743911,3.209604885,1.665713107,5.08632107,15.36496386,4.118624633,477.3287715,2023-07-25,0.243148125
477,206,31409.55694,30972.1837,32162.28372,20585.01,35003.18212,5.64743911,3.209604885,1.665713107,5.08632107,15.36496386,4.118624633,477.3287715,2019-07-25,0.155247849
478,206,31409.55694,30972.1837,32162.28372,20585.01,35003.18212,5.64743911,3.209604885,1.665713107,5.08632107,15.36496386,4.118624633,477.3287715,2022-07-25,0.329630833
479,206,31409.55694,30972.1837,32162.28372,20585.01,35003.18212,5.64743911,3.209604885,1.665713107,5.08632107,15.36496386,4.118624633,477.3287715,2021-07-25,0.27889125
480,207,31484.50666,31021.34996,32221.05455,20585.01,35003.18212,5.734253388,3.209604885,1.665713107,5.08632107,15.36496386,3.209604885,499.1415365,2018-07-26,0.2953425
481,207,31484.50666,31021.34996,32221.05455,20585.01,35003.18212,5.734253388,3.209604885,1.665713107,5.08632107,15.36496386,3.209604885,499.1415365,2020-07-25,0.726145417
482,207,31484.50666,31021.34996,32221.05455,20585.01,35003.18212,5.734253388,3.209604885,1.665713107,5.08632107,15.36496386,3.209604885,499.1415365,2023-07-26,0.234247292
483,207,31484.50666,31021.34996,32221.05455,20585.01,35003.18212,5.734253388,3.209604885,1.665713107,5.08632107,15.36496386,3.209604885,499.1415365,2019-07-26,0.171353958
484,207,31484.50666,31021.34996,32221.05455,20585.01,35003.18212,5.734253388,3.209604885,1.665713107,5.08632107,15.36496386,3.209604885,499.1415365,2022-07-26,0.324895313
485,207,31484.50666,31021.34996,32221.05455,20585.01,35003.18212,5.734253388,3.209604885,1.665713107,5.08632107,15.36496386,3.209604885,499.1415365,2021-07-26,0.2511525
486,208,31559.07379,31070.47524,32278.34599,20585.01,35003.18212,5.244490585,3.209604885,1.665713107,5.08632107,15.36496386,3.209604885,440.5469933,2020-07-26,0.677476064
487,208,31559.07379,31070.47524,32278.34599,20585.01,35003.18212,5.244490585,3.209604885,1.665713107,5.08632107,15.36496386,3.209604885,440.5469933,2023-07-27,0.221898333
488,208,31559.07379,31070.47524,32278.34599,20585.01,35003.18212,5.244490585,3.209604885,1.665713107,5.08632107,15.36496386,3.209604885,440.5469933,2019-07-27,0.230547188
489,208,31559.07379,31070.47524,32278.34599,20585.01,35003.18212,5.244490585,3.209604885,1.665713107,5.08632107,15.36496386,3.209604885,440.5469933,2022-07-27,0.330444167
490,208,31559.07379,31070.47524,32278.34599,20585.01,35003.18212,5.244490585,3.209604885,1.665713107,5.08632107,15.36496386,3.209604885,440.5469933,2021-07-27,0.21428117
491,208,31559.07379,31070.47524,32278.34599,20585.01,35003.18212,5.244490585,3.209604885,1.665713107,5.08632107,15.36496386,3.209604885,440.5469933,2018-07-27,0.292531667
492,209,31633.22803,31119.56124,32334.19633,20585.01,35003.18212,5.274559825,3.209604885,1.665713107,5.08632107,15.36496386,3.209604885,455.7737472,2018-07-28,0.329397292
493,209,31633.22803,31119.56124,32334.19633,20585.01,35003.18212,5.274559825,3.209604885,1.665713107,5.08632107,15.36496386,3.209604885,455.7737472,2020-07-27,0.630329032
494,209,31633.22803,31119.56124,32334.19633,20585.01,35003.18212,5.274559825,3.209604885,1.665713107,5.08632107,15.36496386,3.209604885,455.7737472,2023-07-28,0.22112625
495,209,31633.22803,31119.56124,32334.19633,20585.01,35003.18212,5.274559825,3.209604885,1.665713107,5.08632107,15.36496386,3.209604885,455.7737472,2021-07-28,0.315172188
496,209,31633.22803,31119.56124,32334.19633,20585.01,35003.18212,5.274559825,3.209604885,1.665713107,5.08632107,15.36496386,3.209604885,455.7737472,2019-07-28,0.213799271
497,209,31633.22803,31119.56124,32334.19633,20585.01,35003.18212,5.274559825,3.209604885,1.665713107,5.08632107,15.36496386,3.209604885,455.7737472,2022-07-28,0.311700208
498,210,31706.93909,31168.60963,32388.64384,20585.01,35003.18212,5.043037424,3.209604885,1.665713107,5.08632107,15.36496386,3.209604885,475.2516118,2022-07-29,0.303142813
499,210,31706.93909,31168.60963,32388.64384,20585.01,35003.18212,5.043037424,3.209604885,1.665713107,5.08632107,15.36496386,3.209604885,475.2516118,2023-07-29,0.214597604
500,210,31706.93909,31168.60963,32388.64384,20585.01,35003.18212,5.043037424,3.209604885,1.665713107,5.08632107,15.36496386,3.209604885,475.2516118,2018-07-29,0.298480729
501,210,31706.93909,31168.60963,32388.64384,20585.01,35003.18212,5.043037424,3.209604885,1.665713107,5.08632107,15.36496386,3.209604885,475.2516118,2020-07-28,0.717394896
502,210,31706.93909,31168.60963,32388.64384,20585.01,35003.18212,5.043037424,3.209604885,1.665713107,5.08632107,15.36496386,3.209604885,475.2516118,2021-07-29,0.396053854
503,210,31706.93909,31168.60963,32388.64384,20585.01,35003.18212,5.043037424,3.209604885,1.665713107,5.08632107,15.36496386,3.209604885,475.2516118,2019-07-29,0.226835638
504,211,31780.17667,31217.62212,32441.72682,20585.01,35003.18212,5.123973958,3.209604885,1.665713107,5.08632107,15.36496386,3.789354178,458.4555551,2022-07-30,0.292719583
505,211,31780.17667,31217.62212,32441.72682,20585.01,35003.18212,5.123973958,3.209604885,1.665713107,5.08632107,15.36496386,3.789354178,458.4555551,2020-07-29,0.719241354
506,211,31780.17667,31217.62212,32441.72682,20585.01,35003.18212,5.123973958,3.209604885,1.665713107,5.08632107,15.36496386,3.789354178,458.4555551,2019-07-30,0.244573333
507,211,31780.17667,31217.62212,32441.72682,20585.01,35003.18212,5.123973958,3.209604885,1.665713107,5.08632107,15.36496386,3.789354178,458.4555551,2021-07-30,0.317041667
508,211,31780.17667,31217.62212,32441.72682,20585.01,35003.18212,5.123973958,3.209604885,1.665713107,5.08632107,15.36496386,3.789354178,458.4555551,2023-07-30,0.212916563
509,211,31780.17667,31217.62212,32441.72682,20585.01,35003.18212,5.123973958,3.209604885,1.665713107,5.08632107,15.36496386,3.789354178,458.4555551,2018-07-30,0.285170313
510,212,31852.91049,31266.60038,32493.48353,20585.01,35003.18212,5.239202257,3.209604885,1.665713107,5.08632107,15.36496386,4.397529601,467.438905,2020-07-30,0.652934688
511,212,31852.91049,31266.60038,32493.48353,20585.01,35003.18212,5.239202257,3.209604885,1.665713107,5.08632107,15.36496386,4.397529601,467.438905,2023-07-31,0.211947917
512,212,31852.91049,31266.60038,32493.48353,20585.01,35003.18212,5.239202257,3.209604885,1.665713107,5.08632107,15.36496386,4.397529601,467.438905,2021-07-31,0.279839583
513,212,31852.91049,31266.60038,32493.48353,20585.01,35003.18212,5.239202257,3.209604885,1.665713107,5.08632107,15.36496386,4.397529601,467.438905,2019-07-31,0.234595625
514,212,31852.91049,31266.60038,32493.48353,20585.01,35003.18212,5.239202257,3.209604885,1.665713107,5.08632107,15.36496386,4.397529601,467.438905,2022-07-31,0.302170938
515,212,31852.91049,31266.60038,32493.48353,20585.01,35003.18212,5.239202257,3.209604885,1.665713107,5.08632107,15.36496386,4.397529601,467.438905,2018-07-31,0.278516458
516,213,31925.11025,31315.54611,32543.95227,20585.01,35003.18212,5.435801911,3.209604885,1.665713107,5.08632107,15.36496386,4.609983831,478.3419222,2021-08-01,0.250720104
517,213,31925.11025,31315.54611,32543.95227,20585.01,35003.18212,5.435801911,3.209604885,1.665713107,5.08632107,15.36496386,4.609983831,478.3419222,2018-08-01,0.274223229
518,213,31925.11025,31315.54611,32543.95227,20585.01,35003.18212,5.435801911,3.209604885,1.665713107,5.08632107,15.36496386,4.609983831,478.3419222,2023-08-01,0.207995313
519,213,31925.11025,31315.54611,32543.95227,20585.01,35003.18212,5.435801911,3.209604885,1.665713107,5.08632107,15.36496386,4.609983831,478.3419222,2022-08-01,0.307053958
520,213,31925.11025,31315.54611,32543.95227,20585.01,35003.18212,5.435801911,3.209604885,1.665713107,5.08632107,15.36496386,4.609983831,478.3419222,2020-07-31,0.6099725
521,213,31925.11025,31315.54611,32543.95227,20585.01,35003.18212,5.435801911,3.209604885,1.665713107,5.08632107,15.36496386,4.609983831,478.3419222,2019-08-01,0.240885521
522,214,31996.74565,31364.46099,32593.17131,20585.01,35003.18212,5.384191644,3.209604885,1.665713107,5.08632107,15.36496386,0.750889293,461.6271139,2023-08-02,0.200809792
523,214,31996.74565,31364.46099,32593.17131,20585.01,35003.18212,5.384191644,3.209604885,1.665713107,5.08632107,15.36496386,0.750889293,461.6271139,2018-08-02,0.28022191
524,214,31996.74565,31364.46099,32593.17131,20585.01,35003.18212,5.384191644,3.209604885,1.665713107,5.08632107,15.36496386,0.750889293,461.6271139,2020-08-01,0.579605104
525,214,31996.74565,31364.46099,32593.17131,20585.01,35003.18212,5.384191644,3.209604885,1.665713107,5.08632107,15.36496386,0.750889293,461.6271139,2022-08-02,0.39681125
526,214,31996.74565,31364.46099,32593.17131,20585.01,35003.18212,5.384191644,3.209604885,1.665713107,5.08632107,15.36496386,0.750889293,461.6271139,2019-08-02,0.266047083
527,214,31996.74565,31364.46099,32593.17131,20585.01,35003.18212,5.384191644,3.209604885,1.665713107,5.08632107,15.36496386,0.750889293,461.6271139,2021-08-02,0.236308352
528,215,32067.78639,31413.3467,32641.17894,20585.01,35003.18212,5.359275174,3.209604885,1.665713107,5.08632107,15.36496386,4.127705097,481.0343412,2023-08-03,0.199004271
529,215,32067.78639,31413.3467,32641.17894,20585.01,35003.18212,5.359275174,3.209604885,1.665713107,5.08632107,15.36496386,4.127705097,481.0343412,2018-08-03,0.277788958
530,215,32067.78639,31413.3467,32641.17894,20585.01,35003.18212,5.359275174,3.209604885,1.665713107,5.08632107,15.36496386,4.127705097,481.0343412,2020-08-02,0.689281042
531,215,32067.78639,31413.3467,32641.17894,20585.01,35003.18212,5.359275174,3.209604885,1.665713107,5.08632107,15.36496386,4.127705097,481.0343412,2022-08-03,0.350846667
532,215,32067.78639,31413.3467,32641.17894,20585.01,35003.18212,5.359275174,3.209604885,1.665713107,5.08632107,15.36496386,4.127705097,481.0343412,2019-08-03,1.609772292
533,215,32067.78639,31413.3467,32641.17894,20585.01,35003.18212,5.359275174,3.209604885,1.665713107,5.08632107,15.36496386,4.127705097,481.0343412,2021-08-03,0.222523229
534,216,32138.2022,31462.20495,32688.01344,20585.01,35003.18212,5.349342014,3.209604885,1.665713107,5.08632107,15.36496386,1.854894182,464.1036454,2023-08-04,0.197003438
535,216,32138.2022,31462.20495,32688.01344,20585.01,35003.18212,5.349342014,3.209604885,1.665713107,5.08632107,15.36496386,1.854894182,464.1036454,2018-08-04,0.276640729
536,216,32138.2022,31462.20495,32688.01344,20585.01,35003.18212,5.349342014,3.209604885,1.665713107,5.08632107,15.36496386,1.854894182,464.1036454,2020-08-03,0.849210274
537,216,32138.2022,31462.20495,32688.01344,20585.01,35003.18212,5.349342014,3.209604885,1.665713107,5.08632107,15.36496386,1.854894182,464.1036454,2019-08-04,2.684361875
538,216,32138.2022,31462.20495,32688.01344,20585.01,35003.18212,5.349342014,3.209604885,1.665713107,5.08632107,15.36496386,1.854894182,464.1036454,2021-08-04,0.211795313
539,216,32138.2022,31462.20495,32688.01344,20585.01,35003.18212,5.349342014,3.209604885,1.665713107,5.08632107,15.36496386,1.854894182,464.1036454,2022-08-04,0.323862396
540,217,32207.96276,31511.0374,32733.71309,20585.01,35003.18212,5.330350999,3.209604885,1.665713107,5.08632107,15.36496386,0.715738548,461.2532486,2023-08-05,0.193383333
541,217,32207.96276,31511.0374,32733.71309,20585.01,35003.18212,5.330350999,3.209604885,1.665713107,5.08632107,15.36496386,0.715738548,461.2532486,2022-08-05,0.322648438
542,217,32207.96276,31511.0374,32733.71309,20585.01,35003.18212,5.330350999,3.209604885,1.665713107,5.08632107,15.36496386,0.715738548,461.2532486,2018-08-05,0.373594167
543,217,32207.96276,31511.0374,32733.71309,20585.01,35003.18212,5.330350999,3.209604885,1.665713107,5.08632107,15.36496386,0.715738548,461.2532486,2019-08-05,0.966483542
544,217,32207.96276,31511.0374,32733.71309,20585.01,35003.18212,5.330350999,3.209604885,1.665713107,5.08632107,15.36496386,0.715738548,461.2532486,2021-08-05,0.199009063
545,218,32277.03779,31559.84576,32778.31617,20585.01,35003.18212,5.160367273,3.209604885,1.665713107,5.08632107,15.36496386,3.209604885,468.1006572,2022-08-06,0.376273333
546,218,32277.03779,31559.84576,32778.31617,20585.01,35003.18212,5.160367273,3.209604885,1.665713107,5.08632107,15.36496386,3.209604885,468.1006572,2020-08-05,1.447039886
547,218,32277.03779,31559.84576,32778.31617,20585.01,35003.18212,5.160367273,3.209604885,1.665713107,5.08632107,15.36496386,3.209604885,468.1006572,2018-08-06,0.654708958
548,218,32277.03779,31559.84576,32778.31617,20585.01,35003.18212,5.160367273,3.209604885,1.665713107,5.08632107,15.36496386,3.209604885,468.1006572,2023-08-06,0.189933854
549,218,32277.03779,31559.84576,32778.31617,20585.01,35003.18212,5.160367273,3.209604885,1.665713107,5.08632107,15.36496386,3.209604885,468.1006572,2019-08-06,0.831400208
550,218,32277.03779,31559.84576,32778.31617,20585.01,35003.18212,5.160367273,3.209604885,1.665713107,5.08632107,15.36496386,3.209604885,468.1006572,2021-08-06,0.19941125
551,219,32345.397,31608.63171,32821.86098,20585.01,35003.18212,4.807022556,3.209604885,1.665713107,5.08632107,15.36496386,3.209604885,471.8667795,2022-08-07,0.435218646
552,219,32345.397,31608.63171,32821.86098,20585.01,35003.18212,4.807022556,3.209604885,1.665713107,5.08632107,15.36496386,3.209604885,471.8667795,2018-08-07,0.698999063
553,219,32345.397,31608.63171,32821.86098,20585.01,35003.18212,4.807022556,3.209604885,1.665713107,5.08632107,15.36496386,3.209604885,471.8667795,2019-08-07,0.778974375
554,219,32345.397,31608.63171,32821.86098,20585.01,35003.18212,4.807022556,3.209604885,1.665713107,5.08632107,15.36496386,3.209604885,471.8667795,2023-08-07,0.189468333
555,219,32345.397,31608.63171,32821.86098,20585.01,35003.18212,4.807022556,3.209604885,1.665713107,5.08632107,15.36496386,3.209604885,471.8667795,2021-08-07,0.218742083
556,219,32345.397,31608.63171,32821.86098,20585.01,35003.18212,4.807022556,3.209604885,1.665713107,5.08632107,15.36496386,3.209604885,471.8667795,2020-08-06,1.180869663
557,220,32413.01008,31657.39693,32864.38578,20585.01,35003.18212,4.593272968,3.209604885,1.665713107,5.08632107,15.36496386,2.145958151,454.8423374,2018-08-08,0.5747
558,220,32413.01008,31657.39693,32864.38578,20585.01,35003.18212,4.593272968,3.209604885,1.665713107,5.08632107,15.36496386,2.145958151,454.8423374,2020-08-07,1.073827083
559,220,32413.01008,31657.39693,32864.38578,20585.01,35003.18212,4.593272968,3.209604885,1.665713107,5.08632107,15.36496386,2.145958151,454.8423374,2023-08-08,0.191680833
560,220,32413.01008,31657.39693,32864.38578,20585.01,35003.18212,4.593272968,3.209604885,1.665713107,5.08632107,15.36496386,2.145958151,454.8423374,2021-08-08,0.209615
561,220,32413.01008,31657.39693,32864.38578,20585.01,35003.18212,4.593272968,3.209604885,1.665713107,5.08632107,15.36496386,2.145958151,454.8423374,2019-08-08,0.678600833
562,220,32413.01008,31657.39693,32864.38578,20585.01,35003.18212,4.593272968,3.209604885,1.665713107,5.08632107,15.36496386,2.145958151,454.8423374,2022-08-08,0.428431042
563,221,32479.84675,31706.14312,32905.92886,20585.01,35003.18212,4.557733681,3.209604885,1.665713107,5.08632107,15.36496386,3.209604885,435.7796751,2020-08-08,0.989457083
564,221,32479.84675,31706.14312,32905.92886,20585.01,35003.18212,4.557733681,3.209604885,1.665713107,5.08632107,15.36496386,3.209604885,435.7796751,2023-08-09,0.191219688
565,221,32479.84675,31706.14312,32905.92886,20585.01,35003.18212,4.557733681,3.209604885,1.665713107,5.08632107,15.36496386,3.209604885,435.7796751,2018-08-09,0.469971146
566,221,32479.84675,31706.14312,32905.92886,20585.01,35003.18212,4.557733681,3.209604885,1.665713107,5.08632107,15.36496386,3.209604885,435.7796751,2019-08-09,0.564753684
567,221,32479.84675,31706.14312,32905.92886,20585.01,35003.18212,4.557733681,3.209604885,1.665713107,5.08632107,15.36496386,3.209604885,435.7796751,2022-08-09,0.532701771
568,221,32479.84675,31706.14312,32905.92886,20585.01,35003.18212,4.557733681,3.209604885,1.665713107,5.08632107,15.36496386,3.209604885,435.7796751,2021-08-09,0.321927872
569,222,32545.87671,31754.87196,32946.5285,20585.01,35003.18212,4.383780316,3.209604885,1.665713107,5.08632107,15.36496386,4.015047899,463.4781325,2018-08-10,0.416759688
570,222,32545.87671,31754.87196,32946.5285,20585.01,35003.18212,4.383780316,3.209604885,1.665713107,5.08632107,15.36496386,4.015047899,463.4781325,2023-08-10,0.18776375
571,222,32545.87671,31754.87196,32946.5285,20585.01,35003.18212,4.383780316,3.209604885,1.665713107,5.08632107,15.36496386,4.015047899,463.4781325,2019-08-10,0.530869688
572,222,32545.87671,31754.87196,32946.5285,20585.01,35003.18212,4.383780316,3.209604885,1.665713107,5.08632107,15.36496386,4.015047899,463.4781325,2020-08-09,1.006355521
573,222,32545.87671,31754.87196,32946.5285,20585.01,35003.18212,4.383780316,3.209604885,1.665713107,5.08632107,15.36496386,4.015047899,463.4781325,2021-08-10,0.400489167
574,222,32545.87671,31754.87196,32946.5285,20585.01,35003.18212,4.383780316,3.209604885,1.665713107,5.08632107,15.36496386,4.015047899,463.4781325,2022-08-10,0.561374063
575,223,32611.06967,31803.58513,32986.22299,20585.01,35003.18212,4.403749129,3.209604885,1.665713107,5.08632107,15.36496386,3.482627792,440.6681807,2020-08-10,1.088170833
576,223,32611.06967,31803.58513,32986.22299,20585.01,35003.18212,4.403749129,3.209604885,1.665713107,5.08632107,15.36496386,3.482627792,440.6681807,2023-08-11,0.200225625
577,223,32611.06967,31803.58513,32986.22299,20585.01,35003.18212,4.403749129,3.209604885,1.665713107,5.08632107,15.36496386,3.482627792,440.6681807,2018-08-11,0.391579063
578,223,32611.06967,31803.58513,32986.22299,20585.01,35003.18212,4.403749129,3.209604885,1.665713107,5.08632107,15.36496386,3.482627792,440.6681807,2019-08-11,0.544889167
579,223,32611.06967,31803.58513,32986.22299,20585.01,35003.18212,4.403749129,3.209604885,1.665713107,5.08632107,15.36496386,3.482627792,440.6681807,2022-08-11,0.453003333
580,223,32611.06967,31803.58513,32986.22299,20585.01,35003.18212,4.403749129,3.209604885,1.665713107,5.08632107,15.36496386,3.482627792,440.6681807,2021-08-11,0.352381875
581,224,32675.39533,31852.28433,33025.05061,20585.01,35003.18212,4.566622922,3.209604885,1.665713107,5.08632107,15.36496386,3.209604885,464.7703648,2018-08-12,0.367264167
582,224,32675.39533,31852.28433,33025.05061,20585.01,35003.18212,4.566622922,3.209604885,1.665713107,5.08632107,15.36496386,3.209604885,464.7703648,2019-08-12,0.482105104
583,224,32675.39533,31852.28433,33025.05061,20585.01,35003.18212,4.566622922,3.209604885,1.665713107,5.08632107,15.36496386,3.209604885,464.7703648,2020-08-11,0.971726979
584,224,32675.39533,31852.28433,33025.05061,20585.01,35003.18212,4.566622922,3.209604885,1.665713107,5.08632107,15.36496386,3.209604885,464.7703648,2023-08-12,0.212949896
585,224,32675.39533,31852.28433,33025.05061,20585.01,35003.18212,4.566622922,3.209604885,1.665713107,5.08632107,15.36496386,3.209604885,464.7703648,2021-08-12,0.331837396
586,224,32675.39533,31852.28433,33025.05061,20585.01,35003.18212,4.566622922,3.209604885,1.665713107,5.08632107,15.36496386,3.209604885,464.7703648,2022-08-12,0.409495625
587,225,32738.8234,31900.97125,33063.04964,20585.01,35003.18212,4.753907118,3.209604885,1.665713107,5.08632107,15.36496386,1.710661192,471.8827663,2018-08-13,0.352089063
588,225,32738.8234,31900.97125,33063.04964,20585.01,35003.18212,4.753907118,3.209604885,1.665713107,5.08632107,15.36496386,1.710661192,471.8827663,2019-08-13,0.577828229
589,225,32738.8234,31900.97125,33063.04964,20585.01,35003.18212,4.753907118,3.209604885,1.665713107,5.08632107,15.36496386,1.710661192,471.8827663,2021-08-13,0.331926875
590,225,32738.8234,31900.97125,33063.04964,20585.01,35003.18212,4.753907118,3.209604885,1.665713107,5.08632107,15.36496386,1.710661192,471.8827663,2023-08-13,0.225984375
591,225,32738.8234,31900.97125,33063.04964,20585.01,35003.18212,4.753907118,3.209604885,1.665713107,5.08632107,15.36496386,1.710661192,471.8827663,2022-08-13,0.378174271
592,225,32738.8234,31900.97125,33063.04964,20585.01,35003.18212,4.753907118,3.209604885,1.665713107,5.08632107,15.36496386,1.710661192,471.8827663,2020-08-12,0.897078542
593,226,32801.32359,31949.64756,33100.25836,20585.01,35003.18212,4.673388021,3.209604885,1.665713107,5.08632107,15.36496386,1.899499844,476.6585673,2020-08-13,0.86627
594,226,32801.32359,31949.64756,33100.25836,20585.01,35003.18212,4.673388021,3.209604885,1.665713107,5.08632107,15.36496386,1.899499844,476.6585673,2018-08-14,0.514768229
595,226,32801.32359,31949.64756,33100.25836,20585.01,35003.18212,4.673388021,3.209604885,1.665713107,5.08632107,15.36496386,1.899499844,476.6585673,2019-08-14,1.019318125
596,226,32801.32359,31949.64756,33100.25836,20585.01,35003.18212,4.673388021,3.209604885,1.665713107,5.08632107,15.36496386,1.899499844,476.6585673,2021-08-14,0.321428854
597,226,32801.32359,31949.64756,33100.25836,20585.01,35003.18212,4.673388021,3.209604885,1.665713107,5.08632107,15.36496386,1.899499844,476.6585673,2023-08-14,0.239325104
598,226,32801.32359,31949.64756,33100.25836,20585.01,35003.18212,4.673388021,3.209604885,1.665713107,5.08632107,15.36496386,1.899499844,476.6585673,2022-08-14,0.360766771
599,227,32862.86559,31998.31496,33136.71505,20585.01,35003.18212,4.400020035,3.209604885,1.665713107,5.08632107,15.36496386,0.31002006,455.0322204,2023-08-15,0.252968229
600,227,32862.86559,31998.31496,33136.71505,20585.01,35003.18212,4.400020035,3.209604885,1.665713107,5.08632107,15.36496386,0.31002006,455.0322204,2021-08-15,0.331458854
601,227,32862.86559,31998.31496,33136.71505,20585.01,35003.18212,4.400020035,3.209604885,1.665713107,5.08632107,15.36496386,0.31002006,455.0322204,2018-08-15,0.852785938
602,227,32862.86559,31998.31496,33136.71505,20585.01,35003.18212,4.400020035,3.209604885,1.665713107,5.08632107,15.36496386,0.31002006,455.0322204,2022-08-15,0.347726042
603,227,32862.86559,31998.31496,33136.71505,20585.01,35003.18212,4.400020035,3.209604885,1.665713107,5.08632107,15.36496386,0.31002006,455.0322204,2019-08-15,0.749521875
604,227,32862.86559,31998.31496,33136.71505,20585.01,35003.18212,4.400020035,3.209604885,1.665713107,5.08632107,15.36496386,0.31002006,455.0322204,2020-08-14,0.812130833
605,228,32923.41913,32046.97514,33172.458,20585.01,35003.18212,4.383220159,3.209604885,1.665713107,5.08632107,15.36496386,3.209604885,465.5813905,2023-08-16,0.266910313
606,228,32923.41913,32046.97514,33172.458,20585.01,35003.18212,4.383220159,3.209604885,1.665713107,5.08632107,15.36496386,3.209604885,465.5813905,2018-08-16,0.762157292
607,228,32923.41913,32046.97514,33172.458,20585.01,35003.18212,4.383220159,3.209604885,1.665713107,5.08632107,15.36496386,3.209604885,465.5813905,2021-08-16,0.976985814
608,228,32923.41913,32046.97514,33172.458,20585.01,35003.18212,4.383220159,3.209604885,1.665713107,5.08632107,15.36496386,3.209604885,465.5813905,2019-08-16,0.748361042
609,228,32923.41913,32046.97514,33172.458,20585.01,35003.18212,4.383220159,3.209604885,1.665713107,5.08632107,15.36496386,3.209604885,465.5813905,2020-08-15,0.800316146
610,228,32923.41913,32046.97514,33172.458,20585.01,35003.18212,4.383220159,3.209604885,1.665713107,5.08632107,15.36496386,3.209604885,465.5813905,2022-08-16,0.373726563
611,229,32982.96867,32095.62979,33267.25689,20585.01,35003.18212,4.077656987,3.209604885,1.665713107,5.08632107,15.36496386,2.944939807,451.2187537,2023-08-17,0.281147813
612,229,32982.96867,32095.62979,33267.25689,20585.01,35003.18212,4.077656987,3.209604885,1.665713107,5.08632107,15.36496386,2.944939807,451.2187537,2018-08-17,0.63556974
613,229,32982.96867,32095.62979,33267.25689,20585.01,35003.18212,4.077656987,3.209604885,1.665713107,5.08632107,15.36496386,2.944939807,451.2187537,2019-08-17,1.00511125
614,229,32982.96867,32095.62979,33267.25689,20585.01,35003.18212,4.077656987,3.209604885,1.665713107,5.08632107,15.36496386,2.944939807,451.2187537,2020-08-16,0.767882396
615,229,32982.96867,32095.62979,33267.25689,20585.01,35003.18212,4.077656987,3.209604885,1.665713107,5.08632107,15.36496386,2.944939807,451.2187537,2021-08-17,1.6575925
616,229,32982.96867,32095.62979,33267.25689,20585.01,35003.18212,4.077656987,3.209604885,1.665713107,5.08632107,15.36496386,2.944939807,451.2187537,2022-08-17,0.354014375
617,230,33041.53311,32144.28058,33362.05579,20585.01,35003.18212,4.000264035,3.209604885,1.665713107,5.08632107,15.36496386,5.07800499,449.2325819,2018-08-18,0.547176042
618,230,33041.53311,32144.28058,33362.05579,20585.01,35003.18212,4.000264035,3.209604885,1.665713107,5.08632107,15.36496386,5.07800499,449.2325819,2023-08-18,0.282690313
619,230,33041.53311,32144.28058,33362.05579,20585.01,35003.18212,4.000264035,3.209604885,1.665713107,5.08632107,15.36496386,5.07800499,449.2325819,2019-08-18,0.755800313
620,230,33041.53311,32144.28058,33362.05579,20585.01,35003.18212,4.000264035,3.209604885,1.665713107,5.08632107,15.36496386,5.07800499,449.2325819,2021-08-18,1.280704896
621,230,33041.53311,32144.28058,33362.05579,20585.01,35003.18212,4.000264035,3.209604885,1.665713107,5.08632107,15.36496386,5.07800499,449.2325819,2020-08-17,0.739825833
622,230,33041.53311,32144.28058,33362.05579,20585.01,35003.18212,4.000264035,3.209604885,1.665713107,5.08632107,15.36496386,5.07800499,449.2325819,2022-08-18,0.346204583
623,231,33099.13378,32192.92921,33456.85468,20585.01,35003.18212,3.92549345,3.209604885,1.665713107,5.08632107,15.36496386,3.54689205,440.9080078,2023-08-19,0.281572604
624,231,33099.13378,32192.92921,33456.85468,20585.01,35003.18212,3.92549345,3.209604885,1.665713107,5.08632107,15.36496386,3.54689205,440.9080078,2021-08-19,0.813700521
625,231,33099.13378,32192.92921,33456.85468,20585.01,35003.18212,3.92549345,3.209604885,1.665713107,5.08632107,15.36496386,3.54689205,440.9080078,2018-08-19,0.496966979
626,231,33099.13378,32192.92921,33456.85468,20585.01,35003.18212,3.92549345,3.209604885,1.665713107,5.08632107,15.36496386,3.54689205,440.9080078,2022-08-19,0.363657292
627,231,33099.13378,32192.92921,33456.85468,20585.01,35003.18212,3.92549345,3.209604885,1.665713107,5.08632107,15.36496386,3.54689205,440.9080078,2019-08-19,0.677270729
628,231,33099.13378,32192.92921,33456.85468,20585.01,35003.18212,3.92549345,3.209604885,1.665713107,5.08632107,15.36496386,3.54689205,440.9080078,2020-08-18,0.721463229
629,232,33155.792,32241.57736,33551.65358,20585.01,35003.18212,3.888282723,3.209604885,1.665713107,5.08632107,15.36496386,2.685493778,460.0800225,2021-08-20,0.732548021
630,232,33155.792,32241.57736,33551.65358,20585.01,35003.18212,3.888282723,3.209604885,1.665713107,5.08632107,15.36496386,2.685493778,460.0800225,2020-08-19,0.699457708
631,232,33155.792,32241.57736,33551.65358,20585.01,35003.18212,3.888282723,3.209604885,1.665713107,5.08632107,15.36496386,2.685493778,460.0800225,2022-08-20,0.380785938
632,232,33155.792,32241.57736,33551.65358,20585.01,35003.18212,3.888282723,3.209604885,1.665713107,5.08632107,15.36496386,2.685493778,460.0800225,2019-08-20,0.629709896
633,232,33155.792,32241.57736,33551.65358,20585.01,35003.18212,3.888282723,3.209604885,1.665713107,5.08632107,15.36496386,2.685493778,460.0800225,2023-08-20,0.294603958
634,232,33155.792,32241.57736,33551.65358,20585.01,35003.18212,3.888282723,3.209604885,1.665713107,5.08632107,15.36496386,2.685493778,460.0800225,2018-08-20,0.477248125
635,233,33211.52911,32290.22673,33646.45247,20585.01,35003.18212,4.133897569,3.209604885,1.665713107,5.08632107,15.36496386,5.504876031,441.5705582,2023-08-21,0.476995208
636,233,33211.52911,32290.22673,33646.45247,20585.01,35003.18212,4.133897569,3.209604885,1.665713107,5.08632107,15.36496386,5.504876031,441.5705582,2022-08-21,0.357731458
637,233,33211.52911,32290.22673,33646.45247,20585.01,35003.18212,4.133897569,3.209604885,1.665713107,5.08632107,15.36496386,5.504876031,441.5705582,2019-08-21,0.613157292
638,233,33211.52911,32290.22673,33646.45247,20585.01,35003.18212,4.133897569,3.209604885,1.665713107,5.08632107,15.36496386,5.504876031,441.5705582,2021-08-21,0.904986979
639,233,33211.52911,32290.22673,33646.45247,20585.01,35003.18212,4.133897569,3.209604885,1.665713107,5.08632107,15.36496386,5.504876031,441.5705582,2018-08-21,0.455821667
640,233,33211.52911,32290.22673,33646.45247,20585.01,35003.18212,4.133897569,3.209604885,1.665713107,5.08632107,15.36496386,5.504876031,441.5705582,2020-08-20,0.681326875
641,234,33266.36643,32338.879,33741.25137,20585.01,35003.18212,3.932061995,3.209604885,1.665713107,5.08632107,15.36496386,6.633389133,460.0584686,2021-08-22,0.819314167
642,234,33266.36643,32338.879,33741.25137,20585.01,35003.18212,3.932061995,3.209604885,1.665713107,5.08632107,15.36496386,6.633389133,460.0584686,2023-08-22,0.601291563
643,234,33266.36643,32338.879,33741.25137,20585.01,35003.18212,3.932061995,3.209604885,1.665713107,5.08632107,15.36496386,6.633389133,460.0584686,2020-08-21,0.711866625
644,234,33266.36643,32338.879,33741.25137,20585.01,35003.18212,3.932061995,3.209604885,1.665713107,5.08632107,15.36496386,6.633389133,460.0584686,2022-08-22,0.346771979
645,234,33266.36643,32338.879,33741.25137,20585.01,35003.18212,3.932061995,3.209604885,1.665713107,5.08632107,15.36496386,6.633389133,460.0584686,2019-08-22,0.586961828
646,234,33266.36643,32338.879,33741.25137,20585.01,35003.18212,3.932061995,3.209604885,1.665713107,5.08632107,15.36496386,6.633389133,460.0584686,2018-08-22,0.471887604
647,235,33320.32529,32387.53585,33836.05026,20585.01,35003.18212,4.022560764,3.209604885,1.665713107,5.08632107,15.36496386,4.699240857,483.8042528,2023-08-23,0.505261146
648,235,33320.32529,32387.53585,33836.05026,20585.01,35003.18212,4.022560764,3.209604885,1.665713107,5.08632107,15.36496386,4.699240857,483.8042528,2020-08-22,0.656024688
649,235,33320.32529,32387.53585,33836.05026,20585.01,35003.18212,4.022560764,3.209604885,1.665713107,5.08632107,15.36496386,4.699240857,483.8042528,2022-08-23,0.336259583
650,235,33320.32529,32387.53585,33836.05026,20585.01,35003.18212,4.022560764,3.209604885,1.665713107,5.08632107,15.36496386,4.699240857,483.8042528,2021-08-23,0.724348229
651,235,33320.32529,32387.53585,33836.05026,20585.01,35003.18212,4.022560764,3.209604885,1.665713107,5.08632107,15.36496386,4.699240857,483.8042528,2018-08-23,0.452139167
652,235,33320.32529,32387.53585,33836.05026,20585.01,35003.18212,4.022560764,3.209604885,1.665713107,5.08632107,15.36496386,4.699240857,483.8042528,2019-08-23,0.557388229
653,236,33373.42701,32436.19899,33930.84916,20585.01,35003.18212,4.151267655,3.209604885,1.665713107,5.08632107,15.36496386,3.209604885,493.801005,2020-08-23,0.634848021
654,236,33373.42701,32436.19899,33930.84916,20585.01,35003.18212,4.151267655,3.209604885,1.665713107,5.08632107,15.36496386,3.209604885,493.801005,2022-08-24,0.330496146
655,236,33373.42701,32436.19899,33930.84916,20585.01,35003.18212,4.151267655,3.209604885,1.665713107,5.08632107,15.36496386,3.209604885,493.801005,2023-08-24,0.448269896
656,236,33373.42701,32436.19899,33930.84916,20585.01,35003.18212,4.151267655,3.209604885,1.665713107,5.08632107,15.36496386,3.209604885,493.801005,2018-08-24,0.457744167
657,236,33373.42701,32436.19899,33930.84916,20585.01,35003.18212,4.151267655,3.209604885,1.665713107,5.08632107,15.36496386,3.209604885,493.801005,2021-08-24,0.737313333
658,236,33373.42701,32436.19899,33930.84916,20585.01,35003.18212,4.151267655,3.209604885,1.665713107,5.08632107,15.36496386,3.209604885,493.801005,2019-08-24,0.549237604
659,237,33425.69293,32484.87008,34025.64805,20585.01,35003.18212,4.157046007,3.209604885,1.665713107,5.08632107,15.36496386,3.209604885,493.0418152,2019-08-25,0.517601458
660,237,33425.69293,32484.87008,34025.64805,20585.01,35003.18212,4.157046007,3.209604885,1.665713107,5.08632107,15.36496386,3.209604885,493.0418152,2020-08-24,0.641888125
661,237,33425.69293,32484.87008,34025.64805,20585.01,35003.18212,4.157046007,3.209604885,1.665713107,5.08632107,15.36496386,3.209604885,493.0418152,2022-08-25,0.328062396
662,237,33425.69293,32484.87008,34025.64805,20585.01,35003.18212,4.157046007,3.209604885,1.665713107,5.08632107,15.36496386,3.209604885,493.0418152,2018-08-25,0.541793542
663,237,33425.69293,32484.87008,34025.64805,20585.01,35003.18212,4.157046007,3.209604885,1.665713107,5.08632107,15.36496386,3.209604885,493.0418152,2023-08-25,0.446095208
664,237,33425.69293,32484.87008,34025.64805,20585.01,35003.18212,4.157046007,3.209604885,1.665713107,5.08632107,15.36496386,3.209604885,493.0418152,2021-08-25,0.840267292
665,238,33477.14437,32533.55082,34120.44695,20585.01,35003.18212,4.068364665,3.209604885,1.665713107,5.08632107,15.36496386,4.893580453,472.4253279,2020-08-25,0.652396383
666,238,33477.14437,32533.55082,34120.44695,20585.01,35003.18212,4.068364665,3.209604885,1.665713107,5.08632107,15.36496386,4.893580453,472.4253279,2022-08-26,0.321696875
667,238,33477.14437,32533.55082,34120.44695,20585.01,35003.18212,4.068364665,3.209604885,1.665713107,5.08632107,15.36496386,4.893580453,472.4253279,2021-08-26,0.867856458
668,238,33477.14437,32533.55082,34120.44695,20585.01,35003.18212,4.068364665,3.209604885,1.665713107,5.08632107,15.36496386,4.893580453,472.4253279,2023-08-26,0.449699167
669,238,33477.14437,32533.55082,34120.44695,20585.01,35003.18212,4.068364665,3.209604885,1.665713107,5.08632107,15.36496386,4.893580453,472.4253279,2019-08-26,0.493611875
670,238,33477.14437,32533.55082,34120.44695,20585.01,35003.18212,4.068364665,3.209604885,1.665713107,5.08632107,15.36496386,4.893580453,472.4253279,2018-08-26,0.505909792
671,239,33527.80266,32582.2429,34215.24584,20585.01,35003.18212,4.025004394,3.209604885,1.665713107,5.08632107,15.36496386,4.969073171,476.7786816,2023-08-27,0.409856875
672,239,33527.80266,32582.2429,34215.24584,20585.01,35003.18212,4.025004394,3.209604885,1.665713107,5.08632107,15.36496386,4.969073171,476.7786816,2019-08-27,0.470557396
673,239,33527.80266,32582.2429,34215.24584,20585.01,35003.18212,4.025004394,3.209604885,1.665713107,5.08632107,15.36496386,4.969073171,476.7786816,2020-08-26,0.639567604
674,239,33527.80266,32582.2429,34215.24584,20585.01,35003.18212,4.025004394,3.209604885,1.665713107,5.08632107,15.36496386,4.969073171,476.7786816,2021-08-27,0.898991458
675,239,33527.80266,32582.2429,34215.24584,20585.01,35003.18212,4.025004394,3.209604885,1.665713107,5.08632107,15.36496386,4.969073171,476.7786816,2018-08-27,0.544537813
676,239,33527.80266,32582.2429,34215.24584,20585.01,35003.18212,4.025004394,3.209604885,1.665713107,5.08632107,15.36496386,4.969073171,476.7786816,2022-08-27,0.319699896
677,240,33577.68912,32630.94801,34310.04474,20585.01,35003.18212,3.983175347,3.209604885,1.665713107,5.08632107,15.36496386,8.479612858,457.1530194,2023-08-28,0.3938725
678,240,33577.68912,32630.94801,34310.04474,20585.01,35003.18212,3.983175347,3.209604885,1.665713107,5.08632107,15.36496386,8.479612858,457.1530194,2020-08-27,0.640432188
679,240,33577.68912,32630.94801,34310.04474,20585.01,35003.18212,3.983175347,3.209604885,1.665713107,5.08632107,15.36496386,8.479612858,457.1530194,2021-08-28,1.041903125
680,240,33577.68912,32630.94801,34310.04474,20585.01,35003.18212,3.983175347,3.209604885,1.665713107,5.08632107,15.36496386,8.479612858,457.1530194,2018-08-28,0.571348854
681,240,33577.68912,32630.94801,34310.04474,20585.01,35003.18212,3.983175347,3.209604885,1.665713107,5.08632107,15.36496386,8.479612858,457.1530194,2019-08-28,0.455417917
682,240,33577.68912,32630.94801,34310.04474,20585.01,35003.18212,3.983175347,3.209604885,1.665713107,5.08632107,15.36496386,8.479612858,457.1530194,2022-08-28,0.324327188
683,241,33626.82509,32679.66783,34404.84363,20585.01,35003.18212,3.881879265,3.209604885,1.665713107,5.08632107,15.36496386,6.277637169,456.6386158,2019-08-29,0.438776667
684,241,33626.82509,32679.66783,34404.84363,20585.01,35003.18212,3.881879265,3.209604885,1.665713107,5.08632107,15.36496386,6.277637169,456.6386158,2021-08-29,0.854345521
685,241,33626.82509,32679.66783,34404.84363,20585.01,35003.18212,3.881879265,3.209604885,1.665713107,5.08632107,15.36496386,6.277637169,456.6386158,2023-08-29,0.377013542
686,241,33626.82509,32679.66783,34404.84363,20585.01,35003.18212,3.881879265,3.209604885,1.665713107,5.08632107,15.36496386,6.277637169,456.6386158,2020-08-28,0.678886667
687,241,33626.82509,32679.66783,34404.84363,20585.01,35003.18212,3.881879265,3.209604885,1.665713107,5.08632107,15.36496386,6.277637169,456.6386158,2022-08-29,0.324890833
688,241,33626.82509,32679.66783,34404.84363,20585.01,35003.18212,3.881879265,3.209604885,1.665713107,5.08632107,15.36496386,6.277637169,456.6386158,2018-08-29,0.569019167
689,242,33675.2319,32728.40404,34499.64253,20585.01,35003.18212,3.813944796,3.209604885,1.665713107,5.08632107,15.36496386,0.87247214,475.6430884,2023-08-30,0.364698854
690,242,33675.2319,32728.40404,34499.64253,20585.01,35003.18212,3.813944796,3.209604885,1.665713107,5.08632107,15.36496386,0.87247214,475.6430884,2021-08-30,0.774155313
691,242,33675.2319,32728.40404,34499.64253,20585.01,35003.18212,3.813944796,3.209604885,1.665713107,5.08632107,15.36496386,0.87247214,475.6430884,2018-08-30,0.551601928
692,242,33675.2319,32728.40404,34499.64253,20585.01,35003.18212,3.813944796,3.209604885,1.665713107,5.08632107,15.36496386,0.87247214,475.6430884,2020-08-29,0.643468854
693,242,33675.2319,32728.40404,34499.64253,20585.01,35003.18212,3.813944796,3.209604885,1.665713107,5.08632107,15.36496386,0.87247214,475.6430884,2022-08-30,0.327036667
694,242,33675.2319,32728.40404,34499.64253,20585.01,35003.18212,3.813944796,3.209604885,1.665713107,5.08632107,15.36496386,0.87247214,475.6430884,2019-08-30,0.417799583
695,243,33722.93086,32777.15835,34594.44142,20585.01,35003.18212,3.76105277,3.209604885,1.665713107,5.08632107,15.36496386,3.209604885,488.3093823,2023-08-31,0.403368646
696,243,33722.93086,32777.15835,34594.44142,20585.01,35003.18212,3.76105277,3.209604885,1.665713107,5.08632107,15.36496386,3.209604885,488.3093823,2021-08-31,0.728674896
697,243,33722.93086,32777.15835,34594.44142,20585.01,35003.18212,3.76105277,3.209604885,1.665713107,5.08632107,15.36496386,3.209604885,488.3093823,2018-08-31,0.947098854
698,243,33722.93086,32777.15835,34594.44142,20585.01,35003.18212,3.76105277,3.209604885,1.665713107,5.08632107,15.36496386,3.209604885,488.3093823,2020-08-30,0.618833333
699,243,33722.93086,32777.15835,34594.44142,20585.01,35003.18212,3.76105277,3.209604885,1.665713107,5.08632107,15.36496386,3.209604885,488.3093823,2022-08-31,0.318262604
700,243,33722.93086,32777.15835,34594.44142,20585.01,35003.18212,3.76105277,3.209604885,1.665713107,5.08632107,15.36496386,3.209604885,488.3093823,2019-08-31,0.416379063
701,244,33769.9433,32825.93243,34689.24032,20585.01,35003.18212,3.709822862,3.209604885,1.665713107,5.08632107,15.36496386,3.726033714,476.6376359,2022-09-01,0.311940313
702,244,33769.9433,32825.93243,34689.24032,20585.01,35003.18212,3.709822862,3.209604885,1.665713107,5.08632107,15.36496386,3.726033714,476.6376359,2023-09-01,0.427810625
703,244,33769.9433,32825.93243,34689.24032,20585.01,35003.18212,3.709822862,3.209604885,1.665713107,5.08632107,15.36496386,3.726033714,476.6376359,2020-08-31,0.613006875
704,244,33769.9433,32825.93243,34689.24032,20585.01,35003.18212,3.709822862,3.209604885,1.665713107,5.08632107,15.36496386,3.726033714,476.6376359,2018-09-01,0.738511042
705,244,33769.9433,32825.93243,34689.24032,20585.01,35003.18212,3.709822862,3.209604885,1.665713107,5.08632107,15.36496386,3.726033714,476.6376359,2019-09-01,0.408411875
706,244,33769.9433,32825.93243,34689.24032,20585.01,35003.18212,3.709822862,3.209604885,1.665713107,5.08632107,15.36496386,3.726033714,476.6376359,2021-09-01,0.684123021
707,245,33816.29057,32874.72797,34784.03921,20585.01,35003.18212,3.85600708,3.209604885,1.665713107,5.08632107,15.36496386,3.209604885,448.1806672,2020-09-01,0.599749167
708,245,33816.29057,32874.72797,34784.03921,20585.01,35003.18212,3.85600708,3.209604885,1.665713107,5.08632107,15.36496386,3.209604885,448.1806672,2022-09-02,0.304250729
709,245,33816.29057,32874.72797,34784.03921,20585.01,35003.18212,3.85600708,3.209604885,1.665713107,5.08632107,15.36496386,3.209604885,448.1806672,2018-09-02,0.686480104
710,245,33816.29057,32874.72797,34784.03921,20585.01,35003.18212,3.85600708,3.209604885,1.665713107,5.08632107,15.36496386,3.209604885,448.1806672,2019-09-02,0.408139167
711,245,33816.29057,32874.72797,34784.03921,20585.01,35003.18212,3.85600708,3.209604885,1.665713107,5.08632107,15.36496386,3.209604885,448.1806672,2021-09-02,0.653230417
712,245,33816.29057,32874.72797,34784.03921,20585.01,35003.18212,3.85600708,3.209604885,1.665713107,5.08632107,15.36496386,3.209604885,448.1806672,2023-09-02,0.733974271
713,246,33861.99397,32923.54666,34878.83811,20585.01,35003.18212,3.733846354,3.209604885,1.665713107,5.08632107,15.36496386,2.770252495,456.2830508,2020-09-02,0.638530938
714,246,33861.99397,32923.54666,34878.83811,20585.01,35003.18212,3.733846354,3.209604885,1.665713107,5.08632107,15.36496386,2.770252495,456.2830508,2018-09-03,0.736186042
715,246,33861.99397,32923.54666,34878.83811,20585.01,35003.18212,3.733846354,3.209604885,1.665713107,5.08632107,15.36496386,2.770252495,456.2830508,2019-09-03,0.394889688
716,246,33861.99397,32923.54666,34878.83811,20585.01,35003.18212,3.733846354,3.209604885,1.665713107,5.08632107,15.36496386,2.770252495,456.2830508,2023-09-03,0.843372292
717,246,33861.99397,32923.54666,34878.83811,20585.01,35003.18212,3.733846354,3.209604885,1.665713107,5.08632107,15.36496386,2.770252495,456.2830508,2021-09-03,0.638779896
718,246,33861.99397,32923.54666,34878.83811,20585.01,35003.18212,3.733846354,3.209604885,1.665713107,5.08632107,15.36496386,2.770252495,456.2830508,2022-09-03,0.300390938
719,247,33907.07485,32972.39019,34973.637,20585.01,35003.18212,3.737205754,3.209604885,1.665713107,5.08632107,15.36496386,2.722619126,478.1727301,2023-09-04,0.628697604
720,247,33907.07485,32972.39019,34973.637,20585.01,35003.18212,3.737205754,3.209604885,1.665713107,5.08632107,15.36496386,2.722619126,478.1727301,2022-09-04,0.311825313
721,247,33907.07485,32972.39019,34973.637,20585.01,35003.18212,3.737205754,3.209604885,1.665713107,5.08632107,15.36496386,2.722619126,478.1727301,2020-09-03,0.641708333
722,247,33907.07485,32972.39019,34973.637,20585.01,35003.18212,3.737205754,3.209604885,1.665713107,5.08632107,15.36496386,2.722619126,478.1727301,2019-09-04,0.386538646
723,247,33907.07485,32972.39019,34973.637,20585.01,35003.18212,3.737205754,3.209604885,1.665713107,5.08632107,15.36496386,2.722619126,478.1727301,2018-09-04,0.653741354
724,247,33907.07485,32972.39019,34973.637,20585.01,35003.18212,3.737205754,3.209604885,1.665713107,5.08632107,15.36496386,2.722619126,478.1727301,2021-09-04,0.609382604
725,248,33951.55452,33021.26024,35068.43589,20585.01,35003.18212,3.733681424,3.209604885,1.665713107,5.08632107,15.36496386,3.52279078,459.7279266,2022-09-05,0.317113958
726,248,33951.55452,33021.26024,35068.43589,20585.01,35003.18212,3.733681424,3.209604885,1.665713107,5.08632107,15.36496386,3.52279078,459.7279266,2019-09-05,0.37562375
727,248,33951.55452,33021.26024,35068.43589,20585.01,35003.18212,3.733681424,3.209604885,1.665713107,5.08632107,15.36496386,3.52279078,459.7279266,2021-09-05,0.581862292
728,248,33951.55452,33021.26024,35068.43589,20585.01,35003.18212,3.733681424,3.209604885,1.665713107,5.08632107,15.36496386,3.52279078,459.7279266,2023-09-05,0.617791563
729,248,33951.55452,33021.26024,35068.43589,20585.01,35003.18212,3.733681424,3.209604885,1.665713107,5.08632107,15.36496386,3.52279078,459.7279266,2020-09-04,0.655096146
730,248,33951.55452,33021.26024,35068.43589,20585.01,35003.18212,3.733681424,3.209604885,1.665713107,5.08632107,15.36496386,3.52279078,459.7279266,2018-09-05,0.607530521
731,249,33995.45432,33070.1585,35163.23479,20585.01,35003.18212,3.573697945,3.209604885,1.665713107,5.08632107,15.36496386,4.579258131,458.3862144,2018-09-06,0.593648958
732,249,33995.45432,33070.1585,35163.23479,20585.01,35003.18212,3.573697945,3.209604885,1.665713107,5.08632107,15.36496386,4.579258131,458.3862144,2021-09-06,0.563199583
733,249,33995.45432,33070.1585,35163.23479,20585.01,35003.18212,3.573697945,3.209604885,1.665713107,5.08632107,15.36496386,4.579258131,458.3862144,2020-09-05,0.677688958
734,249,33995.45432,33070.1585,35163.23479,20585.01,35003.18212,3.573697945,3.209604885,1.665713107,5.08632107,15.36496386,4.579258131,458.3862144,2019-09-06,0.364224762
735,249,33995.45432,33070.1585,35163.23479,20585.01,35003.18212,3.573697945,3.209604885,1.665713107,5.08632107,15.36496386,4.579258131,458.3862144,2023-09-06,0.661105313
736,249,33995.45432,33070.1585,35163.23479,20585.01,35003.18212,3.573697945,3.209604885,1.665713107,5.08632107,15.36496386,4.579258131,458.3862144,2022-09-06,0.301255833
737,250,34038.79557,33119.08667,35258.03368,20585.01,35003.18212,3.323424848,3.209604885,1.665713107,5.08632107,15.36496386,1.30335756,463.8321172,2020-09-06,0.642091354
738,250,34038.79557,33119.08667,35258.03368,20585.01,35003.18212,3.323424848,3.209604885,1.665713107,5.08632107,15.36496386,1.30335756,463.8321172,2023-09-07,0.819269375
739,250,34038.79557,33119.08667,35258.03368,20585.01,35003.18212,3.323424848,3.209604885,1.665713107,5.08632107,15.36496386,1.30335756,463.8321172,2018-09-07,0.572319375
740,250,34038.79557,33119.08667,35258.03368,20585.01,35003.18212,3.323424848,3.209604885,1.665713107,5.08632107,15.36496386,1.30335756,463.8321172,2022-09-07,0.283323542
741,250,34038.79557,33119.08667,35258.03368,20585.01,35003.18212,3.323424848,3.209604885,1.665713107,5.08632107,15.36496386,1.30335756,463.8321172,2019-09-07,0.354446947
742,250,34038.79557,33119.08667,35258.03368,20585.01,35003.18212,3.323424848,3.209604885,1.665713107,5.08632107,15.36496386,1.30335756,463.8321172,2021-09-07,0.534166667
743,251,34081.5996,33168.04642,35352.83258,20585.01,35003.18212,3.287051693,3.209604885,1.665713107,5.08632107,15.36496386,0.704884328,437.2696715,2022-09-08,0.278106042
744,251,34081.5996,33168.04642,35352.83258,20585.01,35003.18212,3.287051693,3.209604885,1.665713107,5.08632107,15.36496386,0.704884328,437.2696715,2023-09-08,0.677161354
745,251,34081.5996,33168.04642,35352.83258,20585.01,35003.18212,3.287051693,3.209604885,1.665713107,5.08632107,15.36496386,0.704884328,437.2696715,2020-09-07,0.684932813
746,251,34081.5996,33168.04642,35352.83258,20585.01,35003.18212,3.287051693,3.209604885,1.665713107,5.08632107,15.36496386,0.704884328,437.2696715,2019-09-08,0.349228958
747,251,34081.5996,33168.04642,35352.83258,20585.01,35003.18212,3.287051693,3.209604885,1.665713107,5.08632107,15.36496386,0.704884328,437.2696715,2018-09-08,0.555723021
748,251,34081.5996,33168.04642,35352.83258,20585.01,35003.18212,3.287051693,3.209604885,1.665713107,5.08632107,15.36496386,0.704884328,437.2696715,2021-09-08,0.513934167
749,252,34123.88773,33217.03944,35447.63147,20585.01,35003.18212,3.364065972,3.209604885,1.665713107,5.08632107,15.36496386,3.703977514,457.4738714,2020-09-08,0.796044271
750,252,34123.88773,33217.03944,35447.63147,20585.01,35003.18212,3.364065972,3.209604885,1.665713107,5.08632107,15.36496386,3.703977514,457.4738714,2022-09-09,0.286354583
751,252,34123.88773,33217.03944,35447.63147,20585.01,35003.18212,3.364065972,3.209604885,1.665713107,5.08632107,15.36496386,3.703977514,457.4738714,2018-09-09,0.537484167
752,252,34123.88773,33217.03944,35447.63147,20585.01,35003.18212,3.364065972,3.209604885,1.665713107,5.08632107,15.36496386,3.703977514,457.4738714,2019-09-09,0.345187917
753,252,34123.88773,33217.03944,35447.63147,20585.01,35003.18212,3.364065972,3.209604885,1.665713107,5.08632107,15.36496386,3.703977514,457.4738714,2021-09-09,0.498125208
754,252,34123.88773,33217.03944,35447.63147,20585.01,35003.18212,3.364065972,3.209604885,1.665713107,5.08632107,15.36496386,3.703977514,457.4738714,2023-09-09,0.622687917
755,253,34165.68131,33266.06743,35542.43037,20585.01,35003.18212,3.313820833,3.209604885,1.665713107,5.08632107,15.36496386,2.352436625,457.1170427,2023-09-10,0.581137604
756,253,34165.68131,33266.06743,35542.43037,20585.01,35003.18212,3.313820833,3.209604885,1.665713107,5.08632107,15.36496386,2.352436625,457.1170427,2020-09-09,0.846065
757,253,34165.68131,33266.06743,35542.43037,20585.01,35003.18212,3.313820833,3.209604885,1.665713107,5.08632107,15.36496386,2.352436625,457.1170427,2021-09-10,0.482856667
758,253,34165.68131,33266.06743,35542.43037,20585.01,35003.18212,3.313820833,3.209604885,1.665713107,5.08632107,15.36496386,2.352436625,457.1170427,2018-09-10,0.524288021
759,253,34165.68131,33266.06743,35542.43037,20585.01,35003.18212,3.313820833,3.209604885,1.665713107,5.08632107,15.36496386,2.352436625,457.1170427,2019-09-10,0.339173542
760,253,34165.68131,33266.06743,35542.43037,20585.01,35003.18212,3.313820833,3.209604885,1.665713107,5.08632107,15.36496386,2.352436625,457.1170427,2022-09-10,0.335527396
761,254,34207.00164,33315.13206,35637.22926,20585.01,35003.18212,3.327367708,3.209604885,1.665713107,5.08632107,15.36496386,5.840437629,453.0040721,2018-09-11,0.507032842
762,254,34207.00164,33315.13206,35637.22926,20585.01,35003.18212,3.327367708,3.209604885,1.665713107,5.08632107,15.36496386,5.840437629,453.0040721,2022-09-11,0.342119271
763,254,34207.00164,33315.13206,35637.22926,20585.01,35003.18212,3.327367708,3.209604885,1.665713107,5.08632107,15.36496386,5.840437629,453.0040721,2023-09-11,0.576222604
764,254,34207.00164,33315.13206,35637.22926,20585.01,35003.18212,3.327367708,3.209604885,1.665713107,5.08632107,15.36496386,5.840437629,453.0040721,2020-09-10,1.04055875
765,254,34207.00164,33315.13206,35637.22926,20585.01,35003.18212,3.327367708,3.209604885,1.665713107,5.08632107,15.36496386,5.840437629,453.0040721,2021-09-11,0.4695475
766,254,34207.00164,33315.13206,35637.22926,20585.01,35003.18212,3.327367708,3.209604885,1.665713107,5.08632107,15.36496386,5.840437629,453.0040721,2019-09-11,0.339535521
767,255,34247.87007,33364.23503,35732.02816,20585.01,35003.18212,3.081376458,3.209604885,1.665713107,5.08632107,15.36496386,5.079457568,468.767254,2023-09-12,0.562420625
768,255,34247.87007,33364.23503,35732.02816,20585.01,35003.18212,3.081376458,3.209604885,1.665713107,5.08632107,15.36496386,5.079457568,468.767254,2022-09-12,0.318882708
769,255,34247.87007,33364.23503,35732.02816,20585.01,35003.18212,3.081376458,3.209604885,1.665713107,5.08632107,15.36496386,5.079457568,468.767254,2021-09-12,0.449600833
770,255,34247.87007,33364.23503,35732.02816,20585.01,35003.18212,3.081376458,3.209604885,1.665713107,5.08632107,15.36496386,5.079457568,468.767254,2018-09-12,0.486451354
771,255,34247.87007,33364.23503,35732.02816,20585.01,35003.18212,3.081376458,3.209604885,1.665713107,5.08632107,15.36496386,5.079457568,468.767254,2019-09-12,0.343633684
772,255,34247.87007,33364.23503,35732.02816,20585.01,35003.18212,3.081376458,3.209604885,1.665713107,5.08632107,15.36496386,5.079457568,468.767254,2020-09-11,0.895280417
773,256,34288.30792,33413.37802,35826.82705,20585.01,35003.18212,3.173407527,3.209604885,1.665713107,5.08632107,15.36496386,3.214839541,461.7228098,2018-09-13,0.473176353
774,256,34288.30792,33413.37802,35826.82705,20585.01,35003.18212,3.173407527,3.209604885,1.665713107,5.08632107,15.36496386,3.214839541,461.7228098,2022-09-13,0.308255
775,256,34288.30792,33413.37802,35826.82705,20585.01,35003.18212,3.173407527,3.209604885,1.665713107,5.08632107,15.36496386,3.214839541,461.7228098,2023-09-13,0.5324175
776,256,34288.30792,33413.37802,35826.82705,20585.01,35003.18212,3.173407527,3.209604885,1.665713107,5.08632107,15.36496386,3.214839541,461.7228098,2021-09-13,0.440280313
777,256,34288.30792,33413.37802,35826.82705,20585.01,35003.18212,3.173407527,3.209604885,1.665713107,5.08632107,15.36496386,3.214839541,461.7228098,2019-09-13,0.33896375
778,256,34288.30792,33413.37802,35826.82705,20585.01,35003.18212,3.173407527,3.209604885,1.665713107,5.08632107,15.36496386,3.214839541,461.7228098,2020-09-12,0.770976458
779,257,34328.33651,33462.56273,35921.62595,20585.01,35003.18212,3.24158707,3.209604885,1.665713107,5.08632107,15.36496386,4.272302537,464.2091501,2022-09-14,0.313984688
780,257,34328.33651,33462.56273,35921.62595,20585.01,35003.18212,3.24158707,3.209604885,1.665713107,5.08632107,15.36496386,4.272302537,464.2091501,2023-09-14,0.511934375
781,257,34328.33651,33462.56273,35921.62595,20585.01,35003.18212,3.24158707,3.209604885,1.665713107,5.08632107,15.36496386,4.272302537,464.2091501,2018-09-14,0.459834896
782,257,34328.33651,33462.56273,35921.62595,20585.01,35003.18212,3.24158707,3.209604885,1.665713107,5.08632107,15.36496386,4.272302537,464.2091501,2019-09-14,0.326237396
783,257,34328.33651,33462.56273,35921.62595,20585.01,35003.18212,3.24158707,3.209604885,1.665713107,5.08632107,15.36496386,4.272302537,464.2091501,2020-09-13,0.703690313
784,257,34328.33651,33462.56273,35921.62595,20585.01,35003.18212,3.24158707,3.209604885,1.665713107,5.08632107,15.36496386,4.272302537,464.2091501,2021-09-14,0.427683854
785,258,34367.97717,33511.79084,36016.42484,20585.01,35003.18212,2.916963675,3.209604885,1.665713107,5.08632107,15.36496386,4.851147207,468.1686704,2022-09-15,0.420299688
786,258,34367.97717,33511.79084,36016.42484,20585.01,35003.18212,2.916963675,3.209604885,1.665713107,5.08632107,15.36496386,4.851147207,468.1686704,2023-09-15,0.504472708
787,258,34367.97717,33511.79084,36016.42484,20585.01,35003.18212,2.916963675,3.209604885,1.665713107,5.08632107,15.36496386,4.851147207,468.1686704,2019-09-15,0.320974792
788,258,34367.97717,33511.79084,36016.42484,20585.01,35003.18212,2.916963675,3.209604885,1.665713107,5.08632107,15.36496386,4.851147207,468.1686704,2018-09-15,0.456047813
789,258,34367.97717,33511.79084,36016.42484,20585.01,35003.18212,2.916963675,3.209604885,1.665713107,5.08632107,15.36496386,4.851147207,468.1686704,2021-09-15,0.409208646
790,258,34367.97717,33511.79084,36016.42484,20585.01,35003.18212,2.916963675,3.209604885,1.665713107,5.08632107,15.36496386,4.851147207,468.1686704,2020-09-14,0.665461042
791,259,34407.25124,33561.06403,36111.22374,20585.01,35003.18212,2.981590526,3.209604885,1.665713107,5.08632107,15.36496386,3.209604885,454.8516404,2022-09-16,0.384238021
792,259,34407.25124,33561.06403,36111.22374,20585.01,35003.18212,2.981590526,3.209604885,1.665713107,5.08632107,15.36496386,3.209604885,454.8516404,2019-09-16,0.319445208
793,259,34407.25124,33561.06403,36111.22374,20585.01,35003.18212,2.981590526,3.209604885,1.665713107,5.08632107,15.36496386,3.209604885,454.8516404,2018-09-16,0.448809375
794,259,34407.25124,33561.06403,36111.22374,20585.01,35003.18212,2.981590526,3.209604885,1.665713107,5.08632107,15.36496386,3.209604885,454.8516404,2023-09-16,0.487136563
795,259,34407.25124,33561.06403,36111.22374,20585.01,35003.18212,2.981590526,3.209604885,1.665713107,5.08632107,15.36496386,3.209604885,454.8516404,2021-09-16,0.399004896
796,259,34407.25124,33561.06403,36111.22374,20585.01,35003.18212,2.981590526,3.209604885,1.665713107,5.08632107,15.36496386,3.209604885,454.8516404,2020-09-15,0.641612708
797,260,34446.18003,33610.38399,36206.02263,20585.01,35003.18212,2.910202731,3.209604885,1.665713107,5.08632107,15.36496386,2.796709521,462.1232029,2022-09-17,0.360589896
798,260,34446.18003,33610.38399,36206.02263,20585.01,35003.18212,2.910202731,3.209604885,1.665713107,5.08632107,15.36496386,2.796709521,462.1232029,2018-09-17,0.444101042
799,260,34446.18003,33610.38399,36206.02263,20585.01,35003.18212,2.910202731,3.209604885,1.665713107,5.08632107,15.36496386,2.796709521,462.1232029,2019-09-17,0.310748021
800,260,34446.18003,33610.38399,36206.02263,20585.01,35003.18212,2.910202731,3.209604885,1.665713107,5.08632107,15.36496386,2.796709521,462.1232029,2023-09-17,0.474373542
801,260,34446.18003,33610.38399,36206.02263,20585.01,35003.18212,2.910202731,3.209604885,1.665713107,5.08632107,15.36496386,2.796709521,462.1232029,2021-09-17,0.389838542
802,260,34446.18003,33610.38399,36206.02263,20585.01,35003.18212,2.910202731,3.209604885,1.665713107,5.08632107,15.36496386,2.796709521,462.1232029,2020-09-16,0.635182188
803,261,34484.78488,33659.75242,36300.82153,20585.01,35003.18212,2.788256813,3.209604885,1.665713107,5.08632107,15.36496386,3.715328924,438.3678612,2023-09-18,0.531896354
804,261,34484.78488,33659.75242,36300.82153,20585.01,35003.18212,2.788256813,3.209604885,1.665713107,5.08632107,15.36496386,3.715328924,438.3678612,2019-09-18,0.311585833
805,261,34484.78488,33659.75242,36300.82153,20585.01,35003.18212,2.788256813,3.209604885,1.665713107,5.08632107,15.36496386,3.715328924,438.3678612,2020-09-17,0.624787188
806,261,34484.78488,33659.75242,36300.82153,20585.01,35003.18212,2.788256813,3.209604885,1.665713107,5.08632107,15.36496386,3.715328924,438.3678612,2022-09-18,0.349329896
807,261,34484.78488,33659.75242,36300.82153,20585.01,35003.18212,2.788256813,3.209604885,1.665713107,5.08632107,15.36496386,3.715328924,438.3678612,2021-09-18,0.377341563
808,261,34484.78488,33659.75242,36300.82153,20585.01,35003.18212,2.788256813,3.209604885,1.665713107,5.08632107,15.36496386,3.715328924,438.3678612,2018-09-18,0.43345
809,262,34523.08711,33709.17099,36395.62042,20585.01,35003.18212,2.870417989,3.209604885,1.665713107,5.08632107,15.36496386,7.791633047,441.5179731,2018-09-19,0.435770729
810,262,34523.08711,33709.17099,36395.62042,20585.01,35003.18212,2.870417989,3.209604885,1.665713107,5.08632107,15.36496386,7.791633047,441.5179731,2019-09-19,0.326168958
811,262,34523.08711,33709.17099,36395.62042,20585.01,35003.18212,2.870417989,3.209604885,1.665713107,5.08632107,15.36496386,7.791633047,441.5179731,2023-09-19,0.508938542
812,262,34523.08711,33709.17099,36395.62042,20585.01,35003.18212,2.870417989,3.209604885,1.665713107,5.08632107,15.36496386,7.791633047,441.5179731,2021-09-19,0.368159688
813,262,34523.08711,33709.17099,36395.62042,20585.01,35003.18212,2.870417989,3.209604885,1.665713107,5.08632107,15.36496386,7.791633047,441.5179731,2020-09-18,0.61722375
814,262,34523.08711,33709.17099,36395.62042,20585.01,35003.18212,2.870417989,3.209604885,1.665713107,5.08632107,15.36496386,7.791633047,441.5179731,2022-09-19,0.340187604
815,263,34561.10806,33758.6414,36490.41932,20585.01,35003.18212,2.794090625,3.209604885,1.665713107,5.08632107,15.36496386,2.626323609,433.6946514,2018-09-20,0.442122083
816,263,34561.10806,33758.6414,36490.41932,20585.01,35003.18212,2.794090625,3.209604885,1.665713107,5.08632107,15.36496386,2.626323609,433.6946514,2023-09-20,0.485735521
817,263,34561.10806,33758.6414,36490.41932,20585.01,35003.18212,2.794090625,3.209604885,1.665713107,5.08632107,15.36496386,2.626323609,433.6946514,2019-09-20,0.330306042
818,263,34561.10806,33758.6414,36490.41932,20585.01,35003.18212,2.794090625,3.209604885,1.665713107,5.08632107,15.36496386,2.626323609,433.6946514,2020-09-19,0.606758333
819,263,34561.10806,33758.6414,36490.41932,20585.01,35003.18212,2.794090625,3.209604885,1.665713107,5.08632107,15.36496386,2.626323609,433.6946514,2022-09-20,0.349116042
820,263,34561.10806,33758.6414,36490.41932,20585.01,35003.18212,2.794090625,3.209604885,1.665713107,5.08632107,15.36496386,2.626323609,433.6946514,2021-09-20,0.366302708
821,264,34598.86904,33808.16533,36585.21821,20585.01,35003.18212,2.561737619,3.209604885,1.665713107,5.08632107,15.36496386,3.947515522,435.5039149,2023-09-21,0.486669271
822,264,34598.86904,33808.16533,36585.21821,20585.01,35003.18212,2.561737619,3.209604885,1.665713107,5.08632107,15.36496386,3.947515522,435.5039149,2020-09-20,0.62329375
823,264,34598.86904,33808.16533,36585.21821,20585.01,35003.18212,2.561737619,3.209604885,1.665713107,5.08632107,15.36496386,3.947515522,435.5039149,2019-09-21,0.322934063
824,264,34598.86904,33808.16533,36585.21821,20585.01,35003.18212,2.561737619,3.209604885,1.665713107,5.08632107,15.36496386,3.947515522,435.5039149,2022-09-21,0.34641625
825,264,34598.86904,33808.16533,36585.21821,20585.01,35003.18212,2.561737619,3.209604885,1.665713107,5.08632107,15.36496386,3.947515522,435.5039149,2018-09-21,0.517769792
826,264,34598.86904,33808.16533,36585.21821,20585.01,35003.18212,2.561737619,3.209604885,1.665713107,5.08632107,15.36496386,3.947515522,435.5039149,2021-09-21,0.3504425
827,265,34636.39139,33857.74448,36680.0171,20585.01,35003.18212,2.285470833,3.209604885,1.665713107,5.08632107,15.36496386,3.209604885,433.8606421,2019-09-22,0.336725938
828,265,34636.39139,33857.74448,36680.0171,20585.01,35003.18212,2.285470833,3.209604885,1.665713107,5.08632107,15.36496386,3.209604885,433.8606421,2021-09-22,0.337848125
829,265,34636.39139,33857.74448,36680.0171,20585.01,35003.18212,2.285470833,3.209604885,1.665713107,5.08632107,15.36496386,3.209604885,433.8606421,2020-09-21,0.603013542
830,265,34636.39139,33857.74448,36680.0171,20585.01,35003.18212,2.285470833,3.209604885,1.665713107,5.08632107,15.36496386,3.209604885,433.8606421,2023-09-22,0.472768646
831,265,34636.39139,33857.74448,36680.0171,20585.01,35003.18212,2.285470833,3.209604885,1.665713107,5.08632107,15.36496386,3.209604885,433.8606421,2018-09-22,0.762895208
832,265,34636.39139,33857.74448,36680.0171,20585.01,35003.18212,2.285470833,3.209604885,1.665713107,5.08632107,15.36496386,3.209604885,433.8606421,2022-09-22,0.341753958
833,266,34673.69644,33907.38052,36774.816,20585.01,35003.18212,1.717790979,3.209604885,1.665713107,5.08632107,15.36496386,0.747365673,427.9272088,2018-09-23,0.980598947
834,266,34673.69644,33907.38052,36774.816,20585.01,35003.18212,1.717790979,3.209604885,1.665713107,5.08632107,15.36496386,0.747365673,427.9272088,2019-09-23,0.322073021
835,266,34673.69644,33907.38052,36774.816,20585.01,35003.18212,1.717790979,3.209604885,1.665713107,5.08632107,15.36496386,0.747365673,427.9272088,2020-09-22,0.585991146
836,266,34673.69644,33907.38052,36774.816,20585.01,35003.18212,1.717790979,3.209604885,1.665713107,5.08632107,15.36496386,0.747365673,427.9272088,2022-09-23,0.337296979
837,266,34673.69644,33907.38052,36774.816,20585.01,35003.18212,1.717790979,3.209604885,1.665713107,5.08632107,15.36496386,0.747365673,427.9272088,2021-09-23,0.365140521
838,266,34673.69644,33907.38052,36774.816,20585.01,35003.18212,1.717790979,3.209604885,1.665713107,5.08632107,15.36496386,0.747365673,427.9272088,2023-09-23,0.454853125
839,267,34710.8055,33957.07515,36869.61489,20585.01,35003.18212,1.684744503,3.209604885,1.665713107,5.08632107,15.36496386,1.859425683,415.0720862,2019-09-24,0.314102188
840,267,34710.8055,33957.07515,36869.61489,20585.01,35003.18212,1.684744503,3.209604885,1.665713107,5.08632107,15.36496386,1.859425683,415.0720862,2023-09-24,0.441857083
841,267,34710.8055,33957.07515,36869.61489,20585.01,35003.18212,1.684744503,3.209604885,1.665713107,5.08632107,15.36496386,1.859425683,415.0720862,2018-09-24,1.166900208
842,267,34710.8055,33957.07515,36869.61489,20585.01,35003.18212,1.684744503,3.209604885,1.665713107,5.08632107,15.36496386,1.859425683,415.0720862,2021-09-24,0.3262525
843,267,34710.8055,33957.07515,36869.61489,20585.01,35003.18212,1.684744503,3.209604885,1.665713107,5.08632107,15.36496386,1.859425683,415.0720862,2022-09-24,0.327236354
844,267,34710.8055,33957.07515,36869.61489,20585.01,35003.18212,1.684744503,3.209604885,1.665713107,5.08632107,15.36496386,1.859425683,415.0720862,2020-09-23,0.574139375
845,268,34747.73992,34006.83005,36964.41379,20585.01,35003.18212,1.622516383,3.209604885,1.665713107,5.08632107,15.36496386,3.209604885,429.0270858,2018-09-25,0.884774896
846,268,34747.73992,34006.83005,36964.41379,20585.01,35003.18212,1.622516383,3.209604885,1.665713107,5.08632107,15.36496386,3.209604885,429.0270858,2019-09-25,0.308770521
847,268,34747.73992,34006.83005,36964.41379,20585.01,35003.18212,1.622516383,3.209604885,1.665713107,5.08632107,15.36496386,3.209604885,429.0270858,2023-09-25,0.428619792
848,268,34747.73992,34006.83005,36964.41379,20585.01,35003.18212,1.622516383,3.209604885,1.665713107,5.08632107,15.36496386,3.209604885,429.0270858,2021-09-25,0.318245
849,268,34747.73992,34006.83005,36964.41379,20585.01,35003.18212,1.622516383,3.209604885,1.665713107,5.08632107,15.36496386,3.209604885,429.0270858,2020-09-24,0.570412469
850,268,34747.73992,34006.83005,36964.41379,20585.01,35003.18212,1.622516383,3.209604885,1.665713107,5.08632107,15.36496386,3.209604885,429.0270858,2022-09-25,0.316658125
851,269,34784.52101,34056.64691,37059.21268,20585.01,35003.18212,1.428663087,3.209604885,1.665713107,5.08632107,15.36496386,1.994457866,432.9854325,2023-09-26,0.415817604
852,269,34784.52101,34056.64691,37059.21268,20585.01,35003.18212,1.428663087,3.209604885,1.665713107,5.08632107,15.36496386,1.994457866,432.9854325,2020-09-25,0.575429896
853,269,34784.52101,34056.64691,37059.21268,20585.01,35003.18212,1.428663087,3.209604885,1.665713107,5.08632107,15.36496386,1.994457866,432.9854325,2018-09-26,0.941793021
854,269,34784.52101,34056.64691,37059.21268,20585.01,35003.18212,1.428663087,3.209604885,1.665713107,5.08632107,15.36496386,1.994457866,432.9854325,2019-09-26,0.305385417
855,269,34784.52101,34056.64691,37059.21268,20585.01,35003.18212,1.428663087,3.209604885,1.665713107,5.08632107,15.36496386,1.994457866,432.9854325,2021-09-26,0.310187604
856,269,34784.52101,34056.64691,37059.21268,20585.01,35003.18212,1.428663087,3.209604885,1.665713107,5.08632107,15.36496386,1.994457866,432.9854325,2022-09-26,0.309919896
857,270,34821.17011,34106.52742,37154.01158,20585.01,35003.18212,1.535410359,3.209604885,1.665713107,5.08632107,15.36496386,2.206640884,426.4773896,2018-09-27,0.816964271
858,270,34821.17011,34106.52742,37154.01158,20585.01,35003.18212,1.535410359,3.209604885,1.665713107,5.08632107,15.36496386,2.206640884,426.4773896,2019-09-27,0.296936354
859,270,34821.17011,34106.52742,37154.01158,20585.01,35003.18212,1.535410359,3.209604885,1.665713107,5.08632107,15.36496386,2.206640884,426.4773896,2023-09-27,0.4057825
860,270,34821.17011,34106.52742,37154.01158,20585.01,35003.18212,1.535410359,3.209604885,1.665713107,5.08632107,15.36496386,2.206640884,426.4773896,2021-09-27,0.304128958
861,270,34821.17011,34106.52742,37154.01158,20585.01,35003.18212,1.535410359,3.209604885,1.665713107,5.08632107,15.36496386,2.206640884,426.4773896,2022-09-27,0.308763958
862,270,34821.17011,34106.52742,37154.01158,20585.01,35003.18212,1.535410359,3.209604885,1.665713107,5.08632107,15.36496386,2.206640884,426.4773896,2020-09-26,0.562719792
863,271,34857.70854,34156.47327,37248.81047,20585.01,35003.18212,1.123063202,3.209604885,1.665713107,5.08632107,15.36496386,3.209604885,430.2902484,2023-09-28,0.396537917
864,271,34857.70854,34156.47327,37248.81047,20585.01,35003.18212,1.123063202,3.209604885,1.665713107,5.08632107,15.36496386,3.209604885,430.2902484,2021-09-28,0.300516222
865,271,34857.70854,34156.47327,37248.81047,20585.01,35003.18212,1.123063202,3.209604885,1.665713107,5.08632107,15.36496386,3.209604885,430.2902484,2018-09-28,0.736163111
866,271,34857.70854,34156.47327,37248.81047,20585.01,35003.18212,1.123063202,3.209604885,1.665713107,5.08632107,15.36496386,3.209604885,430.2902484,2020-09-27,0.547297604
867,271,34857.70854,34156.47327,37248.81047,20585.01,35003.18212,1.123063202,3.209604885,1.665713107,5.08632107,15.36496386,3.209604885,430.2902484,2022-09-28,0.308216354
868,271,34857.70854,34156.47327,37248.81047,20585.01,35003.18212,1.123063202,3.209604885,1.665713107,5.08632107,15.36496386,3.209604885,430.2902484,2019-09-28,0.292647188
869,272,34894.15762,34206.48613,37343.60937,20585.01,35003.18212,0.912808889,3.209604885,1.665713107,5.08632107,15.36496386,3.209604885,435.676335,2022-09-29,0.301807292
870,272,34894.15762,34206.48613,37343.60937,20585.01,35003.18212,0.912808889,3.209604885,1.665713107,5.08632107,15.36496386,3.209604885,435.676335,2023-09-29,0.403389479
871,272,34894.15762,34206.48613,37343.60937,20585.01,35003.18212,0.912808889,3.209604885,1.665713107,5.08632107,15.36496386,3.209604885,435.676335,2020-09-28,0.538143854
872,272,34894.15762,34206.48613,37343.60937,20585.01,35003.18212,0.912808889,3.209604885,1.665713107,5.08632107,15.36496386,3.209604885,435.676335,2018-09-29,0.688251875
873,272,34894.15762,34206.48613,37343.60937,20585.01,35003.18212,0.912808889,3.209604885,1.665713107,5.08632107,15.36496386,3.209604885,435.676335,2019-09-29,0.290772188
874,273,34930.5387,34256.56771,37438.40826,20585.01,35003.18212,0.982117474,3.209604885,1.665713107,5.08632107,15.36496386,3.209604885,434.3194562,2020-09-29,0.523188125
875,273,34930.5387,34256.56771,37438.40826,20585.01,35003.18212,0.982117474,3.209604885,1.665713107,5.08632107,15.36496386,3.209604885,434.3194562,2018-09-30,0.656812813
876,273,34930.5387,34256.56771,37438.40826,20585.01,35003.18212,0.982117474,3.209604885,1.665713107,5.08632107,15.36496386,3.209604885,434.3194562,2023-09-30,0.37144
877,273,34930.5387,34256.56771,37438.40826,20585.01,35003.18212,0.982117474,3.209604885,1.665713107,5.08632107,15.36496386,3.209604885,434.3194562,2022-09-30,0.296117917
878,273,34930.5387,34256.56771,37438.40826,20585.01,35003.18212,0.982117474,3.209604885,1.665713107,5.08632107,15.36496386,3.209604885,434.3194562,2019-09-30,0.349178333
879,274,34966.87309,34306.71969,37533.20716,20585.01,35003.18212,1.055395714,3.209604885,1.665713107,5.08632107,15.36496386,0.330492036,435.6288365,2020-09-30,0.511952708
880,274,34966.87309,34306.71969,37533.20716,20585.01,35003.18212,1.055395714,3.209604885,1.665713107,5.08632107,15.36496386,0.330492036,435.6288365,2019-10-01,0.390354583
881,274,34966.87309,34306.71969,37533.20716,20585.01,35003.18212,1.055395714,3.209604885,1.665713107,5.08632107,15.36496386,0.330492036,435.6288365,2018-10-01,0.635379688