"coords.x1","coords.x2","Permanent_Identifier","X.1","X","OBJECTID","Shape","ORIG_FID","OBJECT","fdate","resolution","gnis_id","gnis_name","lengthkm","reachcode","flowdir","wbarea_per","ftype","fcode","mainpath","innetwork","visibility","SHAPE_Leng","Enabled","Shape_Length","Length_new","slope","row_count","Q_multiplier"
-147.6538,65.145475,2002,1,343,1,"Point ZM",1,498,"9/30/20",2,NA,NA,0.24704,1.90803e+13,1,NA,460,46006,0,1,0,0.004814,1,0,0.246904,0.045859381,1,0.0149157101630716
-147.652997,65.145595,2002,2,344,2,"Point ZM",1,498,"9/30/20",2,NA,NA,0.24704,1.90803e+13,1,NA,460,46006,0,1,0,0.004814,1,0,0.246904,0.045859381,2,0.0173337858047349
-147.65222,65.145742,2002,3,345,3,"Point ZM",1,498,"9/30/20",2,NA,NA,0.24704,1.90803e+13,1,NA,460,46006,0,1,0,0.004814,1,0,0.246904,0.045859381,3,0.0197512337913594
-147.651411,65.145852,2002,4,346,4,"Point ZM",1,498,"9/30/20",2,NA,NA,0.24704,1.90803e+13,1,NA,460,46006,0,1,0,0.004814,1,0,0.246904,0.045859381,4,0.0221637601383029
-147.650608,65.145971,2002,5,347,5,"Point ZM",1,498,"9/30/20",2,NA,NA,0.24704,1.90803e+13,1,NA,460,46006,0,1,0,0.004814,1,0,0.246904,0.045859381,5,0.0245795570882978
-147.649866,65.146147,2002,6,348,6,"Point ZM",1,498,"9/30/20",2,NA,NA,0.24704,1.90803e+13,1,NA,460,46006,0,1,0,0.004814,1,0,0.246904,0.045859381,6,0.0269965299160813
-147.649216,65.146379,2002,7,349,7,"Point ZM",1,498,"9/30/20",2,NA,NA,0.24704,1.90803e+13,1,NA,460,46006,0,1,0,0.004814,1,0,0.246904,0.045859381,7,0.0294150964553317
-147.649092,65.146412,2002,8,350,8,"Point ZM",1,498,"9/30/20",2,NA,NA,0.24704,1.90803e+13,1,NA,460,46006,0,1,0,0.004814,1,0,0.246904,0.045859381,8,0.0298314203261431
-147.576804,65.143791,2003,9,281,9,"Point ZM",2,1016,"9/30/20",2,NA,NA,0.787809,1.90803e+13,1,NA,460,46006,0,1,0,0.011823,1,0,0.787543,0.045859381,9,0.135136904124064
-147.576293,65.144069,2003,10,282,10,"Point ZM",2,1016,"9/30/20",2,NA,NA,0.787809,1.90803e+13,1,NA,460,46006,0,1,0,0.011823,1,0,0.787543,0.045859381,10,0.135813728700809
-147.575557,65.144239,2003,11,283,11,"Point ZM",2,1016,"9/30/20",2,NA,NA,0.787809,1.90803e+13,1,NA,460,46006,0,1,0,0.011823,1,0,0.787543,0.045859381,11,0.136494122123881
-147.575091,65.144539,2003,12,284,12,"Point ZM",2,1016,"9/30/20",2,NA,NA,0.787809,1.90803e+13,1,NA,460,46006,0,1,0,0.011823,1,0,0.787543,0.045859381,12,0.137184315442598
-147.574528,65.144808,2003,13,285,13,"Point ZM",2,1016,"9/30/20",2,NA,NA,0.787809,1.90803e+13,1,NA,460,46006,0,1,0,0.011823,1,0,0.787543,0.045859381,13,0.137874607526566
-147.574221,65.145142,2003,14,286,14,"Point ZM",2,1016,"9/30/20",2,NA,NA,0.787809,1.90803e+13,1,NA,460,46006,0,1,0,0.011823,1,0,0.787543,0.045859381,14,0.138564232029915
-147.573834,65.145461,2003,15,287,15,"Point ZM",2,1016,"9/30/20",2,NA,NA,0.787809,1.90803e+13,1,NA,460,46006,0,1,0,0.011823,1,0,0.787543,0.046847736,15,0.13925395482114
-147.573342,65.145754,2003,16,288,16,"Point ZM",2,1016,"9/30/20",2,NA,NA,0.787809,1.90803e+13,1,NA,460,46006,0,1,0,0.011823,1,0,0.787543,0.046849079,16,0.139944836396191
-147.572815,65.146036,2003,17,289,17,"Point ZM",2,1016,"9/30/20",2,NA,NA,0.787809,1.90803e+13,1,NA,460,46006,0,1,0,0.011823,1,0,0.787543,0.047716377,17,0.140635690223349
-147.572398,65.146348,2003,18,290,18,"Point ZM",2,1016,"9/30/20",2,NA,NA,0.787809,1.90803e+13,1,NA,460,46006,0,1,0,0.011823,1,0,0.787543,0.045572215,18,0.14132501593998
-147.571976,65.14666,2003,19,291,19,"Point ZM",2,1016,"9/30/20",2,NA,NA,0.787809,1.90803e+13,1,NA,460,46006,0,1,0,0.011823,1,0,0.787543,0.047960592,19,0.142016334907164
-147.571366,65.146908,2003,20,292,20,"Point ZM",2,1016,"9/30/20",2,NA,NA,0.787809,1.90803e+13,1,NA,460,46006,0,1,0,0.011823,1,0,0.787543,0.044557543,20,0.142703655460607
-147.570708,65.147137,2003,21,293,21,"Point ZM",2,1016,"9/30/20",2,NA,NA,0.787809,1.90803e+13,1,NA,460,46006,0,1,0,0.011823,1,0,0.787543,0.043461139,21,0.143395581005935
-147.57014,65.147403,2003,22,294,22,"Point ZM",2,1016,"9/30/20",2,NA,NA,0.787809,1.90803e+13,1,NA,460,46006,0,1,0,0.011823,1,0,0.787543,0.04410806,22,0.144084220171531
-147.569561,65.147665,2003,23,295,23,"Point ZM",2,1016,"9/30/20",2,NA,NA,0.787809,1.90803e+13,1,NA,460,46006,0,1,0,0.011823,1,0,0.787543,0.046295405,23,0.144773184569459
-147.568953,65.147916,2003,24,296,24,"Point ZM",2,1016,"9/30/20",2,NA,NA,0.787809,1.90803e+13,1,NA,460,46006,0,1,0,0.011823,1,0,0.787543,0.051192889,24,0.145463360664921
-147.568427,65.148198,2003,25,297,25,"Point ZM",2,1016,"9/30/20",2,NA,NA,0.787809,1.90803e+13,1,NA,460,46006,0,1,0,0.011823,1,0,0.787543,0.059431113,25,0.14615369256998
-147.567821,65.14845,2003,26,298,26,"Point ZM",2,1016,"9/30/20",2,NA,NA,0.787809,1.90803e+13,1,NA,460,46006,0,1,0,0.011823,1,0,0.787543,0.067669336,26,0.146844058059245
-147.567153,65.148672,2003,27,299,27,"Point ZM",2,1016,"9/30/20",2,NA,NA,0.787809,1.90803e+13,1,NA,460,46006,0,1,0,0.011823,1,0,0.787543,0.07590756,27,0.147533787465238
-147.566751,65.148986,2003,28,300,28,"Point ZM",2,1016,"9/30/20",2,NA,NA,0.787809,1.90803e+13,1,NA,460,46006,0,1,0,0.011823,1,0,0.787543,0.084145784,28,0.148220609794789
-147.566498,65.14919,2003,29,301,29,"Point ZM",2,1016,"9/30/20",2,NA,NA,0.787809,1.90803e+13,1,NA,460,46006,0,1,0,0.011823,1,0,0.787543,0.092384007,29,0.148663722771391
-147.546217,65.14024,2004,30,134,30,"Point ZM",3,1443,"9/30/20",2,NA,NA,1.097439,1.90803e+13,1,NA,460,46006,0,1,0,0.010945,1,0,1.119274,0.100622231,30,0.0091640102545449
-147.546294,65.140597,2004,31,135,31,"Point ZM",3,1443,"9/30/20",2,NA,NA,1.097439,1.90803e+13,1,NA,460,46006,0,1,0,0.010945,1,0,1.119274,0.108860455,31,0.00949208327295858
-147.546371,65.140954,2004,32,136,32,"Point ZM",3,1443,"9/30/20",2,NA,NA,1.097439,1.90803e+13,1,NA,460,46006,0,1,0,0.010945,1,0,1.119274,0.117098678,32,0.00982015627096784
-147.546213,65.141299,2004,33,137,33,"Point ZM",3,1443,"9/30/20",2,NA,NA,1.097439,1.90803e+13,1,NA,460,46006,0,1,0,0.010945,1,0,1.119274,0.125336902,33,0.0101417153526441
-147.545918,65.141635,2004,34,138,34,"Point ZM",3,1443,"9/30/20",2,NA,NA,1.097439,1.90803e+13,1,NA,460,46006,0,1,0,0.010945,1,0,1.119274,0.133575125,34,0.0104695486618243
-147.545623,65.141972,2004,35,139,35,"Point ZM",3,1443,"9/30/20",2,NA,NA,1.097439,1.90803e+13,1,NA,460,46006,0,1,0,0.010945,1,0,1.119274,0.141813349,35,0.010798240112404
-147.545344,65.142311,2004,36,140,36,"Point ZM",3,1443,"9/30/20",2,NA,NA,1.097439,1.90803e+13,1,NA,460,46006,0,1,0,0.010945,1,0,1.119274,0.12082064,36,0.0111265807901172
-147.545088,65.142653,2004,37,141,37,"Point ZM",3,1443,"9/30/20",2,NA,NA,1.097439,1.90803e+13,1,NA,460,46006,0,1,0,0.010945,1,0,1.119274,0.104919296,37,0.011454746826045
-147.544826,65.142995,2004,38,142,38,"Point ZM",3,1443,"9/30/20",2,NA,NA,1.097439,1.90803e+13,1,NA,460,46006,0,1,0,0.010945,1,0,1.119274,0.103087343,38,0.0117836142825712
-147.544579,65.143338,2004,39,143,39,"Point ZM",3,1443,"9/30/20",2,NA,NA,1.097439,1.90803e+13,1,NA,460,46006,0,1,0,0.010945,1,0,1.119274,0.100123869,39,0.0121116304771582
-147.544383,65.143687,2004,40,144,40,"Point ZM",3,1443,"9/30/20",2,NA,NA,1.097439,1.90803e+13,1,NA,460,46006,0,1,0,0.010945,1,0,1.119274,0.088439431,40,0.0124398384208772
-147.544181,65.144035,2004,41,145,41,"Point ZM",3,1443,"9/30/20",2,NA,NA,1.097439,1.90803e+13,1,NA,460,46006,0,1,0,0.010945,1,0,1.119274,0.080940406,41,0.0127676962473203
-147.543834,65.144363,2004,42,146,42,"Point ZM",3,1443,"9/30/20",2,NA,NA,1.097439,1.90803e+13,1,NA,460,46006,0,1,0,0.010945,1,0,1.119274,0.078965498,42,0.0130962917562237
-147.543621,65.144709,2004,43,147,43,"Point ZM",3,1443,"9/30/20",2,NA,NA,1.097439,1.90803e+13,1,NA,460,46006,0,1,0,0.010945,1,0,1.119274,0.0782682,43,0.0134234079970632
-147.543435,65.145059,2004,44,148,44,"Point ZM",3,1443,"9/30/20",2,NA,NA,1.097439,1.90803e+13,1,NA,460,46006,0,1,0,0.010945,1,0,1.119274,0.073623506,44,0.0137516438117294
-147.543252,65.145409,2004,45,149,45,"Point ZM",3,1443,"9/30/20",2,NA,NA,1.097439,1.90803e+13,1,NA,460,46006,0,1,0,0.010945,1,0,1.119274,0.072128178,45,0.0140796292100154
-147.543166,65.145766,2004,46,150,46,"Point ZM",3,1443,"9/30/20",2,NA,NA,1.097439,1.90803e+13,1,NA,460,46006,0,1,0,0.010945,1,0,1.119274,0.070191864,46,0.0144080333941743
-147.543082,65.146123,2004,47,151,47,"Point ZM",3,1443,"9/30/20",2,NA,NA,1.097439,1.90803e+13,1,NA,460,46006,0,1,0,0.010945,1,0,1.119274,0.067682416,47,0.0147363607596589
-147.542736,65.146445,2004,48,152,48,"Point ZM",3,1443,"9/30/20",2,NA,NA,1.097439,1.90803e+13,1,NA,460,46006,0,1,0,0.010945,1,0,1.119274,0.066149208,48,0.0150597843201301
-147.542814,65.146799,2004,49,153,49,"Point ZM",3,1443,"9/30/20",2,NA,NA,1.097439,1.90803e+13,1,NA,460,46006,0,1,0,0.010945,1,0,1.119274,0.062330257,49,0.0153851580189028
-147.542736,65.147156,2004,50,154,50,"Point ZM",3,1443,"9/30/20",2,NA,NA,1.097439,1.90803e+13,1,NA,460,46006,0,1,0,0.010945,1,0,1.119274,0.067867652,50,0.0157132656961297
-147.542709,65.147514,2004,51,155,51,"Point ZM",3,1443,"9/30/20",2,NA,NA,1.097439,1.90803e+13,1,NA,460,46006,0,1,0,0.010945,1,0,1.119274,0.066423223,51,0.0160410756012646
-147.542679,65.147872,2004,52,156,52,"Point ZM",3,1443,"9/30/20",2,NA,NA,1.097439,1.90803e+13,1,NA,460,46006,0,1,0,0.010945,1,0,1.119274,0.053733838,52,0.0163689241963821
-147.542594,65.148229,2004,53,157,53,"Point ZM",3,1443,"9/30/20",2,NA,NA,1.097439,1.90803e+13,1,NA,460,46006,0,1,0,0.010945,1,0,1.119274,0.056587355,53,0.0166972895663374
-147.542515,65.148586,2004,54,158,54,"Point ZM",3,1443,"9/30/20",2,NA,NA,1.097439,1.90803e+13,1,NA,460,46006,0,1,0,0.010945,1,0,1.119274,0.061864808,54,0.0170254326361356
-147.542633,65.148939,2004,55,159,55,"Point ZM",3,1443,"9/30/20",2,NA,NA,1.097439,1.90803e+13,1,NA,460,46006,0,1,0,0.010945,1,0,1.119274,0.067142261,55,0.0173516815903242
-147.542563,65.149297,2004,56,160,56,"Point ZM",3,1443,"9/30/20",2,NA,NA,1.097439,1.90803e+13,1,NA,460,46006,0,1,0,0.010945,1,0,1.119274,0.072419714,56,0.0176804335954138
-147.542478,65.149654,2004,57,161,57,"Point ZM",3,1443,"9/30/20",2,NA,NA,1.097439,1.90803e+13,1,NA,460,46006,0,1,0,0.010945,1,0,1.119274,0.077697166,57,0.0180087988526246
-147.542293,65.149994,2004,58,162,58,"Point ZM",3,1443,"9/30/20",2,NA,NA,1.097439,1.90803e+13,1,NA,460,46006,0,1,0,0.010945,1,0,1.119274,0.082974619,58,0.0183280205090898
-147.654659,65.148755,2005,59,261,59,"Point ZM",4,1444,"9/30/20",2,NA,NA,0.372667,1.90803e+13,1,NA,460,46006,0,1,0,0.006069,1,0,0.372523,0.088252072,59,0.0120976314826105
-147.654193,65.148456,2005,60,262,60,"Point ZM",4,1444,"9/30/20",2,NA,NA,0.372667,1.90803e+13,1,NA,460,46006,0,1,0,0.006069,1,0,0.372523,0.093529525,60,0.0133932409993935
-147.653697,65.148164,2005,61,263,61,"Point ZM",4,1444,"9/30/20",2,NA,NA,0.372667,1.90803e+13,1,NA,460,46006,0,1,0,0.006069,1,0,0.372523,0.098806978,61,0.0146937737242695
-147.653096,65.14791,2005,62,264,62,"Point ZM",4,1444,"9/30/20",2,NA,NA,0.372667,1.90803e+13,1,NA,460,46006,0,1,0,0.006069,1,0,0.372523,0.10408443,62,0.0159925214459962
-147.652459,65.147671,2005,63,265,63,"Point ZM",4,1444,"9/30/20",2,NA,NA,0.372667,1.90803e+13,1,NA,460,46006,0,1,0,0.006069,1,0,0.372523,0.109361883,63,0.0172937798928496
-147.651859,65.147417,2005,64,266,64,"Point ZM",4,1444,"9/30/20",2,NA,NA,0.372667,1.90803e+13,1,NA,460,46006,0,1,0,0.006069,1,0,0.372523,0.114639336,64,0.018591464247634
-147.651304,65.147144,2005,65,267,65,"Point ZM",4,1444,"9/30/20",2,NA,NA,0.372667,1.90803e+13,1,NA,460,46006,0,1,0,0.006069,1,0,0.372523,0.115161787,65,0.0198932472153117
-147.650671,65.146905,2005,66,268,66,"Point ZM",4,1444,"9/30/20",2,NA,NA,0.372667,1.90803e+13,1,NA,460,46006,0,1,0,0.006069,1,0,0.372523,0.115684238,66,0.0211899806720411
-147.650008,65.146679,2005,67,269,67,"Point ZM",4,1444,"9/30/20",2,NA,NA,0.372667,1.90803e+13,1,NA,460,46006,0,1,0,0.006069,1,0,0.372523,0.116206689,67,0.0224909631554113
-147.649329,65.146462,2005,68,270,68,"Point ZM",4,1444,"9/30/20",2,NA,NA,0.372667,1.90803e+13,1,NA,460,46006,0,1,0,0.006069,1,0,0.372523,0.11672914,68,0.0237910187287692
-147.649092,65.146412,2005,69,271,69,"Point ZM",4,1444,"9/30/20",2,NA,NA,0.372667,1.90803e+13,1,NA,460,46006,0,1,0,0.006069,1,0,0.372523,0.117251591,69,0.0241952629652209
-147.582092,65.159871,2006,70,195,70,"Point ZM",7,2434,"9/30/20",2,NA,NA,0.880642,1.90803e+13,1,NA,460,46006,0,1,0,0.008721,1,0,0.880526,0.117774042,70,0.0128033522338442
-147.58228,65.159522,2006,71,196,71,"Point ZM",7,2434,"9/30/20",2,NA,NA,0.880642,1.90803e+13,1,NA,460,46006,0,1,0,0.008721,1,0,0.880526,0.118296493,71,0.013384029268144
-147.582362,65.159165,2006,72,197,72,"Point ZM",7,2434,"9/30/20",2,NA,NA,0.880642,1.90803e+13,1,NA,460,46006,0,1,0,0.008721,1,0,0.880526,0.118818944,72,0.0139660317503427
-147.582449,65.158808,2006,73,198,73,"Point ZM",7,2434,"9/30/20",2,NA,NA,0.880642,1.90803e+13,1,NA,460,46006,0,1,0,0.008721,1,0,0.880526,0.119341395,73,0.0145483723389849
-147.582629,65.158458,2006,74,199,74,"Point ZM",7,2434,"9/30/20",2,NA,NA,0.880642,1.90803e+13,1,NA,460,46006,0,1,0,0.008721,1,0,0.880526,0.119863846,74,0.0151294542718803
-147.582792,65.158106,2006,75,200,75,"Point ZM",7,2434,"9/30/20",2,NA,NA,0.880642,1.90803e+13,1,NA,460,46006,0,1,0,0.008721,1,0,0.880526,0.120386297,75,0.0157113796930883
-147.582992,65.157758,2006,76,201,76,"Point ZM",7,2434,"9/30/20",2,NA,NA,0.880642,1.90803e+13,1,NA,460,46006,0,1,0,0.008721,1,0,0.880526,0.110446636,76,0.016292345764937
-147.583166,65.157407,2006,77,202,77,"Point ZM",7,2434,"9/30/20",2,NA,NA,0.880642,1.90803e+13,1,NA,460,46006,0,1,0,0.008721,1,0,0.880526,0.106555434,77,0.0168741650283986
-147.583277,65.157052,2006,78,203,78,"Point ZM",7,2434,"9/30/20",2,NA,NA,0.880642,1.90803e+13,1,NA,460,46006,0,1,0,0.008721,1,0,0.880526,0.101439847,78,0.0174551857844408
-147.583363,65.156695,2006,79,204,79,"Point ZM",7,2434,"9/30/20",2,NA,NA,0.880642,1.90803e+13,1,NA,460,46006,0,1,0,0.008721,1,0,0.880526,0.095537906,79,0.018037457483562
-147.583543,65.156345,2006,80,205,80,"Point ZM",7,2434,"9/30/20",2,NA,NA,0.880642,1.90803e+13,1,NA,460,46006,0,1,0,0.008721,1,0,0.880526,0.088998778,80,0.0186185413255863
-147.58372,65.155994,2006,81,206,81,"Point ZM",7,2434,"9/30/20",2,NA,NA,0.880642,1.90803e+13,1,NA,460,46006,0,1,0,0.008721,1,0,0.880526,0.09072155,81,0.0192007832409727
-147.583933,65.155647,2006,82,207,82,"Point ZM",7,2434,"9/30/20",2,NA,NA,0.880642,1.90803e+13,1,NA,460,46006,0,1,0,0.008721,1,0,0.880526,0.093006047,82,0.019782329373629
-147.584182,65.155304,2006,83,208,83,"Point ZM",7,2434,"9/30/20",2,NA,NA,0.880642,1.90803e+13,1,NA,460,46006,0,1,0,0.008721,1,0,0.880526,0.091318526,83,0.0203642902743933
-147.584444,65.154962,2006,84,209,84,"Point ZM",7,2434,"9/30/20",2,NA,NA,0.880642,1.90803e+13,1,NA,460,46006,0,1,0,0.008721,1,0,0.880526,0.091116892,84,0.0209473604617465
-147.58467,65.154617,2006,85,210,85,"Point ZM",7,2434,"9/30/20",2,NA,NA,0.880642,1.90803e+13,1,NA,460,46006,0,1,0,0.008721,1,0,0.880526,0.086714568,85,0.0215280604223294
-147.584815,65.154263,2006,86,211,86,"Point ZM",7,2434,"9/30/20",2,NA,NA,0.880642,1.90803e+13,1,NA,460,46006,0,1,0,0.008721,1,0,0.880526,0.084859719,86,0.0221109627016776
-147.585007,65.153914,2006,87,212,87,"Point ZM",7,2434,"9/30/20",2,NA,NA,0.880642,1.90803e+13,1,NA,460,46006,0,1,0,0.008721,1,0,0.880526,0.075925803,87,0.0226922548829587
-147.585414,65.1536,2006,88,213,88,"Point ZM",7,2434,"9/30/20",2,NA,NA,0.880642,1.90803e+13,1,NA,460,46006,0,1,0,0.008721,1,0,0.880526,0.090444011,88,0.0232726107694467
-147.585548,65.153247,2006,89,214,89,"Point ZM",7,2434,"9/30/20",2,NA,NA,0.880642,1.90803e+13,1,NA,460,46006,0,1,0,0.008721,1,0,0.880526,0.095583139,89,0.0238526830681028
-147.58563,65.15289,2006,90,215,90,"Point ZM",7,2434,"9/30/20",2,NA,NA,0.880642,1.90803e+13,1,NA,460,46006,0,1,0,0.008721,1,0,0.880526,0.100722267,90,0.0244346863358521
-147.585711,65.152533,2006,91,216,91,"Point ZM",7,2434,"9/30/20",2,NA,NA,0.880642,1.90803e+13,1,NA,460,46006,0,1,0,0.008721,1,0,0.880526,0.105861394,91,0.0250166243830486
-147.585792,65.152175,2006,92,217,92,"Point ZM",7,2434,"9/30/20",2,NA,NA,0.880642,1.90803e+13,1,NA,460,46006,0,1,0,0.008721,1,0,0.880526,0.111000522,92,0.0256001778538762
-147.585793,65.152171,2006,93,218,93,"Point ZM",7,2434,"9/30/20",2,NA,NA,0.880642,1.90803e+13,1,NA,460,46006,0,1,0,0.008721,1,0,0.880526,0.11613965,93,0.0256067044676884
-147.589373,65.138532,2007,94,351,94,"Point ZM",9,3416,"9/30/20",2,NA,NA,0.451067,1.90803e+13,1,NA,460,46006,0,1,0,0.004946,1,0,0.161444,0.121278777,94,0.00195290670457124
-147.589741,65.138855,2007,95,352,95,"Point ZM",9,3416,"9/30/20",2,NA,NA,0.451067,1.90803e+13,1,NA,460,46006,0,1,0,0.004946,1,0,0.161444,0.126417905,95,0.00243692654995941
-147.590066,65.139187,2007,96,353,96,"Point ZM",9,3416,"9/30/20",2,NA,NA,0.451067,1.90803e+13,1,NA,460,46006,0,1,0,0.004946,1,0,0.161444,0.131557033,96,0.00292210458359231
-147.590264,65.139535,2007,97,354,97,"Point ZM",9,3416,"9/30/20",2,NA,NA,0.451067,1.90803e+13,1,NA,460,46006,0,1,0,0.004946,1,0,0.161444,0.13669616,97,0.00340560872848833
-147.590419,65.139886,2007,98,355,98,"Point ZM",9,3416,"9/30/20",2,NA,NA,0.451067,1.90803e+13,1,NA,460,46006,0,1,0,0.004946,1,0,0.161444,0.141835288,98,0.0038879932760963
-147.590432,65.139898,2007,99,356,99,"Point ZM",9,3416,"9/30/20",2,NA,NA,0.451067,1.90803e+13,1,NA,460,46006,0,1,0,0.004946,1,0,0.161444,0.146974416,99,0.00390581340914248
-147.517938,65.145612,2008,100,67,100,"Point ZM",10,3419,"9/30/20",2,NA,NA,0.585928,1.90803e+13,1,NA,460,46006,0,1,0,0.006872,1,0,0.585803,0.152113543,100,0.00597723361425559
-147.517854,65.145969,2008,101,68,101,"Point ZM",10,3419,"9/30/20",2,NA,NA,0.585928,1.90803e+13,1,NA,460,46006,0,1,0,0.006872,1,0,0.585803,0.157252671,101,0.00638678401541563
-147.517779,65.146326,2008,102,69,102,"Point ZM",10,3419,"9/30/20",2,NA,NA,0.585928,1.90803e+13,1,NA,460,46006,0,1,0,0.006872,1,0,0.585803,0.162391799,102,0.00679593099700947
-147.517958,65.146676,2008,103,70,103,"Point ZM",10,3419,"9/30/20",2,NA,NA,0.585928,1.90803e+13,1,NA,460,46006,0,1,0,0.006872,1,0,0.585803,0.167530926,103,0.00720464538861761
-147.518241,65.147013,2008,104,71,104,"Point ZM",10,3419,"9/30/20",2,NA,NA,0.585928,1.90803e+13,1,NA,460,46006,0,1,0,0.006872,1,0,0.585803,0.172670054,104,0.00761268420391691
-147.518466,65.147356,2008,105,72,105,"Point ZM",10,3419,"9/30/20",2,NA,NA,0.585928,1.90803e+13,1,NA,460,46006,0,1,0,0.006872,1,0,0.585803,0.177809182,105,0.00801890259078079
-147.518623,65.147708,2008,106,73,106,"Point ZM",10,3419,"9/30/20",2,NA,NA,0.585928,1.90803e+13,1,NA,460,46006,0,1,0,0.006872,1,0,0.585803,0.161366912,106,0.00842776806208107
-147.518858,65.148052,2008,107,74,107,"Point ZM",10,3419,"9/30/20",2,NA,NA,0.585928,1.90803e+13,1,NA,460,46006,0,1,0,0.006872,1,0,0.585803,0.143999434,107,0.00883638722494984
-147.519161,65.148384,2008,108,75,108,"Point ZM",10,3419,"9/30/20",2,NA,NA,0.585928,1.90803e+13,1,NA,460,46006,0,1,0,0.006872,1,0,0.585803,0.1238875,108,0.00924239050851422
-147.519699,65.148663,2008,109,76,109,"Point ZM",10,3419,"9/30/20",2,NA,NA,0.585928,1.90803e+13,1,NA,460,46006,0,1,0,0.006872,1,0,0.585803,0.112570788,109,0.00965255679100311
-147.520157,65.148963,2008,110,77,110,"Point ZM",10,3419,"9/30/20",2,NA,NA,0.585928,1.90803e+13,1,NA,460,46006,0,1,0,0.006872,1,0,0.585803,0.097019845,110,0.0100596151893639
-147.520618,65.149264,2008,111,78,111,"Point ZM",10,3419,"9/30/20",2,NA,NA,0.585928,1.90803e+13,1,NA,460,46006,0,1,0,0.006872,1,0,0.585803,0.089602831,111,0.0104684120335884
-147.520929,65.149598,2008,112,79,112,"Point ZM",10,3419,"9/30/20",2,NA,NA,0.585928,1.90803e+13,1,NA,460,46006,0,1,0,0.006872,1,0,0.585803,0.082185816,112,0.0108779313742676
-147.521168,65.149942,2008,113,80,113,"Point ZM",10,3419,"9/30/20",2,NA,NA,0.585928,1.90803e+13,1,NA,460,46006,0,1,0,0.006872,1,0,0.585803,0.074768802,113,0.0112870833402655
-147.52178,65.150189,2008,114,81,114,"Point ZM",10,3419,"9/30/20",2,NA,NA,0.585928,1.90803e+13,1,NA,460,46006,0,1,0,0.006872,1,0,0.585803,0.067351787,114,0.0116944228969694
-147.522075,65.15038,2008,115,82,115,"Point ZM",10,3419,"9/30/20",2,NA,NA,0.585928,1.90803e+13,1,NA,460,46006,0,1,0,0.006872,1,0,0.585803,0.059934773,115,0.0119544672285112
-147.522075,65.15038,2009,116,1,116,"Point ZM",11,4011,"9/30/20",2,1399972,"Caribou Creek",1.491645,1.90803e+13,1,NA,460,46006,0,1,0,0.028145,1,0,1.148115,0.052517758,116,0.94490258229013
-147.521451,65.150614,2009,117,2,117,"Point ZM",11,4011,"9/30/20",2,1399972,"Caribou Creek",1.491645,1.90803e+13,1,NA,460,46006,0,1,0,0.028145,1,0,1.148115,0.045100744,117,0.946054404400493
-147.52092,65.150863,2009,118,3,118,"Point ZM",11,4011,"9/30/20",2,1399972,"Caribou Creek",1.491645,1.90803e+13,1,NA,460,46006,0,1,0,0.028145,1,0,1.148115,0.037683729,118,0.947150049435056
-147.520177,65.151032,2009,119,4,119,"Point ZM",11,4011,"9/30/20",2,1399972,"Caribou Creek",1.491645,1.90803e+13,1,NA,460,46006,0,1,0,0.028145,1,0,1.148115,0.030266715,119,0.948313905498969
-147.519421,65.151194,2009,120,5,120,"Point ZM",11,4011,"9/30/20",2,1399972,"Caribou Creek",1.491645,1.90803e+13,1,NA,460,46006,0,1,0,0.028145,1,0,1.148115,0.0228497,120,0.949482962716089
-147.518591,65.15124,2009,121,6,121,"Point ZM",11,4011,"9/30/20",2,1399972,"Caribou Creek",1.491645,1.90803e+13,1,NA,460,46006,0,1,0,0.028145,1,0,1.148115,0.015432686,121,0.950636529001235
-147.517979,65.151468,2009,122,7,122,"Point ZM",11,4011,"9/30/20",2,1399972,"Caribou Creek",1.491645,1.90803e+13,1,NA,460,46006,0,1,0,0.028145,1,0,1.148115,0.013012327,122,0.951762917589849
-147.517981,65.151824,2009,123,8,123,"Point ZM",11,4011,"9/30/20",2,1399972,"Caribou Creek",1.491645,1.90803e+13,1,NA,460,46006,0,1,0,0.028145,1,0,1.148115,0.014535209,123,0.952928872331548
-147.517597,65.15211,2009,124,9,124,"Point ZM",11,4011,"9/30/20",2,1399972,"Caribou Creek",1.491645,1.90803e+13,1,NA,460,46006,0,1,0,0.028145,1,0,1.148115,0.017377315,124,0.954004674539827
-147.516797,65.152208,2009,125,10,125,"Point ZM",11,4011,"9/30/20",2,1399972,"Caribou Creek",1.491645,1.90803e+13,1,NA,460,46006,0,1,0,0.028145,1,0,1.148115,0.011779558,125,0.955152761174178
-147.516137,65.152333,2009,126,11,126,"Point ZM",11,4011,"9/30/20",2,1399972,"Caribou Creek",1.491645,1.90803e+13,1,NA,460,46006,0,1,0,0.028145,1,0,1.148115,0.013555364,126,0.956150064007468
-147.515367,65.152221,2009,127,12,127,"Point ZM",11,4011,"9/30/20",2,1399972,"Caribou Creek",1.491645,1.90803e+13,1,NA,460,46006,0,1,0,0.028145,1,0,1.148115,0.011413629,127,0.957272653155704
-147.514586,65.15232,2009,128,13,128,"Point ZM",11,4011,"9/30/20",2,1399972,"Caribou Creek",1.491645,1.90803e+13,1,NA,460,46006,0,1,0,0.028145,1,0,1.148115,0.009180626,128,0.95839656382268
-147.513887,65.152526,2009,129,14,129,"Point ZM",11,4011,"9/30/20",2,1399972,"Caribou Creek",1.491645,1.90803e+13,1,NA,460,46006,0,1,0,0.028145,1,0,1.148115,0.011771886,129,0.959572496541555
-147.51319,65.15242,2009,130,15,130,"Point ZM",11,4011,"9/30/20",2,1399972,"Caribou Creek",1.491645,1.90803e+13,1,NA,460,46006,0,1,0,0.028145,1,0,1.148115,0.015076359,130,0.960593694103838
-147.512407,65.152562,2009,131,16,131,"Point ZM",11,4011,"9/30/20",2,1399972,"Caribou Creek",1.491645,1.90803e+13,1,NA,460,46006,0,1,0,0.028145,1,0,1.148115,0.009999909,131,0.961768536238441
-147.51159,65.152626,2009,132,17,132,"Point ZM",11,4011,"9/30/20",2,1399972,"Caribou Creek",1.491645,1.90803e+13,1,NA,460,46006,0,1,0,0.028145,1,0,1.148115,0.015296908,132,0.962913599226962
-147.510768,65.152578,2009,133,18,133,"Point ZM",11,4011,"9/30/20",2,1399972,"Caribou Creek",1.491645,1.90803e+13,1,NA,460,46006,0,1,0,0.028145,1,0,1.148115,0.008953513,133,0.964057060955933
-147.509944,65.152603,2009,134,19,134,"Point ZM",11,4011,"9/30/20",2,1399972,"Caribou Creek",1.491645,1.90803e+13,1,NA,460,46006,0,1,0,0.028145,1,0,1.148115,0.009185199,134,0.965195369265151
-147.509113,65.152576,2009,135,20,135,"Point ZM",11,4011,"9/30/20",2,1399972,"Caribou Creek",1.491645,1.90803e+13,1,NA,460,46006,0,1,0,0.028145,1,0,1.148115,0.009380932,135,0.96634378368948
-147.508273,65.152577,2009,136,21,136,"Point ZM",11,4011,"9/30/20",2,1399972,"Caribou Creek",1.491645,1.90803e+13,1,NA,460,46006,0,1,0,0.028145,1,0,1.148115,0.007931956,136,0.967501194474785
-147.507427,65.152625,2009,137,22,137,"Point ZM",11,4011,"9/30/20",2,1399972,"Caribou Creek",1.491645,1.90803e+13,1,NA,460,46006,0,1,0,0.028145,1,0,1.148115,0.012878918,137,0.968677419731194
-147.506698,65.152795,2009,138,23,138,"Point ZM",11,4011,"9/30/20",2,1399972,"Caribou Creek",1.491645,1.90803e+13,1,NA,460,46006,0,1,0,0.028145,1,0,1.148115,0.01249274,138,0.969825868336007
-147.505862,65.152865,2009,139,24,139,"Point ZM",11,4011,"9/30/20",2,1399972,"Caribou Creek",1.491645,1.90803e+13,1,NA,460,46006,0,1,0,0.028145,1,0,1.148115,0.015997588,139,0.971000345360534
-147.505262,65.153081,2009,140,25,140,"Point ZM",11,4011,"9/30/20",2,1399972,"Caribou Creek",1.491645,1.90803e+13,1,NA,460,46006,0,1,0,0.028145,1,0,1.148115,0.013892842,140,0.972088418201313
-147.504582,65.153261,2009,141,26,141,"Point ZM",11,4011,"9/30/20",2,1399972,"Caribou Creek",1.491645,1.90803e+13,1,NA,460,46006,0,1,0,0.028145,1,0,1.148115,0.023472956,141,0.973195383891693
-147.503783,65.153158,2009,142,27,142,"Point ZM",11,4011,"9/30/20",2,1399972,"Caribou Creek",1.491645,1.90803e+13,1,NA,460,46006,0,1,0,0.028145,1,0,1.148115,0.03305307,142,0.974346796712186
-147.503015,65.153178,2009,143,28,143,"Point ZM",11,4011,"9/30/20",2,1399972,"Caribou Creek",1.491645,1.90803e+13,1,NA,460,46006,0,1,0,0.028145,1,0,1.148115,0.042633184,143,0.975406998490553
-147.502226,65.153043,2009,144,29,144,"Point ZM",11,4011,"9/30/20",2,1399972,"Caribou Creek",1.491645,1.90803e+13,1,NA,460,46006,0,1,0,0.028145,1,0,1.148115,0.052213298,144,0.976580585720547
-147.501642,65.153037,2009,145,30,145,"Point ZM",11,4011,"9/30/20",2,1399972,"Caribou Creek",1.491645,1.90803e+13,1,NA,460,46006,0,1,0,0.028145,1,0,1.148115,0.061793412,145,0.977385484442966
-147.609605,65.161074,2010,146,256,146,"Point ZM",13,4368,"9/30/20",2,NA,NA,0.283337,1.90803e+13,1,NA,460,46006,0,1,0,0.004492,1,0,0.150404,0.071373525,146,0.00110802677888983
-147.609282,65.160742,2010,147,257,147,"Point ZM",13,4368,"9/30/20",2,NA,NA,0.283337,1.90803e+13,1,NA,460,46006,0,1,0,0.004492,1,0,0.150404,0.080953639,147,0.00140260952070868
-147.608818,65.160441,2010,148,258,148,"Point ZM",13,4368,"9/30/20",2,NA,NA,0.283337,1.90803e+13,1,NA,460,46006,0,1,0,0.004492,1,0,0.150404,0.090533753,148,0.00169719882312377
-147.608162,65.160212,2010,149,259,149,"Point ZM",13,4368,"9/30/20",2,NA,NA,0.283337,1.90803e+13,1,NA,460,46006,0,1,0,0.004492,1,0,0.150404,0.100113867,149,0.00199164922483604
-147.607663,65.160037,2010,150,260,150,"Point ZM",13,4368,"9/30/20",2,NA,NA,0.283337,1.90803e+13,1,NA,460,46006,0,1,0,0.004492,1,0,0.150404,0.109693981,150,0.00221605355777966
-147.617415,65.170231,2011,151,219,151,"Point ZM",14,4382,"9/30/20",2,NA,NA,0.973429,1.90803e+13,1,NA,460,46006,0,1,0,0.013436,1,0,0.973163,0.119274095,151,0.0223491033015092
-147.617158,65.16989,2011,152,220,152,"Point ZM",14,4382,"9/30/20",2,NA,NA,0.973429,1.90803e+13,1,NA,460,46006,0,1,0,0.013436,1,0,0.973163,0.128854209,152,0.0232687113464191
-147.616847,65.169556,2011,153,221,153,"Point ZM",14,4382,"9/30/20",2,NA,NA,0.973429,1.90803e+13,1,NA,460,46006,0,1,0,0.013436,1,0,0.973163,0.138434322,153,0.024190820390361
-147.616451,65.169239,2011,154,222,154,"Point ZM",14,4382,"9/30/20",2,NA,NA,0.973429,1.90803e+13,1,NA,460,46006,0,1,0,0.013436,1,0,0.973163,0.148014436,154,0.0251113375590555
-147.615999,65.168935,2011,155,223,155,"Point ZM",14,4382,"9/30/20",2,NA,NA,0.973429,1.90803e+13,1,NA,460,46006,0,1,0,0.013436,1,0,0.973163,0.15759455,155,0.0260330103864421
-147.615545,65.168631,2011,156,224,156,"Point ZM",14,4382,"9/30/20",2,NA,NA,0.973429,1.90803e+13,1,NA,460,46006,0,1,0,0.013436,1,0,0.973163,0.167174664,156,0.0269558338979892
-147.615067,65.168334,2011,157,225,157,"Point ZM",14,4382,"9/30/20",2,NA,NA,0.973429,1.90803e+13,1,NA,460,46006,0,1,0,0.013436,1,0,0.973163,0.156036701,157,0.0278777545780371
-147.614533,65.168055,2011,158,226,158,"Point ZM",14,4382,"9/30/20",2,NA,NA,0.973429,1.90803e+13,1,NA,460,46006,0,1,0,0.013436,1,0,0.973163,0.153985281,158,0.0287984251828144
-147.61408,65.167751,2011,159,227,159,"Point ZM",14,4382,"9/30/20",2,NA,NA,0.973429,1.90803e+13,1,NA,460,46006,0,1,0,0.013436,1,0,0.973163,0.143874584,159,0.0297206829072109
-147.613572,65.167463,2011,160,228,160,"Point ZM",14,4382,"9/30/20",2,NA,NA,0.973429,1.90803e+13,1,NA,460,46006,0,1,0,0.013436,1,0,0.973163,0.131858839,160,0.0306424856583439
-147.613154,65.16715,2011,161,229,161,"Point ZM",14,4382,"9/30/20",2,NA,NA,0.973429,1.90803e+13,1,NA,460,46006,0,1,0,0.013436,1,0,0.973163,0.127814657,161,0.0315653345531403
-147.612663,65.166857,2011,162,230,162,"Point ZM",14,4382,"9/30/20",2,NA,NA,0.973429,1.90803e+13,1,NA,460,46006,0,1,0,0.013436,1,0,0.973163,0.123232641,162,0.0324867948597051
-147.612124,65.166579,2011,163,231,163,"Point ZM",14,4382,"9/30/20",2,NA,NA,0.973429,1.90803e+13,1,NA,460,46006,0,1,0,0.013436,1,0,0.973163,0.114582892,163,0.0334088897551497
-147.611797,65.16625,2011,164,232,164,"Point ZM",14,4382,"9/30/20",2,NA,NA,0.973429,1.90803e+13,1,NA,460,46006,0,1,0,0.013436,1,0,0.973163,0.108358957,164,0.0343255858445759
-147.611482,65.165917,2011,165,233,165,"Point ZM",14,4382,"9/30/20",2,NA,NA,0.973429,1.90803e+13,1,NA,460,46006,0,1,0,0.013436,1,0,0.973163,0.098893818,165,0.0352469072594932
-147.611107,65.165594,2011,166,234,166,"Point ZM",14,4382,"9/30/20",2,NA,NA,0.973429,1.90803e+13,1,NA,460,46006,0,1,0,0.013436,1,0,0.973163,0.102568818,166,0.0361709526369222
-147.610707,65.165277,2011,167,235,167,"Point ZM",14,4382,"9/30/20",2,NA,NA,0.973429,1.90803e+13,1,NA,460,46006,0,1,0,0.013436,1,0,0.973163,0.099544467,167,0.0370935179463404
-147.610307,65.164961,2011,168,236,168,"Point ZM",14,4382,"9/30/20",2,NA,NA,0.973429,1.90803e+13,1,NA,460,46006,0,1,0,0.013436,1,0,0.973163,0.09576384,168,0.0380138154860401
-147.609774,65.164681,2011,169,237,169,"Point ZM",14,4382,"9/30/20",2,NA,NA,0.973429,1.90803e+13,1,NA,460,46006,0,1,0,0.013436,1,0,0.973163,0.096848081,169,0.0389358600169941
-147.609037,65.164527,2011,170,238,170,"Point ZM",14,4382,"9/30/20",2,NA,NA,0.973429,1.90803e+13,1,NA,460,46006,0,1,0,0.013436,1,0,0.973163,0.095683203,170,0.0398255472490557
-147.608196,65.164477,2011,171,239,171,"Point ZM",14,4382,"9/30/20",2,NA,NA,0.973429,1.90803e+13,1,NA,460,46006,0,1,0,0.013436,1,0,0.973163,0.089788087,171,0.0407437670107202
-147.607759,65.164183,2011,172,240,172,"Point ZM",14,4382,"9/30/20",2,NA,NA,0.973429,1.90803e+13,1,NA,460,46006,0,1,0,0.013436,1,0,0.973163,0.09726256,172,0.0416350907276225
-147.607502,65.163841,2011,173,241,173,"Point ZM",14,4382,"9/30/20",2,NA,NA,0.973429,1.90803e+13,1,NA,460,46006,0,1,0,0.013436,1,0,0.973163,0.104737034,173,0.0425571682316608
-147.607048,65.16354,2011,174,242,174,"Point ZM",14,4382,"9/30/20",2,NA,NA,0.973429,1.90803e+13,1,NA,460,46006,0,1,0,0.013436,1,0,0.973163,0.112211508,174,0.0434735192600876
-147.606519,65.163259,2011,175,243,175,"Point ZM",14,4382,"9/30/20",2,NA,NA,0.973429,1.90803e+13,1,NA,460,46006,0,1,0,0.013436,1,0,0.973163,0.119685981,175,0.0443949008973818
-147.606374,65.163158,2011,176,244,176,"Point ZM",14,4382,"9/30/20",2,NA,NA,0.973429,1.90803e+13,1,NA,460,46006,0,1,0,0.013436,1,0,0.973163,0.127160455,176,0.0446982066030184
-147.622362,65.137399,2012,177,40,177,"Point ZM",16,4873,"9/30/20",2,NA,NA,1.428247,1.90803e+13,1,NA,460,46006,0,1,0,0.029983,1,0,1.035171,0.134634929,177,0.0352015543184686
-147.621557,65.137503,2012,178,41,178,"Point ZM",16,4873,"9/30/20",2,NA,NA,1.428247,1.90803e+13,1,NA,460,46006,0,1,0,0.029983,1,0,1.035171,0.142109403,178,0.0365473653606007
-147.620731,65.137592,2012,179,42,179,"Point ZM",16,4873,"9/30/20",2,NA,NA,1.428247,1.90803e+13,1,NA,460,46006,0,1,0,0.029983,1,0,1.035171,0.149583876,179,0.0379100651718782
-147.619905,65.137681,2012,180,43,180,"Point ZM",16,4873,"9/30/20",2,NA,NA,1.428247,1.90803e+13,1,NA,460,46006,0,1,0,0.029983,1,0,1.035171,0.15705835,180,0.039272760702222
-147.619064,65.137734,2012,181,44,181,"Point ZM",16,4873,"9/30/20",2,NA,NA,1.428247,1.90803e+13,1,NA,460,46006,0,1,0,0.029983,1,0,1.035171,0.164532824,181,0.0406318440617899
-147.618213,65.137736,2012,182,45,182,"Point ZM",16,4873,"9/30/20",2,NA,NA,1.428247,1.90803e+13,1,NA,460,46006,0,1,0,0.029983,1,0,1.035171,0.172007297,182,0.0419919495011831
-147.617363,65.137763,2012,183,46,183,"Point ZM",16,4873,"9/30/20",2,NA,NA,1.428247,1.90803e+13,1,NA,460,46006,0,1,0,0.029983,1,0,1.035171,0.165863685,183,0.0433542972013715
-147.616512,65.137781,2012,184,47,184,"Point ZM",16,4873,"9/30/20",2,NA,NA,1.428247,1.90803e+13,1,NA,460,46006,0,1,0,0.029983,1,0,1.035171,0.160280178,184,0.0447160955194241
-147.615662,65.1378,2012,185,48,185,"Point ZM",16,4873,"9/30/20",2,NA,NA,1.428247,1.90803e+13,1,NA,460,46006,0,1,0,0.029983,1,0,1.035171,0.155970849,185,0.046076492744702
-147.614818,65.137851,2012,186,49,186,"Point ZM",16,4873,"9/30/20",2,NA,NA,1.428247,1.90803e+13,1,NA,460,46006,0,1,0,0.029983,1,0,1.035171,0.151069121,186,0.0474392124533892
-147.613974,65.137883,2012,187,50,187,"Point ZM",16,4873,"9/30/20",2,NA,NA,1.428247,1.90803e+13,1,NA,460,46006,0,1,0,0.029983,1,0,1.035171,0.151659446,187,0.0487935631724385
-147.613131,65.13793,2012,188,51,188,"Point ZM",16,4873,"9/30/20",2,NA,NA,1.428247,1.90803e+13,1,NA,460,46006,0,1,0,0.029983,1,0,1.035171,0.143449312,188,0.0501526194383133
-147.6123,65.138006,2012,189,52,189,"Point ZM",16,4873,"9/30/20",2,NA,NA,1.428247,1.90803e+13,1,NA,460,46006,0,1,0,0.029983,1,0,1.035171,0.139807963,189,0.0515117133094866
-147.611472,65.138093,2012,190,53,190,"Point ZM",16,4873,"9/30/20",2,NA,NA,1.428247,1.90803e+13,1,NA,460,46006,0,1,0,0.029983,1,0,1.035171,0.130076392,190,0.0528756268331287
-147.610662,65.138203,2012,191,54,191,"Point ZM",16,4873,"9/30/20",2,NA,NA,1.428247,1.90803e+13,1,NA,460,46006,0,1,0,0.029983,1,0,1.035171,0.124383147,191,0.0542358678482985
-147.60982,65.13826,2012,192,55,192,"Point ZM",16,4873,"9/30/20",2,NA,NA,1.428247,1.90803e+13,1,NA,460,46006,0,1,0,0.029983,1,0,1.035171,0.118361989,192,0.0555988344541987
-147.608976,65.138307,2012,193,56,193,"Point ZM",16,4873,"9/30/20",2,NA,NA,1.428247,1.90803e+13,1,NA,460,46006,0,1,0,0.029983,1,0,1.035171,0.109922084,193,0.0569594561431081
-147.608139,65.138376,2012,194,57,194,"Point ZM",16,4873,"9/30/20",2,NA,NA,1.428247,1.90803e+13,1,NA,460,46006,0,1,0,0.029983,1,0,1.035171,0.108271282,194,0.058322547124499
-147.60729,65.138404,2012,195,58,195,"Point ZM",16,4873,"9/30/20",2,NA,NA,1.428247,1.90803e+13,1,NA,460,46006,0,1,0,0.029983,1,0,1.035171,0.1024069,195,0.0596835598485009
-147.606446,65.138451,2012,196,59,196,"Point ZM",16,4873,"9/30/20",2,NA,NA,1.428247,1.90803e+13,1,NA,460,46006,0,1,0,0.029983,1,0,1.035171,0.102733444,196,0.0610441742936132
-147.605607,65.138512,2012,197,60,197,"Point ZM",16,4873,"9/30/20",2,NA,NA,1.428247,1.90803e+13,1,NA,460,46006,0,1,0,0.029983,1,0,1.035171,0.096789382,197,0.062404897432425
-147.604766,65.138567,2012,198,61,198,"Point ZM",16,4873,"9/30/20",2,NA,NA,1.428247,1.90803e+13,1,NA,460,46006,0,1,0,0.029983,1,0,1.035171,0.094791914,198,0.063765084284533
-147.603928,65.13863,2012,199,62,199,"Point ZM",16,4873,"9/30/20",2,NA,NA,1.428247,1.90803e+13,1,NA,460,46006,0,1,0,0.029983,1,0,1.035171,0.099127411,199,0.0651255413486836
-147.603096,65.138706,2012,200,63,200,"Point ZM",16,4873,"9/30/20",2,NA,NA,1.428247,1.90803e+13,1,NA,460,46006,0,1,0,0.029983,1,0,1.035171,0.103462907,200,0.0664861628151957
-147.602255,65.138765,2012,201,64,201,"Point ZM",16,4873,"9/30/20",2,NA,NA,1.428247,1.90803e+13,1,NA,460,46006,0,1,0,0.029983,1,0,1.035171,0.107798404,201,0.0678487541566267
-147.601424,65.138841,2012,202,65,202,"Point ZM",16,4873,"9/30/20",2,NA,NA,1.428247,1.90803e+13,1,NA,460,46006,0,1,0,0.029983,1,0,1.035171,0.1121339,202,0.069207807265786
-147.600688,65.138897,2012,203,66,203,"Point ZM",16,4873,"9/30/20",2,NA,NA,1.428247,1.90803e+13,1,NA,460,46006,0,1,0,0.029983,1,0,1.035171,0.116469396,203,0.0704031086369372
-147.540218,65.15987,2015,204,163,204,"Point ZM",18,6270,"9/30/20",2,NA,NA,1.236313,1.90803e+13,1,NA,460,46006,0,1,0,0.013664,1,0,1.236092,0.120804893,204,0.0141373534916645
-147.539928,65.159536,2015,205,164,205,"Point ZM",18,6270,"9/30/20",2,NA,NA,1.236313,1.90803e+13,1,NA,460,46006,0,1,0,0.013664,1,0,1.236092,0.125140389,205,0.014592738831117
-147.539547,65.159215,2015,206,165,206,"Point ZM",18,6270,"9/30/20",2,NA,NA,1.236313,1.90803e+13,1,NA,460,46006,0,1,0,0.013664,1,0,1.236092,0.129475886,206,0.0150522244898613
-147.539154,65.158897,2015,207,166,207,"Point ZM",18,6270,"9/30/20",2,NA,NA,1.236313,1.90803e+13,1,NA,460,46006,0,1,0,0.013664,1,0,1.236092,0.133811382,207,0.0155112220957709
-147.538727,65.158586,2015,208,167,208,"Point ZM",18,6270,"9/30/20",2,NA,NA,1.236313,1.90803e+13,1,NA,460,46006,0,1,0,0.013664,1,0,1.236092,0.138146879,208,0.0159711654364789
-147.538345,65.158265,2015,209,168,209,"Point ZM",18,6270,"9/30/20",2,NA,NA,1.236313,1.90803e+13,1,NA,460,46006,0,1,0,0.013664,1,0,1.236092,0.142482375,209,0.0164308951868364
-147.537945,65.157948,2015,210,169,210,"Point ZM",18,6270,"9/30/20",2,NA,NA,1.236313,1.90803e+13,1,NA,460,46006,0,1,0,0.013664,1,0,1.236092,0.131513176,210,0.0168905159294418
-147.53754,65.157632,2015,211,170,211,"Point ZM",18,6270,"9/30/20",2,NA,NA,1.236313,1.90803e+13,1,NA,460,46006,0,1,0,0.013664,1,0,1.236092,0.125087302,211,0.0173502789935726
-147.537148,65.157314,2015,212,171,212,"Point ZM",18,6270,"9/30/20",2,NA,NA,1.236313,1.90803e+13,1,NA,460,46006,0,1,0,0.013664,1,0,1.236092,0.122846378,212,0.017809034126757
-147.536885,65.156973,2015,213,172,213,"Point ZM",18,6270,"9/30/20",2,NA,NA,1.236313,1.90803e+13,1,NA,460,46006,0,1,0,0.013664,1,0,1.236092,0.11778514,213,0.018268160847227
-147.536582,65.156638,2015,214,173,214,"Point ZM",18,6270,"9/30/20",2,NA,NA,1.236313,1.90803e+13,1,NA,460,46006,0,1,0,0.013664,1,0,1.236092,0.112232849,214,0.0187271984332685
-147.536277,65.156302,2015,215,174,215,"Point ZM",18,6270,"9/30/20",2,NA,NA,1.236313,1.90803e+13,1,NA,460,46006,0,1,0,0.013664,1,0,1.236092,0.106087123,215,0.0191878171916636
-147.535962,65.155969,2015,216,175,216,"Point ZM",18,6270,"9/30/20",2,NA,NA,1.236313,1.90803e+13,1,NA,460,46006,0,1,0,0.013664,1,0,1.236092,0.09921229,216,0.0196468137097833
-147.53559,65.155646,2015,217,176,217,"Point ZM",18,6270,"9/30/20",2,NA,NA,1.236313,1.90803e+13,1,NA,460,46006,0,1,0,0.013664,1,0,1.236092,0.093928372,217,0.0201064700103873
-147.53529,65.155312,2015,218,177,218,"Point ZM",18,6270,"9/30/20",2,NA,NA,1.236313,1.90803e+13,1,NA,460,46006,0,1,0,0.013664,1,0,1.236092,0.086580931,218,0.0205637399154891
-147.535124,65.15496,2015,219,178,219,"Point ZM",18,6270,"9/30/20",2,NA,NA,1.236313,1.90803e+13,1,NA,460,46006,0,1,0,0.013664,1,0,1.236092,0.08422054,219,0.0210233327323317
-147.53498,65.154606,2015,220,179,220,"Point ZM",18,6270,"9/30/20",2,NA,NA,1.236313,1.90803e+13,1,NA,460,46006,0,1,0,0.013664,1,0,1.236092,0.086316645,220,0.0214832916323108
-147.534829,65.154253,2015,221,180,221,"Point ZM",18,6270,"9/30/20",2,NA,NA,1.236313,1.90803e+13,1,NA,460,46006,0,1,0,0.013664,1,0,1.236092,0.087227912,221,0.0219426412773249
-147.534779,65.153895,2015,222,181,222,"Point ZM",18,6270,"9/30/20",2,NA,NA,1.236313,1.90803e+13,1,NA,460,46006,0,1,0,0.013664,1,0,1.236092,0.091477903,222,0.0224019237921363
-147.534833,65.153537,2015,223,182,223,"Point ZM",18,6270,"9/30/20",2,NA,NA,1.236313,1.90803e+13,1,NA,460,46006,0,1,0,0.013664,1,0,1.236092,0.096116314,223,0.0228613377478635
-147.5349,65.15318,2015,224,183,224,"Point ZM",18,6270,"9/30/20",2,NA,NA,1.236313,1.90803e+13,1,NA,460,46006,0,1,0,0.013664,1,0,1.236092,0.100242739,224,0.0233199716526015
-147.534833,65.152822,2015,225,184,225,"Point ZM",18,6270,"9/30/20",2,NA,NA,1.236313,1.90803e+13,1,NA,460,46006,0,1,0,0.013664,1,0,1.236092,0.103832163,225,0.0237798823147359
-147.534662,65.152471,2015,226,185,226,"Point ZM",18,6270,"9/30/20",2,NA,NA,1.236313,1.90803e+13,1,NA,460,46006,0,1,0,0.013664,1,0,1.236092,0.100866536,226,0.0242387537723736
-147.534621,65.152114,2015,227,186,227,"Point ZM",18,6270,"9/30/20",2,NA,NA,1.236313,1.90803e+13,1,NA,460,46006,0,1,0,0.013664,1,0,1.236092,0.100022852,227,0.0246964981551326
-147.534605,65.151755,2015,228,187,228,"Point ZM",18,6270,"9/30/20",2,NA,NA,1.236313,1.90803e+13,1,NA,460,46006,0,1,0,0.013664,1,0,1.236092,0.094918375,228,0.0251563513714999
-147.534686,65.151398,2015,229,188,229,"Point ZM",18,6270,"9/30/20",2,NA,NA,1.236313,1.90803e+13,1,NA,460,46006,0,1,0,0.013664,1,0,1.236092,0.088598482,229,0.0256156406950876
-147.53477,65.151041,2015,230,189,230,"Point ZM",18,6270,"9/30/20",2,NA,NA,1.236313,1.90803e+13,1,NA,460,46006,0,1,0,0.013664,1,0,1.236092,0.076265048,230,0.0260750864782865
-147.534857,65.150684,2015,231,190,231,"Point ZM",18,6270,"9/30/20",2,NA,NA,1.236313,1.90803e+13,1,NA,460,46006,0,1,0,0.013664,1,0,1.236092,0.077726043,231,0.0265346943616737
-147.534878,65.150327,2015,232,191,232,"Point ZM",18,6270,"9/30/20",2,NA,NA,1.236313,1.90803e+13,1,NA,460,46006,0,1,0,0.013664,1,0,1.236092,0.079187038,232,0.0269920452723708
-147.534265,65.150094,2015,233,192,233,"Point ZM",18,6270,"9/30/20",2,NA,NA,1.236313,1.90803e+13,1,NA,460,46006,0,1,0,0.013664,1,0,1.236092,0.080648033,233,0.0274371861906564
-147.533777,65.149833,2015,234,193,234,"Point ZM",18,6270,"9/30/20",2,NA,NA,1.236313,1.90803e+13,1,NA,460,46006,0,1,0,0.013664,1,0,1.236092,0.082109028,234,0.0278624850616364
-147.534083,65.149538,2015,235,194,235,"Point ZM",18,6270,"9/30/20",2,NA,NA,1.236313,1.90803e+13,1,NA,460,46006,0,1,0,0.013664,1,0,1.236092,0.083570022,235,0.0282747069833289
-147.602514,65.162714,2016,236,245,236,"Point ZM",19,6272,"9/30/20",2,NA,NA,0.844269,1.90803e+13,1,NA,460,46006,0,1,0,0.014798,1,0,0.369452,0.085031017,236,0.00805253813724679
-147.603361,65.162678,2016,237,246,237,"Point ZM",19,6272,"9/30/20",2,NA,NA,0.844269,1.90803e+13,1,NA,460,46006,0,1,0,0.014798,1,0,0.369452,0.086492012,237,0.00892575928972245
-147.604191,65.162604,2016,238,247,238,"Point ZM",19,6272,"9/30/20",2,NA,NA,0.844269,1.90803e+13,1,NA,460,46006,0,1,0,0.014798,1,0,0.369452,0.087953007,238,0.00979604095052202
-147.604897,65.162406,2016,239,248,239,"Point ZM",19,6272,"9/30/20",2,NA,NA,0.844269,1.90803e+13,1,NA,460,46006,0,1,0,0.014798,1,0,0.369452,0.089414002,239,0.0106664731976838
-147.605555,65.162178,2016,240,249,240,"Point ZM",19,6272,"9/30/20",2,NA,NA,0.844269,1.90803e+13,1,NA,460,46006,0,1,0,0.014798,1,0,0.369452,0.090874996,240,0.0115410032007434
-147.606215,65.16195,2016,241,250,241,"Point ZM",19,6272,"9/30/20",2,NA,NA,0.844269,1.90803e+13,1,NA,460,46006,0,1,0,0.014798,1,0,0.369452,0.092335991,241,0.0124171219535375
-147.606856,65.161714,2016,242,251,242,"Point ZM",19,6272,"9/30/20",2,NA,NA,0.844269,1.90803e+13,1,NA,460,46006,0,1,0,0.014798,1,0,0.369452,0.085912129,242,0.0132910016636292
-147.607026,65.161367,2016,243,252,243,"Point ZM",19,6272,"9/30/20",2,NA,NA,0.844269,1.90803e+13,1,NA,460,46006,0,1,0,0.014798,1,0,0.369452,0.079488267,243,0.014155136577408
-147.607105,65.16101,2016,244,253,244,"Point ZM",19,6272,"9/30/20",2,NA,NA,0.844269,1.90803e+13,1,NA,460,46006,0,1,0,0.014798,1,0,0.369452,0.073064404,244,0.0150296469545607
-147.607227,65.160656,2016,245,254,245,"Point ZM",19,6272,"9/30/20",2,NA,NA,0.844269,1.90803e+13,1,NA,460,46006,0,1,0,0.014798,1,0,0.369452,0.066640542,245,0.0159020998037734
-147.607322,65.160583,2016,246,255,246,"Point ZM",19,6272,"9/30/20",2,NA,NA,0.844269,1.90803e+13,1,NA,460,46006,0,1,0,0.014798,1,0,0.369452,0.06021668,246,0.0161050762744936
-147.585793,65.152171,2017,247,376,247,"Point ZM",21,6804,"9/30/20",2,1399972,"Caribou Creek",1.050231,1.90803e+13,1,NA,460,46006,0,1,0,0.019918,1,0,1.049671,0.053792817,247,0.488891921677988
-147.585008,65.15203,2017,248,377,248,"Point ZM",21,6804,"9/30/20",2,1399972,"Caribou Creek",1.050231,1.90803e+13,1,NA,460,46006,0,1,0,0.019918,1,0,1.049671,0.047368955,248,0.49106588671002
-147.584233,65.151881,2017,249,378,249,"Point ZM",21,6804,"9/30/20",2,1399972,"Caribou Creek",1.050231,1.90803e+13,1,NA,460,46006,0,1,0,0.019918,1,0,1.049671,0.040945093,249,0.493236139604611
-147.583428,65.151764,2017,250,379,250,"Point ZM",21,6804,"9/30/20",2,1399972,"Caribou Creek",1.050231,1.90803e+13,1,NA,460,46006,0,1,0,0.019918,1,0,1.049671,0.03452123,250,0.495405369961558
-147.582606,65.151668,2017,251,380,251,"Point ZM",21,6804,"9/30/20",2,1399972,"Caribou Creek",1.050231,1.90803e+13,1,NA,460,46006,0,1,0,0.019918,1,0,1.049671,0.028097368,251,0.497578176195676
-147.58179,65.151565,2017,252,381,252,"Point ZM",21,6804,"9/30/20",2,1399972,"Caribou Creek",1.050231,1.90803e+13,1,NA,460,46006,0,1,0,0.019918,1,0,1.049671,0.021673506,252,0.499748064865905
-147.580997,65.151433,2017,253,382,253,"Point ZM",21,6804,"9/30/20",2,1399972,"Caribou Creek",1.050231,1.90803e+13,1,NA,460,46006,0,1,0,0.019918,1,0,1.049671,0.0211137,253,0.501920195362697
-147.580209,65.151295,2017,254,383,254,"Point ZM",21,6804,"9/30/20",2,1399972,"Caribou Creek",1.050231,1.90803e+13,1,NA,460,46006,0,1,0,0.019918,1,0,1.049671,0.021038419,254,0.504094197000343
-147.579421,65.151158,2017,255,384,255,"Point ZM",21,6804,"9/30/20",2,1399972,"Caribou Creek",1.050231,1.90803e+13,1,NA,460,46006,0,1,0,0.019918,1,0,1.049671,0.022037779,255,0.50626588895127
-147.578665,65.150992,2017,256,385,256,"Point ZM",21,6804,"9/30/20",2,1399972,"Caribou Creek",1.050231,1.90803e+13,1,NA,460,46006,0,1,0,0.019918,1,0,1.049671,0.022382006,256,0.508437939281009
-147.578034,65.150754,2017,257,386,257,"Point ZM",21,6804,"9/30/20",2,1399972,"Caribou Creek",1.050231,1.90803e+13,1,NA,460,46006,0,1,0,0.019918,1,0,1.049671,0.021324691,257,0.510596446102816
-147.577542,65.150461,2017,258,387,258,"Point ZM",21,6804,"9/30/20",2,1399972,"Caribou Creek",1.050231,1.90803e+13,1,NA,460,46006,0,1,0,0.019918,1,0,1.049671,0.021618988,258,0.512768278772658
-147.576987,65.150189,2017,259,388,259,"Point ZM",21,6804,"9/30/20",2,1399972,"Caribou Creek",1.050231,1.90803e+13,1,NA,460,46006,0,1,0,0.019918,1,0,1.049671,0.021496561,259,0.514938528079696
-147.576396,65.14993,2017,260,389,260,"Point ZM",21,6804,"9/30/20",2,1399972,"Caribou Creek",1.050231,1.90803e+13,1,NA,460,46006,0,1,0,0.019918,1,0,1.049671,0.021809448,260,0.517112164319723
-147.575684,65.149737,2017,261,390,261,"Point ZM",21,6804,"9/30/20",2,1399972,"Caribou Creek",1.050231,1.90803e+13,1,NA,460,46006,0,1,0,0.019918,1,0,1.049671,0.022053061,261,0.5192695513544
-147.574957,65.149568,2017,262,391,262,"Point ZM",21,6804,"9/30/20",2,1399972,"Caribou Creek",1.050231,1.90803e+13,1,NA,460,46006,0,1,0,0.019918,1,0,1.049671,0.021001764,262,0.521385205725936
-147.574113,65.149526,2017,263,392,263,"Point ZM",21,6804,"9/30/20",2,1399972,"Caribou Creek",1.050231,1.90803e+13,1,NA,460,46006,0,1,0,0.019918,1,0,1.049671,0.017457418,263,0.523550036542372
-147.573422,65.149321,2017,264,393,264,"Point ZM",21,6804,"9/30/20",2,1399972,"Caribou Creek",1.050231,1.90803e+13,1,NA,460,46006,0,1,0,0.019918,1,0,1.049671,0.022733764,264,0.525703706970348
-147.572612,65.149211,2017,265,394,265,"Point ZM",21,6804,"9/30/20",2,1399972,"Caribou Creek",1.050231,1.90803e+13,1,NA,460,46006,0,1,0,0.019918,1,0,1.049671,0.016824719,265,0.527871776551642
-147.571773,65.149148,2017,266,395,266,"Point ZM",21,6804,"9/30/20",2,1399972,"Caribou Creek",1.050231,1.90803e+13,1,NA,460,46006,0,1,0,0.019918,1,0,1.049671,0.017805595,266,0.530042682815518
-147.570923,65.149174,2017,267,396,267,"Point ZM",21,6804,"9/30/20",2,1399972,"Caribou Creek",1.050231,1.90803e+13,1,NA,460,46006,0,1,0,0.019918,1,0,1.049671,0.017342232,267,0.532213558214959
-147.570089,65.149235,2017,268,397,268,"Point ZM",21,6804,"9/30/20",2,1399972,"Caribou Creek",1.050231,1.90803e+13,1,NA,460,46006,0,1,0,0.019918,1,0,1.049671,0.019012415,268,0.534369818909611
-147.569465,65.149478,2017,269,398,269,"Point ZM",21,6804,"9/30/20",2,1399972,"Caribou Creek",1.050231,1.90803e+13,1,NA,460,46006,0,1,0,0.019918,1,0,1.049671,0.027089191,269,0.536535595807011
-147.568796,65.149698,2017,270,399,270,"Point ZM",21,6804,"9/30/20",2,1399972,"Caribou Creek",1.050231,1.90803e+13,1,NA,460,46006,0,1,0,0.019918,1,0,1.049671,0.025811651,270,0.53869841234462
-147.567994,65.149667,2017,271,400,271,"Point ZM",21,6804,"9/30/20",2,1399972,"Caribou Creek",1.050231,1.90803e+13,1,NA,460,46006,0,1,0,0.019918,1,0,1.049671,0.024534112,271,0.540749868240015
-147.567247,65.149494,2017,272,401,272,"Point ZM",21,6804,"9/30/20",2,1399972,"Caribou Creek",1.050231,1.90803e+13,1,NA,460,46006,0,1,0,0.019918,1,0,1.049671,0.023256572,272,0.542921831405281
-147.566626,65.149258,2017,273,402,273,"Point ZM",21,6804,"9/30/20",2,1399972,"Caribou Creek",1.050231,1.90803e+13,1,NA,460,46006,0,1,0,0.019918,1,0,1.049671,0.021979033,273,0.545053371458743
-147.566498,65.14919,2017,274,403,274,"Point ZM",21,6804,"9/30/20",2,1399972,"Caribou Creek",1.050231,1.90803e+13,1,NA,460,46006,0,1,0,0.019918,1,0,1.049671,0.020701493,274,0.545578517302633
-147.542293,65.149994,2018,275,83,275,"Point ZM",22,6808,"9/30/20",2,1399972,"Caribou Creek",0.445675,1.90803e+13,1,NA,460,46006,0,1,0,0.008487,1,0,0.445434,0.019423954,275,0.822491547752092
-147.541467,65.149914,2018,276,84,276,"Point ZM",22,6808,"9/30/20",2,1399972,"Caribou Creek",0.445675,1.90803e+13,1,NA,460,46006,0,1,0,0.008487,1,0,0.445434,0.018146415,276,0.825819045913291
-147.540645,65.14989,2018,277,85,277,"Point ZM",22,6808,"9/30/20",2,1399972,"Caribou Creek",0.445675,1.90803e+13,1,NA,460,46006,0,1,0,0.008487,1,0,0.445434,0.016868875,277,0.829053803804802
-147.539815,65.14994,2018,278,86,278,"Point ZM",22,6808,"9/30/20",2,1399972,"Caribou Creek",0.445675,1.90803e+13,1,NA,460,46006,0,1,0,0.008487,1,0,0.445434,0.015591336,278,0.832345434450008
-147.539043,65.149806,2018,279,87,279,"Point ZM",22,6808,"9/30/20",2,1399972,"Caribou Creek",0.445675,1.90803e+13,1,NA,460,46006,0,1,0,0.008487,1,0,0.445434,0.014313796,279,0.835623916383884
-147.538289,65.149641,2018,280,88,280,"Point ZM",22,6808,"9/30/20",2,1399972,"Caribou Creek",0.445675,1.90803e+13,1,NA,460,46006,0,1,0,0.008487,1,0,0.445434,0.013036257,280,0.838960405578945
-147.537644,65.149406,2018,281,89,281,"Point ZM",22,6808,"9/30/20",2,1399972,"Caribou Creek",0.445675,1.90803e+13,1,NA,460,46006,0,1,0,0.008487,1,0,0.445434,0.012860399,281,0.842309990031234
-147.536879,65.149306,2018,282,90,282,"Point ZM",22,6808,"9/30/20",2,1399972,"Caribou Creek",0.445675,1.90803e+13,1,NA,460,46006,0,1,0,0.008487,1,0,0.445434,0.000429214,282,0.84545488063391
-147.536213,65.149523,2018,283,91,283,"Point ZM",22,6808,"9/30/20",2,1399972,"Caribou Creek",0.445675,1.90803e+13,1,NA,460,46006,0,1,0,0.008487,1,0,0.445434,0.012931546,283,0.848761808848347
-147.535613,65.149693,2018,284,92,284,"Point ZM",22,6808,"9/30/20",2,1399972,"Caribou Creek",0.445675,1.90803e+13,1,NA,460,46006,0,1,0,0.008487,1,0,0.445434,0.025433878,284,0.851601594106373
-147.534945,65.149723,2018,285,93,285,"Point ZM",22,6808,"9/30/20",2,1399972,"Caribou Creek",0.445675,1.90803e+13,1,NA,460,46006,0,1,0,0.008487,1,0,0.445434,0.037936211,285,0.854238936052579
-147.534181,65.149564,2018,286,94,286,"Point ZM",22,6808,"9/30/20",2,1399972,"Caribou Creek",0.445675,1.90803e+13,1,NA,460,46006,0,1,0,0.008487,1,0,0.445434,0.050438543,286,0.857585116844972
-147.534083,65.149538,2018,287,95,287,"Point ZM",22,6808,"9/30/20",2,1399972,"Caribou Creek",0.445675,1.90803e+13,1,NA,460,46006,0,1,0,0.008487,1,0,0.445434,0.062940875,287,0.858039947401297
-147.606374,65.163158,2019,288,272,288,"Point ZM",23,6817,"9/30/20",2,NA,NA,0.293873,1.90803e+13,1,NA,460,46006,0,1,0,0.002883,1,0,0.293838,0.075443207,288,0.0986516613317251
-147.606721,65.162831,2019,289,273,289,"Point ZM",23,6817,"9/30/20",2,NA,NA,0.293873,1.90803e+13,1,NA,460,46006,0,1,0,0.002883,1,0,0.293838,0.08794554,289,0.0991032334459047
-147.606889,65.162484,2019,290,274,290,"Point ZM",23,6817,"9/30/20",2,NA,NA,0.293873,1.90803e+13,1,NA,460,46006,0,1,0,0.002883,1,0,0.293838,0.100447872,290,0.0995498069610523
-147.606894,65.162131,2019,291,275,291,"Point ZM",23,6817,"9/30/20",2,NA,NA,0.293873,1.90803e+13,1,NA,460,46006,0,1,0,0.002883,1,0,0.293838,0.112950204,291,0.0999949766119709
-147.607037,65.161778,2019,292,276,292,"Point ZM",23,6817,"9/30/20",2,NA,NA,0.293873,1.90803e+13,1,NA,460,46006,0,1,0,0.002883,1,0,0.293838,0.125452537,292,0.100446552463649
-147.607118,65.16142,2019,293,277,293,"Point ZM",23,6817,"9/30/20",2,NA,NA,0.293873,1.90803e+13,1,NA,460,46006,0,1,0,0.002883,1,0,0.293838,0.137954869,293,0.100900058857722
-147.6072,65.161063,2019,294,278,294,"Point ZM",23,6817,"9/30/20",2,NA,NA,0.293873,1.90803e+13,1,NA,460,46006,0,1,0,0.002883,1,0,0.293838,0.150457201,294,0.101352360578625
-147.607285,65.160706,2019,295,279,295,"Point ZM",23,6817,"9/30/20",2,NA,NA,0.293873,1.90803e+13,1,NA,460,46006,0,1,0,0.002883,1,0,0.293838,0.162959534,295,0.101804818099293
-147.607322,65.160583,2019,296,280,296,"Point ZM",23,6817,"9/30/20",2,NA,NA,0.293873,1.90803e+13,1,NA,460,46006,0,1,0,0.002883,1,0,0.293838,0.175461866,296,0.101961167517677
-147.597736,65.133739,2020,297,357,297,"Point ZM",24,7243,"9/30/20",2,NA,NA,0.709052,1.90803e+13,1,NA,460,46006,0,1,0,0.008339,1,0,0.708888,0.187964198,297,0.00723582794348851
-147.597467,65.134079,2020,298,358,298,"Point ZM",24,7243,"9/30/20",2,NA,NA,0.709052,1.90803e+13,1,NA,460,46006,0,1,0,0.008339,1,0,0.708888,0.20046653,298,0.00764535697770519
-147.596992,65.134369,2020,299,359,299,"Point ZM",24,7243,"9/30/20",2,NA,NA,0.709052,1.90803e+13,1,NA,460,46006,0,1,0,0.008339,1,0,0.708888,0.212968863,299,0.00804791278449072
-147.596323,65.134591,2020,300,360,300,"Point ZM",24,7243,"9/30/20",2,NA,NA,0.709052,1.90803e+13,1,NA,460,46006,0,1,0,0.008339,1,0,0.708888,0.225471195,300,0.00845773099606931
-147.59555,65.13474,2020,301,361,301,"Point ZM",24,7243,"9/30/20",2,NA,NA,0.709052,1.90803e+13,1,NA,460,46006,0,1,0,0.008339,1,0,0.708888,0.237973527,301,0.00886674357492651
-147.594999,65.135003,2020,302,362,302,"Point ZM",24,7243,"9/30/20",2,NA,NA,0.709052,1.90803e+13,1,NA,460,46006,0,1,0,0.008339,1,0,0.708888,0.25047586,302,0.009267489342165
-147.594796,65.135349,2020,303,363,303,"Point ZM",24,7243,"9/30/20",2,NA,NA,0.709052,1.90803e+13,1,NA,460,46006,0,1,0,0.008339,1,0,0.708888,0.255197656,303,0.00967477033737298
-147.594686,65.135705,2020,304,364,304,"Point ZM",24,7243,"9/30/20",2,NA,NA,0.709052,1.90803e+13,1,NA,460,46006,0,1,0,0.008339,1,0,0.708888,0.248826716,304,0.01008502430931
-147.594529,65.136056,2020,305,365,305,"Point ZM",24,7243,"9/30/20",2,NA,NA,0.709052,1.90803e+13,1,NA,460,46006,0,1,0,0.008339,1,0,0.708888,0.23059191,305,0.0104931860641868
-147.5944,65.13641,2020,306,366,306,"Point ZM",24,7243,"9/30/20",2,NA,NA,0.709052,1.90803e+13,1,NA,460,46006,0,1,0,0.008339,1,0,0.708888,0.217665958,306,0.0109024594210236
-147.594212,65.13676,2020,307,367,307,"Point ZM",24,7243,"9/30/20",2,NA,NA,0.709052,1.90803e+13,1,NA,460,46006,0,1,0,0.008339,1,0,0.708888,0.185223918,307,0.0113125268513486
-147.594071,65.137113,2020,308,368,308,"Point ZM",24,7243,"9/30/20",2,NA,NA,0.709052,1.90803e+13,1,NA,460,46006,0,1,0,0.008339,1,0,0.708888,0.17862107,308,0.0117215879577144
-147.59399,65.13747,2020,309,369,309,"Point ZM",24,7243,"9/30/20",2,NA,NA,0.709052,1.90803e+13,1,NA,460,46006,0,1,0,0.008339,1,0,0.708888,0.168884511,309,0.0121314140223772
-147.593862,65.137824,2020,310,370,310,"Point ZM",24,7243,"9/30/20",2,NA,NA,0.709052,1.90803e+13,1,NA,460,46006,0,1,0,0.008339,1,0,0.708888,0.160808677,310,0.0125406142957438
-147.593616,65.138168,2020,311,371,311,"Point ZM",24,7243,"9/30/20",2,NA,NA,0.709052,1.90803e+13,1,NA,460,46006,0,1,0,0.008339,1,0,0.708888,0.15357039,311,0.0129511520164346
-147.593365,65.138511,2020,312,372,312,"Point ZM",24,7243,"9/30/20",2,NA,NA,0.709052,1.90803e+13,1,NA,460,46006,0,1,0,0.008339,1,0,0.708888,0.146332104,312,0.0133612967417134
-147.593136,65.138856,2020,313,373,313,"Point ZM",24,7243,"9/30/20",2,NA,NA,0.709052,1.90803e+13,1,NA,460,46006,0,1,0,0.008339,1,0,0.708888,0.139093818,313,0.0137706522235318
-147.592832,65.139187,2020,314,374,314,"Point ZM",24,7243,"9/30/20",2,NA,NA,0.709052,1.90803e+13,1,NA,460,46006,0,1,0,0.008339,1,0,0.708888,0.131855532,314,0.0141761907741846
-147.592477,65.139398,2020,315,375,315,"Point ZM",24,7243,"9/30/20",2,NA,NA,0.709052,1.90803e+13,1,NA,460,46006,0,1,0,0.008339,1,0,0.708888,0.124617246,315,0.014471655886977
-147.600774,65.136301,2001,316,31,316,"Point ZM",25,7250,"9/30/20",2,NA,NA,0.268704,1.90803e+13,1,NA,460,46006,0,1,0,0.002908,1,0,0.295552,0.11737896,316,0.00405144834279703
-147.600603,65.136653,2001,317,32,317,"Point ZM",25,7250,"9/30/20",2,NA,NA,0.268704,1.90803e+13,1,NA,460,46006,0,1,0,0.002908,1,0,0.295552,0.110140674,317,0.00460394921720377
-147.60046,65.137007,2001,318,33,318,"Point ZM",25,7250,"9/30/20",2,NA,NA,0.268704,1.90803e+13,1,NA,460,46006,0,1,0,0.002908,1,0,0.295552,0.102902388,318,0.00515613737258653
-147.600383,65.137362,2001,319,34,319,"Point ZM",25,7250,"9/30/20",2,NA,NA,0.268704,1.90803e+13,1,NA,460,46006,0,1,0,0.002908,1,0,0.295552,0.095664102,319,0.00570431970212658
-147.600563,65.137713,2001,320,35,320,"Point ZM",25,7250,"9/30/20",2,NA,NA,0.268704,1.90803e+13,1,NA,460,46006,0,1,0,0.002908,1,0,0.295552,0.088425816,320,0.00625651312114555
-147.600531,65.138067,2001,321,36,321,"Point ZM",25,7250,"9/30/20",2,NA,NA,0.268704,1.90803e+13,1,NA,460,46006,0,1,0,0.002908,1,0,0.295552,0.081187529,321,0.00680128090797245
-147.600411,65.138422,2001,322,37,322,"Point ZM",25,7250,"9/30/20",2,NA,NA,0.268704,1.90803e+13,1,NA,460,46006,0,1,0,0.002908,1,0,0.295552,0.073949243,322,0.0073526909823656
-147.600441,65.13877,2001,323,38,323,"Point ZM",25,7250,"9/30/20",2,NA,NA,0.268704,1.90803e+13,1,NA,460,46006,0,1,0,0.002908,1,0,0.295552,0.066710957,323,0.00788819040272108
-147.600562,65.1389,2001,324,39,324,"Point ZM",25,7250,"9/30/20",2,NA,NA,0.268704,1.90803e+13,1,NA,460,46006,0,1,0,0.002908,1,0,0.295552,0.059472671,324,0.00810289668559405
-147.566498,65.14919,2021,325,96,325,"Point ZM",27,7833,"9/30/20",2,1399972,"Caribou Creek",0.605141,1.90803e+13,1,NA,460,46006,0,1,0,0.011286,1,0,1.459822,0.052234385,325,0.694242240074023
-147.565645,65.149186,2021,326,97,326,"Point ZM",27,7833,"9/30/20",2,1399972,"Caribou Creek",0.605141,1.90803e+13,1,NA,460,46006,0,1,0,0.011286,1,0,1.459822,0.044996099,326,0.697452693574358
-147.564792,65.149182,2021,327,98,327,"Point ZM",27,7833,"9/30/20",2,1399972,"Caribou Creek",0.605141,1.90803e+13,1,NA,460,46006,0,1,0,0.011286,1,0,1.459822,0.037757813,327,0.700663147557889
-147.564245,65.148981,2021,328,99,328,"Point ZM",27,7833,"9/30/20",2,1399972,"Caribou Creek",0.605141,1.90803e+13,1,NA,460,46006,0,1,0,0.011286,1,0,1.459822,0.030519527,328,0.703396326249861
-147.56359,65.148763,2021,329,100,329,"Point ZM",27,7833,"9/30/20",2,1399972,"Caribou Creek",0.605141,1.90803e+13,1,NA,460,46006,0,1,0,0.011286,1,0,1.459822,0.023281241,329,0.706539405061401
-147.562984,65.14852,2021,330,101,330,"Point ZM",27,7833,"9/30/20",2,1399972,"Caribou Creek",0.605141,1.90803e+13,1,NA,460,46006,0,1,0,0.011286,1,0,1.459822,0.016042955,330,0.709689945205997
-147.56214,65.148524,2021,331,102,331,"Point ZM",27,7833,"9/30/20",2,1399972,"Caribou Creek",0.605141,1.90803e+13,1,NA,460,46006,0,1,0,0.011286,1,0,1.459822,0.022912229,331,0.712866609072622
-147.561325,65.148592,2021,332,103,332,"Point ZM",27,7833,"9/30/20",2,1399972,"Caribou Creek",0.605141,1.90803e+13,1,NA,460,46006,0,1,0,0.011286,1,0,1.459822,0.017996234,332,0.715993646162463
-147.560847,65.148842,2021,333,104,333,"Point ZM",27,7833,"9/30/20",2,1399972,"Caribou Creek",0.605141,1.90803e+13,1,NA,460,46006,0,1,0,0.011286,1,0,1.459822,0.019505154,333,0.718863601143883
-147.560471,65.149138,2021,334,105,334,"Point ZM",27,7833,"9/30/20",2,1399972,"Caribou Creek",0.605141,1.90803e+13,1,NA,460,46006,0,1,0,0.011286,1,0,1.459822,0.01703998,334,0.721865630769802
-147.559724,65.149172,2021,335,106,335,"Point ZM",27,7833,"9/30/20",2,1399972,"Caribou Creek",0.605141,1.90803e+13,1,NA,460,46006,0,1,0,0.011286,1,0,1.459822,0.018838915,335,0.724693359756726
-147.558981,65.148999,2021,336,107,336,"Point ZM",27,7833,"9/30/20",2,1399972,"Caribou Creek",0.605141,1.90803e+13,1,NA,460,46006,0,1,0,0.011286,1,0,1.459822,0.00891769,336,0.727889241802099
-147.558271,65.148808,2021,337,108,337,"Point ZM",27,7833,"9/30/20",2,1399972,"Caribou Creek",0.605141,1.90803e+13,1,NA,460,46006,0,1,0,0.011286,1,0,1.459822,0.013049562,337,0.731060803922976
-147.557518,65.148672,2021,338,109,338,"Point ZM",27,7833,"9/30/20",2,1399972,"Caribou Creek",0.605141,1.90803e+13,1,NA,460,46006,0,1,0,0.011286,1,0,1.459822,0.015202813,338,0.734144805400693
-147.556737,65.148538,2021,339,110,339,"Point ZM",27,7833,"9/30/20",2,1399972,"Caribou Creek",0.605141,1.90803e+13,1,NA,460,46006,0,1,0,0.011286,1,0,1.459822,0.011360064,339,0.737319129823861
-147.555897,65.148517,2021,340,111,340,"Point ZM",27,7833,"9/30/20",2,1399972,"Caribou Creek",0.605141,1.90803e+13,1,NA,460,46006,0,1,0,0.011286,1,0,1.459822,0.010359911,340,0.740486112455359
-147.556292,65.1487,2021,341,112,341,"Point ZM",27,7833,"9/30/20",2,1399972,"Caribou Creek",0.605141,1.90803e+13,1,NA,460,46006,0,1,0,0.011286,1,0,1.459822,0.01100208,341,0.74269728828088
-147.555643,65.148881,2021,342,113,342,"Point ZM",27,7833,"9/30/20",2,1399972,"Caribou Creek",0.605141,1.90803e+13,1,NA,460,46006,0,1,0,0.011286,1,0,1.459822,0.015467949,342,0.745627654362162
-147.554868,65.149013,2021,343,114,343,"Point ZM",27,7833,"9/30/20",2,1399972,"Caribou Creek",0.605141,1.90803e+13,1,NA,460,46006,0,1,0,0.011286,1,0,1.459822,0.014515132,343,0.74877428980414
-147.554736,65.149367,2021,344,115,344,"Point ZM",27,7833,"9/30/20",2,1399972,"Caribou Creek",0.605141,1.90803e+13,1,NA,460,46006,0,1,0,0.011286,1,0,1.459822,0.013637501,344,0.751979396541034
-147.554265,65.149617,2021,345,116,345,"Point ZM",27,7833,"9/30/20",2,1399972,"Caribou Creek",0.605141,1.90803e+13,1,NA,460,46006,0,1,0,0.011286,1,0,1.459822,0.01198337,345,0.754832879614049
-147.553611,65.14952,2021,346,117,346,"Point ZM",27,7833,"9/30/20",2,1399972,"Caribou Creek",0.605141,1.90803e+13,1,NA,460,46006,0,1,0,0.011286,1,0,1.459822,0.017687735,346,0.75744260987655
-147.552908,65.149599,2021,347,118,347,"Point ZM",27,7833,"9/30/20",2,1399972,"Caribou Creek",0.605141,1.90803e+13,1,NA,460,46006,0,1,0,0.011286,1,0,1.459822,0.018257995,347,0.760181041784525
-147.552169,65.149652,2021,348,119,348,"Point ZM",27,7833,"9/30/20",2,1399972,"Caribou Creek",0.605141,1.90803e+13,1,NA,460,46006,0,1,0,0.011286,1,0,1.459822,0.01479845,348,0.763002326182009
-147.551531,65.149883,2021,349,120,349,"Point ZM",27,7833,"9/30/20",2,1399972,"Caribou Creek",0.605141,1.90803e+13,1,NA,460,46006,0,1,0,0.011286,1,0,1.459822,0.015713334,349,0.766170007336872
-147.55076,65.149831,2021,350,121,350,"Point ZM",27,7833,"9/30/20",2,1399972,"Caribou Creek",0.605141,1.90803e+13,1,NA,460,46006,0,1,0,0.011286,1,0,1.459822,0.016314969,350,0.769108624736404
-147.550149,65.14958,2021,351,122,351,"Point ZM",27,7833,"9/30/20",2,1399972,"Caribou Creek",0.605141,1.90803e+13,1,NA,460,46006,0,1,0,0.011286,1,0,1.459822,0.013773135,351,0.772322322244431
-147.549431,65.149423,2021,352,123,352,"Point ZM",27,7833,"9/30/20",2,1399972,"Caribou Creek",0.605141,1.90803e+13,1,NA,460,46006,0,1,0,0.011286,1,0,1.459822,0.012814102,352,0.775367592143004
-147.548827,65.149625,2021,353,124,353,"Point ZM",27,7833,"9/30/20",2,1399972,"Caribou Creek",0.605141,1.90803e+13,1,NA,460,46006,0,1,0,0.011286,1,0,1.459822,0.009696082,353,0.778271312179634
-147.547985,65.149669,2021,354,125,354,"Point ZM",27,7833,"9/30/20",2,1399972,"Caribou Creek",0.605141,1.90803e+13,1,NA,460,46006,0,1,0,0.011286,1,0,1.459822,0.013941765,354,0.781464459508587
-147.547179,65.149786,2021,355,126,355,"Point ZM",27,7833,"9/30/20",2,1399972,"Caribou Creek",0.605141,1.90803e+13,1,NA,460,46006,0,1,0,0.011286,1,0,1.459822,0.01494107,355,0.784673221162772
-147.546383,65.149911,2021,356,127,356,"Point ZM",27,7833,"9/30/20",2,1399972,"Caribou Creek",0.605141,1.90803e+13,1,NA,460,46006,0,1,0,0.011286,1,0,1.459822,0.015250011,356,0.787870730219043
-147.545541,65.149962,2021,357,128,357,"Point ZM",27,7833,"9/30/20",2,1399972,"Caribou Creek",0.605141,1.90803e+13,1,NA,460,46006,0,1,0,0.011286,1,0,1.459822,0.016785301,357,0.791072163404129
-147.544733,65.14988,2021,358,129,358,"Point ZM",27,7833,"9/30/20",2,1399972,"Caribou Creek",0.605141,1.90803e+13,1,NA,460,46006,0,1,0,0.011286,1,0,1.459822,0.039039415,358,0.794200181962705
-147.543884,65.14986,2021,359,130,359,"Point ZM",27,7833,"9/30/20",2,1399972,"Caribou Creek",0.605141,1.90803e+13,1,NA,460,46006,0,1,0,0.011286,1,0,1.459822,0.061293529,359,0.797400304167544
-147.543498,65.150034,2021,360,131,360,"Point ZM",27,7833,"9/30/20",2,1399972,"Caribou Creek",0.605141,1.90803e+13,1,NA,460,46006,0,1,0,0.011286,1,0,1.459822,0.083547643,360,0.799529263657215
-147.542721,65.150056,2021,361,132,361,"Point ZM",27,7833,"9/30/20",2,1399972,"Caribou Creek",0.605141,1.90803e+13,1,NA,460,46006,0,1,0,0.011286,1,0,1.459822,0.105801757,361,0.802460012180336
-147.542293,65.149994,2021,362,133,362,"Point ZM",27,7833,"9/30/20",2,1399972,"Caribou Creek",0.605141,1.90803e+13,1,NA,460,46006,0,1,0,0.011286,1,0,1.459822,0.128055871,362,0.804163527243002
-147.589675,65.175323,2022,363,302,363,"Point ZM",28,7844,"9/30/20",2,NA,NA,1.597181,1.90803e+13,1,NA,460,46006,0,1,0,0.021179,1,0,1.596787,0.150309985,363,0.0269767273643534
-147.590021,65.174995,2022,364,303,364,"Point ZM",28,7844,"9/30/20",2,NA,NA,1.597181,1.90803e+13,1,NA,460,46006,0,1,0,0.021179,1,0,1.596787,0.172564099,364,0.0276530556587064
-147.590387,65.174671,2022,365,304,365,"Point ZM",28,7844,"9/30/20",2,NA,NA,1.597181,1.90803e+13,1,NA,460,46006,0,1,0,0.021179,1,0,1.596787,0.194818213,365,0.0283291438988468
-147.590803,65.174359,2022,366,305,366,"Point ZM",28,7844,"9/30/20",2,NA,NA,1.597181,1.90803e+13,1,NA,460,46006,0,1,0,0.021179,1,0,1.596787,0.217072327,366,0.0290033308042313
-147.591345,65.174082,2022,367,306,367,"Point ZM",28,7844,"9/30/20",2,NA,NA,1.597181,1.90803e+13,1,NA,460,46006,0,1,0,0.021179,1,0,1.596787,0.239326441,367,0.0296793992293343
-147.591935,65.173823,2022,368,307,368,"Point ZM",28,7844,"9/30/20",2,NA,NA,1.597181,1.90803e+13,1,NA,460,46006,0,1,0,0.021179,1,0,1.596787,0.261580556,368,0.0303553481164708
-147.592499,65.173554,2022,369,308,369,"Point ZM",28,7844,"9/30/20",2,NA,NA,1.597181,1.90803e+13,1,NA,460,46006,0,1,0,0.021179,1,0,1.596787,0.255628577,369,0.0310312424404384
-147.593117,65.173308,2022,370,309,370,"Point ZM",28,7844,"9/30/20",2,NA,NA,1.597181,1.90803e+13,1,NA,460,46006,0,1,0,0.021179,1,0,1.596787,0.243632456,370,0.0317056508057613
-147.593777,65.17308,2022,371,310,371,"Point ZM",28,7844,"9/30/20",2,NA,NA,1.597181,1.90803e+13,1,NA,460,46006,0,1,0,0.021179,1,0,1.596787,0.23377735,371,0.0323825691507465
-147.594436,65.172852,2022,372,311,372,"Point ZM",28,7844,"9/30/20",2,NA,NA,1.597181,1.90803e+13,1,NA,460,46006,0,1,0,0.021179,1,0,1.596787,0.224975465,372,0.033058878935116
-147.595096,65.172624,2022,373,312,373,"Point ZM",28,7844,"9/30/20",2,NA,NA,1.597181,1.90803e+13,1,NA,460,46006,0,1,0,0.021179,1,0,1.596787,0.207104153,373,0.0337358042061474
-147.595755,65.172396,2022,374,313,374,"Point ZM",28,7844,"9/30/20",2,NA,NA,1.597181,1.90803e+13,1,NA,460,46006,0,1,0,0.021179,1,0,1.596787,0.192204406,374,0.0344121209017514
-147.596384,65.172155,2022,375,314,375,"Point ZM",28,7844,"9/30/20",2,NA,NA,1.597181,1.90803e+13,1,NA,460,46006,0,1,0,0.021179,1,0,1.596787,0.182569188,375,0.035086516189637
-147.596847,65.171853,2022,376,315,376,"Point ZM",28,7844,"9/30/20",2,NA,NA,1.597181,1.90803e+13,1,NA,460,46006,0,1,0,0.021179,1,0,1.596787,0.173414674,376,0.0357637713994351
-147.597349,65.171563,2022,377,316,377,"Point ZM",28,7844,"9/30/20",2,NA,NA,1.597181,1.90803e+13,1,NA,460,46006,0,1,0,0.021179,1,0,1.596787,0.163782571,377,0.0364398406193226
-147.597781,65.171255,2022,378,317,378,"Point ZM",28,7844,"9/30/20",2,NA,NA,1.597181,1.90803e+13,1,NA,460,46006,0,1,0,0.021179,1,0,1.596787,0.156784916,378,0.0371138300691705
-147.598179,65.170938,2022,379,318,379,"Point ZM",28,7844,"9/30/20",2,NA,NA,1.597181,1.90803e+13,1,NA,460,46006,0,1,0,0.021179,1,0,1.596787,0.151905698,379,0.0377894992954612
-147.598466,65.170601,2022,380,319,380,"Point ZM",28,7844,"9/30/20",2,NA,NA,1.597181,1.90803e+13,1,NA,460,46006,0,1,0,0.021179,1,0,1.596787,0.146734063,380,0.0384642256143466
-147.598669,65.170252,2022,381,320,381,"Point ZM",28,7844,"9/30/20",2,NA,NA,1.597181,1.90803e+13,1,NA,460,46006,0,1,0,0.021179,1,0,1.596787,0.142496252,381,0.0391414676455783
-147.598906,65.169908,2022,382,321,382,"Point ZM",28,7844,"9/30/20",2,NA,NA,1.597181,1.90803e+13,1,NA,460,46006,0,1,0,0.021179,1,0,1.596787,0.137284307,382,0.0398165537887911
-147.59925,65.16958,2022,383,322,383,"Point ZM",28,7844,"9/30/20",2,NA,NA,1.597181,1.90803e+13,1,NA,460,46006,0,1,0,0.021179,1,0,1.596787,0.132333747,383,0.0404922633118455
-147.599682,65.16927,2022,384,323,384,"Point ZM",28,7844,"9/30/20",2,NA,NA,1.597181,1.90803e+13,1,NA,460,46006,0,1,0,0.021179,1,0,1.596787,0.129014636,384,0.0411695157055129
-147.600158,65.168973,2022,385,324,385,"Point ZM",28,7844,"9/30/20",2,NA,NA,1.597181,1.90803e+13,1,NA,460,46006,0,1,0,0.021179,1,0,1.596787,0.122468765,385,0.0418445927645131
-147.600675,65.168687,2022,386,325,386,"Point ZM",28,7844,"9/30/20",2,NA,NA,1.597181,1.90803e+13,1,NA,460,46006,0,1,0,0.021179,1,0,1.596787,0.116997329,386,0.0425217321873377
-147.601189,65.168401,2022,387,326,387,"Point ZM",28,7844,"9/30/20",2,NA,NA,1.597181,1.90803e+13,1,NA,460,46006,0,1,0,0.021179,1,0,1.596787,0.109938224,387,0.0431974382099287
-147.601579,65.168082,2022,388,327,388,"Point ZM",28,7844,"9/30/20",2,NA,NA,1.597181,1.90803e+13,1,NA,460,46006,0,1,0,0.021179,1,0,1.596787,0.102134846,388,0.0438735372339031
-147.601919,65.167753,2022,389,328,389,"Point ZM",28,7844,"9/30/20",2,NA,NA,1.597181,1.90803e+13,1,NA,460,46006,0,1,0,0.021179,1,0,1.596787,0.099736827,389,0.0445497097018594
-147.602258,65.167424,2022,390,329,390,"Point ZM",28,7844,"9/30/20",2,NA,NA,1.597181,1.90803e+13,1,NA,460,46006,0,1,0,0.021179,1,0,1.596787,0.094283207,390,0.0452255680084464
-147.602579,65.167091,2022,391,330,391,"Point ZM",28,7844,"9/30/20",2,NA,NA,1.597181,1.90803e+13,1,NA,460,46006,0,1,0,0.021179,1,0,1.596787,0.094291915,391,0.0459028657152389
-147.60293,65.166764,2022,392,331,392,"Point ZM",28,7844,"9/30/20",2,NA,NA,1.597181,1.90803e+13,1,NA,460,46006,0,1,0,0.021179,1,0,1.596787,0.089852788,392,0.0465791257958221
-147.603322,65.166445,2022,393,332,393,"Point ZM",28,7844,"9/30/20",2,NA,NA,1.597181,1.90803e+13,1,NA,460,46006,0,1,0,0.021179,1,0,1.596787,0.0858921,393,0.0472559596255979
-147.603678,65.166119,2022,394,333,394,"Point ZM",28,7844,"9/30/20",2,NA,NA,1.597181,1.90803e+13,1,NA,460,46006,0,1,0,0.021179,1,0,1.596787,0.085678324,394,0.0479321489224671
-147.60402,65.16579,2022,395,334,395,"Point ZM",28,7844,"9/30/20",2,NA,NA,1.597181,1.90803e+13,1,NA,460,46006,0,1,0,0.021179,1,0,1.596787,0.084498203,395,0.0486089625317092
-147.604341,65.165458,2022,396,335,396,"Point ZM",28,7844,"9/30/20",2,NA,NA,1.597181,1.90803e+13,1,NA,460,46006,0,1,0,0.021179,1,0,1.596787,0.081092516,396,0.0492845194426548
-147.60469,65.165131,2022,397,336,397,"Point ZM",28,7844,"9/30/20",2,NA,NA,1.597181,1.90803e+13,1,NA,460,46006,0,1,0,0.021179,1,0,1.596787,0.078632289,397,0.0499601358083189
-147.605126,65.164822,2022,398,337,398,"Point ZM",28,7844,"9/30/20",2,NA,NA,1.597181,1.90803e+13,1,NA,460,46006,0,1,0,0.021179,1,0,1.596787,0.075862895,398,0.0506374036304629
-147.605429,65.164488,2022,399,338,399,"Point ZM",28,7844,"9/30/20",2,NA,NA,1.597181,1.90803e+13,1,NA,460,46006,0,1,0,0.021179,1,0,1.596787,0.070470455,399,0.0513112414971365
-147.605749,65.164155,2022,400,339,400,"Point ZM",28,7844,"9/30/20",2,NA,NA,1.597181,1.90803e+13,1,NA,460,46006,0,1,0,0.021179,1,0,1.596787,0.065078015,400,0.0519882521623075
-147.606025,65.163816,2022,401,340,401,"Point ZM",28,7844,"9/30/20",2,NA,NA,1.597181,1.90803e+13,1,NA,460,46006,0,1,0,0.021179,1,0,1.596787,0.059685574,401,0.0526636734349387
-147.606072,65.163459,2022,402,341,402,"Point ZM",28,7844,"9/30/20",2,NA,NA,1.597181,1.90803e+13,1,NA,460,46006,0,1,0,0.021179,1,0,1.596787,0.054293134,402,0.0533376405957187
-147.606374,65.163158,2022,403,342,403,"Point ZM",28,7844,"9/30/20",2,NA,NA,1.597181,1.90803e+13,1,NA,460,46006,0,1,0,0.021179,1,0,1.596787,0.048900694,403,0.0539534547287068
-147.534083,65.149538,2023,404,404,404,"Point ZM",30,8154,"9/30/20",2,1399972,"Caribou Creek",0.725963,1.90803e+13,1,NA,460,46006,0,1,0,0.013552,1,0,0.725578,0.043508254,404,0.886314654384626
-147.533662,65.149252,2023,405,405,405,"Point ZM",30,8154,"9/30/20",2,1399972,"Caribou Creek",0.725963,1.90803e+13,1,NA,460,46006,0,1,0,0.013552,1,0,0.725578,0.038115813,405,0.888922325219813
-147.532813,65.149257,2023,406,406,406,"Point ZM",30,8154,"9/30/20",2,1399972,"Caribou Creek",0.725963,1.90803e+13,1,NA,460,46006,0,1,0,0.013552,1,0,0.725578,0.032723373,406,0.891691566396151
-147.531978,65.149328,2023,407,407,407,"Point ZM",30,8154,"9/30/20",2,1399972,"Caribou Creek",0.725963,1.90803e+13,1,NA,460,46006,0,1,0,0.013552,1,0,0.725578,0.027330933,407,0.894469925393016
-147.531126,65.149339,2023,408,408,408,"Point ZM",30,8154,"9/30/20",2,1399972,"Caribou Creek",0.725963,1.90803e+13,1,NA,460,46006,0,1,0,0.013552,1,0,0.725578,0.021938493,408,0.89724997929696
-147.530305,65.149372,2023,409,409,409,"Point ZM",30,8154,"9/30/20",2,1399972,"Caribou Creek",0.725963,1.90803e+13,1,NA,460,46006,0,1,0,0.013552,1,0,0.725578,0.016546053,409,0.899939808920763
-147.529534,65.149248,2023,410,410,410,"Point ZM",30,8154,"9/30/20",2,1399972,"Caribou Creek",0.725963,1.90803e+13,1,NA,460,46006,0,1,0,0.013552,1,0,0.725578,0.016824358,410,0.902631820300112
-147.528695,65.149294,2023,411,411,411,"Point ZM",30,8154,"9/30/20",2,1399972,"Caribou Creek",0.725963,1.90803e+13,1,NA,460,46006,0,1,0,0.013552,1,0,0.725578,0.017789377,411,0.905391307582029
-147.52793,65.149442,2023,412,412,412,"Point ZM",30,8154,"9/30/20",2,1399972,"Caribou Creek",0.725963,1.90803e+13,1,NA,460,46006,0,1,0,0.013552,1,0,0.725578,0.016698188,412,0.908137413379201
-147.527175,65.149528,2023,413,413,413,"Point ZM",30,8154,"9/30/20",2,1399972,"Caribou Creek",0.725963,1.90803e+13,1,NA,460,46006,0,1,0,0.013552,1,0,0.725578,0.016834834,413,0.910688425048609
-147.526364,65.149577,2023,414,414,414,"Point ZM",30,8154,"9/30/20",2,1399972,"Caribou Creek",0.725963,1.90803e+13,1,NA,460,46006,0,1,0,0.013552,1,0,0.725578,0.018436442,414,0.913360561799085
-147.525616,65.149446,2023,415,415,415,"Point ZM",30,8154,"9/30/20",2,1399972,"Caribou Creek",0.725963,1.90803e+13,1,NA,460,46006,0,1,0,0.013552,1,0,0.725578,0.010481516,415,0.916002996346176
-147.525241,65.149683,2023,416,416,416,"Point ZM",30,8154,"9/30/20",2,1399972,"Caribou Creek",0.725963,1.90803e+13,1,NA,460,46006,0,1,0,0.013552,1,0,0.725578,0.010378931,416,0.918209955515159
-147.525529,65.149854,2023,417,417,417,"Point ZM",30,8154,"9/30/20",2,1399972,"Caribou Creek",0.725963,1.90803e+13,1,NA,460,46006,0,1,0,0.013552,1,0,0.725578,0.010282563,417,0.919834506847593
-147.524955,65.149992,2023,418,418,418,"Point ZM",30,8154,"9/30/20",2,1399972,"Caribou Creek",0.725963,1.90803e+13,1,NA,460,46006,0,1,0,0.013552,1,0,0.725578,0.016833484,418,0.921990595659679
-147.524139,65.149955,2023,419,419,419,"Point ZM",30,8154,"9/30/20",2,1399972,"Caribou Creek",0.725963,1.90803e+13,1,NA,460,46006,0,1,0,0.013552,1,0,0.725578,0.018767135,419,0.924667275302857
-147.523673,65.150215,2023,420,420,420,"Point ZM",30,8154,"9/30/20",2,1399972,"Caribou Creek",0.725963,1.90803e+13,1,NA,460,46006,0,1,0,0.013552,1,0,0.725578,0.020700786,420,0.927191447662947
-147.523002,65.15042,2023,421,421,421,"Point ZM",30,8154,"9/30/20",2,1399972,"Caribou Creek",0.725963,1.90803e+13,1,NA,460,46006,0,1,0,0.013552,1,0,0.725578,0.022634437,421,0.92989586817753
-147.522187,65.150397,2023,422,422,422,"Point ZM",30,8154,"9/30/20",2,1399972,"Caribou Creek",0.725963,1.90803e+13,1,NA,460,46006,0,1,0,0.013552,1,0,0.725578,0.024568088,422,0.932559805816236
-147.522075,65.15038,2023,423,423,423,"Point ZM",30,8154,"9/30/20",2,1399972,"Caribou Creek",0.725963,1.90803e+13,1,NA,460,46006,0,1,0,0.013552,1,0,0.725578,0.026501739,423,0.932948115061619
-147.618837,65.155142,2024,424,478,424,"Point ZM",31,8447,"9/30/20",2,1399972,"Caribou Creek",0.603972,1.90803e+13,1,NA,460,46006,0,1,0,0.012398,1,0,0.603594,0.02843539,424,0.227115123281731
-147.618055,65.155284,2024,425,479,425,"Point ZM",31,8447,"9/30/20",2,1399972,"Caribou Creek",0.603972,1.90803e+13,1,NA,460,46006,0,1,0,0.012398,1,0,0.603594,0.030369041,425,0.230979850413955
-147.617275,65.15543,2024,426,480,426,"Point ZM",31,8447,"9/30/20",2,1399972,"Caribou Creek",0.603972,1.90803e+13,1,NA,460,46006,0,1,0,0.012398,1,0,0.603594,0.032302692,426,0.234853568688638
-147.61648,65.15556,2024,427,481,427,"Point ZM",31,8447,"9/30/20",2,1399972,"Caribou Creek",0.603972,1.90803e+13,1,NA,460,46006,0,1,0,0.012398,1,0,0.603594,0.034236343,427,0.23872373192319
-147.615684,65.15569,2024,428,482,428,"Point ZM",31,8447,"9/30/20",2,1399972,"Caribou Creek",0.603972,1.90803e+13,1,NA,460,46006,0,1,0,0.012398,1,0,0.603594,0.036169994,428,0.242598108106354
-147.614889,65.155819,2024,429,483,429,"Point ZM",31,8447,"9/30/20",2,1399972,"Caribou Creek",0.603972,1.90803e+13,1,NA,460,46006,0,1,0,0.012398,1,0,0.603594,0.038103646,429,0.246464343453283
-147.614089,65.155944,2024,430,484,430,"Point ZM",31,8447,"9/30/20",2,1399972,"Caribou Creek",0.603972,1.90803e+13,1,NA,460,46006,0,1,0,0.012398,1,0,0.603594,0.03713497,430,0.250336503810171
-147.613248,65.156001,2024,431,485,431,"Point ZM",31,8447,"9/30/20",2,1399972,"Caribou Creek",0.603972,1.90803e+13,1,NA,460,46006,0,1,0,0.012398,1,0,0.603594,0.035556861,431,0.254201571454663
-147.612428,65.156099,2024,432,486,432,"Point ZM",31,8447,"9/30/20",2,1399972,"Caribou Creek",0.603972,1.90803e+13,1,NA,460,46006,0,1,0,0.012398,1,0,0.603594,0.034212118,432,0.258069381256251
-147.611616,65.156209,2024,433,487,433,"Point ZM",31,8447,"9/30/20",2,1399972,"Caribou Creek",0.603972,1.90803e+13,1,NA,460,46006,0,1,0,0.012398,1,0,0.603594,0.032091356,433,0.26193997092582
-147.610803,65.156317,2024,434,488,434,"Point ZM",31,8447,"9/30/20",2,1399972,"Caribou Creek",0.603972,1.90803e+13,1,NA,460,46006,0,1,0,0.012398,1,0,0.603594,0.032183323,434,0.265808314141333
-147.609988,65.156423,2024,435,489,435,"Point ZM",31,8447,"9/30/20",2,1399972,"Caribou Creek",0.603972,1.90803e+13,1,NA,460,46006,0,1,0,0.012398,1,0,0.603594,0.028339741,435,0.269678869994584
-147.609151,65.156493,2024,436,490,436,"Point ZM",31,8447,"9/30/20",2,1399972,"Caribou Creek",0.603972,1.90803e+13,1,NA,460,46006,0,1,0,0.012398,1,0,0.603594,0.031126404,436,0.273550836974498
-147.608305,65.15653,2024,437,491,437,"Point ZM",31,8447,"9/30/20",2,1399972,"Caribou Creek",0.603972,1.90803e+13,1,NA,460,46006,0,1,0,0.012398,1,0,0.603594,0.033913066,437,0.277409991071287
-147.607457,65.156521,2024,438,492,438,"Point ZM",31,8447,"9/30/20",2,1399972,"Caribou Creek",0.603972,1.90803e+13,1,NA,460,46006,0,1,0,0.012398,1,0,0.603594,0.036699729,438,0.281258750208642
-147.606621,65.156452,2024,439,493,439,"Point ZM",31,8447,"9/30/20",2,1399972,"Caribou Creek",0.603972,1.90803e+13,1,NA,460,46006,0,1,0,0.012398,1,0,0.603594,0.039486392,439,0.285124171877386
-147.606545,65.156448,2024,440,494,440,"Point ZM",31,8447,"9/30/20",2,1399972,"Caribou Creek",0.603972,1.90803e+13,1,NA,460,46006,0,1,0,0.012398,1,0,0.603594,0.042273055,440,0.285471687821218
-147.649092,65.146412,2025,441,495,441,"Point ZM",32,8547,"9/30/20",2,1399972,"Caribou Creek",1.763414,1.90803e+13,1,NA,460,46006,0,1,0,0.031749,1,0,1.762573,0.045059717,441,0.054026683291364
-147.648243,65.146432,2025,442,496,442,"Point ZM",32,8547,"9/30/20",2,1399972,"Caribou Creek",1.763414,1.90803e+13,1,NA,460,46006,0,1,0,0.031749,1,0,1.762573,0.04784638,442,0.0560975127747419
-147.647438,65.146541,2025,443,497,443,"Point ZM",32,8547,"9/30/20",2,1399972,"Caribou Creek",1.763414,1.90803e+13,1,NA,460,46006,0,1,0,0.031749,1,0,1.762573,0.050633043,443,0.0581569384140501
-147.646631,65.146652,2025,444,498,444,"Point ZM",32,8547,"9/30/20",2,1399972,"Caribou Creek",1.763414,1.90803e+13,1,NA,460,46006,0,1,0,0.031749,1,0,1.762573,0.053419706,444,0.0602245602339443
-147.645873,65.146816,2025,445,499,445,"Point ZM",32,8547,"9/30/20",2,1399972,"Caribou Creek",1.763414,1.90803e+13,1,NA,460,46006,0,1,0,0.031749,1,0,1.762573,0.056206369,445,0.062300227343039
-147.645061,65.146922,2025,446,500,446,"Point ZM",32,8547,"9/30/20",2,1399972,"Caribou Creek",1.763414,1.90803e+13,1,NA,460,46006,0,1,0,0.031749,1,0,1.762573,0.058993031,446,0.0643706496864324
-147.644225,65.14699,2025,447,501,447,"Point ZM",32,8547,"9/30/20",2,1399972,"Caribou Creek",1.763414,1.90803e+13,1,NA,460,46006,0,1,0,0.031749,1,0,1.762573,0.056196608,447,0.0664442287668632
-147.643437,65.147124,2025,448,502,448,"Point ZM",32,8547,"9/30/20",2,1399972,"Caribou Creek",1.763414,1.90803e+13,1,NA,460,46006,0,1,0,0.031749,1,0,1.762573,0.052764288,448,0.0685139962183086
-147.642673,65.147282,2025,449,503,449,"Point ZM",32,8547,"9/30/20",2,1399972,"Caribou Creek",1.763414,1.90803e+13,1,NA,460,46006,0,1,0,0.031749,1,0,1.762573,0.051993611,449,0.070587090845639
-147.641925,65.147435,2025,450,504,450,"Point ZM",32,8547,"9/30/20",2,1399972,"Caribou Creek",1.763414,1.90803e+13,1,NA,460,46006,0,1,0,0.031749,1,0,1.762573,0.049295231,450,0.0726124624872571
-147.641204,65.14762,2025,451,505,451,"Point ZM",32,8547,"9/30/20",2,1399972,"Caribou Creek",1.763414,1.90803e+13,1,NA,460,46006,0,1,0,0.031749,1,0,1.762573,0.047353155,451,0.0746689496764392
-147.640481,65.147809,2025,452,506,452,"Point ZM",32,8547,"9/30/20",2,1399972,"Caribou Creek",1.763414,1.90803e+13,1,NA,460,46006,0,1,0,0.031749,1,0,1.762573,0.045794614,452,0.0767417084759265
-147.639732,65.14798,2025,453,507,453,"Point ZM",32,8547,"9/30/20",2,1399972,"Caribou Creek",1.763414,1.90803e+13,1,NA,460,46006,0,1,0,0.031749,1,0,1.762573,0.046417627,453,0.0788168489853345
-147.639005,65.148167,2025,454,508,454,"Point ZM",32,8547,"9/30/20",2,1399972,"Caribou Creek",1.763414,1.90803e+13,1,NA,460,46006,0,1,0,0.031749,1,0,1.762573,0.046607695,454,0.0808918074704987
-147.638277,65.148354,2025,455,509,455,"Point ZM",32,8547,"9/30/20",2,1399972,"Caribou Creek",1.763414,1.90803e+13,1,NA,460,46006,0,1,0,0.031749,1,0,1.762573,0.04722991,455,0.0829688334204676
-147.637546,65.148539,2025,456,510,456,"Point ZM",32,8547,"9/30/20",2,1399972,"Caribou Creek",1.763414,1.90803e+13,1,NA,460,46006,0,1,0,0.031749,1,0,1.762573,0.045775923,456,0.0850460981837345
-147.636757,65.148674,2025,457,511,457,"Point ZM",32,8547,"9/30/20",2,1399972,"Caribou Creek",1.763414,1.90803e+13,1,NA,460,46006,0,1,0,0.031749,1,0,1.762573,0.046131166,457,0.0871201929665396
-147.635935,65.148767,2025,458,512,458,"Point ZM",32,8547,"9/30/20",2,1399972,"Caribou Creek",1.763414,1.90803e+13,1,NA,460,46006,0,1,0,0.031749,1,0,1.762573,0.047215587,458,0.0891929565654281
-147.635154,65.14891,2025,459,513,459,"Point ZM",32,8547,"9/30/20",2,1399972,"Caribou Creek",1.763414,1.90803e+13,1,NA,460,46006,0,1,0,0.031749,1,0,1.762573,0.046796509,459,0.091267038733306
-147.634407,65.149083,2025,460,514,460,"Point ZM",32,8547,"9/30/20",2,1399972,"Caribou Creek",1.763414,1.90803e+13,1,NA,460,46006,0,1,0,0.031749,1,0,1.762573,0.049035616,460,0.093343389965869
-147.633705,65.149281,2025,461,515,461,"Point ZM",32,8547,"9/30/20",2,1399972,"Caribou Creek",1.763414,1.90803e+13,1,NA,460,46006,0,1,0,0.031749,1,0,1.762573,0.049192612,461,0.0954013506703755
-147.633054,65.149513,2025,462,516,462,"Point ZM",32,8547,"9/30/20",2,1399972,"Caribou Creek",1.763414,1.90803e+13,1,NA,460,46006,0,1,0,0.031749,1,0,1.762573,0.050713224,462,0.0974787716662616
-147.632378,65.149731,2025,463,517,463,"Point ZM",32,8547,"9/30/20",2,1399972,"Caribou Creek",1.763414,1.90803e+13,1,NA,460,46006,0,1,0,0.031749,1,0,1.762573,0.046928808,463,0.099552737363877
-147.631715,65.149955,2025,464,518,464,"Point ZM",32,8547,"9/30/20",2,1399972,"Caribou Creek",1.763414,1.90803e+13,1,NA,460,46006,0,1,0,0.031749,1,0,1.762573,0.046433448,464,0.101623220992335
-147.631085,65.150197,2025,465,519,465,"Point ZM",32,8547,"9/30/20",2,1399972,"Caribou Creek",1.763414,1.90803e+13,1,NA,460,46006,0,1,0,0.031749,1,0,1.762573,0.045237856,465,0.103700432642457
-147.630429,65.150426,2025,466,520,466,"Point ZM",32,8547,"9/30/20",2,1399972,"Caribou Creek",1.763414,1.90803e+13,1,NA,460,46006,0,1,0,0.031749,1,0,1.762573,0.045667109,466,0.105775988089404
-147.629814,65.150675,2025,467,521,467,"Point ZM",32,8547,"9/30/20",2,1399972,"Caribou Creek",1.763414,1.90803e+13,1,NA,460,46006,0,1,0,0.031749,1,0,1.762573,0.04551347,467,0.107854236908914
-147.629161,65.150906,2025,468,522,468,"Point ZM",32,8547,"9/30/20",2,1399972,"Caribou Creek",1.763414,1.90803e+13,1,NA,460,46006,0,1,0,0.031749,1,0,1.762573,0.048082562,468,0.109931583782545
-147.628503,65.151134,2025,469,523,469,"Point ZM",32,8547,"9/30/20",2,1399972,"Caribou Creek",1.763414,1.90803e+13,1,NA,460,46006,0,1,0,0.031749,1,0,1.762573,0.045527676,469,0.112007172589789
-147.627878,65.151378,2025,470,524,470,"Point ZM",32,8547,"9/30/20",2,1399972,"Caribou Creek",1.763414,1.90803e+13,1,NA,460,46006,0,1,0,0.031749,1,0,1.762573,0.045648521,470,0.114083215270723
-147.627197,65.151593,2025,471,525,471,"Point ZM",32,8547,"9/30/20",2,1399972,"Caribou Creek",1.763414,1.90803e+13,1,NA,460,46006,0,1,0,0.031749,1,0,1.762573,0.04424228,471,0.116156297887288
-147.626631,65.151857,2025,472,526,472,"Point ZM",32,8547,"9/30/20",2,1399972,"Caribou Creek",1.763414,1.90803e+13,1,NA,460,46006,0,1,0,0.031749,1,0,1.762573,0.04337462,472,0.118213864416555
-147.626137,65.152147,2025,473,527,473,"Point ZM",32,8547,"9/30/20",2,1399972,"Caribou Creek",1.763414,1.90803e+13,1,NA,460,46006,0,1,0,0.031749,1,0,1.762573,0.042866109,473,0.120278696604001
-147.625472,65.152369,2025,474,528,474,"Point ZM",32,8547,"9/30/20",2,1399972,"Caribou Creek",1.763414,1.90803e+13,1,NA,460,46006,0,1,0,0.031749,1,0,1.762573,0.042703899,474,0.122345650593795
-147.625034,65.152677,2025,475,529,475,"Point ZM",32,8547,"9/30/20",2,1399972,"Caribou Creek",1.763414,1.90803e+13,1,NA,460,46006,0,1,0,0.031749,1,0,1.762573,0.041293634,475,0.124422812421464
-147.624416,65.152923,2025,476,530,476,"Point ZM",32,8547,"9/30/20",2,1399972,"Caribou Creek",1.763414,1.90803e+13,1,NA,460,46006,0,1,0,0.031749,1,0,1.762573,0.041427595,476,0.126494268256807
-147.62382,65.153177,2025,477,531,477,"Point ZM",32,8547,"9/30/20",2,1399972,"Caribou Creek",1.763414,1.90803e+13,1,NA,460,46006,0,1,0,0.031749,1,0,1.762573,0.04241365,477,0.128559828675074
-147.623374,65.153482,2025,478,532,478,"Point ZM",32,8547,"9/30/20",2,1399972,"Caribou Creek",1.763414,1.90803e+13,1,NA,460,46006,0,1,0,0.031749,1,0,1.762573,0.036505158,478,0.130632232870845
-147.622709,65.153705,2025,479,533,479,"Point ZM",32,8547,"9/30/20",2,1399972,"Caribou Creek",1.763414,1.90803e+13,1,NA,460,46006,0,1,0,0.031749,1,0,1.762573,0.035814212,479,0.132702725669068
-147.622031,65.153922,2025,480,534,480,"Point ZM",32,8547,"9/30/20",2,1399972,"Caribou Creek",1.763414,1.90803e+13,1,NA,460,46006,0,1,0,0.031749,1,0,1.762573,0.032765849,480,0.134776842972339
-147.62145,65.154185,2025,481,535,481,"Point ZM",32,8547,"9/30/20",2,1399972,"Caribou Creek",1.763414,1.90803e+13,1,NA,460,46006,0,1,0,0.031749,1,0,1.762573,0.028333361,481,0.136854721337383
-147.620809,65.154421,2025,482,536,482,"Point ZM",32,8547,"9/30/20",2,1399972,"Caribou Creek",1.763414,1.90803e+13,1,NA,460,46006,0,1,0,0.031749,1,0,1.762573,0.02963569,482,0.138928575632073
-147.62017,65.154659,2025,483,537,483,"Point ZM",32,8547,"9/30/20",2,1399972,"Caribou Creek",1.763414,1.90803e+13,1,NA,460,46006,0,1,0,0.031749,1,0,1.762573,0.030938019,483,0.141006412629833
-147.619542,65.154901,2025,484,538,484,"Point ZM",32,8547,"9/30/20",2,1399972,"Caribou Creek",1.763414,1.90803e+13,1,NA,460,46006,0,1,0,0.031749,1,0,1.762573,0.032240348,484,0.143079831271336
-147.61888,65.155127,2025,485,539,485,"Point ZM",32,8547,"9/30/20",2,1399972,"Caribou Creek",1.763414,1.90803e+13,1,NA,460,46006,0,1,0,0.031749,1,0,1.762573,0.033542676,485,0.145155447141421
-147.618837,65.155142,2025,486,540,486,"Point ZM",32,8547,"9/30/20",2,1399972,"Caribou Creek",1.763414,1.90803e+13,1,NA,460,46006,0,1,0,0.031749,1,0,1.762573,0.034845005,486,0.145291443248444
-147.607322,65.160583,2026,487,541,487,"Point ZM",33,8577,"9/30/20",2,NA,NA,0.490414,1.90803e+13,1,NA,460,46006,0,1,0,0.005388,1,0,0.490333,0.036147334,487,0.118066243792171
-147.607592,65.160244,2026,488,542,488,"Point ZM",33,8577,"9/30/20",2,NA,NA,0.490414,1.90803e+13,1,NA,460,46006,0,1,0,0.005388,1,0,0.490333,0.037449663,488,0.118260585095446
-147.607783,65.159897,2026,489,543,489,"Point ZM",33,8577,"9/30/20",2,NA,NA,0.490414,1.90803e+13,1,NA,460,46006,0,1,0,0.005388,1,0,0.490333,0.038751991,489,0.118454199868951
-147.608189,65.159584,2026,490,544,490,"Point ZM",33,8577,"9/30/20",2,NA,NA,0.490414,1.90803e+13,1,NA,460,46006,0,1,0,0.005388,1,0,0.490333,0.04005432,490,0.118648017192439
-147.608487,65.159251,2026,491,545,491,"Point ZM",33,8577,"9/30/20",2,NA,NA,0.490414,1.90803e+13,1,NA,460,46006,0,1,0,0.005388,1,0,0.490333,0.041356649,491,0.118841430577498
-147.608439,65.158894,2026,492,546,492,"Point ZM",33,8577,"9/30/20",2,NA,NA,0.490414,1.90803e+13,1,NA,460,46006,0,1,0,0.005388,1,0,0.490333,0.042658978,492,0.11903580267963
-147.608345,65.158537,2026,493,547,493,"Point ZM",33,8577,"9/30/20",2,NA,NA,0.490414,1.90803e+13,1,NA,460,46006,0,1,0,0.005388,1,0,0.490333,0.043912668,493,0.119231051174871
-147.608222,65.158182,2026,494,548,494,"Point ZM",33,8577,"9/30/20",2,NA,NA,0.490414,1.90803e+13,1,NA,460,46006,0,1,0,0.005388,1,0,0.490333,0.044178943,494,0.119426064457316
-147.608073,65.157829,2026,495,549,495,"Point ZM",33,8577,"9/30/20",2,NA,NA,0.490414,1.90803e+13,1,NA,460,46006,0,1,0,0.005388,1,0,0.490333,0.041278912,495,0.119620952865837
-147.60778,65.157492,2026,496,550,496,"Point ZM",33,8577,"9/30/20",2,NA,NA,0.490414,1.90803e+13,1,NA,460,46006,0,1,0,0.005388,1,0,0.490333,0.04003994,496,0.119816008672002
-147.607418,65.157167,2026,497,551,497,"Point ZM",33,8577,"9/30/20",2,NA,NA,0.490414,1.90803e+13,1,NA,460,46006,0,1,0,0.005388,1,0,0.490333,0.038800968,497,0.120011104329681
-147.606994,65.156856,2026,498,552,498,"Point ZM",33,8577,"9/30/20",2,NA,NA,0.490414,1.90803e+13,1,NA,460,46006,0,1,0,0.005388,1,0,0.490333,0.037561997,498,0.120205986915917
-147.606601,65.156538,2026,499,553,499,"Point ZM",33,8577,"9/30/20",2,NA,NA,0.490414,1.90803e+13,1,NA,460,46006,0,1,0,0.005388,1,0,0.490333,0.036323025,499,0.120400810724871
-147.606545,65.156448,2026,500,554,500,"Point ZM",33,8577,"9/30/20",2,NA,NA,0.490414,1.90803e+13,1,NA,460,46006,0,1,0,0.005388,1,0,0.490333,0.035084054,500,0.120451381867166
-147.606545,65.156448,2027,501,449,501,"Point ZM",34,8645,"9/30/20",2,1399972,"Caribou Creek",0.806245,1.90803e+13,1,NA,460,46006,0,1,0,0.015511,1,0,1.096164,0.033845082,501,0.405923069688384
-147.605945,65.15621,2027,502,450,502,"Point ZM",34,8645,"9/30/20",2,1399972,"Caribou Creek",0.806245,1.90803e+13,1,NA,460,46006,0,1,0,0.015511,1,0,1.096164,0.032606111,502,0.407953932736514
-147.605293,65.155988,2027,503,451,503,"Point ZM",34,8645,"9/30/20",2,1399972,"Caribou Creek",0.806245,1.90803e+13,1,NA,460,46006,0,1,0,0.015511,1,0,1.096164,0.031367139,503,0.410019606179162
-147.604476,65.155899,2027,504,452,504,"Point ZM",34,8645,"9/30/20",2,1399972,"Caribou Creek",0.806245,1.90803e+13,1,NA,460,46006,0,1,0,0.015511,1,0,1.096164,0.030128167,504,0.412097908464627
-147.603656,65.155809,2027,505,453,505,"Point ZM",34,8645,"9/30/20",2,1399972,"Caribou Creek",0.806245,1.90803e+13,1,NA,460,46006,0,1,0,0.015511,1,0,1.096164,0.028889196,505,0.414184840298956
-147.602811,65.155759,2027,506,454,506,"Point ZM",34,8645,"9/30/20",2,1399972,"Caribou Creek",0.806245,1.90803e+13,1,NA,460,46006,0,1,0,0.015511,1,0,1.096164,0.027650224,506,0.416286223806421
-147.602011,65.155645,2027,507,455,507,"Point ZM",34,8645,"9/30/20",2,1399972,"Caribou Creek",0.806245,1.90803e+13,1,NA,460,46006,0,1,0,0.015511,1,0,1.096164,0.028047311,507,0.418366281437866
-147.601289,65.155454,2027,508,456,508,"Point ZM",34,8645,"9/30/20",2,1399972,"Caribou Creek",0.806245,1.90803e+13,1,NA,460,46006,0,1,0,0.015511,1,0,1.096164,0.028642385,508,0.420466665052192
-147.60053,65.155292,2027,509,457,509,"Point ZM",34,8645,"9/30/20",2,1399972,"Caribou Creek",0.806245,1.90803e+13,1,NA,460,46006,0,1,0,0.015511,1,0,1.096164,0.028379797,509,0.422562644699353
-147.599713,65.15519,2027,510,458,510,"Point ZM",34,8645,"9/30/20",2,1399972,"Caribou Creek",0.806245,1.90803e+13,1,NA,460,46006,0,1,0,0.015511,1,0,1.096164,0.02949021,510,0.424661371017483
-147.598971,65.155016,2027,511,459,511,"Point ZM",34,8645,"9/30/20",2,1399972,"Caribou Creek",0.806245,1.90803e+13,1,NA,460,46006,0,1,0,0.015511,1,0,1.096164,0.027815148,511,0.426753411563931
-147.598202,65.154862,2027,512,460,512,"Point ZM",34,8645,"9/30/20",2,1399972,"Caribou Creek",0.806245,1.90803e+13,1,NA,460,46006,0,1,0,0.015511,1,0,1.096164,0.024951571,512,0.428850856376125
-147.597463,65.154683,2027,513,461,513,"Point ZM",34,8645,"9/30/20",2,1399972,"Caribou Creek",0.806245,1.90803e+13,1,NA,460,46006,0,1,0,0.015511,1,0,1.096164,0.02598981,513,0.430950918462852
-147.59674,65.154492,2027,514,462,514,"Point ZM",34,8645,"9/30/20",2,1399972,"Caribou Creek",0.806245,1.90803e+13,1,NA,460,46006,0,1,0,0.015511,1,0,1.096164,0.027215577,514,0.43305344167553
-147.596045,65.154285,2027,515,463,515,"Point ZM",34,8645,"9/30/20",2,1399972,"Caribou Creek",0.806245,1.90803e+13,1,NA,460,46006,0,1,0,0.015511,1,0,1.096164,0.027544007,515,0.435150604030678
-147.595306,65.154107,2027,516,464,516,"Point ZM",34,8645,"9/30/20",2,1399972,"Caribou Creek",0.806245,1.90803e+13,1,NA,460,46006,0,1,0,0.015511,1,0,1.096164,0.026143413,516,0.437247785290003
-147.594536,65.153952,2027,517,465,517,"Point ZM",34,8645,"9/30/20",2,1399972,"Caribou Creek",0.806245,1.90803e+13,1,NA,460,46006,0,1,0,0.015511,1,0,1.096164,0.02677476,517,0.439350032799005
-147.593782,65.153785,2027,518,466,518,"Point ZM",34,8645,"9/30/20",2,1399972,"Caribou Creek",0.806245,1.90803e+13,1,NA,460,46006,0,1,0,0.015511,1,0,1.096164,0.025085417,518,0.441448608496208
-147.593015,65.15363,2027,519,467,519,"Point ZM",34,8645,"9/30/20",2,1399972,"Caribou Creek",0.806245,1.90803e+13,1,NA,460,46006,0,1,0,0.015511,1,0,1.096164,0.026277151,519,0.443544214468451
-147.592241,65.15348,2027,520,468,520,"Point ZM",34,8645,"9/30/20",2,1399972,"Caribou Creek",0.806245,1.90803e+13,1,NA,460,46006,0,1,0,0.015511,1,0,1.096164,0.023286544,520,0.445642968387681
-147.591492,65.153308,2027,521,469,521,"Point ZM",34,8645,"9/30/20",2,1399972,"Caribou Creek",0.806245,1.90803e+13,1,NA,460,46006,0,1,0,0.015511,1,0,1.096164,0.025851631,521,0.447744551623054
-147.590719,65.153159,2027,522,470,522,"Point ZM",34,8645,"9/30/20",2,1399972,"Caribou Creek",0.806245,1.90803e+13,1,NA,460,46006,0,1,0,0.015511,1,0,1.096164,0.027450604,522,0.449838644534351
-147.58993,65.153023,2027,523,471,523,"Point ZM",34,8645,"9/30/20",2,1399972,"Caribou Creek",0.806245,1.90803e+13,1,NA,460,46006,0,1,0,0.015511,1,0,1.096164,0.02656233,523,0.451938615491927
-147.589163,65.152867,2027,524,472,524,"Point ZM",34,8645,"9/30/20",2,1399972,"Caribou Creek",0.806245,1.90803e+13,1,NA,460,46006,0,1,0,0.015511,1,0,1.096164,0.026067372,524,0.454036811790351
-147.588402,65.152705,2027,525,473,525,"Point ZM",34,8645,"9/30/20",2,1399972,"Caribou Creek",0.806245,1.90803e+13,1,NA,460,46006,0,1,0,0.015511,1,0,1.096164,0.029851861,525,0.456137347579133
-147.587636,65.152547,2027,526,474,526,"Point ZM",34,8645,"9/30/20",2,1399972,"Caribou Creek",0.806245,1.90803e+13,1,NA,460,46006,0,1,0,0.015511,1,0,1.096164,0.033636351,526,0.458238475201799
-147.586859,65.1524,2027,527,475,527,"Point ZM",34,8645,"9/30/20",2,1399972,"Caribou Creek",0.806245,1.90803e+13,1,NA,460,46006,0,1,0,0.015511,1,0,1.096164,0.03742084,527,0.460336748760756
-147.586104,65.152233,2027,528,476,528,"Point ZM",34,8645,"9/30/20",2,1399972,"Caribou Creek",0.806245,1.90803e+13,1,NA,460,46006,0,1,0,0.015511,1,0,1.096164,0.041205329,528,0.462437600037816
-147.585793,65.152171,2027,529,477,529,"Point ZM",34,8645,"9/30/20",2,1399972,"Caribou Creek",0.806245,1.90803e+13,1,NA,460,46006,0,1,0,0.015511,1,0,1.096164,0.044989819,529,0.463285217210299
-147.59043,65.139899,2028,530,428,530,"Point ZM",35,8679,"9/30/20",2,NA,NA,0.900516,1.90803e+13,1,NA,460,46006,0,1,0,0.016375,1,0,0.787477,0.048774308,530,0.105670436381358
-147.589809,65.140145,2028,531,429,531,"Point ZM",35,8679,"9/30/20",2,NA,NA,0.900516,1.90803e+13,1,NA,460,46006,0,1,0,0.016375,1,0,0.787477,0.052558797,531,0.107173516117562
-147.589153,65.140374,2028,532,430,532,"Point ZM",35,8679,"9/30/20",2,NA,NA,0.900516,1.90803e+13,1,NA,460,46006,0,1,0,0.016375,1,0,0.787477,0.056343287,532,0.108675672581212
-147.58854,65.140623,2028,533,431,533,"Point ZM",35,8679,"9/30/20",2,NA,NA,0.900516,1.90803e+13,1,NA,460,46006,0,1,0,0.016375,1,0,0.787477,0.060127776,533,0.110177198132339
-147.587895,65.140858,2028,534,432,534,"Point ZM",35,8679,"9/30/20",2,NA,NA,0.900516,1.90803e+13,1,NA,460,46006,0,1,0,0.016375,1,0,0.787477,0.063912266,534,0.111680790132989
-147.587288,65.14111,2028,535,433,535,"Point ZM",35,8679,"9/30/20",2,NA,NA,0.900516,1.90803e+13,1,NA,460,46006,0,1,0,0.016375,1,0,0.787477,0.067696755,535,0.113183505650595
-147.586716,65.141376,2028,536,434,536,"Point ZM",35,8679,"9/30/20",2,NA,NA,0.900516,1.90803e+13,1,NA,460,46006,0,1,0,0.016375,1,0,0.787477,0.067506408,536,0.114685876475048
-147.586117,65.14163,2028,537,435,537,"Point ZM",35,8679,"9/30/20",2,NA,NA,0.900516,1.90803e+13,1,NA,460,46006,0,1,0,0.016375,1,0,0.787477,0.067113982,537,0.116184504566213
-147.585364,65.141795,2028,538,436,538,"Point ZM",35,8679,"9/30/20",2,NA,NA,0.900516,1.90803e+13,1,NA,460,46006,0,1,0,0.016375,1,0,0.787477,0.066214199,538,0.117680727647872
-147.584532,65.141858,2028,539,437,539,"Point ZM",35,8679,"9/30/20",2,NA,NA,0.900516,1.90803e+13,1,NA,460,46006,0,1,0,0.016375,1,0,0.787477,0.063761987,539,0.11917062673653
-147.583739,65.141977,2028,540,438,540,"Point ZM",35,8679,"9/30/20",2,NA,NA,0.900516,1.90803e+13,1,NA,460,46006,0,1,0,0.016375,1,0,0.787477,0.066874288,540,0.12065442420996
-147.583026,65.142174,2028,541,439,541,"Point ZM",35,8679,"9/30/20",2,NA,NA,0.900516,1.90803e+13,1,NA,460,46006,0,1,0,0.016375,1,0,0.787477,0.060920486,541,0.122157629377892
-147.582438,65.14243,2028,542,440,542,"Point ZM",35,8679,"9/30/20",2,NA,NA,0.900516,1.90803e+13,1,NA,460,46006,0,1,0,0.016375,1,0,0.787477,0.063708705,542,0.123648652358993
-147.581793,65.142654,2028,543,441,543,"Point ZM",35,8679,"9/30/20",2,NA,NA,0.900516,1.90803e+13,1,NA,460,46006,0,1,0,0.016375,1,0,0.787477,0.062080258,543,0.125122448655062
-147.58104,65.142822,2028,544,442,544,"Point ZM",35,8679,"9/30/20",2,NA,NA,0.900516,1.90803e+13,1,NA,460,46006,0,1,0,0.016375,1,0,0.787477,0.059310387,544,0.126624469316299
-147.580345,65.143028,2028,545,443,545,"Point ZM",35,8679,"9/30/20",2,NA,NA,0.900516,1.90803e+13,1,NA,460,46006,0,1,0,0.016375,1,0,0.787477,0.061368124,545,0.128122604863797
-147.57959,65.143183,2028,546,444,546,"Point ZM",35,8679,"9/30/20",2,NA,NA,0.900516,1.90803e+13,1,NA,460,46006,0,1,0,0.016375,1,0,0.787477,0.080193255,546,0.129603061446248
-147.578816,65.14333,2028,547,445,547,"Point ZM",35,8679,"9/30/20",2,NA,NA,0.900516,1.90803e+13,1,NA,460,46006,0,1,0,0.016375,1,0,0.787477,0.099018386,547,0.131099588745157
-147.578069,65.143503,2028,548,446,548,"Point ZM",35,8679,"9/30/20",2,NA,NA,0.900516,1.90803e+13,1,NA,460,46006,0,1,0,0.016375,1,0,0.787477,0.117843517,548,0.132602227186717
-147.57732,65.143675,2028,549,447,549,"Point ZM",35,8679,"9/30/20",2,NA,NA,0.900516,1.90803e+13,1,NA,460,46006,0,1,0,0.016375,1,0,0.787477,0.136668648,549,0.134105936768306
-147.576804,65.143791,2028,550,448,550,"Point ZM",35,8679,"9/30/20",2,NA,NA,0.900516,1.90803e+13,1,NA,460,46006,0,1,0,0.016375,1,0,0.787477,0.155493779,550,0.135136904124064
-147.642508,65.164487,2030,551,555,551,"Point ZM",37,9267,"9/30/20",2,NA,NA,1.551175,1.90803e+13,1,NA,460,46006,0,1,0,0.02571,1,0,1.550544,0.17431891,551,0.0409118400166434
-147.641845,65.164277,2030,552,556,552,"Point ZM",37,9267,"9/30/20",2,NA,NA,1.551175,1.90803e+13,1,NA,460,46006,0,1,0,0.02571,1,0,1.550544,0.193144041,552,0.0419414580709024
-147.641177,65.16406,2030,553,557,553,"Point ZM",37,9267,"9/30/20",2,NA,NA,1.551175,1.90803e+13,1,NA,460,46006,0,1,0,0.02571,1,0,1.550544,0.211969171,553,0.0429885366142119
-147.64073,65.163757,2030,554,558,554,"Point ZM",37,9267,"9/30/20",2,NA,NA,1.551175,1.90803e+13,1,NA,460,46006,0,1,0,0.02571,1,0,1.550544,0.230794302,554,0.044040364394652
-147.64039,65.163428,2030,555,559,555,"Point ZM",37,9267,"9/30/20",2,NA,NA,1.551175,1.90803e+13,1,NA,460,46006,0,1,0,0.02571,1,0,1.550544,0.249619433,555,0.045098547058159
-147.640041,65.163101,2030,556,560,556,"Point ZM",37,9267,"9/30/20",2,NA,NA,1.551175,1.90803e+13,1,NA,460,46006,0,1,0,0.02571,1,0,1.550544,0.268444564,556,0.0461558459140284
-147.639712,65.16277,2030,557,561,557,"Point ZM",37,9267,"9/30/20",2,NA,NA,1.551175,1.90803e+13,1,NA,460,46006,0,1,0,0.02571,1,0,1.550544,0.239796799,557,0.0472141088852881
-147.639312,65.162453,2030,558,562,558,"Point ZM",37,9267,"9/30/20",2,NA,NA,1.551175,1.90803e+13,1,NA,460,46006,0,1,0,0.02571,1,0,1.550544,0.2179057,558,0.0482727105903461
-147.638884,65.162143,2030,559,563,559,"Point ZM",37,9267,"9/30/20",2,NA,NA,1.551175,1.90803e+13,1,NA,460,46006,0,1,0,0.02571,1,0,1.550544,0.192972265,559,0.0493301280269396
-147.638345,65.161865,2030,560,564,560,"Point ZM",37,9267,"9/30/20",2,NA,NA,1.551175,1.90803e+13,1,NA,460,46006,0,1,0,0.02571,1,0,1.550544,0.176734722,560,0.0503882401555819
-147.6378,65.161589,2030,561,565,561,"Point ZM",37,9267,"9/30/20",2,NA,NA,1.551175,1.90803e+13,1,NA,460,46006,0,1,0,0.02571,1,0,1.550544,0.168830674,561,0.0514465308125263
-147.637208,65.161331,2030,562,566,562,"Point ZM",37,9267,"9/30/20",2,NA,NA,1.551175,1.90803e+13,1,NA,460,46006,0,1,0,0.02571,1,0,1.550544,0.158937034,562,0.0525041673574224
-147.636622,65.16107,2030,563,567,563,"Point ZM",37,9267,"9/30/20",2,NA,NA,1.551175,1.90803e+13,1,NA,460,46006,0,1,0,0.02571,1,0,1.550544,0.149844451,563,0.0535630703498549
-147.636003,65.160824,2030,564,568,564,"Point ZM",37,9267,"9/30/20",2,NA,NA,1.551175,1.90803e+13,1,NA,460,46006,0,1,0,0.02571,1,0,1.550544,0.137031161,564,0.0546196277851515
-147.635409,65.160566,2030,565,569,565,"Point ZM",37,9267,"9/30/20",2,NA,NA,1.551175,1.90803e+13,1,NA,460,46006,0,1,0,0.02571,1,0,1.550544,0.124471797,565,0.0556790034924389
-147.634867,65.160289,2030,566,570,566,"Point ZM",37,9267,"9/30/20",2,NA,NA,1.551175,1.90803e+13,1,NA,460,46006,0,1,0,0.02571,1,0,1.550544,0.118019349,566,0.0567372172249214
-147.634282,65.160029,2030,567,571,567,"Point ZM",37,9267,"9/30/20",2,NA,NA,1.551175,1.90803e+13,1,NA,460,46006,0,1,0,0.02571,1,0,1.550544,0.113775808,567,0.0577931437967984
-147.633588,65.15982,2030,568,572,568,"Point ZM",37,9267,"9/30/20",2,NA,NA,1.551175,1.90803e+13,1,NA,460,46006,0,1,0,0.02571,1,0,1.550544,0.115490418,568,0.0588521269438111
-147.632883,65.159619,2030,569,573,569,"Point ZM",37,9267,"9/30/20",2,NA,NA,1.551175,1.90803e+13,1,NA,460,46006,0,1,0,0.02571,1,0,1.550544,0.113855194,569,0.059908821528526
-147.632168,65.159423,2030,570,574,570,"Point ZM",37,9267,"9/30/20",2,NA,NA,1.551175,1.90803e+13,1,NA,460,46006,0,1,0,0.02571,1,0,1.550544,0.115563761,570,0.0609676889445714
-147.631462,65.159222,2030,571,575,571,"Point ZM",37,9267,"9/30/20",2,NA,NA,1.551175,1.90803e+13,1,NA,460,46006,0,1,0,0.02571,1,0,1.550544,0.105361768,571,0.0620254215432823
-147.630767,65.159014,2030,572,576,572,"Point ZM",37,9267,"9/30/20",2,NA,NA,1.551175,1.90803e+13,1,NA,460,46006,0,1,0,0.02571,1,0,1.550544,0.104096146,572,0.0630837219980462
-147.630044,65.158824,2030,573,577,573,"Point ZM",37,9267,"9/30/20",2,NA,NA,1.551175,1.90803e+13,1,NA,460,46006,0,1,0,0.02571,1,0,1.550544,0.101535848,573,0.064141451571649
-147.629339,65.158622,2030,574,578,574,"Point ZM",37,9267,"9/30/20",2,NA,NA,1.551175,1.90803e+13,1,NA,460,46006,0,1,0,0.02571,1,0,1.550544,0.101182208,574,0.0651998312235183
-147.628719,65.158376,2030,575,579,575,"Point ZM",37,9267,"9/30/20",2,NA,NA,1.551175,1.90803e+13,1,NA,460,46006,0,1,0,0.02571,1,0,1.550544,0.097357324,575,0.0662573421371032
-147.628075,65.158141,2030,576,580,576,"Point ZM",37,9267,"9/30/20",2,NA,NA,1.551175,1.90803e+13,1,NA,460,46006,0,1,0,0.02571,1,0,1.550544,0.098061259,576,0.0673151703321708
-147.627397,65.157923,2030,577,581,577,"Point ZM",37,9267,"9/30/20",2,NA,NA,1.551175,1.90803e+13,1,NA,460,46006,0,1,0,0.02571,1,0,1.550544,0.096718804,577,0.0683740360139114
-147.626732,65.157698,2030,578,582,578,"Point ZM",37,9267,"9/30/20",2,NA,NA,1.551175,1.90803e+13,1,NA,460,46006,0,1,0,0.02571,1,0,1.550544,0.091133402,578,0.0694329571009959
-147.626046,65.157485,2030,579,583,579,"Point ZM",37,9267,"9/30/20",2,NA,NA,1.551175,1.90803e+13,1,NA,460,46006,0,1,0,0.02571,1,0,1.550544,0.091558396,579,0.0704909114068777
-147.625375,65.157263,2030,580,584,580,"Point ZM",37,9267,"9/30/20",2,NA,NA,1.551175,1.90803e+13,1,NA,460,46006,0,1,0,0.02571,1,0,1.550544,0.085246869,580,0.0715501603731182
-147.624742,65.157023,2030,581,585,581,"Point ZM",37,9267,"9/30/20",2,NA,NA,1.551175,1.90803e+13,1,NA,460,46006,0,1,0,0.02571,1,0,1.550544,0.087085359,581,0.0726075599501379
-147.624112,65.156781,2030,582,586,582,"Point ZM",37,9267,"9/30/20",2,NA,NA,1.551175,1.90803e+13,1,NA,460,46006,0,1,0,0.02571,1,0,1.550544,0.08415451,582,0.0736661721497098
-147.623452,65.156554,2030,583,587,583,"Point ZM",37,9267,"9/30/20",2,NA,NA,1.551175,1.90803e+13,1,NA,460,46006,0,1,0,0.02571,1,0,1.550544,0.082733454,583,0.0747240183315951
-147.622726,65.156366,2030,584,588,584,"Point ZM",37,9267,"9/30/20",2,NA,NA,1.551175,1.90803e+13,1,NA,460,46006,0,1,0,0.02571,1,0,1.550544,0.080789385,584,0.0757818723580816
-147.621996,65.156181,2030,585,589,585,"Point ZM",37,9267,"9/30/20",2,NA,NA,1.551175,1.90803e+13,1,NA,460,46006,0,1,0,0.02571,1,0,1.550544,0.07940593,585,0.0768393677577039
-147.62133,65.155958,2030,586,590,586,"Point ZM",37,9267,"9/30/20",2,NA,NA,1.551175,1.90803e+13,1,NA,460,46006,0,1,0,0.02571,1,0,1.550544,0.079368917,586,0.0778956137924632
-147.620708,65.155718,2030,587,591,587,"Point ZM",37,9267,"9/30/20",2,NA,NA,1.551175,1.90803e+13,1,NA,460,46006,0,1,0,0.02571,1,0,1.550544,0.079331903,587,0.0789429430430828
-147.620013,65.155533,2030,588,592,588,"Point ZM",37,9267,"9/30/20",2,NA,NA,1.551175,1.90803e+13,1,NA,460,46006,0,1,0,0.02571,1,0,1.550544,0.079294889,588,0.07996350270529
-147.61934,65.155314,2030,589,593,589,"Point ZM",37,9267,"9/30/20",2,NA,NA,1.551175,1.90803e+13,1,NA,460,46006,0,1,0,0.02571,1,0,1.550544,0.079257876,589,0.0810193136427475
-147.618837,65.155142,2030,590,594,590,"Point ZM",37,9267,"9/30/20",2,NA,NA,1.551175,1.90803e+13,1,NA,460,46006,0,1,0,0.02571,1,0,1.550544,0.079220862,590,0.0818236800332867
-147.600688,65.138897,2013,591,595,591,"Point ZM",39,4873,"9/30/20",2,NA,NA,1.428247,1.90803e+13,1,NA,460,46006,0,1,0,0.029983,1,0,0.392182,0.079183848,591,0.0704031086369372
-147.599839,65.138928,2013,592,596,592,"Point ZM",39,4873,"9/30/20",2,NA,NA,1.428247,1.90803e+13,1,NA,460,46006,0,1,0,0.029983,1,0,0.392182,0.079146835,592,0.0714751337810809
-147.598995,65.13897,2013,593,597,593,"Point ZM",39,4873,"9/30/20",2,NA,NA,1.428247,1.90803e+13,1,NA,460,46006,0,1,0,0.029983,1,0,0.392182,0.079109821,593,0.0725442508624268
-147.598155,65.138985,2013,594,598,594,"Point ZM",39,4873,"9/30/20",2,NA,NA,1.428247,1.90803e+13,1,NA,460,46006,0,1,0,0.029983,1,0,0.392182,0.079072807,594,0.0736018913234711
-147.597317,65.139047,2013,595,599,595,"Point ZM",39,4873,"9/30/20",2,NA,NA,1.428247,1.90803e+13,1,NA,460,46006,0,1,0,0.029983,1,0,0.392182,0.079035794,595,0.0746722246802456
-147.596472,65.139094,2013,596,600,596,"Point ZM",39,4873,"9/30/20",2,NA,NA,1.428247,1.90803e+13,1,NA,460,46006,0,1,0,0.029983,1,0,0.392182,0.07899878,596,0.0757444412888027
-147.595632,65.139151,2013,597,601,597,"Point ZM",39,4873,"9/30/20",2,NA,NA,1.428247,1.90803e+13,1,NA,460,46006,0,1,0,0.029983,1,0,0.392182,0.084521043,597,0.0768147687618178
-147.594792,65.13921,2013,598,602,598,"Point ZM",39,4873,"9/30/20",2,NA,NA,1.428247,1.90803e+13,1,NA,460,46006,0,1,0,0.029983,1,0,0.392182,0.090043306,598,0.0778860615334446
-147.593951,65.139269,2013,599,603,599,"Point ZM",39,4873,"9/30/20",2,NA,NA,1.428247,1.90803e+13,1,NA,460,46006,0,1,0,0.029983,1,0,0.392182,0.095565569,599,0.0789585928068928
-147.593103,65.139284,2013,600,604,600,"Point ZM",39,4873,"9/30/20",2,NA,NA,1.428247,1.90803e+13,1,NA,460,46006,0,1,0,0.029983,1,0,0.392182,0.101087832,600,0.0800262760336417
-147.592477,65.139398,2013,601,605,601,"Point ZM",39,4873,"9/30/20",2,NA,NA,1.428247,1.90803e+13,1,NA,460,46006,0,1,0,0.029983,1,0,0.392182,0.106610095,601,0.0808842936371833
-147.592477,65.139398,2029,602,424,602,"Point ZM",41,8679,"9/30/20",2,NA,NA,0.900516,1.90803e+13,1,NA,460,46006,0,1,0,0.016375,1,0,0.112604,0.112132358,602,0.0953559495241603
-147.591769,65.139596,2029,603,425,603,"Point ZM",41,8679,"9/30/20",2,NA,NA,0.900516,1.90803e+13,1,NA,460,46006,0,1,0,0.016375,1,0,0.112604,0.117654621,603,0.0990216516417949
-147.590969,65.139716,2029,604,426,604,"Point ZM",41,8679,"9/30/20",2,NA,NA,0.900516,1.90803e+13,1,NA,460,46006,0,1,0,0.016375,1,0,0.112604,0.123176883,604,0.102684116220817
-147.59043,65.139899,2029,605,427,605,"Point ZM",41,8679,"9/30/20",2,NA,NA,0.900516,1.90803e+13,1,NA,460,46006,0,1,0,0.016375,1,0,0.112604,0.128699146,605,0.105670436381358
-147.573747,65.13998,2014,606,606,606,"Point ZM",42,1443,"9/30/20",2,NA,NA,1.097439,1.90803e+13,1,NA,460,46006,0,1,0,0.010945,1,0,0.451283,0.134221409,606,0.0041948759522587
-147.573886,65.140334,2014,607,607,607,"Point ZM",42,1443,"9/30/20",2,NA,NA,1.097439,1.90803e+13,1,NA,460,46006,0,1,0,0.010945,1,0,0.451283,0.139743672,607,0.00456821810184195
-147.574132,65.140677,2014,608,608,608,"Point ZM",42,1443,"9/30/20",2,NA,NA,1.097439,1.90803e+13,1,NA,460,46006,0,1,0,0.010945,1,0,0.451283,0.145265935,608,0.0049410244262802
-147.574383,65.14102,2014,609,609,609,"Point ZM",42,1443,"9/30/20",2,NA,NA,1.097439,1.90803e+13,1,NA,460,46006,0,1,0,0.010945,1,0,0.451283,0.150788198,609,0.00531446904403647
-147.574651,65.141361,2014,610,610,610,"Point ZM",42,1443,"9/30/20",2,NA,NA,1.097439,1.90803e+13,1,NA,460,46006,0,1,0,0.010945,1,0,0.451283,0.156310461,610,0.00568819573677353
-147.574987,65.14169,2014,611,611,611,"Point ZM",42,1443,"9/30/20",2,NA,NA,1.097439,1.90803e+13,1,NA,460,46006,0,1,0,0.010945,1,0,0.451283,0.161832724,611,0.00606081288881896
-147.575268,65.142029,2014,612,612,612,"Point ZM",42,1443,"9/30/20",2,NA,NA,1.097439,1.90803e+13,1,NA,460,46006,0,1,0,0.010945,1,0,0.451283,0.152929168,612,0.00643439990548951
-147.575624,65.142355,2014,613,613,613,"Point ZM",42,1443,"9/30/20",2,NA,NA,1.097439,1.90803e+13,1,NA,460,46006,0,1,0,0.010945,1,0,0.451283,0.140496586,613,0.0068077217329151
-147.575992,65.142678,2014,614,614,614,"Point ZM",42,1443,"9/30/20",2,NA,NA,1.097439,1.90803e+13,1,NA,460,46006,0,1,0,0.010945,1,0,0.451283,0.140496586,614,0.00718045048679922
-147.57634,65.143004,2014,615,615,615,"Point ZM",42,1443,"9/30/20",2,NA,NA,1.097439,1.90803e+13,1,NA,460,46006,0,1,0,0.010945,1,0,0.451283,0.140496586,615,0.00755232140892266
-147.576593,65.143333,2014,616,616,616,"Point ZM",42,1443,"9/30/20",2,NA,NA,1.097439,1.90803e+13,1,NA,460,46006,0,1,0,0.010945,1,0,0.451283,0.140496586,616,0.00791213551066676
-147.576732,65.143686,2014,617,617,617,"Point ZM",42,1443,"9/30/20",2,NA,NA,1.097439,1.90803e+13,1,NA,460,46006,0,1,0,0.010945,1,0,0.451283,0.140496586,617,0.00828445000827235
-147.576792,65.143784,2014,618,618,618,"Point ZM",42,1443,"9/30/20",2,NA,NA,1.097439,1.90803e+13,1,NA,460,46006,0,1,0,0.010945,1,0,0.451283,0.140496586,618,0.0083897519045174
