date,DayOfYear,Interp.Value,Uncertainty,LowerBound,UpperBound,gw_min,gw_max,AvgWaterTemp_C,Month,NEP_median,NEP_lower,NEP_upper,NEP_max,daily_NEP,atm_CO2_ppm,measured_discharge
2018-01-01,1,9287.75,7508.118343,1779.631657,16795.86834,1041.6,26405.48335,3.688247354,1,0.22220297,0.099087758,0.470973608,1.660626008,0.218748921,447.7743225,NA
2018-01-02,2,9359.342868,7423.770397,1935.572471,16783.11327,1041.6,26405.48335,3.808845052,1,0.22220297,0.099087758,0.470973608,1.660626008,0.218748921,443.9430479,NA
2018-01-03,3,9428.821144,7341.703283,2087.117861,16770.52443,1041.6,26405.48335,3.31348545,1,0.22220297,0.099087758,0.470973608,1.660626008,0.218748921,467.5050953,NA
2018-01-04,4,9493.959905,7261.820268,2232.139636,16755.78017,1041.6,26405.48335,3.535049479,1,0.22220297,0.099087758,0.470973608,1.660626008,0.218748921,534.6491856,NA
2018-01-05,5,9552.534226,7183.970095,2368.564131,16736.50432,1041.6,26405.48335,3.640485564,1,0.22220297,0.099087758,0.470973608,1.660626008,0.218748921,640.3311031,NA
2018-01-06,6,9602.319183,7107.947961,2494.371222,16710.26714,1041.6,26405.48335,3.381911458,1,0.22220297,0.099087758,0.470973608,1.660626008,0.218748921,485.993219,NA
2018-01-07,7,9641.089853,7033.498226,2607.591626,16674.58808,1041.6,26405.48335,4.028882813,1,0.22220297,0.099087758,0.470973608,1.660626008,0.218748921,482.021507,NA
2018-01-08,8,9666.621311,6960.318915,2706.302397,16626.94023,1041.6,26405.48335,4.256230469,1,0.22220297,0.099087758,0.470973608,1.660626008,0.218748921,452.1558979,NA
2018-01-09,9,9676.688635,6888.068061,2788.620574,16564.7567,1041.6,26405.48335,3.983330729,1,0.22220297,0.099087758,0.470973608,1.660626008,0.218748921,441.8905421,NA
2018-01-10,10,9669.066899,6816.371952,2852.694947,16485.43885,1041.6,26405.48335,3.932352865,1,0.22220297,0.099087758,0.470973608,1.660626008,0.218748921,448.8774442,NA
2018-01-11,11,9641.531181,6744.835327,2896.695854,16386.36651,1041.6,26405.48335,3.975386152,1,0.22220297,0.099087758,0.470973608,1.660626008,0.218748921,472.3729619,NA
2018-01-12,12,9591.856555,6673.05359,2918.802965,16264.91015,1041.6,26405.48335,4.107078125,1,0.22220297,0.099087758,0.470973608,1.660626008,0.218748921,476.6174411,NA
2018-01-13,13,9517.818099,6600.627171,2917.190929,16118.44527,1041.6,26405.48335,4.010066474,1,0.22220297,0.099087758,0.470973608,1.660626008,0.218748921,475.4044311,NA
2018-01-14,14,9417.190889,6527.178173,2890.012716,15944.36906,1041.6,26405.48335,4.110770202,1,0.22220297,0.099087758,0.470973608,1.660626008,0.218748921,477.967093,NA
2018-01-15,15,9287.75,6452.369565,2835.380435,15740.11956,1041.6,26405.48335,3.927773958,1,0.22220297,0.099087758,0.470973608,1.660626008,0.218748921,472.1875009,NA
2018-01-16,16,9128.215321,6376.031089,2752.184232,15504.24641,1041.6,26405.48335,3.512542299,1,0.22220297,0.099087758,0.470973608,1.660626008,0.218748921,459.6067254,NA
2018-01-17,17,8941.085992,6298.48453,2642.601462,15239.57052,1041.6,26405.48335,3.794052138,1,0.22220297,0.099087758,0.470973608,1.660626008,0.218748921,473.6561375,NA
2018-01-18,18,8729.805964,6220.206344,2509.59962,14950.01231,1041.6,26405.48335,3.402543547,1,0.22220297,0.099087758,0.470973608,1.660626008,0.218748921,474.2665716,NA
2018-01-19,19,8497.819187,6141.698665,2356.120523,14639.51785,1041.6,26405.48335,3.726344907,1,0.22220297,0.099087758,0.470973608,1.660626008,0.218748921,467.9757028,NA
2018-01-20,20,8248.569615,6063.469308,2185.100307,14312.03892,1041.6,26405.48335,3.760668667,1,0.22220297,0.099087758,0.470973608,1.660626008,0.218748921,464.7294881,NA
2018-01-21,21,7985.501198,5986.013061,1999.488137,13971.51426,1041.6,26405.48335,3.689423628,1,0.22220297,0.099087758,0.470973608,1.660626008,0.218748921,443.8715249,NA
2018-01-22,22,7712.057888,5909.794388,1802.263499,13621.85228,1041.6,26405.48335,3.769471065,1,0.22220297,0.099087758,0.470973608,1.660626008,0.218748921,440.4252721,NA
2018-01-23,23,7431.683636,5835.231783,1596.451853,13266.91542,1041.6,26405.48335,3.783185446,1,0.22220297,0.099087758,0.470973608,1.660626008,0.218748921,440.1324245,NA
2018-01-24,24,7147.822394,5762.684072,1385.138322,12910.50647,1041.6,26405.48335,3.883584615,1,0.22220297,0.099087758,0.470973608,1.660626008,0.218748921,440.0938284,NA
2018-01-25,25,6863.918114,5692.43907,1171.479043,12556.35718,1041.6,26405.48335,3.833071842,1,0.22220297,0.099087758,0.470973608,1.660626008,0.218748921,443.0452579,NA
2018-01-26,26,6583.414746,5624.705008,1041.6,12208.11975,1041.6,26405.48335,3.730787037,1,0.22220297,0.099087758,0.470973608,1.660626008,0.218748921,444.4239093,NA
2018-01-27,27,6309.756244,5559.605201,1041.6,11869.36144,1041.6,26405.48335,3.692081967,1,0.22220297,0.099087758,0.470973608,1.660626008,0.218748921,447.0568887,NA
2018-01-28,28,6046.386557,5497.176394,1041.6,11543.56295,1041.6,26405.48335,3.648888889,1,0.22220297,0.099087758,0.470973608,1.660626008,0.218748921,451.612686,NA
2018-01-29,29,5796.749637,5437.371185,1041.6,11234.12082,1041.6,26405.48335,3.325251157,1,0.22220297,0.099087758,0.470973608,1.660626008,0.218748921,439.1752137,NA
2018-01-30,30,5564.289437,5380.064882,1041.6,10944.35432,1041.6,26405.48335,3.141848276,1,0.22220297,0.099087758,0.470973608,1.660626008,0.218748921,443.2479261,0.990312308
2018-01-31,31,5352.449907,5325.06704,1041.6,10677.51695,1041.6,26405.48335,3.614011407,1,0.22220297,0.099087758,0.470973608,1.660626008,0.218748921,442.4209447,0.917770833
2018-02-01,32,5164.675,5272.137903,1041.6,10436.8129,1041.6,26405.48335,3.712236186,2,0.22220297,0.099087758,0.470973608,1.660626008,0.218748921,440.036594,0.770817375
2018-02-02,33,5003.567992,5221.001453,1041.6,10224.56944,1041.6,26405.48335,3.718507208,2,0.22220297,0.099087758,0.470973608,1.660626008,0.218748921,440.9597446,0.725040192
2018-02-03,34,4868.369465,5171.369953,1041.6,10039.73942,1041.6,26405.48335,3.85192963,2,0.22220297,0.099087758,0.470973608,1.660626008,0.218748921,462.7854356,0.67926301
2018-02-04,35,4757.479325,5123.021745,1041.6,9880.50107,1041.6,26405.48335,3.589733473,2,0.22220297,0.099087758,0.470973608,1.660626008,0.218748921,443.5390294,0.633485827
2018-02-05,36,4669.29748,5075.807583,1041.6,9745.105063,1041.6,26405.48335,3.581161458,2,0.22220297,0.099087758,0.470973608,1.660626008,0.218748921,452.8628665,0.587708644
2018-02-06,37,4602.223836,5029.640761,1041.6,9631.864597,1041.6,26405.48335,3.54614561,2,0.22220297,0.099087758,0.470973608,1.660626008,0.218748921,433.7289765,0.541931462
2018-02-07,38,4554.658301,4984.487443,1041.6,9539.145744,1041.6,26405.48335,3.653619403,2,0.22220297,0.099087758,0.470973608,1.660626008,0.218748921,445.3117695,0.496154279
2018-02-08,39,4525.000782,4940.357292,1041.6,9465.358074,1041.6,26405.48335,3.53554469,2,0.22220297,0.099087758,0.470973608,1.660626008,0.218748921,442.6372585,0.450377096
2018-02-09,40,4511.651185,4897.294474,1041.6,9408.945659,1041.6,26405.48335,3.295992685,2,0.22220297,0.099087758,0.470973608,1.660626008,0.218748921,454.7088679,0.404599913
2018-02-10,41,4513.009417,4855.369095,1041.6,9368.378512,1041.6,26405.48335,3.225460417,2,0.22220297,0.099087758,0.470973608,1.660626008,0.218748921,457.0103006,0.358822731
2018-02-11,42,4527.475386,4814.669144,1041.6,9342.14453,1041.6,26405.48335,2.934129979,2,0.22220297,0.099087758,0.470973608,1.660626008,0.218748921,444.608789,0.313045548
2018-02-12,43,4553.448999,4775.292982,1041.6,9328.741981,1041.6,26405.48335,2.441241667,2,0.22220297,0.099087758,0.470973608,1.660626008,0.218748921,441.1003112,0.267268365
2018-02-13,44,4589.330161,4737.342461,1041.6,9326.672622,1041.6,26405.48335,2.552245742,2,0.22220297,0.099087758,0.470973608,1.660626008,0.218748921,444.7818839,0.221491183
2018-02-14,45,4633.518781,4700.91673,1041.6,9334.435511,1041.6,26405.48335,2.953187898,2,0.22220297,0.099087758,0.470973608,1.660626008,0.218748921,455.7124655,0.175714
2018-02-15,46,4684.414766,4666.106819,1041.6,9350.521585,1041.6,26405.48335,2.947654356,2,0.22220297,0.099087758,0.470973608,1.660626008,0.218748921,451.3975462,0.161040729
2018-02-16,47,4740.418022,4632.991076,1041.6,9373.409097,1041.6,26405.48335,3.200026515,2,0.22220297,0.099087758,0.470973608,1.660626008,0.218748921,428.8920229,0.165047708
2018-02-17,48,4799.928456,4601.631549,1041.6,9401.560004,1041.6,26405.48335,3.499076263,2,0.22220297,0.099087758,0.470973608,1.660626008,0.218748921,427.8516112,0.256610417
2018-02-18,49,4861.345975,4572.071396,1041.6,9433.417371,1041.6,26405.48335,3.334854167,2,0.22220297,0.099087758,0.470973608,1.660626008,0.218748921,426.8111994,0.642478958
2018-02-19,50,4923.070487,4544.333408,1041.6,9467.403895,1041.6,26405.48335,3.22433561,2,0.22220297,0.099087758,0.470973608,1.660626008,0.218748921,427.4351201,0.550608958
2018-02-20,51,4983.501898,4518.419712,1041.6,9501.921609,1041.6,26405.48335,3.205722275,2,0.22220297,0.099087758,0.470973608,1.660626008,0.284274099,424.4546257,0.455376979
2018-02-21,52,5041.040115,4494.312715,1041.6,9535.35283,1041.6,26405.48335,2.950887311,2,0.22220297,0.099087758,0.470973608,1.660626008,0.434792028,428.0054129,0.390112396
2018-02-22,53,5094.085045,4471.977349,1041.6,9566.062394,1041.6,26405.48335,2.697381541,2,0.22220297,0.099087758,0.470973608,1.660626008,0.098994407,427.0234406,0.332618542
2018-02-23,54,5141.036596,4451.36462,1041.6,9592.401216,1041.6,26405.48335,2.165886256,2,0.22220297,0.099087758,0.470973608,1.660626008,0.328221056,427.3470018,0.285508958
2018-02-24,55,5180.294673,4432.416509,1041.6,9612.711183,1041.6,26405.48335,2.220562619,2,0.22220297,0.099087758,0.470973608,1.660626008,0.218748921,433.5607989,0.262082447
2018-02-25,56,5210.259185,4415.072204,1041.6,9625.331389,1041.6,26405.48335,2.376778727,2,0.22220297,0.099087758,0.470973608,1.660626008,0.364472525,431.1980087,0.295323021
2018-02-26,57,5229.330038,4399.275663,1041.6,9628.605701,1041.6,26405.48335,2.598560606,2,0.22220297,0.099087758,0.470973608,1.660626008,0.162639034,428.8352186,0.364707396
2018-02-27,58,5235.907139,4384.984499,1041.6,9620.891638,1041.6,26405.48335,2.685831361,2,0.22220297,0.099087758,0.470973608,1.660626008,0.070117718,426.4724284,0.305520521
2018-02-28,59,5228.390395,4372.180139,1041.6,9600.570534,1041.6,26405.48335,3.413169471,2,0.22220297,0.099087758,0.470973608,1.660626008,0.218748921,424.1096382,0.290299655
2018-03-01,60,5205.179713,4360.879238,1041.6,9566.058951,1041.6,26405.48335,3.6553225,2,0.22220297,0.099087758,0.470973608,1.660626008,0.72132832,426.8336221,0.496201667
2018-03-02,61,5164.675,4351.146293,1041.6,9515.821293,1041.6,26405.48335,2.845146875,3,0.22220297,0.099087758,0.470973608,1.660626008,0.492156774,434.5601749,0.558818229
2018-03-03,62,5105.760891,4343.128705,1041.6,9448.889596,1041.6,26405.48335,2.718188098,3,0.22220297,0.099087758,0.470973608,1.660626008,0.465931875,426.6956515,0.503816667
2018-03-04,63,5029.260929,4337.116576,1041.6,9366.377506,1041.6,26405.48335,2.633231491,3,0.22220297,0.099087758,0.470973608,1.660626008,0.619935256,429.5659659,0.440728021
2018-03-05,64,4936.483389,4333.447683,1041.6,9269.931072,1041.6,26405.48335,2.685902764,3,0.22220297,0.099087758,0.470973608,1.660626008,0.304807525,428.5978635,0.399949271
2018-03-06,65,4828.73654,4332.469143,1041.6,9161.205683,1041.6,26405.48335,2.828928786,3,0.22220297,0.099087758,0.470973608,1.660626008,0.551247742,430.6719104,0.359674792
2018-03-07,66,4707.328657,4334.524077,1041.6,9041.852733,1041.6,26405.48335,2.980986538,3,0.22220297,0.099087758,0.470973608,1.660626008,0.376922232,426.6387511,0.327318125
2018-03-08,67,4573.56801,4339.938853,1041.6,8913.506863,1041.6,26405.48335,3.16910322,3,0.22220297,0.099087758,0.470973608,1.660626008,0.88340612,428.9423569,0.319826667
2018-03-09,68,4428.762873,4349.011101,1041.6,8777.773974,1041.6,26405.48335,3.039407021,3,0.22220297,0.099087758,0.470973608,1.660626008,0.673873711,428.5802548,0.604133854
2018-03-10,69,4274.221516,4361.99874,1041.6,8636.220256,1041.6,26405.48335,2.841178538,3,0.22220297,0.099087758,0.470973608,1.660626008,0.304807525,431.5583004,0.615857083
2018-03-11,70,4111.252214,4379.110279,1041.6,8490.362492,1041.6,26405.48335,2.93928225,3,0.22220297,0.099087758,0.470973608,1.660626008,0.429446216,445.0702518,0.55047375
2018-03-12,71,3941.163237,4400.496629,1041.6,8341.659865,1041.6,26405.48335,3.127958852,3,0.22220297,0.099087758,0.470973608,1.660626008,0.585392869,440.7379795,0.520300417
2018-03-13,72,3765.262858,4426.244639,1041.6,8191.507496,1041.6,26405.48335,3.230626894,3,0.22220297,0.099087758,0.470973608,1.660626008,0.228902462,451.2556746,0.548072292
2018-03-14,73,3584.859349,4456.372504,1041.6,8041.231853,1041.6,26405.48335,3.184355469,3,0.22220297,0.099087758,0.470973608,1.660626008,0.304807525,458.9548666,0.591874719
2018-03-15,74,3401.260982,4490.827122,1041.6,7892.088104,1041.6,26405.48335,3.22657075,3,0.22220297,0.099087758,0.470973608,1.660626008,0.133062447,438.9684349,0.562818958
2018-03-16,75,3215.776029,4529.483376,1041.6,7745.259405,1041.6,26405.48335,3.058696793,3,0.22220297,0.099087758,0.470973608,1.660626008,0.304807525,442.2806411,0.507318675
2018-03-17,76,3029.712764,4572.145249,1041.6,7601.858013,1041.6,26405.48335,3.145351992,3,0.22220297,0.099087758,0.470973608,1.660626008,0.304807525,442.9505955,0.440582813
2018-03-18,77,2844.379457,4618.548583,1041.6,7462.92804,1041.6,26405.48335,3.330890078,3,0.22220297,0.099087758,0.470973608,1.660626008,0.304807525,473.8461833,0.399431667
2018-03-19,78,2661.084381,4668.365227,1041.6,7329.449608,1041.6,26405.48335,3.455164929,3,0.22220297,0.099087758,0.470973608,1.660626008,0.304807525,468.0850246,0.361965
2018-03-20,79,2481.135808,4721.208307,1041.6,7202.344116,1041.6,26405.48335,3.485520379,3,0.22220297,0.099087758,0.470973608,1.660626008,0.268666363,439.3935961,0.326473229
2018-03-21,80,2305.842011,4776.638295,1041.6,7082.480306,1041.6,26405.48335,3.667470192,3,0.22220297,0.099087758,0.470973608,1.660626008,0.304807525,443.2525594,0.298870417
2018-03-22,81,2136.511261,4834.16959,1041.6,6970.680851,1041.6,26405.48335,3.817701961,3,0.22220297,0.099087758,0.470973608,1.660626008,0.06172305,465.5066855,0.322471042
2018-03-23,82,1974.451831,4893.277348,1041.6,6867.72918,1041.6,26405.48335,3.52486875,3,0.22220297,0.099087758,0.470973608,1.660626008,0.346186851,449.2121722,0.375468021
2018-03-24,83,1820.971993,4953.404313,1041.6,6774.376306,1041.6,26405.48335,3.564831301,3,0.22220297,0.099087758,0.470973608,1.660626008,0.191778826,438.8957236,0.369037708
2018-03-25,84,1677.380019,5013.967475,1041.6,6691.347495,1041.6,26405.48335,3.678347538,3,0.22220297,0.099087758,0.470973608,1.660626008,0.112219855,435.933049,0.345007292
2018-03-26,85,1544.984182,5074.364429,1041.6,6619.34861,1041.6,26405.48335,3.792878788,3,0.22220297,0.099087758,0.470973608,1.660626008,0.060444537,444.7850929,0.327108229
2018-03-27,86,1425.092753,5133.979333,1041.6,6559.072086,1041.6,26405.48335,3.955630268,3,0.22220297,0.099087758,0.470973608,1.660626008,0.192665092,445.9407661,0.35207375
2018-03-28,87,1319.014004,5192.188454,1041.6,6511.202458,1041.6,26405.48335,4.136634286,3,0.22220297,0.099087758,0.470973608,1.660626008,0.304807525,476.9705602,0.467246522
2018-03-29,88,1228.056209,5248.365269,1041.6,6476.421478,1041.6,26405.48335,4.135435873,3,0.22220297,0.099087758,0.470973608,1.660626008,0.304807525,446.1084872,0.485062874
2018-03-30,89,1153.527639,5301.885187,1041.6,6455.412825,1041.6,26405.48335,4.23482197,3,0.22220297,0.099087758,0.470973608,1.660626008,0.304807525,447.9559277,0.456488438
2018-03-31,90,1096.736566,5352.12993,1041.6,6448.866496,1041.6,26405.48335,4.113234568,3,0.22220297,0.099087758,0.470973608,1.660626008,0.382887151,435.72836,0.431466146
2018-04-01,91,1058.991262,5398.491661,1041.6,6457.482923,1041.6,26405.48335,4.010100379,3,0.22220297,0.099087758,0.470973608,1.660626008,0.409385984,435.6960196,0.402480313
2018-04-02,92,1041.6,5440.376955,1041.6,6481.976955,1041.6,26405.48335,3.987150925,4,0.22220297,0.099087758,0.470973608,1.660626008,0.21945655,433.8769922,0.385416458
2018-04-03,93,1045.521934,5477.301691,1041.6,6522.823626,1041.6,26405.48335,4.006948864,4,0.22220297,0.099087758,0.470973608,1.660626008,0.286062896,434.0425081,0.3390575
2018-04-04,94,1070.31975,5509.175191,1041.6,6579.494941,1041.6,26405.48335,4.209637311,4,0.22220297,0.099087758,0.470973608,1.660626008,0.304807525,436.4665916,0.299464375
2018-04-05,95,1115.207014,5536.039513,1041.6,6651.246527,1041.6,26405.48335,4.121405303,4,0.22220297,0.099087758,0.470973608,1.660626008,0.390427544,436.3186246,0.274433854
2018-04-06,96,1179.397295,5557.974787,1041.6,6737.372081,1041.6,26405.48335,4.186058712,4,0.22220297,0.099087758,0.470973608,1.660626008,0.304807525,436.1706577,0.399938854
2018-04-07,97,1262.104158,5575.093944,1041.6,6837.198102,1041.6,26405.48335,4.39260274,4,0.22220297,0.099087758,0.470973608,1.660626008,0.14824096,440.5046575,0.64295125
2018-04-08,98,1362.541173,5587.538203,1041.6,6950.079376,1041.6,26405.48335,4.563607008,4,0.22220297,0.099087758,0.470973608,1.660626008,0.045112048,441.8189463,1.187733021
2018-04-09,99,1479.921906,5595.473188,1041.6,7075.395094,1041.6,26405.48335,4.467944928,4,0.22220297,0.099087758,0.470973608,1.660626008,0.304807525,433.3684417,1.379103765
2018-04-10,100,1613.459924,5599.085571,1041.6,7212.545495,1041.6,26405.48335,4.516899618,4,0.22220297,0.099087758,0.470973608,1.660626008,0.287103663,442.5321666,0.924083333
2018-04-11,101,1762.368795,5598.580153,1041.6,7360.948948,1041.6,26405.48335,4.335357292,4,0.22220297,0.099087758,0.470973608,1.660626008,0.300083143,433.7272077,0.750347396
2018-04-12,102,1925.862087,5594.177304,1041.6,7520.039392,1041.6,26405.48335,4.263322917,4,0.22220297,0.099087758,0.470973608,1.660626008,0.217954478,426.5046298,0.696086563
2018-04-13,103,2103.153367,5586.110706,1041.6,7689.264073,1041.6,26405.48335,4.166890625,4,0.22220297,0.099087758,0.470973608,1.660626008,0.462037617,423.8966976,0.749882396
2018-04-14,104,2293.456202,5574.62533,1041.6,7868.081532,1041.6,26405.48335,4.150296296,4,0.22220297,0.099087758,0.470973608,1.660626008,0.22426168,425.8907998,0.841526667
2018-04-15,105,2495.984159,5559.975622,1041.6,8055.959781,1041.6,26405.48335,4.371884314,4,0.22220297,0.099087758,0.470973608,1.660626008,0.261880724,425.0880729,0.817461146
2018-04-16,106,2709.950806,5542.42384,1041.6,8252.374646,1041.6,26405.48335,4.500245303,4,0.22220297,0.099087758,0.470973608,1.660626008,0.231223086,425.6939057,0.801376979
2018-04-17,107,2934.569711,5522.238522,1041.6,8456.808233,1041.6,26405.48335,4.482016667,4,0.22220297,0.099087758,0.470973608,1.660626008,0.183441411,427.0777358,0.90492625
2018-04-18,108,3169.054441,5499.693052,1041.6,8668.747493,1041.6,26405.48335,4.441866667,4,0.22220297,0.099087758,0.470973608,1.660626008,0.381103918,427.2050199,0.879938854
2018-04-19,109,3412.618562,5475.064308,1041.6,8887.682871,1041.6,26405.48335,4.734565401,4,0.22220297,0.099087758,0.470973608,1.660626008,0.468128013,427.1952506,0.746536875
2018-04-20,110,3664.475644,5448.63136,1041.6,9113.107004,1041.6,26405.48335,5.110363715,4,0.22220297,0.099087758,0.470973608,1.660626008,0.260867479,429.4596928,0.6316075
2018-04-21,111,3923.839252,5420.674221,1041.6,9344.513473,1041.6,26405.48335,5.161140625,4,0.22220297,0.099087758,0.470973608,1.660626008,0.304807525,426.3698045,0.548252708
2018-04-22,112,4189.922955,5391.472628,1041.6,9581.395583,1041.6,26405.48335,5.299284722,4,0.22220297,0.099087758,0.470973608,1.660626008,0.318677389,428.9837021,0.468494375
2018-04-23,113,4461.940319,5361.304849,1041.6,9823.245168,1041.6,26405.48335,5.48526049,4,0.22220297,0.099087758,0.470973608,1.660626008,0.589886791,429.0774425,0.400539896
2018-04-24,114,4739.104913,5330.446511,1041.6,10069.55142,1041.6,26405.48335,5.594933393,4,0.22220297,0.099087758,0.470973608,1.660626008,0.304807525,427.772452,0.353141807
2018-04-25,115,5020.630303,5299.169452,1041.6,10319.79976,1041.6,26405.48335,5.707157255,4,0.22220297,0.099087758,0.470973608,1.660626008,0.304807525,433.523691,0.331352708
2018-04-26,116,5305.730057,5267.740598,1041.6,10573.47066,1041.6,26405.48335,6.026460069,4,0.22220297,0.099087758,0.470973608,1.660626008,0.304807525,429.5312332,0.289020833
2018-04-27,117,5593.617743,5236.420864,1041.6,10830.03861,1041.6,26405.48335,5.755485549,4,0.22220297,0.099087758,0.470973608,1.660626008,0.304807525,430.9416663,0.252733947
2018-04-28,118,5883.506927,5205.464108,1041.6,11088.97104,1041.6,26405.48335,5.837848958,4,0.22220297,0.099087758,0.470973608,1.660626008,0.304807525,429.2301144,0.230141771
2018-04-29,119,6174.611178,5175.116126,1041.6,11349.7273,1041.6,26405.48335,6.058408363,4,0.22220297,0.099087758,0.470973608,1.660626008,0.304807525,429.7126787,0.2065675
2018-04-30,120,6466.144062,5145.613723,1320.530339,11611.75778,1041.6,26405.48335,6.214819471,4,0.22220297,0.099087758,0.470973608,1.660626008,0.304807525,429.7740299,0.19072449
2018-05-01,121,6757.319147,5117.183876,1640.135271,11874.50302,1041.6,26405.48335,6.082574635,4,0.22220297,0.099087758,0.470973608,1.660626008,0.304807525,429.8353812,0.179284915
2018-05-02,122,7047.35,5090.043,1957.307,12137.393,1041.6,26405.48335,5.71459375,5,0.22220297,0.099087758,0.470973608,1.660626008,0.304807525,429.8967325,0.167845341
2018-05-03,123,7335.61973,5064.371891,2271.247839,12399.99162,1041.6,26405.48335,5.838634211,5,0.22220297,0.099087758,0.470973608,1.660626008,0.304807525,429.9580837,0.156405767
2018-05-04,124,7622.189606,5040.24521,2581.944396,12662.43482,1041.6,26405.48335,5.934190789,5,0.22220297,0.099087758,0.470973608,1.660626008,0.304807525,441.3838083,0.144966192
2018-05-05,125,7907.29044,5017.71008,2889.58036,12925.00052,1041.6,26405.48335,5.82314974,5,0.22220297,0.099087758,0.470973608,1.660626008,0.304807525,457.3542798,0.133526618
2018-05-06,126,8191.153042,4996.810521,3194.342522,13187.96356,1041.6,26405.48335,6.0190625,5,0.22220297,0.099087758,0.470973608,1.660626008,0.304807525,446.7421346,0.122087044
2018-05-07,127,8474.008224,4977.586663,3496.421561,13451.59489,1041.6,26405.48335,5.885777344,5,0.22220297,0.099087758,0.470973608,1.660626008,0.304807525,440.1669391,0.110647469
2018-05-08,128,8756.086797,4960.074085,3796.012712,13716.16088,1041.6,26405.48335,5.701933419,5,0.22220297,0.099087758,0.470973608,1.660626008,0.304807525,433.5917436,0.099207895
2018-05-09,129,9037.619571,4944.303261,4093.31631,13981.92283,1041.6,26405.48335,6.5868375,5,0.22220297,0.099087758,0.470973608,1.660626008,0.304807525,427.0165481,0.098355104
2018-05-10,130,9318.837357,4930.299158,4388.538199,14249.13652,1041.6,26405.48335,6.538674518,5,0.22220297,0.099087758,0.470973608,1.660626008,0.304807525,440.8478434,0.0903
2018-05-11,131,9599.970966,4918.080963,4681.890004,14518.05193,1041.6,26405.48335,6.749468615,5,0.22220297,0.099087758,0.470973608,1.660626008,0.304807525,450.5373418,0.083188916
2018-05-12,132,9881.25121,4907.661958,4973.589252,14788.91317,1041.6,26405.48335,6.959489433,5,0.22220297,0.099087758,0.470973608,1.660626008,0.304807525,438.3865191,0.074767846
2018-05-13,133,10162.9089,4899.049556,5263.859342,15061.95846,1041.6,26405.48335,6.695727865,5,0.22220297,0.099087758,0.470973608,1.660626008,0.304807525,453.4055846,0.070230277
2018-05-14,134,10445.17484,4892.245484,5552.92936,15337.42033,1041.6,26405.48335,7.0149375,5,0.22220297,0.099087758,0.470973608,1.660626008,0.304807525,468.4246501,0.065692708
2018-05-15,135,10728.27986,4887.246118,5841.033737,15615.52597,1041.6,26405.48335,7.27775,5,0.22220297,0.099087758,0.470973608,1.660626008,0.304807525,483.4437156,0.061155138
2018-05-16,136,11012.45475,4884.042989,6128.411756,15896.49773,1041.6,26405.48335,7.495740448,5,0.22220297,0.099087758,0.470973608,1.660626008,0.304807525,453.3824566,0.056617569
2018-05-17,137,11297.93032,4882.623425,6415.306899,16180.55375,1041.6,26405.48335,8.374512484,5,0.22220297,0.099087758,0.470973608,1.660626008,0.304807525,460.6290346,0.05208
2018-05-18,138,11584.9374,4882.971351,6701.966052,16467.90875,1041.6,26405.48335,8.10168062,5,0.22220297,0.099087758,0.470973608,1.660626008,0.304807525,463.6424846,0.049346429
2018-05-19,139,11873.70679,4885.068231,6988.638561,16758.77502,1041.6,26405.48335,7.909211679,5,0.22220297,0.099087758,0.470973608,1.660626008,0.304807525,460.5570171,0.046612857
2018-05-20,140,12164.4693,4888.894146,7275.575157,17053.36345,1041.6,26405.48335,7.87105599,5,0.22220297,0.099087758,0.470973608,1.660626008,0.304807525,481.8539979,0.043879286
2018-05-21,141,12457.45575,4894.428996,7563.026751,17351.88474,1041.6,26405.48335,7.94943099,5,0.22220297,0.099087758,0.470973608,1.660626008,0.304807525,449.0180713,0.041145714
2018-05-22,142,12752.89693,4901.653822,7851.243112,17654.55076,1041.6,26405.48335,7.756846354,5,0.22220297,0.099087758,0.470973608,1.660626008,0.304807525,431.1465158,0.038412143
2018-05-23,143,13051.02368,4910.552238,8140.471437,17961.57591,1041.6,26405.48335,7.607318421,5,0.22220297,0.099087758,0.470973608,1.660626008,0.304807525,457.3185302,0.035678571
2018-05-24,144,13352.06678,4921.111958,8430.954825,18273.17874,1041.6,26405.48335,7.69338601,5,0.22220297,0.099087758,0.470973608,1.660626008,0.304807525,449.7980656,0.032945
2018-05-25,145,13656.25707,4933.326406,8722.930661,18589.58347,1041.6,26405.48335,8.916934375,5,0.22220297,0.099087758,0.470973608,1.660626008,0.304807525,451.5903502,0.032248125
2018-05-26,146,13963.82534,4947.1964,9016.628938,18911.02174,1041.6,26405.48335,8.870861458,5,0.22220297,0.099087758,0.470973608,1.660626008,0.304807525,477.4416157,0.030923958
2018-05-27,147,14275.00241,4962.731899,9312.270508,19237.73431,1041.6,26405.48335,9.059772917,5,0.22220297,0.099087758,0.470973608,1.660626008,0.304807525,451.2722868,0.030032604
2018-05-28,148,14590.01909,4979.953796,9610.06529,19569.97288,1041.6,26405.48335,9.201178125,5,0.22220297,0.099087758,0.470973608,1.660626008,0.304807525,449.2179937,0.029146146
2018-05-29,149,14909.10618,4998.895739,9910.210445,19908.00192,1041.6,26405.48335,9.132985417,5,0.22220297,0.099087758,0.470973608,1.660626008,0.304807525,441.9440964,0.028062396
2018-05-30,150,15232.49451,5019.605979,10212.88854,20252.10049,1041.6,26405.48335,9.015076042,5,0.22220297,0.099087758,0.470973608,1.660626008,0.304807525,444.505151,0.026982396
2018-05-31,151,15560.41489,5042.149207,10518.26568,20602.56409,1041.6,26405.48335,9.307509574,5,0.22220297,0.099087758,0.470973608,1.660626008,0.304807525,441.7028073,0.026268229
2018-06-01,152,15893.09811,5066.608383,10826.48973,20959.70649,1041.6,26405.48335,9.339978125,5,0.22220297,0.099087758,0.470973608,1.660626008,0.058536959,476.2025645,0.02536625
2018-06-02,153,16230.775,5093.08652,11137.68848,21323.86152,1041.6,26405.48335,9.715260417,6,0.22220297,0.099087758,0.470973608,1.660626008,0.058536959,447.392057,0.024718438
2018-06-03,154,16573.51289,5121.710718,11451.80217,21695.22361,1041.6,26405.48335,10.18309688,6,0.22220297,0.099087758,0.470973608,1.660626008,0.058536959,476.9291165,0.024366771
2018-06-04,155,16920.72523,5152.62784,11768.09739,22073.35307,1041.6,26405.48335,10.10646461,6,0.22220297,0.099087758,0.470973608,1.660626008,0.058536959,447.8289994,0.023518021
2018-06-05,156,17271.662,5185.974352,12085.68765,22457.63635,1041.6,26405.48335,9.741823144,6,0.22220297,0.099087758,0.470973608,1.660626008,0.058536959,466.2755259,0.02266027
2018-06-06,157,17625.57317,5221.867657,12403.70552,22847.44083,1041.6,26405.48335,9.66659893,6,0.22220297,0.099087758,0.470973608,1.660626008,0.058536959,435.8605491,0.02126625
2018-06-07,158,17981.70872,5260.403146,12721.30558,23242.11187,1041.6,26405.48335,9.410672454,6,0.22220297,0.099087758,0.470973608,1.660626008,0.058536959,455.1717731,0.021137292
2018-06-08,159,18339.31863,5301.651762,13037.66686,23640.97039,1041.6,26405.48335,9.354088838,6,0.22220297,0.099087758,0.470973608,1.660626008,0.058536959,476.5856178,0.020464479
2018-06-09,160,18697.65286,5345.658077,13351.99478,24043.31094,1041.6,26405.48335,9.326368304,6,0.22220297,0.099087758,0.470973608,1.660626008,0.058536959,483.6620412,0.021067292
2018-06-10,161,19055.9614,5392.438906,13663.5225,24448.40031,1041.6,26405.48335,9.011619186,6,0.22220297,0.099087758,0.470973608,1.660626008,0.058536959,472.6622686,0.036784375
2018-06-11,162,19413.49422,5441.982438,13971.51179,24855.47666,1041.6,26405.48335,9.000354167,6,0.22220297,0.099087758,0.470973608,1.660626008,0.210105953,459.4738527,0.035039063
2018-06-12,163,19769.50131,5494.247877,14275.25343,25263.74918,1041.6,26405.48335,9.311672743,6,0.22220297,0.099087758,0.470973608,1.660626008,0.166629601,493.9254095,0.02637875
2018-06-13,164,20123.23262,5549.165558,14574.06706,25672.39818,1041.6,26405.48335,9.591286458,6,0.22220297,0.099087758,0.470973608,1.660626008,0.151724489,444.5775417,0.022812604
2018-06-14,165,20473.93814,5606.6375,14867.30065,26080.57564,1041.6,26405.48335,9.150472469,6,0.22220297,0.099087758,0.470973608,1.660626008,0.082113101,431.5377005,0.020884792
2018-06-15,166,20820.86786,5666.538354,15154.3295,26487.40621,1041.6,26405.48335,9.099368924,6,0.22220297,0.099087758,0.470973608,1.660626008,0.149178479,438.0902404,0.019564792
2018-06-16,167,21163.27173,5728.716694,15434.55503,26891.98842,1041.6,26405.48335,9.413043403,6,0.22220297,0.099087758,0.470973608,1.660626008,0.102420943,457.7655862,0.018715833
2018-06-17,168,21500.39974,5792.996592,15707.40314,27293.39633,1041.6,26405.48335,9.603981771,6,0.22220297,0.099087758,0.470973608,1.660626008,0.058536959,450.0490859,0.019473438
2018-06-18,169,21831.50186,5859.17942,15972.32244,27690.68128,1041.6,26405.48335,9.593312839,6,0.22220297,0.099087758,0.470973608,1.660626008,0.058536959,442.3325857,0.01806186
2018-06-19,170,22155.82807,5927.045832,16228.78224,28082.8739,1041.6,26405.48335,9.483804688,6,0.22220297,0.099087758,0.470973608,1.660626008,0.073674991,434.6160854,0.017124583
2018-06-20,171,22472.62835,5996.357866,16476.27048,28468.98622,1041.6,26405.48335,9.716142086,6,0.22220297,0.099087758,0.470973608,1.660626008,0.040851952,447.4274381,0.016172917
2018-06-21,172,22781.15267,6066.861117,16714.29155,28848.01378,1041.6,26405.48335,9.95270852,6,0.22220297,0.099087758,0.470973608,1.660626008,0.043042753,460.2387908,0.015530833
2018-06-22,173,23080.651,6138.286955,16942.36405,29218.93796,1041.6,26405.48335,9.451366454,6,0.22220297,0.099087758,0.470973608,1.660626008,0.076035477,473.0501435,0.015059479
2018-06-23,174,23370.37333,6210.354731,17160.0186,29580.72806,1041.6,26405.48335,9.680397697,6,0.22220297,0.099087758,0.470973608,1.660626008,0.024364254,485.8614962,0.014452292
2018-06-24,175,23649.56963,6282.773966,17366.79566,29932.3436,1041.6,26405.48335,9.911378472,6,0.22220297,0.099087758,0.470973608,1.660626008,0.058536959,464.4851029,0.014088854
2018-06-25,176,23917.48987,6355.246489,17562.24338,30272.73636,1041.6,26405.48335,10.24609809,6,0.22220297,0.099087758,0.470973608,1.660626008,0.058536959,468.0540553,0.013633438
2018-06-26,177,24173.38404,6427.468507,17745.91553,30600.85254,1041.6,26405.48335,10.36083941,6,0.22220297,0.099087758,0.470973608,1.660626008,0.130148161,468.1929814,0.01309
2018-06-27,178,24416.5021,6499.132621,17917.36947,30915.63472,1041.6,26405.48335,10.53702026,6,0.22220297,0.099087758,0.470973608,1.660626008,0.058536959,445.8880833,0.012696875
2018-06-28,179,24646.09403,6569.929758,18076.16427,31216.02379,1041.6,26405.48335,10.69390538,6,0.22220297,0.099087758,0.470973608,1.660626008,0.058536959,466.1259727,0.012211146
2018-06-29,180,24861.40981,6639.551044,18221.85876,31500.96085,1041.6,26405.48335,10.5656793,6,0.22220297,0.099087758,0.470973608,1.660626008,0.058536959,465.6302576,0.011760521
2018-06-30,181,25061.69941,6707.689622,18354.00979,31769.38904,1041.6,26405.48335,10.86065365,6,0.22220297,0.099087758,0.470973608,1.660626008,0.058536959,478.4905262,0.011341771
2018-07-01,182,25246.21282,6774.04241,18472.17041,32020.25523,1041.6,26405.48335,10.92832292,6,0.22220297,0.099087758,0.470973608,1.660626008,0.058536959,487.0977433,0.010942604
2018-07-02,183,25414.2,6838.311843,18575.88816,32252.51184,1041.6,26405.48335,10.71979558,7,0.22220297,0.099087758,0.470973608,1.660626008,0.058536959,450.0188117,0.010496354
2018-07-03,184,25565.17099,6900.258462,18664.91253,32465.42945,1041.6,26405.48335,10.5913693,7,0.22220297,0.099087758,0.470973608,1.660626008,0.058536959,451.9433199,0.010247229
2018-07-04,185,25699.67604,6959.859476,18739.81656,32659.53551,1041.6,26405.48335,10.73045833,7,0.22220297,0.099087758,0.470973608,1.660626008,0.058536959,463.0509886,0.010655313
2018-07-05,186,25818.52546,7017.162187,18801.36327,32835.68764,1041.6,26405.48335,10.8622404,7,0.22220297,0.099087758,0.470973608,1.660626008,0.058536959,481.1267103,0.010262105
2018-07-06,187,25922.52955,7072.23116,18850.29839,32994.76071,1041.6,26405.48335,10.92531629,7,0.22220297,0.099087758,0.470973608,1.660626008,0.058536959,481.7635214,0.009748438
2018-07-07,188,26012.49863,7125.145593,18887.35304,33137.64423,1041.6,26405.48335,11.02265072,7,0.22220297,0.099087758,0.470973608,1.660626008,0.058536959,474.3007346,0.00946625
2018-07-08,189,26089.24301,7175.996994,18913.24601,33265.24,1041.6,26405.48335,11.03233077,7,0.22220297,0.099087758,0.470973608,1.660626008,0.058536959,490.9511309,0.009170833
2018-07-09,190,26153.57298,7224.887135,18928.68585,33378.46012,1041.6,26405.48335,11.22613463,7,0.22220297,0.099087758,0.470973608,1.660626008,0.058536959,495.1474354,0.008854896
2018-07-10,191,26206.29887,7271.926228,18934.37265,33478.2251,1041.6,26405.48335,11.50850434,7,0.22220297,0.099087758,0.470973608,1.660626008,0.058536959,450.3503163,0.008730104
2018-07-11,192,26248.23098,7317.231334,18930.99965,33565.46231,1041.6,26405.48335,11.59245139,7,0.22220297,0.099087758,0.470973608,1.660626008,0.058536959,483.0921899,0.008457813
2018-07-12,193,26280.17962,7360.92495,18919.25467,33641.10457,1041.6,26405.48335,12.12108464,7,0.22220297,0.099087758,0.470973608,1.660626008,0.058536959,501.483358,0.008097604
2018-07-13,194,26302.95509,7403.133764,18899.82132,33706.08885,1041.6,26405.48335,12.47814931,7,0.22220297,0.099087758,0.470973608,1.660626008,0.058536959,458.7045762,0.007653646
2018-07-14,195,26317.3677,7443.987576,18873.38013,33761.35528,1041.6,26405.48335,12.45358594,7,0.22220297,0.099087758,0.470973608,1.660626008,0.058536959,462.2594406,0.007203053
2018-07-15,196,26324.22777,7483.618355,18840.60942,33807.84612,1041.6,26405.48335,12.60893924,7,0.22220297,0.099087758,0.470973608,1.660626008,0.058536959,482.8540493,0.006985208
2018-07-16,197,26324.3456,7522.15942,18802.18618,33846.50502,1041.6,26405.48335,12.7197283,7,0.22220297,0.099087758,0.470973608,1.660626008,0.058536959,480.5498705,0.006605521
2018-07-17,198,26318.5315,7559.744756,18758.78674,33878.27626,1041.6,26405.48335,12.7378533,7,0.22220297,0.099087758,0.470973608,1.660626008,0.058536959,440.6604884,0.006198333
2018-07-18,199,26307.59578,7596.508437,18711.08734,33904.10421,1041.6,26405.48335,12.64711111,7,0.22220297,0.099087758,0.470973608,1.660626008,0.058536959,437.3795489,0.005885625
2018-07-19,200,26292.34874,7632.584154,18659.76459,33924.93289,1041.6,26405.48335,12.34992768,7,0.22220297,0.099087758,0.470973608,1.660626008,0.058536959,475.5156716,0.005917396
2018-07-20,201,26273.6007,7668.104857,18605.49584,33941.70555,1041.6,26405.48335,12.46034296,7,0.22220297,0.099087758,0.470973608,1.660626008,0.058536959,499.1839789,0.00580625
2018-07-21,202,26252.16196,7703.202486,18548.95947,33955.36444,1041.6,26405.48335,12.18285963,7,0.22220297,0.099087758,0.470973608,1.660626008,0.058536959,494.7671818,0.005623333
2018-07-22,203,26228.84283,7738.007808,18490.83502,33966.85064,1041.6,26405.48335,12.71433073,7,0.22220297,0.099087758,0.470973608,1.660626008,0.058536959,470.0936645,0.00550043
2018-07-23,204,26204.45362,7772.650343,18431.80328,33977.10397,1041.6,26405.48335,12.92467014,7,0.22220297,0.099087758,0.470973608,1.660626008,0.058536959,440.9987951,0.005086048
2018-07-24,205,26179.80465,7807.25838,18372.54627,33987.06303,1041.6,26405.48335,13.00032692,7,0.22220297,0.099087758,0.470973608,1.660626008,0.058536959,458.8667422,0.004671667
2018-07-25,206,26155.7062,7841.959086,18313.74712,33997.66529,1041.6,26405.48335,12.93172383,7,0.22220297,0.099087758,0.470973608,1.660626008,0.058536959,489.5572039,0.00485061
2018-07-26,207,26132.96861,7876.878706,18256.0899,34009.84731,1041.6,26405.48335,13.11031735,7,0.22220297,0.099087758,0.470973608,1.660626008,0.058536959,485.1102227,0.005072292
2018-07-27,208,26112.40216,7912.142835,18200.25933,34024.545,1041.6,26405.48335,13.28524934,7,0.22220297,0.099087758,0.470973608,1.660626008,0.058536959,502.4246028,0.004704583
2018-07-28,209,26094.81718,7947.876791,18146.94039,34042.69397,1041.6,26405.48335,13.33042882,7,0.22220297,0.099087758,0.470973608,1.660626008,0.058536959,471.8067588,0.004449063
2018-07-29,210,26081.02397,7984.206052,18096.81792,34065.23002,1041.6,26405.48335,13.73690757,7,0.22220297,0.099087758,0.470973608,1.660626008,0.058536959,479.0538549,0.004265
2018-07-30,211,26071.83284,8021.256781,18050.57606,34093.08962,1041.6,26405.48335,13.85889547,7,0.22220297,0.099087758,0.470973608,1.660626008,0.058536959,474.4543022,0.003977083
2018-07-31,212,26068.05409,8059.156423,18008.89767,34127.21052,1041.6,26405.48335,14.29201828,7,0.22220297,0.099087758,0.470973608,1.660626008,0.058536959,478.8328865,0.003834688
2018-08-01,213,26070.49805,8098.034368,17972.46368,34168.53241,1041.6,26405.48335,14.29277845,7,0.22220297,0.099087758,0.470973608,1.660626008,0.058536959,475.8427632,0.003070417
2018-08-02,214,26079.975,8138.022683,17941.95232,34217.99768,1041.6,26405.48335,14.16678051,8,0.22220297,0.099087758,0.470973608,1.660626008,0.058536959,456.2160215,0.002848333
2018-08-03,215,26096.92823,8179.188601,17917.73963,34276.11683,1041.6,26405.48335,14.01980142,8,0.22220297,0.099087758,0.470973608,1.660626008,0.058536959,438.9628964,0.00290375
2018-08-04,216,26120.33284,8221.326294,17899.00654,34341.65913,1041.6,26405.48335,14.41861545,8,0.22220297,0.099087758,0.470973608,1.660626008,0.058536959,444.8299944,0.003065521
2018-08-05,217,26148.79691,8264.153973,17884.64293,34412.95088,1041.6,26405.48335,14.48788721,8,0.22220297,0.099087758,0.470973608,1.660626008,0.058536959,446.0654683,0.002671458
2018-08-06,218,26180.9285,8307.379383,17873.54912,34488.30788,1041.6,26405.48335,14.6691901,8,0.22220297,0.099087758,0.470973608,1.660626008,0.058536959,458.3229448,0.002527188
2018-08-07,219,26215.33569,8350.698446,17864.63724,34566.03414,1041.6,26405.48335,14.77969895,8,0.22220297,0.099087758,0.470973608,1.660626008,0.058536959,454.7676708,0.002575417
2018-08-08,220,26250.62655,8393.794472,17856.83208,34644.42102,1041.6,26405.48335,14.56177846,8,0.22220297,0.099087758,0.470973608,1.660626008,0.058536959,502.8534452,0.002587931
2018-08-09,221,26285.40916,8436.33791,17849.07125,34721.74707,1041.6,26405.48335,14.53547665,8,0.22220297,0.099087758,0.470973608,1.660626008,0.058536959,458.1821558,0.002854583
2018-08-10,222,26318.29157,8477.986592,17840.30498,34796.27816,1041.6,26405.48335,14.68860777,8,0.22220297,0.099087758,0.470973608,1.660626008,0.058536959,438.9486508,0.002886771
2018-08-11,223,26347.88187,8518.386447,17829.49543,34866.26832,1041.6,26405.48335,14.33624066,8,0.22220297,0.099087758,0.470973608,1.660626008,0.058536959,432.6105068,0.003004632
2018-08-12,224,26372.78813,8557.172638,17815.61549,34929.96077,1041.6,26405.48335,14.18190246,8,0.22220297,0.099087758,0.470973608,1.660626008,0.058536959,455.4115206,0.004083542
2018-08-13,225,26391.61841,8593.971116,17797.6473,34985.58953,1041.6,26405.48335,14.17220498,8,0.22220297,0.099087758,0.470973608,1.660626008,0.012520644,447.0536549,0.004327396
2018-08-14,226,26402.9808,8628.400545,17774.58025,35031.38134,1041.6,26405.48335,14.37543578,8,0.22220297,0.099087758,0.470973608,1.660626008,0.058536959,466.7056672,0.004247895
2018-08-15,227,26405.48335,8660.074602,17745.40875,35065.55795,1041.6,26405.48335,14.6751176,8,0.22220297,0.099087758,0.470973608,1.660626008,0.029975121,484.5788316,0.003988958
2018-08-16,228,26397.73414,8688.604626,17709.12952,35086.33877,1041.6,26405.48335,14.97146441,8,0.22220297,0.099087758,0.470973608,1.660626008,0.009430521,482.5149545,0.004235938
2018-08-17,229,26378.34125,8713.60264,17664.73861,35091.94389,1041.6,26405.48335,14.80459115,8,0.22220297,0.099087758,0.470973608,1.660626008,0.031569744,496.3961776,0.004181042
2018-08-18,230,26345.91275,8734.684731,17611.22802,35080.59748,1041.6,26405.48335,14.43818272,8,0.22220297,0.099087758,0.470973608,1.660626008,0.058536959,495.4824518,0.003977083
2018-08-19,231,26299.0567,8751.474828,17547.58187,35050.53153,1041.6,26405.48335,14.55060614,8,0.22220297,0.099087758,0.470973608,1.660626008,0.058536959,472.1029237,0.003700685
2018-08-20,232,26236.38118,8763.608916,17472.77226,34999.99009,1041.6,26405.48335,14.52639357,8,0.22220297,0.099087758,0.470973608,1.660626008,0.158997428,457.2475625,0.003880833
2018-08-21,233,26156.49426,8770.739711,17385.75455,34927.23397,1041.6,26405.48335,14.30659635,8,0.22220297,0.099087758,0.470973608,1.660626008,0.058774793,459.4848312,0.003881354
2018-08-22,234,26058.00401,8772.541896,17285.46211,34830.5459,1041.6,26405.48335,14.09102569,8,0.22220297,0.099087758,0.470973608,1.660626008,0.072974104,453.3915421,0.003591563
2018-08-23,235,25939.5185,8768.717968,17170.80053,34708.23647,1041.6,26405.48335,13.78165439,8,0.22220297,0.099087758,0.470973608,1.660626008,0.058536959,455.973494,0.004266966
2018-08-24,236,25799.6458,8759.004815,17040.64099,34558.65062,1041.6,26405.48335,13.46318788,8,0.22220297,0.099087758,0.470973608,1.660626008,0.373271436,444.7754957,0.005218958
2018-08-25,237,25636.994,8743.181144,16893.81285,34380.17514,1041.6,26405.48335,13.32553369,8,0.22220297,0.099087758,0.470973608,1.660626008,0.058536959,486.4053541,0.005478646
2018-08-26,238,25450.17115,8721.075898,16729.09525,34171.24704,1041.6,26405.48335,13.71124575,8,0.22220297,0.099087758,0.470973608,1.660626008,0.058536959,482.9969935,0.005118095
2018-08-27,239,25237.78532,8692.577835,16545.20749,33930.36316,1041.6,26405.48335,13.74290489,8,0.22220297,0.099087758,0.470973608,1.660626008,0.348646525,430.4252388,0.005545729
2018-08-28,240,24998.4446,8657.646472,16340.79813,33656.09107,1041.6,26405.48335,13.52147135,8,0.22220297,0.099087758,0.470973608,1.660626008,0.058536959,431.0207736,0.005025938
2018-08-29,241,24730.75705,8616.324598,16114.43246,33347.08165,1041.6,26405.48335,13.62080783,8,0.22220297,0.099087758,0.470973608,1.660626008,0.108433305,447.3436571,0.003393854
2018-08-30,242,24433.33075,8568.752618,15864.57813,33002.08336,1041.6,26405.48335,13.79905821,8,0.22220297,0.099087758,0.470973608,1.660626008,0.169733135,461.6414409,0.001404947
2018-08-31,243,24104.77375,8515.184978,15589.58878,32619.95873,1041.6,26405.48335,13.3560408,8,0.22220297,0.099087758,0.470973608,1.660626008,0.131711317,485.1572957,0.001286354
2018-09-01,244,23743.69415,8456.008924,15287.68522,32199.70307,1041.6,26405.48335,13.09612846,8,0.22220297,0.099087758,0.470973608,1.660626008,0.146018236,474.6373706,0.001130313
2018-09-02,245,23348.7,8391.765854,14956.93415,31740.46585,1041.6,26405.48335,13.00952257,9,0.22220297,0.099087758,0.470973608,1.660626008,0.153202139,495.4432808,0.000989583
2018-09-03,246,22919.10747,8323.288688,14595.81878,31242.39616,1041.6,26405.48335,13.41637674,9,0.22220297,0.099087758,0.470973608,1.660626008,0.101853754,486.125792,0.000725417
2018-09-04,247,22457.06508,8252.005491,14205.05958,30709.07057,1041.6,26405.48335,13.20254688,9,0.22220297,0.099087758,0.470973608,1.660626008,0.167907842,448.806995,0.000543854
2018-09-05,248,21965.42942,8179.495481,13785.93394,30144.9249,1041.6,26405.48335,13.34112066,9,0.22220297,0.099087758,0.470973608,1.660626008,0.276578983,458.8725375,0.000299271
2018-09-06,249,21447.05711,8107.339959,13339.71715,29554.39707,1041.6,26405.48335,13.50238021,9,0.22220297,0.099087758,0.470973608,1.660626008,0.276578983,457.1614235,8.34375e-05
2018-09-07,250,20904.80475,8037.09774,12867.70701,28941.90249,1041.6,26405.48335,13.55505934,9,0.22220297,0.099087758,0.470973608,1.660626008,0.276578983,487.2208314,6.42857142857143e-05
2018-09-08,251,20341.52895,7970.278577,12371.25037,28311.80752,1041.6,26405.48335,13.49690601,9,0.22220297,0.099087758,0.470973608,1.660626008,0.276578983,459.1821243,2.39583333333333e-05
2018-09-09,252,19760.0863,7908.314747,11851.77156,27668.40105,1041.6,26405.48335,12.91041756,9,0.22220297,0.099087758,0.470973608,1.660626008,0.276578983,471.8762675,0.000112708
2018-09-10,253,19163.33343,7852.531336,11310.80209,27015.86476,1041.6,26405.48335,12.92580278,9,0.22220297,0.099087758,0.470973608,1.660626008,0.520330454,481.6835932,0.000167188
2018-09-11,254,18554.12692,7804.116055,10750.01086,26358.24297,1041.6,26405.48335,12.60409462,9,0.22220297,0.099087758,0.470973608,1.660626008,0.276578983,462.7453331,0.001199271
2018-09-12,255,17935.32339,7764.089714,10171.23368,25699.4131,1041.6,26405.48335,12.5657328,9,0.22220297,0.099087758,0.470973608,1.660626008,0.352180429,467.3051454,0.002753298
2018-09-13,256,17309.77944,7733.278762,9576.500681,25043.0582,1041.6,26405.48335,12.27446435,9,0.22220297,0.099087758,0.470973608,1.660626008,0.276578983,462.2121868,0.004487263
2018-09-14,257,16680.35168,7712.291356,8968.060327,24392.64304,1041.6,26405.48335,12.11484277,9,0.22220297,0.099087758,0.470973608,1.660626008,0.276578983,463.8530305,0.003990208
2018-09-15,258,16049.89671,7701.498435,8348.398279,23751.39515,1041.6,26405.48335,11.98175104,9,0.22220297,0.099087758,0.470973608,1.660626008,0.256178844,470.9209031,0.002752188
2018-09-16,259,15421.27114,7701.021031,7720.250113,23122.29218,1041.6,26405.48335,11.78893021,9,0.22220297,0.099087758,0.470973608,1.660626008,0.276578983,468.7135487,0.006103854
2018-09-17,260,14797.33158,7710.724671,7086.606907,22508.05625,1041.6,26405.48335,11.46336979,9,0.22220297,0.099087758,0.470973608,1.660626008,0.276578983,437.7161765,0.009884167
2018-09-18,261,14180.93462,7730.221239,6450.71338,21911.15586,1041.6,26405.48335,11.50885104,9,0.22220297,0.099087758,0.470973608,1.660626008,0.171460453,429.4996111,0.005745053
2018-09-19,262,13574.93687,7758.878092,5816.058781,21333.81497,1041.6,26405.48335,11.27789099,9,0.22220297,0.099087758,0.470973608,1.660626008,0.276578983,426.0232937,0.004406333
2018-09-20,263,12982.19495,7795.8337,5186.361247,20778.02865,1041.6,26405.48335,11.21935923,9,0.22220297,0.099087758,0.470973608,1.660626008,0.133296138,436.8279934,0.004388542
2018-09-21,264,12405.56544,7840.018649,4565.546795,20245.58409,1041.6,26405.48335,10.99874843,9,0.22220297,0.099087758,0.470973608,1.660626008,0.253316892,433.2155961,0.003562604
2018-09-22,265,11847.90497,7890.180586,3957.724384,19738.08556,1041.6,26405.48335,11.38023217,9,0.22220297,0.099087758,0.470973608,1.660626008,0.276578983,418.8314147,0.004685521
2018-09-23,266,11312.07013,7944.911548,3367.158583,19256.98168,1041.6,26405.48335,11.03544271,9,0.22220297,0.099087758,0.470973608,1.660626008,0.276578983,422.7167498,0.007137396
2018-09-24,267,10800.91753,8002.676224,2798.241308,18803.59376,1041.6,26405.48335,10.95563281,9,0.22220297,0.099087758,0.470973608,1.660626008,0.204796439,428.9991257,0.005301146
2018-09-25,268,10317.30378,8061.83986,2255.463918,18379.14364,1041.6,26405.48335,11.00395399,9,0.22220297,0.099087758,0.470973608,1.660626008,0.211051853,435.979296,0.004305833
2018-09-26,269,9864.085474,8120.694814,1743.39066,17984.78029,1041.6,26405.48335,11.13816622,9,0.22220297,0.099087758,0.470973608,1.660626008,0.269577192,439.8044934,0.003390625
2018-09-27,270,9444.119225,8177.485076,1266.634149,17621.6043,1041.6,26405.48335,11.22884183,9,0.22220297,0.099087758,0.470973608,1.660626008,0.191281436,447.2221152,0.002738542
2018-09-28,271,9060.261638,8230.428382,1041.6,17290.69002,1041.6,26405.48335,11.01516059,9,0.22220297,0.099087758,0.470973608,1.660626008,0.250027279,439.9597848,0.002176771
2018-09-29,272,8715.369316,8277.735826,1041.6,16993.10514,1041.6,26405.48335,10.61721826,9,0.22220297,0.099087758,0.470973608,1.660626008,0.35848813,429.2154432,0.002024271
2018-09-30,273,8412.298866,8317.629105,1041.6,16729.92797,1041.6,26405.48335,10.33271851,9,0.22220297,0.099087758,0.470973608,1.660626008,0.276578983,442.6136507,0.001954316
2018-10-01,274,8153.906892,8348.355715,1041.6,16502.26261,1041.6,26405.48335,10.17659079,9,0.22220297,0.099087758,0.470973608,1.660626008,0.276578983,441.101381,0.003745579
2018-10-02,275,7943.05,8368.202568,1041.6,16311.25257,1041.6,26405.48335,10.26359115,10,0.22220297,0.099087758,0.470973608,1.660626008,0.472130785,444.4827979,0.003601563
2018-10-03,276,7781.726139,8375.759627,1041.6,16157.48577,1041.6,26405.48335,10.06902445,10,0.22220297,0.099087758,0.470973608,1.660626008,0.276578983,415.2055159,0.003564719
2018-10-04,277,7668.498634,8370.715083,1041.6,16039.21372,1041.6,26405.48335,10.18573,10,0.22220297,0.099087758,0.470973608,1.660626008,0.463577886,455.1900385,0.003781979
2018-10-05,278,7601.072152,8353.14983,1041.6,15954.22198,1041.6,26405.48335,9.943657118,10,0.22220297,0.099087758,0.470973608,1.660626008,0.821442245,455.6019133,0.003885104
2018-10-06,279,7577.151363,8323.27304,1041.6,15900.4244,1041.6,26405.48335,10.1943724,10,0.22220297,0.099087758,0.470973608,1.660626008,0.276578983,444.9621281,0.021329792
2018-10-07,280,7594.440934,8281.403115,1041.6,15875.84405,1041.6,26405.48335,10.19750588,10,0.22220297,0.099087758,0.470973608,1.660626008,0.276578983,441.1236434,0.013510192
2018-10-08,281,7650.645534,8227.951785,1041.6,15878.59732,1041.6,26405.48335,10.22011719,10,0.22220297,0.099087758,0.470973608,1.660626008,0.932047009,442.1620829,0.009186458
2018-10-09,282,7743.469832,8163.410796,1041.6,15906.88063,1041.6,26405.48335,10.09001047,10,0.22220297,0.099087758,0.470973608,1.660626008,0.276578983,440.9009037,0.008544479
2018-10-10,283,7870.618495,8088.340739,1041.6,15958.95923,1041.6,26405.48335,9.85737934,10,0.22220297,0.099087758,0.470973608,1.660626008,0.276578983,435.4910706,0.008736563
2018-10-11,284,8029.796193,8003.361608,1041.6,16033.1578,1041.6,26405.48335,9.391002604,10,0.22220297,0.099087758,0.470973608,1.660626008,0.276578983,427.1250172,0.008202917
2018-10-12,285,8218.707593,7909.144768,1041.6,16127.85236,1041.6,26405.48335,8.869653646,10,0.22220297,0.099087758,0.470973608,1.660626008,0.798970635,432.6436306,0.007285
2018-10-13,286,8435.057364,7806.406056,1041.6,16241.46342,1041.6,26405.48335,9.034993913,10,0.22220297,0.099087758,0.470973608,1.660626008,0.788794872,431.6102212,0.006508854
2018-10-14,287,8676.550175,7695.899761,1041.6,16372.44994,1041.6,26405.48335,8.801763889,10,0.22220297,0.099087758,0.470973608,1.660626008,0.658152999,435.9297884,0.005449063
2018-10-15,288,8940.890693,7578.413298,1362.477395,16519.30399,1041.6,26405.48335,8.714915799,10,0.22220297,0.099087758,0.470973608,1.660626008,0.739168887,444.6013068,0.004939479
2018-10-16,289,9225.783587,7454.762362,1771.021225,16680.54595,1041.6,26405.48335,8.811552563,10,0.22220297,0.099087758,0.470973608,1.660626008,0.742193321,436.0604418,0.004169688
2018-10-17,290,9528.933526,7325.786432,2203.147094,16854.71996,1041.6,26405.48335,8.747847594,10,0.22220297,0.099087758,0.470973608,1.660626008,0.621982986,442.5514368,0.003896667
2018-10-18,291,9848.045178,7192.344434,2655.700743,17040.38961,1041.6,26405.48335,8.787460069,10,0.22220297,0.099087758,0.470973608,1.660626008,0.276578983,439.6127613,0.003675938
2018-10-19,292,10180.82321,7055.310463,3125.512748,17236.13367,1041.6,26405.48335,8.679102877,10,0.22220297,0.099087758,0.470973608,1.660626008,0.276578983,437.056836,0.003735056
2018-10-20,293,10524.97229,6915.569388,3609.402905,17440.54168,1041.6,26405.48335,8.721561632,10,0.22220297,0.099087758,0.470973608,1.660626008,0.864449428,440.0488022,0.003998333
2018-10-21,294,10878.19709,6774.012251,4104.184842,17652.20935,1041.6,26405.48335,8.868440945,10,0.22220297,0.099087758,0.470973608,1.660626008,0.276578983,432.4695206,0.003788646
2018-10-22,295,11238.20228,6631.531316,4606.670964,17869.7336,1041.6,26405.48335,8.862982639,10,0.22220297,0.099087758,0.470973608,1.660626008,0.276578983,434.4421605,0.003711789
2018-10-23,296,11602.69252,6489.014676,5113.677847,18091.7072,1041.6,26405.48335,8.369980216,10,0.22220297,0.099087758,0.470973608,1.660626008,0.276578983,434.1856665,0.003712051
2018-10-24,297,11969.37249,6347.340331,5622.032157,18316.71282,1041.6,26405.48335,8.162948795,10,0.22220297,0.099087758,0.470973608,1.660626008,0.276578983,434.1487622,0.003886111
2018-10-25,298,12335.94684,6207.369679,6128.577165,18543.31652,1041.6,26405.48335,8.262727273,10,0.22220297,0.099087758,0.470973608,1.660626008,0.856518211,429.7062224,0.004099792
2018-10-26,299,12700.12026,6069.940397,6630.179864,18770.06066,1041.6,26405.48335,7.838638704,10,0.22220297,0.099087758,0.470973608,1.660626008,0.276578983,425.7727341,0.009792614
2018-10-27,300,13059.59741,5935.858746,7123.73866,18995.45615,1041.6,26405.48335,7.426976326,10,0.22220297,0.099087758,0.470973608,1.660626008,0.276578983,429.0138959,0.018617396
2018-10-28,301,13412.08295,5805.891411,7606.191536,19217.97436,1041.6,26405.48335,7.126566312,10,0.22220297,0.099087758,0.470973608,1.660626008,0.276578983,435.2673245,0.097059792
2018-10-29,302,13755.28155,5680.757046,8074.524508,19436.0386,1041.6,26405.48335,7.221900579,10,0.22220297,0.099087758,0.470973608,1.660626008,0.276578983,434.288813,0.070071771
2018-10-30,303,14086.89789,5561.117812,8525.780082,19648.01571,1041.6,26405.48335,6.975307765,10,0.22220297,0.099087758,0.470973608,1.660626008,0.276578983,436.4685527,0.054642188
2018-10-31,304,14404.63664,5447.571298,8957.065338,19852.20793,1041.6,26405.48335,6.990331439,10,0.22220297,0.099087758,0.470973608,1.660626008,0.276578983,426.3193317,0.042155417
2018-11-01,305,14706.20245,5340.643299,9365.55915,20046.84575,1041.6,26405.48335,6.980794258,10,0.22220297,0.099087758,0.470973608,1.660626008,0.276578983,428.4382757,0.04589875
2018-11-02,306,14989.3,5240.782025,9748.517975,20230.08202,1041.6,26405.48335,6.873189504,11,0.22220297,0.099087758,0.470973608,1.660626008,0.276578983,433.2757353,0.072357604
2018-11-03,307,15252.10764,5148.2532,10103.85444,20400.36084,1041.6,26405.48335,7.040793605,11,0.22220297,0.099087758,0.470973608,1.660626008,0.625414274,448.4428303,0.072822979
2018-11-04,308,15494.69844,5062.861382,10431.83706,20557.55982,1041.6,26405.48335,7.315889524,11,0.22220297,0.099087758,0.470973608,1.660626008,0.603188687,441.1807281,0.068071042
2018-11-05,309,15717.61916,4984.299653,10733.31951,20701.91882,1041.6,26405.48335,7.765048341,11,0.22220297,0.099087758,0.470973608,1.660626008,0.276578983,429.8426242,0.075967529
2018-11-06,310,15921.41656,4912.258175,11009.15838,20833.67473,1041.6,26405.48335,7.605628472,11,0.22220297,0.099087758,0.470973608,1.660626008,0.276578983,428.4037585,0.090259688
2018-11-07,311,16106.63738,4846.425099,11260.21228,20953.06248,1041.6,26405.48335,7.212602085,11,0.22220297,0.099087758,0.470973608,1.660626008,0.276578983,427.6182937,0.078102083
2018-11-08,312,16273.82839,4786.487545,11487.34084,21060.31593,1041.6,26405.48335,6.726064343,11,0.22220297,0.099087758,0.470973608,1.660626008,0.276578983,432.7600682,0.063667083
2018-11-09,313,16423.53634,4732.132616,11691.40372,21155.66895,1041.6,26405.48335,6.33735058,11,0.22220297,0.099087758,0.470973608,1.660626008,0.651546118,430.9815396,0.053669896
2018-11-10,314,16556.30798,4683.048408,11873.25958,21239.35639,1041.6,26405.48335,6.43083941,11,0.22220297,0.099087758,0.470973608,1.660626008,0.254314711,431.6234122,0.045657789
2018-11-11,315,16672.69008,4638.925018,12033.76506,21311.6151,1041.6,26405.48335,6.360688368,11,0.22220297,0.099087758,0.470973608,1.660626008,0.276578983,435.3904592,0.039610521
2018-11-12,316,16773.22939,4599.455506,12173.77388,21372.68489,1041.6,26405.48335,6.335516073,11,0.22220297,0.099087758,0.470973608,1.660626008,0.276578983,444.6528177,0.035018229
2018-11-13,317,16858.47266,4564.336799,12294.13586,21422.80945,1041.6,26405.48335,6.150442274,11,0.22220297,0.099087758,0.470973608,1.660626008,0.276578983,438.8357953,0.031345833
2018-11-14,318,16928.96664,4533.270518,12395.69612,21462.23716,1041.6,26405.48335,6.199859266,11,0.22220297,0.099087758,0.470973608,1.660626008,0.276578983,430.6087329,0.027940417
2018-11-15,319,16985.2581,4505.963727,12479.29438,21491.22183,1041.6,26405.48335,6.504528369,11,0.22220297,0.099087758,0.470973608,1.660626008,0.276578983,426.3407966,0.025386771
2018-11-16,320,17027.8938,4482.129573,12545.76422,21510.02337,1041.6,26405.48335,6.226205039,11,0.22220297,0.099087758,0.470973608,1.660626008,0.276578983,431.2964891,0.023337813
2018-11-17,321,17057.42047,4461.487845,12595.93263,21518.90832,1041.6,26405.48335,6.089780617,11,0.22220297,0.099087758,0.470973608,1.660626008,0.276578983,434.3676242,0.021322396
2018-11-18,322,17074.38489,4443.76542,12630.61947,21518.15031,1041.6,26405.48335,5.868221489,11,0.22220297,0.099087758,0.470973608,1.660626008,0.276578983,432.7470357,0.019694896
2018-11-19,323,17079.33381,4428.696628,12650.63718,21508.03044,1041.6,26405.48335,5.736570922,11,0.22220297,0.099087758,0.470973608,1.660626008,0.276578983,431.6285614,0.018323958
2018-11-20,324,17072.81398,4416.023525,12656.79045,21488.8375,1041.6,26405.48335,5.442927826,11,0.22220297,0.099087758,0.470973608,1.660626008,0.276578983,434.0604189,0.017394896
2018-11-21,325,17055.37215,4405.496092,12649.87606,21460.86824,1041.6,26405.48335,5.365639545,11,0.22220297,0.099087758,0.470973608,1.660626008,0.276578983,434.1002895,0.016536667
2018-11-22,326,17027.55509,4396.872369,12630.68272,21424.42746,1041.6,26405.48335,5.440463351,11,0.22220297,0.099087758,0.470973608,1.660626008,0.276578983,437.7336375,0.020904792
2018-11-23,327,16989.90955,4389.918542,12599.99101,21379.82809,1041.6,26405.48335,5.616771701,11,0.22220297,0.099087758,0.470973608,1.660626008,0.276578983,432.1875042,0.086642813
2018-11-24,328,16942.98228,4384.408987,12558.5733,21327.39127,1041.6,26405.48335,5.621621528,11,0.22220297,0.099087758,0.470973608,1.660626008,0.276578983,431.9892297,0.1418025
2018-11-25,329,16887.32005,4380.126298,12507.19375,21267.44635,1041.6,26405.48335,5.463818576,11,0.22220297,0.099087758,0.470973608,1.660626008,0.276578983,434.6354774,0.093646563
2018-11-26,330,16823.4696,4376.8613,12446.6083,21200.3309,1041.6,26405.48335,5.547949423,11,0.22220297,0.099087758,0.470973608,1.660626008,0.276578983,427.2789939,0.079151895
2018-11-27,331,16751.97769,4374.413075,12377.56462,21126.39077,1041.6,26405.48335,5.627712533,11,0.22220297,0.099087758,0.470973608,1.660626008,0.276578983,443.9469639,0.291351563
2018-11-28,332,16673.39108,4372.589003,12300.80208,21045.98008,1041.6,26405.48335,5.688208514,11,0.22220297,0.099087758,0.470973608,1.660626008,0.276578983,438.8863233,0.630738854
2018-11-29,333,16588.25652,4371.204834,12217.05169,20959.46136,1041.6,26405.48335,5.37390191,11,0.22220297,0.099087758,0.470973608,1.660626008,0.276578983,440.0747974,0.614121474
2018-11-30,334,16497.12078,4370.084813,12127.03596,20867.20559,1041.6,26405.48335,5.131903164,11,0.22220297,0.099087758,0.470973608,1.660626008,0.276578983,441.9932814,0.422890938
2018-12-01,335,16400.53059,4369.061858,12031.46873,20769.59245,1041.6,26405.48335,4.81651298,11,0.22220297,0.099087758,0.470973608,1.660626008,0.218748921,435.1950895,0.440285208
2018-12-02,336,16299.03273,4367.977802,11931.05492,20667.01053,1041.6,26405.48335,5.071640625,12,0.22220297,0.099087758,0.470973608,1.660626008,0.218748921,430.5580801,0.384586146
2018-12-03,337,16193.17394,4366.683734,11826.4902,20559.85767,1041.6,26405.48335,5.052815972,12,0.22220297,0.099087758,0.470973608,1.660626008,0.218748921,432.9717601,0.29332375
2018-12-04,338,16083.50098,4365.040412,11718.46057,20448.54139,1041.6,26405.48335,5.185184028,12,0.22220297,0.099087758,0.470973608,1.660626008,0.218748921,435.3907956,0.216348438
2018-12-05,339,15970.56061,4362.918796,11607.64181,20333.4794,1041.6,26405.48335,5.280376736,12,0.22220297,0.099087758,0.470973608,1.660626008,0.218748921,442.1549271,0.164536042
2018-12-06,340,15854.89958,4360.200692,11494.69889,20215.10027,1041.6,26405.48335,5.154682332,12,0.22220297,0.099087758,0.470973608,1.660626008,0.218748921,438.1600104,0.127531458
2018-12-07,341,15737.06465,4356.779528,11380.28512,20093.84417,1041.6,26405.48335,5.145450827,12,0.22220297,0.099087758,0.470973608,1.660626008,0.218748921,434.2032544,0.101771771
2018-12-08,342,15617.60257,4352.561268,11265.0413,19970.16384,1041.6,26405.48335,5.057312609,12,0.22220297,0.099087758,0.470973608,1.660626008,0.218748921,436.075283,0.091234896
2018-12-09,343,15497.0601,4347.465489,11149.59461,19844.52559,1041.6,26405.48335,4.855744681,12,0.22220297,0.099087758,0.470973608,1.660626008,0.218748921,439.907461,0.084769479
2018-12-10,344,15375.98399,4341.426626,11034.55737,19717.41062,1041.6,26405.48335,4.890064453,12,0.22220297,0.099087758,0.470973608,1.660626008,0.218748921,439.9490194,0.084126667
2018-12-11,345,15254.92101,4334.395399,10920.52561,19589.31641,1041.6,26405.48335,5.361993743,12,0.22220297,0.099087758,0.470973608,1.660626008,0.218748921,443.913048,0.11327375
2018-12-12,346,15134.4179,4326.340452,10808.07745,19460.75835,1041.6,26405.48335,5.332073375,12,0.22220297,0.099087758,0.470973608,1.660626008,0.218748921,439.872447,0.925057188
2018-12-13,347,15015.02143,4317.250203,10697.77122,19332.27163,1041.6,26405.48335,5.367294906,12,0.22220297,0.099087758,0.470973608,1.660626008,0.218748921,434.5382399,0.830329896
2018-12-14,348,14897.27834,4307.134934,10590.1434,19204.41327,1041.6,26405.48335,5.282398396,12,0.22220297,0.099087758,0.470973608,1.660626008,0.218748921,427.1632245,0.625734271
2018-12-15,349,14781.73539,4296.029126,10485.70626,19077.76452,1041.6,26405.48335,5.190327257,12,0.22220297,0.099087758,0.470973608,1.660626008,0.218748921,441.5185936,0.547778438
2018-12-16,350,14668.93934,4283.994064,10384.94528,18952.93341,1041.6,26405.48335,4.99115625,12,0.22220297,0.099087758,0.470973608,1.660626008,0.218748921,441.4510359,0.513025938
2018-12-17,351,14559.43695,4271.120711,10288.31624,18830.55766,1041.6,26405.48335,4.875914894,12,0.22220297,0.099087758,0.470973608,1.660626008,0.218748921,441.959522,0.645985833
2018-12-18,352,14453.77496,4257.532858,10196.24211,18711.30782,1041.6,26405.48335,5.015912879,12,0.22220297,0.099087758,0.470973608,1.660626008,0.218748921,444.9515984,2.514444688
2018-12-19,353,14352.50014,4243.390551,10109.10959,18595.8907,1041.6,26405.48335,5.099726326,12,0.22220297,0.099087758,0.470973608,1.660626008,0.218748921,445.8950582,2.567036146
2018-12-20,354,14256.15925,4228.89377,10027.26548,18485.05302,1041.6,26405.48335,5.327448864,12,0.22220297,0.099087758,0.470973608,1.660626008,0.218748921,445.1504972,1.543540208
2018-12-21,355,14165.29902,4214.286325,9951.012699,18379.58535,1041.6,26405.48335,5.585,12,0.22220297,0.099087758,0.470973608,1.660626008,0.218748921,439.76547,1.369799271
2018-12-22,356,14080.46623,4199.859921,9880.606313,18280.32616,1041.6,26405.48335,5.143775665,12,0.22220297,0.099087758,0.470973608,1.660626008,0.218748921,438.6068399,1.037632917
2018-12-23,357,14002.20763,4185.958301,9816.249331,18188.16593,1041.6,26405.48335,4.535572394,12,0.22220297,0.099087758,0.470973608,1.660626008,0.218748921,442.9469161,0.873635833
2018-12-24,358,13931.06997,4172.981333,9758.08864,18104.05131,1041.6,26405.48335,4.583677515,12,0.22220297,0.099087758,0.470973608,1.660626008,0.218748921,477.2291152,1.36860875
2018-12-25,359,13867.60001,4161.388903,9706.21111,18028.98892,1041.6,26405.48335,4.9731875,12,0.22220297,0.099087758,0.470973608,1.660626008,0.218748921,472.6026692,1.209253021
2018-12-26,360,13812.34451,4151.704365,9660.640143,17964.04887,1041.6,26405.48335,4.828830368,12,0.22220297,0.099087758,0.470973608,1.660626008,0.218748921,434.5293185,0.925288125
2018-12-27,361,13765.85021,4144.517298,9621.332914,17910.36751,1041.6,26405.48335,4.627488568,12,0.22220297,0.099087758,0.470973608,1.660626008,0.218748921,452.1851343,0.79246875
2018-12-28,362,13728.66388,4140.485249,9588.178633,17869.14913,1041.6,26405.48335,4.805994203,12,0.22220297,0.099087758,0.470973608,1.660626008,0.218748921,450.5844233,0.650581647
2018-12-29,363,13701.33227,4140.334074,9560.9982,17841.66635,1041.6,26405.48335,4.463281576,12,0.22220297,0.099087758,0.470973608,1.660626008,0.218748921,453.4657766,0.64310262
2018-12-30,364,13684.40214,4144.856496,9539.545646,17829.25864,1041.6,26405.48335,4.18889375,12,0.22220297,0.099087758,0.470973608,1.660626008,0.218748921,453.5040697,0.635623592
2018-12-31,365,13678.42024,4154.908487,9523.511757,17833.32873,1041.6,26405.48335,4.257819792,12,0.22220297,0.099087758,0.470973608,1.660626008,0.218748921,452.3534823,0.628144565
2019-01-01,1,9287.75,7508.118343,1779.631657,16795.86834,1041.6,26405.48335,3.688247354,1,0.22220297,0.099087758,0.470973608,1.660626008,0.218748921,447.7743225,0.620665538
2019-01-02,2,9359.342868,7423.770397,1935.572471,16783.11327,1041.6,26405.48335,3.808845052,1,0.22220297,0.099087758,0.470973608,1.660626008,0.218748921,443.9430479,0.61318651
2019-01-03,3,9428.821144,7341.703283,2087.117861,16770.52443,1041.6,26405.48335,3.31348545,1,0.22220297,0.099087758,0.470973608,1.660626008,0.218748921,467.5050953,0.605707483
2019-01-04,4,9493.959905,7261.820268,2232.139636,16755.78017,1041.6,26405.48335,3.535049479,1,0.22220297,0.099087758,0.470973608,1.660626008,0.218748921,534.6491856,0.598228455
2019-01-05,5,9552.534226,7183.970095,2368.564131,16736.50432,1041.6,26405.48335,3.640485564,1,0.22220297,0.099087758,0.470973608,1.660626008,0.218748921,640.3311031,0.590749428
2019-01-06,6,9602.319183,7107.947961,2494.371222,16710.26714,1041.6,26405.48335,3.381911458,1,0.22220297,0.099087758,0.470973608,1.660626008,0.218748921,485.993219,0.583270401
2019-01-07,7,9641.089853,7033.498226,2607.591626,16674.58808,1041.6,26405.48335,4.028882813,1,0.22220297,0.099087758,0.470973608,1.660626008,0.218748921,482.021507,0.575791373
2019-01-08,8,9666.621311,6960.318915,2706.302397,16626.94023,1041.6,26405.48335,4.256230469,1,0.22220297,0.099087758,0.470973608,1.660626008,0.218748921,452.1558979,0.568312346
2019-01-09,9,9676.688635,6888.068061,2788.620574,16564.7567,1041.6,26405.48335,3.983330729,1,0.22220297,0.099087758,0.470973608,1.660626008,0.218748921,441.8905421,0.560833319
2019-01-10,10,9669.066899,6816.371952,2852.694947,16485.43885,1041.6,26405.48335,3.932352865,1,0.22220297,0.099087758,0.470973608,1.660626008,0.218748921,448.8774442,0.553354291
2019-01-11,11,9641.531181,6744.835327,2896.695854,16386.36651,1041.6,26405.48335,3.975386152,1,0.22220297,0.099087758,0.470973608,1.660626008,0.218748921,472.3729619,0.545875264
2019-01-12,12,9591.856555,6673.05359,2918.802965,16264.91015,1041.6,26405.48335,4.107078125,1,0.22220297,0.099087758,0.470973608,1.660626008,0.218748921,476.6174411,0.538396237
2019-01-13,13,9517.818099,6600.627171,2917.190929,16118.44527,1041.6,26405.48335,4.010066474,1,0.22220297,0.099087758,0.470973608,1.660626008,0.218748921,475.4044311,0.530917209
2019-01-14,14,9417.190889,6527.178173,2890.012716,15944.36906,1041.6,26405.48335,4.110770202,1,0.22220297,0.099087758,0.470973608,1.660626008,0.218748921,477.967093,0.523438182
2019-01-15,15,9287.75,6452.369565,2835.380435,15740.11956,1041.6,26405.48335,3.927773958,1,0.22220297,0.099087758,0.470973608,1.660626008,0.218748921,472.1875009,0.475932604
2019-01-16,16,9128.215321,6376.031089,2752.184232,15504.24641,1041.6,26405.48335,3.512542299,1,0.22220297,0.099087758,0.470973608,1.660626008,0.218748921,459.6067254,0.396955104
2019-01-17,17,8941.085992,6298.48453,2642.601462,15239.57052,1041.6,26405.48335,3.794052138,1,0.22220297,0.099087758,0.470973608,1.660626008,0.218748921,473.6561375,0.346344167
2019-01-18,18,8729.805964,6220.206344,2509.59962,14950.01231,1041.6,26405.48335,3.402543547,1,0.22220297,0.099087758,0.470973608,1.660626008,0.218748921,474.2665716,0.4042475
2019-01-19,19,8497.819187,6141.698665,2356.120523,14639.51785,1041.6,26405.48335,3.726344907,1,0.22220297,0.099087758,0.470973608,1.660626008,0.218748921,467.9757028,1.271070625
2019-01-20,20,8248.569615,6063.469308,2185.100307,14312.03892,1041.6,26405.48335,3.760668667,1,0.22220297,0.099087758,0.470973608,1.660626008,0.218748921,464.7294881,1.286794896
2019-01-21,21,7985.501198,5986.013061,1999.488137,13971.51426,1041.6,26405.48335,3.689423628,1,0.22220297,0.099087758,0.470973608,1.660626008,0.218748921,443.8715249,1.06541241
2019-01-22,22,7712.057888,5909.794388,1802.263499,13621.85228,1041.6,26405.48335,3.769471065,1,0.22220297,0.099087758,0.470973608,1.660626008,0.218748921,440.4252721,0.909552708
2019-01-23,23,7431.683636,5835.231783,1596.451853,13266.91542,1041.6,26405.48335,3.783185446,1,0.22220297,0.099087758,0.470973608,1.660626008,0.218748921,440.1324245,1.141492418
2019-01-24,24,7147.822394,5762.684072,1385.138322,12910.50647,1041.6,26405.48335,3.883584615,1,0.22220297,0.099087758,0.470973608,1.660626008,0.218748921,440.0938284,1.482248966
2019-01-25,25,6863.918114,5692.43907,1171.479043,12556.35718,1041.6,26405.48335,3.833071842,1,0.22220297,0.099087758,0.470973608,1.660626008,0.218748921,443.0452579,1.156370947
2019-01-26,26,6583.414746,5624.705008,1041.6,12208.11975,1041.6,26405.48335,3.730787037,1,0.22220297,0.099087758,0.470973608,1.660626008,0.218748921,444.4239093,0.881159583
2019-01-27,27,6309.756244,5559.605201,1041.6,11869.36144,1041.6,26405.48335,3.692081967,1,0.22220297,0.099087758,0.470973608,1.660626008,0.218748921,447.0568887,0.692777396
2019-01-28,28,6046.386557,5497.176394,1041.6,11543.56295,1041.6,26405.48335,3.648888889,1,0.22220297,0.099087758,0.470973608,1.660626008,0.218748921,451.612686,0.562684375
2019-01-29,29,5796.749637,5437.371185,1041.6,11234.12082,1041.6,26405.48335,3.325251157,1,0.22220297,0.099087758,0.470973608,1.660626008,0.218748921,439.1752137,0.4694125
2019-01-30,30,5564.289437,5380.064882,1041.6,10944.35432,1041.6,26405.48335,3.141848276,1,0.22220297,0.099087758,0.470973608,1.660626008,0.218748921,443.2479261,0.397182188
2019-01-31,31,5352.449907,5325.06704,1041.6,10677.51695,1041.6,26405.48335,3.614011407,1,0.22220297,0.099087758,0.470973608,1.660626008,0.218748921,442.4209447,0.333173511
2019-02-01,32,5164.675,5272.137903,1041.6,10436.8129,1041.6,26405.48335,3.712236186,2,0.22220297,0.099087758,0.470973608,1.660626008,0.218748921,440.036594,0.2865675
2019-02-02,33,5003.567992,5221.001453,1041.6,10224.56944,1041.6,26405.48335,3.718507208,2,0.22220297,0.099087758,0.470973608,1.660626008,0.218748921,440.9597446,0.297558333
2019-02-03,34,4868.369465,5171.369953,1041.6,10039.73942,1041.6,26405.48335,3.85192963,2,0.22220297,0.099087758,0.470973608,1.660626008,0.218748921,462.7854356,0.258940313
2019-02-04,35,4757.479325,5123.021745,1041.6,9880.50107,1041.6,26405.48335,3.589733473,2,0.22220297,0.099087758,0.470973608,1.660626008,0.218748921,443.5390294,0.247557083
2019-02-05,36,4669.29748,5075.807583,1041.6,9745.105063,1041.6,26405.48335,3.581161458,2,0.22220297,0.099087758,0.470973608,1.660626008,0.218748921,452.8628665,0.222414792
2019-02-06,37,4602.223836,5029.640761,1041.6,9631.864597,1041.6,26405.48335,3.54614561,2,0.22220297,0.099087758,0.470973608,1.660626008,0.218748921,433.7289765,0.195699759
2019-02-07,38,4554.658301,4984.487443,1041.6,9539.145744,1041.6,26405.48335,3.653619403,2,0.22220297,0.099087758,0.470973608,1.660626008,0.218748921,445.3117695,0.172836146
2019-02-08,39,4525.000782,4940.357292,1041.6,9465.358074,1041.6,26405.48335,3.53554469,2,0.22220297,0.099087758,0.470973608,1.660626008,0.218748921,442.6372585,0.155800521
2019-02-09,40,4511.651185,4897.294474,1041.6,9408.945659,1041.6,26405.48335,3.295992685,2,0.22220297,0.099087758,0.470973608,1.660626008,0.218748921,454.7088679,0.154690625
2019-02-10,41,4513.009417,4855.369095,1041.6,9368.378512,1041.6,26405.48335,3.225460417,2,0.22220297,0.099087758,0.470973608,1.660626008,0.218748921,457.0103006,0.134164842
2019-02-11,42,4527.475386,4814.669144,1041.6,9342.14453,1041.6,26405.48335,2.934129979,2,0.22220297,0.099087758,0.470973608,1.660626008,0.218748921,444.608789,0.138610638
2019-02-12,43,4553.448999,4775.292982,1041.6,9328.741981,1041.6,26405.48335,2.441241667,2,0.22220297,0.099087758,0.470973608,1.660626008,0.218748921,441.1003112,0.145298854
2019-02-13,44,4589.330161,4737.342461,1041.6,9326.672622,1041.6,26405.48335,2.552245742,2,0.22220297,0.099087758,0.470973608,1.660626008,0.218748921,444.7818839,0.127868077
2019-02-14,45,4633.518781,4700.91673,1041.6,9334.435511,1041.6,26405.48335,2.953187898,2,0.22220297,0.099087758,0.470973608,1.660626008,0.218748921,455.7124655,0.117446042
2019-02-15,46,4684.414766,4666.106819,1041.6,9350.521585,1041.6,26405.48335,2.947654356,2,0.22220297,0.099087758,0.470973608,1.660626008,0.218748921,451.3975462,0.102793333
2019-02-16,47,4740.418022,4632.991076,1041.6,9373.409097,1041.6,26405.48335,3.200026515,2,0.22220297,0.099087758,0.470973608,1.660626008,0.218748921,428.8920229,0.09929375
2019-02-17,48,4799.928456,4601.631549,1041.6,9401.560004,1041.6,26405.48335,3.499076263,2,0.22220297,0.099087758,0.470973608,1.660626008,0.218748921,427.8516112,0.103581354
2019-02-18,49,4861.345975,4572.071396,1041.6,9433.417371,1041.6,26405.48335,3.334854167,2,0.22220297,0.099087758,0.470973608,1.660626008,0.218748921,426.8111994,0.096584583
2019-02-19,50,4923.070487,4544.333408,1041.6,9467.403895,1041.6,26405.48335,3.22433561,2,0.22220297,0.099087758,0.470973608,1.660626008,0.218748921,427.4351201,0.094621304
2019-02-20,51,4983.501898,4518.419712,1041.6,9501.921609,1041.6,26405.48335,3.205722275,2,0.22220297,0.099087758,0.470973608,1.660626008,0.284274099,424.4546257,0.130752708
2019-02-21,52,5041.040115,4494.312715,1041.6,9535.35283,1041.6,26405.48335,2.950887311,2,0.22220297,0.099087758,0.470973608,1.660626008,0.434792028,428.0054129,0.118992083
2019-02-22,53,5094.085045,4471.977349,1041.6,9566.062394,1041.6,26405.48335,2.697381541,2,0.22220297,0.099087758,0.470973608,1.660626008,0.098994407,427.0234406,0.105815729
2019-02-23,54,5141.036596,4451.36462,1041.6,9592.401216,1041.6,26405.48335,2.165886256,2,0.22220297,0.099087758,0.470973608,1.660626008,0.328221056,427.3470018,0.102033438
2019-02-24,55,5180.294673,4432.416509,1041.6,9612.711183,1041.6,26405.48335,2.220562619,2,0.22220297,0.099087758,0.470973608,1.660626008,0.218748921,433.5607989,0.101385833
2019-02-25,56,5210.259185,4415.072204,1041.6,9625.331389,1041.6,26405.48335,2.376778727,2,0.22220297,0.099087758,0.470973608,1.660626008,0.364472525,431.1980087,0.097756563
2019-02-26,57,5229.330038,4399.275663,1041.6,9628.605701,1041.6,26405.48335,2.598560606,2,0.22220297,0.099087758,0.470973608,1.660626008,0.162639034,428.8352186,0.094605417
2019-02-27,58,5235.907139,4384.984499,1041.6,9620.891638,1041.6,26405.48335,2.685831361,2,0.22220297,0.099087758,0.470973608,1.660626008,0.070117718,426.4724284,0.092989688
2019-02-28,59,5228.390395,4372.180139,1041.6,9600.570534,1041.6,26405.48335,3.413169471,2,0.22220297,0.099087758,0.470973608,1.660626008,0.218748921,424.1096382,0.090084167
2019-03-01,60,5205.179713,4360.879238,1041.6,9566.058951,1041.6,26405.48335,3.6553225,2,0.22220297,0.099087758,0.470973608,1.660626008,0.72132832,426.8336221,0.087817292
2019-03-02,61,5164.675,4351.146293,1041.6,9515.821293,1041.6,26405.48335,2.845146875,3,0.22220297,0.099087758,0.470973608,1.660626008,0.492156774,434.5601749,0.085333229
2019-03-03,62,5105.760891,4343.128705,1041.6,9448.889596,1041.6,26405.48335,2.718188098,3,0.22220297,0.099087758,0.470973608,1.660626008,0.465931875,426.6956515,0.082909375
2019-03-04,63,5029.260929,4337.116576,1041.6,9366.377506,1041.6,26405.48335,2.633231491,3,0.22220297,0.099087758,0.470973608,1.660626008,0.619935256,429.5659659,0.081034375
2019-03-05,64,4936.483389,4333.447683,1041.6,9269.931072,1041.6,26405.48335,2.685902764,3,0.22220297,0.099087758,0.470973608,1.660626008,0.304807525,428.5978635,0.079320313
2019-03-06,65,4828.73654,4332.469143,1041.6,9161.205683,1041.6,26405.48335,2.828928786,3,0.22220297,0.099087758,0.470973608,1.660626008,0.551247742,430.6719104,0.100803953
2019-03-07,66,4707.328657,4334.524077,1041.6,9041.852733,1041.6,26405.48335,2.980986538,3,0.22220297,0.099087758,0.470973608,1.660626008,0.376922232,426.6387511,0.076955521
2019-03-08,67,4573.56801,4339.938853,1041.6,8913.506863,1041.6,26405.48335,3.16910322,3,0.22220297,0.099087758,0.470973608,1.660626008,0.88340612,428.9423569,0.074736563
2019-03-09,68,4428.762873,4349.011101,1041.6,8777.773974,1041.6,26405.48335,3.039407021,3,0.22220297,0.099087758,0.470973608,1.660626008,0.673873711,428.5802548,0.071797708
2019-03-10,69,4274.221516,4361.99874,1041.6,8636.220256,1041.6,26405.48335,2.841178538,3,0.22220297,0.099087758,0.470973608,1.660626008,0.304807525,431.5583004,0.068592292
2019-03-11,70,4111.252214,4379.110279,1041.6,8490.362492,1041.6,26405.48335,2.93928225,3,0.22220297,0.099087758,0.470973608,1.660626008,0.429446216,445.0702518,0.065580617
2019-03-12,71,3941.163237,4400.496629,1041.6,8341.659865,1041.6,26405.48335,3.127958852,3,0.22220297,0.099087758,0.470973608,1.660626008,0.585392869,440.7379795,0.068845319
2019-03-13,72,3765.262858,4426.244639,1041.6,8191.507496,1041.6,26405.48335,3.230626894,3,0.22220297,0.099087758,0.470973608,1.660626008,0.228902462,451.2556746,0.075387708
2019-03-14,73,3584.859349,4456.372504,1041.6,8041.231853,1041.6,26405.48335,3.184355469,3,0.22220297,0.099087758,0.470973608,1.660626008,0.304807525,458.9548666,0.074066771
2019-03-15,74,3401.260982,4490.827122,1041.6,7892.088104,1041.6,26405.48335,3.22657075,3,0.22220297,0.099087758,0.470973608,1.660626008,0.133062447,438.9684349,0.076263958
2019-03-16,75,3215.776029,4529.483376,1041.6,7745.259405,1041.6,26405.48335,3.058696793,3,0.22220297,0.099087758,0.470973608,1.660626008,0.304807525,442.2806411,0.084491563
2019-03-17,76,3029.712764,4572.145249,1041.6,7601.858013,1041.6,26405.48335,3.145351992,3,0.22220297,0.099087758,0.470973608,1.660626008,0.304807525,442.9505955,0.097146146
2019-03-18,77,2844.379457,4618.548583,1041.6,7462.92804,1041.6,26405.48335,3.330890078,3,0.22220297,0.099087758,0.470973608,1.660626008,0.304807525,473.8461833,0.143480723
2019-03-19,78,2661.084381,4668.365227,1041.6,7329.449608,1041.6,26405.48335,3.455164929,3,0.22220297,0.099087758,0.470973608,1.660626008,0.304807525,468.0850246,0.255656421
2019-03-20,79,2481.135808,4721.208307,1041.6,7202.344116,1041.6,26405.48335,3.485520379,3,0.22220297,0.099087758,0.470973608,1.660626008,0.268666363,439.3935961,0.4695075
2019-03-21,80,2305.842011,4776.638295,1041.6,7082.480306,1041.6,26405.48335,3.667470192,3,0.22220297,0.099087758,0.470973608,1.660626008,0.304807525,443.2525594,0.719012188
2019-03-22,81,2136.511261,4834.16959,1041.6,6970.680851,1041.6,26405.48335,3.817701961,3,0.22220297,0.099087758,0.470973608,1.660626008,0.06172305,465.5066855,0.903050729
2019-03-23,82,1974.451831,4893.277348,1041.6,6867.72918,1041.6,26405.48335,3.52486875,3,0.22220297,0.099087758,0.470973608,1.660626008,0.346186851,449.2121722,0.973329063
2019-03-24,83,1820.971993,4953.404313,1041.6,6774.376306,1041.6,26405.48335,3.564831301,3,0.22220297,0.099087758,0.470973608,1.660626008,0.191778826,438.8957236,1.001616875
2019-03-25,84,1677.380019,5013.967475,1041.6,6691.347495,1041.6,26405.48335,3.678347538,3,0.22220297,0.099087758,0.470973608,1.660626008,0.112219855,435.933049,0.952739271
2019-03-26,85,1544.984182,5074.364429,1041.6,6619.34861,1041.6,26405.48335,3.792878788,3,0.22220297,0.099087758,0.470973608,1.660626008,0.060444537,444.7850929,0.936595938
2019-03-27,86,1425.092753,5133.979333,1041.6,6559.072086,1041.6,26405.48335,3.955630268,3,0.22220297,0.099087758,0.470973608,1.660626008,0.192665092,445.9407661,0.891928632
2019-03-28,87,1319.014004,5192.188454,1041.6,6511.202458,1041.6,26405.48335,4.136634286,3,0.22220297,0.099087758,0.470973608,1.660626008,0.304807525,476.9705602,0.8631825
2019-03-29,88,1228.056209,5248.365269,1041.6,6476.421478,1041.6,26405.48335,4.135435873,3,0.22220297,0.099087758,0.470973608,1.660626008,0.304807525,446.1084872,0.789745729
2019-03-30,89,1153.527639,5301.885187,1041.6,6455.412825,1041.6,26405.48335,4.23482197,3,0.22220297,0.099087758,0.470973608,1.660626008,0.304807525,447.9559277,0.756086667
2019-03-31,90,1096.736566,5352.12993,1041.6,6448.866496,1041.6,26405.48335,4.113234568,3,0.22220297,0.099087758,0.470973608,1.660626008,0.382887151,435.72836,0.756771354
2019-04-01,91,1058.991262,5398.491661,1041.6,6457.482923,1041.6,26405.48335,4.010100379,3,0.22220297,0.099087758,0.470973608,1.660626008,0.409385984,435.6960196,0.789303854
2019-04-02,92,1041.6,5440.376955,1041.6,6481.976955,1041.6,26405.48335,3.987150925,4,0.22220297,0.099087758,0.470973608,1.660626008,0.21945655,433.8769922,0.816815443
2019-04-03,93,1045.521934,5477.301691,1041.6,6522.823626,1041.6,26405.48335,4.006948864,4,0.22220297,0.099087758,0.470973608,1.660626008,0.286062896,434.0425081,0.880581979
2019-04-04,94,1070.31975,5509.175191,1041.6,6579.494941,1041.6,26405.48335,4.209637311,4,0.22220297,0.099087758,0.470973608,1.660626008,0.304807525,436.4665916,0.946258021
2019-04-05,95,1115.207014,5536.039513,1041.6,6651.246527,1041.6,26405.48335,4.121405303,4,0.22220297,0.099087758,0.470973608,1.660626008,0.390427544,436.3186246,0.849596563
2019-04-06,96,1179.397295,5557.974787,1041.6,6737.372081,1041.6,26405.48335,4.186058712,4,0.22220297,0.099087758,0.470973608,1.660626008,0.304807525,436.1706577,0.947741895
2019-04-07,97,1262.104158,5575.093944,1041.6,6837.198102,1041.6,26405.48335,4.39260274,4,0.22220297,0.099087758,0.470973608,1.660626008,0.14824096,440.5046575,1.783510313
2019-04-08,98,1362.541173,5587.538203,1041.6,6950.079376,1041.6,26405.48335,4.563607008,4,0.22220297,0.099087758,0.470973608,1.660626008,0.045112048,441.8189463,2.208941563
2019-04-09,99,1479.921906,5595.473188,1041.6,7075.395094,1041.6,26405.48335,4.467944928,4,0.22220297,0.099087758,0.470973608,1.660626008,0.304807525,433.3684417,2.260007813
2019-04-10,100,1613.459924,5599.085571,1041.6,7212.545495,1041.6,26405.48335,4.516899618,4,0.22220297,0.099087758,0.470973608,1.660626008,0.287103663,442.5321666,1.725015938
2019-04-11,101,1762.368795,5598.580153,1041.6,7360.948948,1041.6,26405.48335,4.335357292,4,0.22220297,0.099087758,0.470973608,1.660626008,0.300083143,433.7272077,1.455450833
2019-04-12,102,1925.862087,5594.177304,1041.6,7520.039392,1041.6,26405.48335,4.263322917,4,0.22220297,0.099087758,0.470973608,1.660626008,0.217954478,426.5046298,1.309630208
2019-04-13,103,2103.153367,5586.110706,1041.6,7689.264073,1041.6,26405.48335,4.166890625,4,0.22220297,0.099087758,0.470973608,1.660626008,0.462037617,423.8966976,1.028908021
2019-04-14,104,2293.456202,5574.62533,1041.6,7868.081532,1041.6,26405.48335,4.150296296,4,0.22220297,0.099087758,0.470973608,1.660626008,0.22426168,425.8907998,0.789410833
2019-04-15,105,2495.984159,5559.975622,1041.6,8055.959781,1041.6,26405.48335,4.371884314,4,0.22220297,0.099087758,0.470973608,1.660626008,0.261880724,425.0880729,0.608567188
2019-04-16,106,2709.950806,5542.42384,1041.6,8252.374646,1041.6,26405.48335,4.500245303,4,0.22220297,0.099087758,0.470973608,1.660626008,0.231223086,425.6939057,0.474529894
2019-04-17,107,2934.569711,5522.238522,1041.6,8456.808233,1041.6,26405.48335,4.482016667,4,0.22220297,0.099087758,0.470973608,1.660626008,0.183441411,427.0777358,0.448427292
2019-04-18,108,3169.054441,5499.693052,1041.6,8668.747493,1041.6,26405.48335,4.441866667,4,0.22220297,0.099087758,0.470973608,1.660626008,0.381103918,427.2050199,0.372534479
2019-04-19,109,3412.618562,5475.064308,1041.6,8887.682871,1041.6,26405.48335,4.734565401,4,0.22220297,0.099087758,0.470973608,1.660626008,0.468128013,427.1952506,0.310018854
2019-04-20,110,3664.475644,5448.63136,1041.6,9113.107004,1041.6,26405.48335,5.110363715,4,0.22220297,0.099087758,0.470973608,1.660626008,0.260867479,429.4596928,0.262170938
2019-04-21,111,3923.839252,5420.674221,1041.6,9344.513473,1041.6,26405.48335,5.161140625,4,0.22220297,0.099087758,0.470973608,1.660626008,0.304807525,426.3698045,0.209963854
2019-04-22,112,4189.922955,5391.472628,1041.6,9581.395583,1041.6,26405.48335,5.299284722,4,0.22220297,0.099087758,0.470973608,1.660626008,0.318677389,428.9837021,0.168085313
2019-04-23,113,4461.940319,5361.304849,1041.6,9823.245168,1041.6,26405.48335,5.48526049,4,0.22220297,0.099087758,0.470973608,1.660626008,0.589886791,429.0774425,0.134456771
2019-04-24,114,4739.104913,5330.446511,1041.6,10069.55142,1041.6,26405.48335,5.594933393,4,0.22220297,0.099087758,0.470973608,1.660626008,0.304807525,427.772452,0.110856667
2019-04-25,115,5020.630303,5299.169452,1041.6,10319.79976,1041.6,26405.48335,5.707157255,4,0.22220297,0.099087758,0.470973608,1.660626008,0.304807525,433.523691,0.096173021
2019-04-26,116,5305.730057,5267.740598,1041.6,10573.47066,1041.6,26405.48335,6.026460069,4,0.22220297,0.099087758,0.470973608,1.660626008,0.304807525,429.5312332,0.089103021
2019-04-27,117,5593.617743,5236.420864,1041.6,10830.03861,1041.6,26405.48335,5.755485549,4,0.22220297,0.099087758,0.470973608,1.660626008,0.304807525,430.9416663,0.0837025
2019-04-28,118,5883.506927,5205.464108,1041.6,11088.97104,1041.6,26405.48335,5.837848958,4,0.22220297,0.099087758,0.470973608,1.660626008,0.304807525,429.2301144,0.079682396
2019-04-29,119,6174.611178,5175.116126,1041.6,11349.7273,1041.6,26405.48335,6.058408363,4,0.22220297,0.099087758,0.470973608,1.660626008,0.304807525,429.7126787,0.075321111
2019-04-30,120,6466.144062,5145.613723,1320.530339,11611.75778,1041.6,26405.48335,6.214819471,4,0.22220297,0.099087758,0.470973608,1.660626008,0.304807525,429.7740299,0.070796146
2019-05-01,121,6757.319147,5117.183876,1640.135271,11874.50302,1041.6,26405.48335,6.082574635,4,0.22220297,0.099087758,0.470973608,1.660626008,0.304807525,429.8353812,0.067065946
2019-05-02,122,7047.35,5090.043,1957.307,12137.393,1041.6,26405.48335,5.71459375,5,0.22220297,0.099087758,0.470973608,1.660626008,0.304807525,429.8967325,0.070286869
2019-05-03,123,7335.61973,5064.371891,2271.247839,12399.99162,1041.6,26405.48335,5.838634211,5,0.22220297,0.099087758,0.470973608,1.660626008,0.304807525,429.9580837,0.073507793
2019-05-04,124,7622.189606,5040.24521,2581.944396,12662.43482,1041.6,26405.48335,5.934190789,5,0.22220297,0.099087758,0.470973608,1.660626008,0.304807525,441.3838083,0.076728716
2019-05-05,125,7907.29044,5017.71008,2889.58036,12925.00052,1041.6,26405.48335,5.82314974,5,0.22220297,0.099087758,0.470973608,1.660626008,0.304807525,457.3542798,0.07994964
2019-05-06,126,8191.153042,4996.810521,3194.342522,13187.96356,1041.6,26405.48335,6.0190625,5,0.22220297,0.099087758,0.470973608,1.660626008,0.304807525,446.7421346,0.083170563
2019-05-07,127,8474.008224,4977.586663,3496.421561,13451.59489,1041.6,26405.48335,5.885777344,5,0.22220297,0.099087758,0.470973608,1.660626008,0.304807525,440.1669391,0.086391486
2019-05-08,128,8756.086797,4960.074085,3796.012712,13716.16088,1041.6,26405.48335,5.701933419,5,0.22220297,0.099087758,0.470973608,1.660626008,0.304807525,433.5917436,0.08961241
2019-05-09,129,9037.619571,4944.303261,4093.31631,13981.92283,1041.6,26405.48335,6.5868375,5,0.22220297,0.099087758,0.470973608,1.660626008,0.304807525,427.0165481,0.092833333
2019-05-10,130,9318.837357,4930.299158,4388.538199,14249.13652,1041.6,26405.48335,6.538674518,5,0.22220297,0.099087758,0.470973608,1.660626008,0.304807525,440.8478434,0.093139479
2019-05-11,131,9599.970966,4918.080963,4681.890004,14518.05193,1041.6,26405.48335,6.749468615,5,0.22220297,0.099087758,0.470973608,1.660626008,0.304807525,450.5373418,0.089722105
2019-05-12,132,9881.25121,4907.661958,4973.589252,14788.91317,1041.6,26405.48335,6.959489433,5,0.22220297,0.099087758,0.470973608,1.660626008,0.304807525,438.3865191,0.086738958
2019-05-13,133,10162.9089,4899.049556,5263.859342,15061.95846,1041.6,26405.48335,6.695727865,5,0.22220297,0.099087758,0.470973608,1.660626008,0.304807525,453.4055846,0.083799271
2019-05-14,134,10445.17484,4892.245484,5552.92936,15337.42033,1041.6,26405.48335,7.0149375,5,0.22220297,0.099087758,0.470973608,1.660626008,0.304807525,468.4246501,0.081946744
2019-05-15,135,10728.27986,4887.246118,5841.033737,15615.52597,1041.6,26405.48335,7.27775,5,0.22220297,0.099087758,0.470973608,1.660626008,0.304807525,483.4437156,0.081914792
2019-05-16,136,11012.45475,4884.042989,6128.411756,15896.49773,1041.6,26405.48335,7.495740448,5,0.22220297,0.099087758,0.470973608,1.660626008,0.304807525,453.3824566,0.080403317
2019-05-17,137,11297.93032,4882.623425,6415.306899,16180.55375,1041.6,26405.48335,8.374512484,5,0.22220297,0.099087758,0.470973608,1.660626008,0.304807525,460.6290346,0.078891842
2019-05-18,138,11584.9374,4882.971351,6701.966052,16467.90875,1041.6,26405.48335,8.10168062,5,0.22220297,0.099087758,0.470973608,1.660626008,0.304807525,463.6424846,0.077380366
2019-05-19,139,11873.70679,4885.068231,6988.638561,16758.77502,1041.6,26405.48335,7.909211679,5,0.22220297,0.099087758,0.470973608,1.660626008,0.304807525,460.5570171,0.075868891
2019-05-20,140,12164.4693,4888.894146,7275.575157,17053.36345,1041.6,26405.48335,7.87105599,5,0.22220297,0.099087758,0.470973608,1.660626008,0.304807525,481.8539979,0.074357416
2019-05-21,141,12457.45575,4894.428996,7563.026751,17351.88474,1041.6,26405.48335,7.94943099,5,0.22220297,0.099087758,0.470973608,1.660626008,0.304807525,449.0180713,0.072845941
2019-05-22,142,12752.89693,4901.653822,7851.243112,17654.55076,1041.6,26405.48335,7.756846354,5,0.22220297,0.099087758,0.470973608,1.660626008,0.304807525,431.1465158,0.071334466
2019-05-23,143,13051.02368,4910.552238,8140.471437,17961.57591,1041.6,26405.48335,7.607318421,5,0.22220297,0.099087758,0.470973608,1.660626008,0.304807525,457.3185302,0.069822991
2019-05-24,144,13352.06678,4921.111958,8430.954825,18273.17874,1041.6,26405.48335,7.69338601,5,0.22220297,0.099087758,0.470973608,1.660626008,0.304807525,449.7980656,0.068311516
2019-05-25,145,13656.25707,4933.326406,8722.930661,18589.58347,1041.6,26405.48335,8.916934375,5,0.22220297,0.099087758,0.470973608,1.660626008,0.304807525,451.5903502,0.066800041
2019-05-26,146,13963.82534,4947.1964,9016.628938,18911.02174,1041.6,26405.48335,8.870861458,5,0.22220297,0.099087758,0.470973608,1.660626008,0.304807525,477.4416157,0.065288566
2019-05-27,147,14275.00241,4962.731899,9312.270508,19237.73431,1041.6,26405.48335,9.059772917,5,0.22220297,0.099087758,0.470973608,1.660626008,0.304807525,451.2722868,0.063777091
2019-05-28,148,14590.01909,4979.953796,9610.06529,19569.97288,1041.6,26405.48335,9.201178125,5,0.22220297,0.099087758,0.470973608,1.660626008,0.304807525,449.2179937,0.062265616
2019-05-29,149,14909.10618,4998.895739,9910.210445,19908.00192,1041.6,26405.48335,9.132985417,5,0.22220297,0.099087758,0.470973608,1.660626008,0.304807525,441.9440964,0.060754141
2019-05-30,150,15232.49451,5019.605979,10212.88854,20252.10049,1041.6,26405.48335,9.015076042,5,0.22220297,0.099087758,0.470973608,1.660626008,0.304807525,444.505151,0.059242666
2019-05-31,151,15560.41489,5042.149207,10518.26568,20602.56409,1041.6,26405.48335,9.307509574,5,0.22220297,0.099087758,0.470973608,1.660626008,0.304807525,441.7028073,0.057731191
2019-06-01,152,15893.09811,5066.608383,10826.48973,20959.70649,1041.6,26405.48335,9.339978125,5,0.22220297,0.099087758,0.470973608,1.660626008,0.058536959,476.2025645,0.056219715
2019-06-02,153,16230.775,5093.08652,11137.68848,21323.86152,1041.6,26405.48335,9.715260417,6,0.22220297,0.099087758,0.470973608,1.660626008,0.058536959,447.392057,0.05470824
2019-06-03,154,16573.51289,5121.710718,11451.80217,21695.22361,1041.6,26405.48335,10.18309688,6,0.22220297,0.099087758,0.470973608,1.660626008,0.058536959,476.9291165,0.053196765
2019-06-04,155,16920.72523,5152.62784,11768.09739,22073.35307,1041.6,26405.48335,10.10646461,6,0.22220297,0.099087758,0.470973608,1.660626008,0.058536959,447.8289994,0.05168529
2019-06-05,156,17271.662,5185.974352,12085.68765,22457.63635,1041.6,26405.48335,9.741823144,6,0.22220297,0.099087758,0.470973608,1.660626008,0.058536959,466.2755259,0.050173815
2019-06-06,157,17625.57317,5221.867657,12403.70552,22847.44083,1041.6,26405.48335,9.66659893,6,0.22220297,0.099087758,0.470973608,1.660626008,0.058536959,435.8605491,0.04866234
2019-06-07,158,17981.70872,5260.403146,12721.30558,23242.11187,1041.6,26405.48335,9.410672454,6,0.22220297,0.099087758,0.470973608,1.660626008,0.058536959,455.1717731,0.047150865
2019-06-08,159,18339.31863,5301.651762,13037.66686,23640.97039,1041.6,26405.48335,9.354088838,6,0.22220297,0.099087758,0.470973608,1.660626008,0.058536959,476.5856178,0.04563939
2019-06-09,160,18697.65286,5345.658077,13351.99478,24043.31094,1041.6,26405.48335,9.326368304,6,0.22220297,0.099087758,0.470973608,1.660626008,0.058536959,483.6620412,0.044127915
2019-06-10,161,19055.9614,5392.438906,13663.5225,24448.40031,1041.6,26405.48335,9.011619186,6,0.22220297,0.099087758,0.470973608,1.660626008,0.058536959,472.6622686,0.04261644
2019-06-11,162,19413.49422,5441.982438,13971.51179,24855.47666,1041.6,26405.48335,9.000354167,6,0.22220297,0.099087758,0.470973608,1.660626008,0.210105953,459.4738527,0.041104965
2019-06-12,163,19769.50131,5494.247877,14275.25343,25263.74918,1041.6,26405.48335,9.311672743,6,0.22220297,0.099087758,0.470973608,1.660626008,0.166629601,493.9254095,0.03959349
2019-06-13,164,20123.23262,5549.165558,14574.06706,25672.39818,1041.6,26405.48335,9.591286458,6,0.22220297,0.099087758,0.470973608,1.660626008,0.151724489,444.5775417,0.038082015
2019-06-14,165,20473.93814,5606.6375,14867.30065,26080.57564,1041.6,26405.48335,9.150472469,6,0.22220297,0.099087758,0.470973608,1.660626008,0.082113101,431.5377005,0.03657054
2019-06-15,166,20820.86786,5666.538354,15154.3295,26487.40621,1041.6,26405.48335,9.099368924,6,0.22220297,0.099087758,0.470973608,1.660626008,0.149178479,438.0902404,0.035059064
2019-06-16,167,21163.27173,5728.716694,15434.55503,26891.98842,1041.6,26405.48335,9.413043403,6,0.22220297,0.099087758,0.470973608,1.660626008,0.102420943,457.7655862,0.033547589
2019-06-17,168,21500.39974,5792.996592,15707.40314,27293.39633,1041.6,26405.48335,9.603981771,6,0.22220297,0.099087758,0.470973608,1.660626008,0.058536959,450.0490859,0.032036114
2019-06-18,169,21831.50186,5859.17942,15972.32244,27690.68128,1041.6,26405.48335,9.593312839,6,0.22220297,0.099087758,0.470973608,1.660626008,0.058536959,442.3325857,0.030524639
2019-06-19,170,22155.82807,5927.045832,16228.78224,28082.8739,1041.6,26405.48335,9.483804688,6,0.22220297,0.099087758,0.470973608,1.660626008,0.073674991,434.6160854,0.029013164
2019-06-20,171,22472.62835,5996.357866,16476.27048,28468.98622,1041.6,26405.48335,9.716142086,6,0.22220297,0.099087758,0.470973608,1.660626008,0.040851952,447.4274381,0.027501689
2019-06-21,172,22781.15267,6066.861117,16714.29155,28848.01378,1041.6,26405.48335,9.95270852,6,0.22220297,0.099087758,0.470973608,1.660626008,0.043042753,460.2387908,0.025990214
2019-06-22,173,23080.651,6138.286955,16942.36405,29218.93796,1041.6,26405.48335,9.451366454,6,0.22220297,0.099087758,0.470973608,1.660626008,0.076035477,473.0501435,0.024478739
2019-06-23,174,23370.37333,6210.354731,17160.0186,29580.72806,1041.6,26405.48335,9.680397697,6,0.22220297,0.099087758,0.470973608,1.660626008,0.024364254,485.8614962,0.022967264
2019-06-24,175,23649.56963,6282.773966,17366.79566,29932.3436,1041.6,26405.48335,9.911378472,6,0.22220297,0.099087758,0.470973608,1.660626008,0.058536959,464.4851029,0.021455789
2019-06-25,176,23917.48987,6355.246489,17562.24338,30272.73636,1041.6,26405.48335,10.24609809,6,0.22220297,0.099087758,0.470973608,1.660626008,0.058536959,468.0540553,0.019944314
2019-06-26,177,24173.38404,6427.468507,17745.91553,30600.85254,1041.6,26405.48335,10.36083941,6,0.22220297,0.099087758,0.470973608,1.660626008,0.130148161,468.1929814,0.018432839
2019-06-27,178,24416.5021,6499.132621,17917.36947,30915.63472,1041.6,26405.48335,10.53702026,6,0.22220297,0.099087758,0.470973608,1.660626008,0.058536959,445.8880833,0.016921364
2019-06-28,179,24646.09403,6569.929758,18076.16427,31216.02379,1041.6,26405.48335,10.69390538,6,0.22220297,0.099087758,0.470973608,1.660626008,0.058536959,466.1259727,0.016040208
2019-06-29,180,24861.40981,6639.551044,18221.85876,31500.96085,1041.6,26405.48335,10.5656793,6,0.22220297,0.099087758,0.470973608,1.660626008,0.058536959,465.6302576,0.014147604
2019-06-30,181,25061.69941,6707.689622,18354.00979,31769.38904,1041.6,26405.48335,10.86065365,6,0.22220297,0.099087758,0.470973608,1.660626008,0.058536959,478.4905262,0.012398438
2019-07-01,182,25246.21282,6774.04241,18472.17041,32020.25523,1041.6,26405.48335,10.92832292,6,0.22220297,0.099087758,0.470973608,1.660626008,0.058536959,487.0977433,0.011275417
2019-07-02,183,25414.2,6838.311843,18575.88816,32252.51184,1041.6,26405.48335,10.71979558,7,0.22220297,0.099087758,0.470973608,1.660626008,0.058536959,450.0188117,0.01084883
2019-07-03,184,25565.17099,6900.258462,18664.91253,32465.42945,1041.6,26405.48335,10.5913693,7,0.22220297,0.099087758,0.470973608,1.660626008,0.058536959,451.9433199,0.010621042
2019-07-04,185,25699.67604,6959.859476,18739.81656,32659.53551,1041.6,26405.48335,10.73045833,7,0.22220297,0.099087758,0.470973608,1.660626008,0.058536959,463.0509886,0.010077917
2019-07-05,186,25818.52546,7017.162187,18801.36327,32835.68764,1041.6,26405.48335,10.8622404,7,0.22220297,0.099087758,0.470973608,1.660626008,0.058536959,481.1267103,0.009182917
2019-07-06,187,25922.52955,7072.23116,18850.29839,32994.76071,1041.6,26405.48335,10.92531629,7,0.22220297,0.099087758,0.470973608,1.660626008,0.058536959,481.7635214,0.008804792
2019-07-07,188,26012.49863,7125.145593,18887.35304,33137.64423,1041.6,26405.48335,11.02265072,7,0.22220297,0.099087758,0.470973608,1.660626008,0.058536959,474.3007346,0.009069583
2019-07-08,189,26089.24301,7175.996994,18913.24601,33265.24,1041.6,26405.48335,11.03233077,7,0.22220297,0.099087758,0.470973608,1.660626008,0.058536959,490.9511309,0.0082675
2019-07-09,190,26153.57298,7224.887135,18928.68585,33378.46012,1041.6,26405.48335,11.22613463,7,0.22220297,0.099087758,0.470973608,1.660626008,0.058536959,495.1474354,0.007900833
2019-07-10,191,26206.29887,7271.926228,18934.37265,33478.2251,1041.6,26405.48335,11.50850434,7,0.22220297,0.099087758,0.470973608,1.660626008,0.058536959,450.3503163,0.008767917
2019-07-11,192,26248.23098,7317.231334,18930.99965,33565.46231,1041.6,26405.48335,11.59245139,7,0.22220297,0.099087758,0.470973608,1.660626008,0.058536959,483.0921899,0.008343438
2019-07-12,193,26280.17962,7360.92495,18919.25467,33641.10457,1041.6,26405.48335,12.12108464,7,0.22220297,0.099087758,0.470973608,1.660626008,0.058536959,501.483358,0.007145313
2019-07-13,194,26302.95509,7403.133764,18899.82132,33706.08885,1041.6,26405.48335,12.47814931,7,0.22220297,0.099087758,0.470973608,1.660626008,0.058536959,458.7045762,0.006058632
2019-07-14,195,26317.3677,7443.987576,18873.38013,33761.35528,1041.6,26405.48335,12.45358594,7,0.22220297,0.099087758,0.470973608,1.660626008,0.058536959,462.2594406,0.005476979
2019-07-15,196,26324.22777,7483.618355,18840.60942,33807.84612,1041.6,26405.48335,12.60893924,7,0.22220297,0.099087758,0.470973608,1.660626008,0.058536959,482.8540493,0.005158021
2019-07-16,197,26324.3456,7522.15942,18802.18618,33846.50502,1041.6,26405.48335,12.7197283,7,0.22220297,0.099087758,0.470973608,1.660626008,0.058536959,480.5498705,0.005712917
2019-07-17,198,26318.5315,7559.744756,18758.78674,33878.27626,1041.6,26405.48335,12.7378533,7,0.22220297,0.099087758,0.470973608,1.660626008,0.058536959,440.6604884,0.005218854
2019-07-18,199,26307.59578,7596.508437,18711.08734,33904.10421,1041.6,26405.48335,12.64711111,7,0.22220297,0.099087758,0.470973608,1.660626008,0.058536959,437.3795489,0.006655
2019-07-19,200,26292.34874,7632.584154,18659.76459,33924.93289,1041.6,26405.48335,12.34992768,7,0.22220297,0.099087758,0.470973608,1.660626008,0.058536959,475.5156716,0.005667396
2019-07-20,201,26273.6007,7668.104857,18605.49584,33941.70555,1041.6,26405.48335,12.46034296,7,0.22220297,0.099087758,0.470973608,1.660626008,0.058536959,499.1839789,0.004804479
2019-07-21,202,26252.16196,7703.202486,18548.95947,33955.36444,1041.6,26405.48335,12.18285963,7,0.22220297,0.099087758,0.470973608,1.660626008,0.058536959,494.7671818,0.003878854
2019-07-22,203,26228.84283,7738.007808,18490.83502,33966.85064,1041.6,26405.48335,12.71433073,7,0.22220297,0.099087758,0.470973608,1.660626008,0.058536959,470.0936645,0.003052917
2019-07-23,204,26204.45362,7772.650343,18431.80328,33977.10397,1041.6,26405.48335,12.92467014,7,0.22220297,0.099087758,0.470973608,1.660626008,0.058536959,440.9987951,0.002549583
2019-07-24,205,26179.80465,7807.25838,18372.54627,33987.06303,1041.6,26405.48335,13.00032692,7,0.22220297,0.099087758,0.470973608,1.660626008,0.058536959,458.8667422,0.002275938
2019-07-25,206,26155.7062,7841.959086,18313.74712,33997.66529,1041.6,26405.48335,12.93172383,7,0.22220297,0.099087758,0.470973608,1.660626008,0.058536959,489.5572039,0.001917708
2019-07-26,207,26132.96861,7876.878706,18256.0899,34009.84731,1041.6,26405.48335,13.11031735,7,0.22220297,0.099087758,0.470973608,1.660626008,0.058536959,485.1102227,0.001459063
2019-07-27,208,26112.40216,7912.142835,18200.25933,34024.545,1041.6,26405.48335,13.28524934,7,0.22220297,0.099087758,0.470973608,1.660626008,0.058536959,502.4246028,0.001131146
2019-07-28,209,26094.81718,7947.876791,18146.94039,34042.69397,1041.6,26405.48335,13.33042882,7,0.22220297,0.099087758,0.470973608,1.660626008,0.058536959,471.8067588,0.001268333
2019-07-29,210,26081.02397,7984.206052,18096.81792,34065.23002,1041.6,26405.48335,13.73690757,7,0.22220297,0.099087758,0.470973608,1.660626008,0.058536959,479.0538549,0.000848295
2019-07-30,211,26071.83284,8021.256781,18050.57606,34093.08962,1041.6,26405.48335,13.85889547,7,0.22220297,0.099087758,0.470973608,1.660626008,0.058536959,474.4543022,0.000687813
2019-07-31,212,26068.05409,8059.156423,18008.89767,34127.21052,1041.6,26405.48335,14.29201828,7,0.22220297,0.099087758,0.470973608,1.660626008,0.058536959,478.8328865,0.000610625
2019-08-01,213,26070.49805,8098.034368,17972.46368,34168.53241,1041.6,26405.48335,14.29277845,7,0.22220297,0.099087758,0.470973608,1.660626008,0.058536959,475.8427632,4e-04
2019-08-02,214,26079.975,8138.022683,17941.95232,34217.99768,1041.6,26405.48335,14.16678051,8,0.22220297,0.099087758,0.470973608,1.660626008,0.058536959,456.2160215,0.000205938
2019-08-03,215,26096.92823,8179.188601,17917.73963,34276.11683,1041.6,26405.48335,14.01980142,8,0.22220297,0.099087758,0.470973608,1.660626008,0.058536959,438.9628964,0.000283542
2019-08-04,216,26120.33284,8221.326294,17899.00654,34341.65913,1041.6,26405.48335,14.41861545,8,0.22220297,0.099087758,0.470973608,1.660626008,0.058536959,444.8299944,0.000115833
2019-08-05,217,26148.79691,8264.153973,17884.64293,34412.95088,1041.6,26405.48335,14.48788721,8,0.22220297,0.099087758,0.470973608,1.660626008,0.058536959,446.0654683,2.95833333333333e-05
2019-08-06,218,26180.9285,8307.379383,17873.54912,34488.30788,1041.6,26405.48335,14.6691901,8,0.22220297,0.099087758,0.470973608,1.660626008,0.058536959,458.3229448,2.08333333333333e-07
2019-08-07,219,26215.33569,8350.698446,17864.63724,34566.03414,1041.6,26405.48335,14.77969895,8,0.22220297,0.099087758,0.470973608,1.660626008,0.058536959,454.7676708,0
2019-08-08,220,26250.62655,8393.794472,17856.83208,34644.42102,1041.6,26405.48335,14.56177846,8,0.22220297,0.099087758,0.470973608,1.660626008,0.058536959,502.8534452,0
2019-08-09,221,26285.40916,8436.33791,17849.07125,34721.74707,1041.6,26405.48335,14.53547665,8,0.22220297,0.099087758,0.470973608,1.660626008,0.058536959,458.1821558,0
2019-08-10,222,26318.29157,8477.986592,17840.30498,34796.27816,1041.6,26405.48335,14.68860777,8,0.22220297,0.099087758,0.470973608,1.660626008,0.058536959,438.9486508,0.002356458
2019-08-11,223,26347.88187,8518.386447,17829.49543,34866.26832,1041.6,26405.48335,14.33624066,8,0.22220297,0.099087758,0.470973608,1.660626008,0.058536959,432.6105068,0.000457083
2019-08-12,224,26372.78813,8557.172638,17815.61549,34929.96077,1041.6,26405.48335,14.18190246,8,0.22220297,0.099087758,0.470973608,1.660626008,0.058536959,455.4115206,0.000153854
2019-08-13,225,26391.61841,8593.971116,17797.6473,34985.58953,1041.6,26405.48335,14.17220498,8,0.22220297,0.099087758,0.470973608,1.660626008,0.012520644,447.0536549,5.1547619047619e-05
2019-08-14,226,26402.9808,8628.400545,17774.58025,35031.38134,1041.6,26405.48335,14.37543578,8,0.22220297,0.099087758,0.470973608,1.660626008,0.058536959,466.7056672,0.000437604
2019-08-15,227,26405.48335,8660.074602,17745.40875,35065.55795,1041.6,26405.48335,14.6751176,8,0.22220297,0.099087758,0.470973608,1.660626008,0.029975121,484.5788316,0.000196277
2019-08-16,228,26397.73414,8688.604626,17709.12952,35086.33877,1041.6,26405.48335,14.97146441,8,0.22220297,0.099087758,0.470973608,1.660626008,0.009430521,482.5149545,0.000120833
2019-08-17,229,26378.34125,8713.60264,17664.73861,35091.94389,1041.6,26405.48335,14.80459115,8,0.22220297,0.099087758,0.470973608,1.660626008,0.031569744,496.3961776,2.70833333333333e-05
2019-08-18,230,26345.91275,8734.684731,17611.22802,35080.59748,1041.6,26405.48335,14.43818272,8,0.22220297,0.099087758,0.470973608,1.660626008,0.058536959,495.4824518,5.60416666666667e-05
2019-08-19,231,26299.0567,8751.474828,17547.58187,35050.53153,1041.6,26405.48335,14.55060614,8,0.22220297,0.099087758,0.470973608,1.660626008,0.058536959,472.1029237,2.08333333333333e-05
2019-08-20,232,26236.38118,8763.608916,17472.77226,34999.99009,1041.6,26405.48335,14.52639357,8,0.22220297,0.099087758,0.470973608,1.660626008,0.158997428,457.2475625,3.95833333333333e-06
2019-08-21,233,26156.49426,8770.739711,17385.75455,34927.23397,1041.6,26405.48335,14.30659635,8,0.22220297,0.099087758,0.470973608,1.660626008,0.058774793,459.4848312,0
2019-08-22,234,26058.00401,8772.541896,17285.46211,34830.5459,1041.6,26405.48335,14.09102569,8,0.22220297,0.099087758,0.470973608,1.660626008,0.072974104,453.3915421,0.000162813
2019-08-23,235,25939.5185,8768.717968,17170.80053,34708.23647,1041.6,26405.48335,13.78165439,8,0.22220297,0.099087758,0.470973608,1.660626008,0.058536959,455.973494,5.42708333333333e-05
2019-08-24,236,25799.6458,8759.004815,17040.64099,34558.65062,1041.6,26405.48335,13.46318788,8,0.22220297,0.099087758,0.470973608,1.660626008,0.373271436,444.7754957,5.10416666666667e-06
2019-08-25,237,25636.994,8743.181144,16893.81285,34380.17514,1041.6,26405.48335,13.32553369,8,0.22220297,0.099087758,0.470973608,1.660626008,0.058536959,486.4053541,3.125e-07
2019-08-26,238,25450.17115,8721.075898,16729.09525,34171.24704,1041.6,26405.48335,13.71124575,8,0.22220297,0.099087758,0.470973608,1.660626008,0.058536959,482.9969935,0
2019-08-27,239,25237.78532,8692.577835,16545.20749,33930.36316,1041.6,26405.48335,13.74290489,8,0.22220297,0.099087758,0.470973608,1.660626008,0.348646525,430.4252388,0
2019-08-28,240,24998.4446,8657.646472,16340.79813,33656.09107,1041.6,26405.48335,13.52147135,8,0.22220297,0.099087758,0.470973608,1.660626008,0.058536959,431.0207736,0
2019-08-29,241,24730.75705,8616.324598,16114.43246,33347.08165,1041.6,26405.48335,13.62080783,8,0.22220297,0.099087758,0.470973608,1.660626008,0.108433305,447.3436571,3.875e-05
2019-08-30,242,24433.33075,8568.752618,15864.57813,33002.08336,1041.6,26405.48335,13.79905821,8,0.22220297,0.099087758,0.470973608,1.660626008,0.169733135,461.6414409,1.22916666666667e-05
2019-08-31,243,24104.77375,8515.184978,15589.58878,32619.95873,1041.6,26405.48335,13.3560408,8,0.22220297,0.099087758,0.470973608,1.660626008,0.131711317,485.1572957,0
2019-09-01,244,23743.69415,8456.008924,15287.68522,32199.70307,1041.6,26405.48335,13.09612846,8,0.22220297,0.099087758,0.470973608,1.660626008,0.146018236,474.6373706,0
2019-09-02,245,23348.7,8391.765854,14956.93415,31740.46585,1041.6,26405.48335,13.00952257,9,0.22220297,0.099087758,0.470973608,1.660626008,0.153202139,495.4432808,0
2019-09-03,246,22919.10747,8323.288688,14595.81878,31242.39616,1041.6,26405.48335,13.41637674,9,0.22220297,0.099087758,0.470973608,1.660626008,0.101853754,486.125792,0
2019-09-04,247,22457.06508,8252.005491,14205.05958,30709.07057,1041.6,26405.48335,13.20254688,9,0.22220297,0.099087758,0.470973608,1.660626008,0.167907842,448.806995,0
2019-09-05,248,21965.42942,8179.495481,13785.93394,30144.9249,1041.6,26405.48335,13.34112066,9,0.22220297,0.099087758,0.470973608,1.660626008,0.276578983,458.8725375,0
2019-09-06,249,21447.05711,8107.339959,13339.71715,29554.39707,1041.6,26405.48335,13.50238021,9,0.22220297,0.099087758,0.470973608,1.660626008,0.276578983,457.1614235,0
2019-09-07,250,20904.80475,8037.09774,12867.70701,28941.90249,1041.6,26405.48335,13.55505934,9,0.22220297,0.099087758,0.470973608,1.660626008,0.276578983,487.2208314,0
2019-09-08,251,20341.52895,7970.278577,12371.25037,28311.80752,1041.6,26405.48335,13.49690601,9,0.22220297,0.099087758,0.470973608,1.660626008,0.276578983,459.1821243,2.54166666666667e-05
2019-09-09,252,19760.0863,7908.314747,11851.77156,27668.40105,1041.6,26405.48335,12.91041756,9,0.22220297,0.099087758,0.470973608,1.660626008,0.276578983,471.8762675,0.110066979
2019-09-10,253,19163.33343,7852.531336,11310.80209,27015.86476,1041.6,26405.48335,12.92580278,9,0.22220297,0.099087758,0.470973608,1.660626008,0.520330454,481.6835932,0.086569479
2019-09-11,254,18554.12692,7804.116055,10750.01086,26358.24297,1041.6,26405.48335,12.60409462,9,0.22220297,0.099087758,0.470973608,1.660626008,0.276578983,462.7453331,0.055183125
2019-09-12,255,17935.32339,7764.089714,10171.23368,25699.4131,1041.6,26405.48335,12.5657328,9,0.22220297,0.099087758,0.470973608,1.660626008,0.352180429,467.3051454,0.036328778
2019-09-13,256,17309.77944,7733.278762,9576.500681,25043.0582,1041.6,26405.48335,12.27446435,9,0.22220297,0.099087758,0.470973608,1.660626008,0.276578983,462.2121868,0.028180104
2019-09-14,257,16680.35168,7712.291356,8968.060327,24392.64304,1041.6,26405.48335,12.11484277,9,0.22220297,0.099087758,0.470973608,1.660626008,0.276578983,463.8530305,0.021112188
2019-09-15,258,16049.89671,7701.498435,8348.398279,23751.39515,1041.6,26405.48335,11.98175104,9,0.22220297,0.099087758,0.470973608,1.660626008,0.256178844,470.9209031,0.018931667
2019-09-16,259,15421.27114,7701.021031,7720.250113,23122.29218,1041.6,26405.48335,11.78893021,9,0.22220297,0.099087758,0.470973608,1.660626008,0.276578983,468.7135487,0.031983542
2019-09-17,260,14797.33158,7710.724671,7086.606907,22508.05625,1041.6,26405.48335,11.46336979,9,0.22220297,0.099087758,0.470973608,1.660626008,0.276578983,437.7161765,0.045139479
2019-09-18,261,14180.93462,7730.221239,6450.71338,21911.15586,1041.6,26405.48335,11.50885104,9,0.22220297,0.099087758,0.470973608,1.660626008,0.171460453,429.4996111,0.150395208
2019-09-19,262,13574.93687,7758.878092,5816.058781,21333.81497,1041.6,26405.48335,11.27789099,9,0.22220297,0.099087758,0.470973608,1.660626008,0.276578983,426.0232937,0.098545625
2019-09-20,263,12982.19495,7795.8337,5186.361247,20778.02865,1041.6,26405.48335,11.21935923,9,0.22220297,0.099087758,0.470973608,1.660626008,0.133296138,436.8279934,0.072514725
2019-09-21,264,12405.56544,7840.018649,4565.546795,20245.58409,1041.6,26405.48335,10.99874843,9,0.22220297,0.099087758,0.470973608,1.660626008,0.253316892,433.2155961,0.061019479
2019-09-22,265,11847.90497,7890.180586,3957.724384,19738.08556,1041.6,26405.48335,11.38023217,9,0.22220297,0.099087758,0.470973608,1.660626008,0.276578983,418.8314147,0.052505833
2019-09-23,266,11312.07013,7944.911548,3367.158583,19256.98168,1041.6,26405.48335,11.03544271,9,0.22220297,0.099087758,0.470973608,1.660626008,0.276578983,422.7167498,0.049165313
2019-09-24,267,10800.91753,8002.676224,2798.241308,18803.59376,1041.6,26405.48335,10.95563281,9,0.22220297,0.099087758,0.470973608,1.660626008,0.204796439,428.9991257,0.042112917
2019-09-25,268,10317.30378,8061.83986,2255.463918,18379.14364,1041.6,26405.48335,11.00395399,9,0.22220297,0.099087758,0.470973608,1.660626008,0.211051853,435.979296,0.037867292
2019-09-26,269,9864.085474,8120.694814,1743.39066,17984.78029,1041.6,26405.48335,11.13816622,9,0.22220297,0.099087758,0.470973608,1.660626008,0.269577192,439.8044934,0.033135
2019-09-27,270,9444.119225,8177.485076,1266.634149,17621.6043,1041.6,26405.48335,11.22884183,9,0.22220297,0.099087758,0.470973608,1.660626008,0.191281436,447.2221152,0.029885417
2019-09-28,271,9060.261638,8230.428382,1041.6,17290.69002,1041.6,26405.48335,11.01516059,9,0.22220297,0.099087758,0.470973608,1.660626008,0.250027279,439.9597848,0.032591667
2019-09-29,272,8715.369316,8277.735826,1041.6,16993.10514,1041.6,26405.48335,10.61721826,9,0.22220297,0.099087758,0.470973608,1.660626008,0.35848813,429.2154432,0.037201042
2019-09-30,273,8412.298866,8317.629105,1041.6,16729.92797,1041.6,26405.48335,10.33271851,9,0.22220297,0.099087758,0.470973608,1.660626008,0.276578983,442.6136507,0.038354421
2019-10-01,274,8153.906892,8348.355715,1041.6,16502.26261,1041.6,26405.48335,10.17659079,9,0.22220297,0.099087758,0.470973608,1.660626008,0.276578983,441.101381,0.014165625
2019-10-02,275,7943.05,8368.202568,1041.6,16311.25257,1041.6,26405.48335,10.26359115,10,0.22220297,0.099087758,0.470973608,1.660626008,0.472130785,444.4827979,0.010163229
2019-10-03,276,7781.726139,8375.759627,1041.6,16157.48577,1041.6,26405.48335,10.06902445,10,0.22220297,0.099087758,0.470973608,1.660626008,0.276578983,415.2055159,0.011766842
2019-10-04,277,7668.498634,8370.715083,1041.6,16039.21372,1041.6,26405.48335,10.18573,10,0.22220297,0.099087758,0.470973608,1.660626008,0.463577886,455.1900385,0.020306744
2019-10-05,278,7601.072152,8353.14983,1041.6,15954.22198,1041.6,26405.48335,9.943657118,10,0.22220297,0.099087758,0.470973608,1.660626008,0.821442245,455.6019133,0.025676667
2019-10-06,279,7577.151363,8323.27304,1041.6,15900.4244,1041.6,26405.48335,10.1943724,10,0.22220297,0.099087758,0.470973608,1.660626008,0.276578983,444.9621281,0.022354792
2019-10-07,280,7594.440934,8281.403115,1041.6,15875.84405,1041.6,26405.48335,10.19750588,10,0.22220297,0.099087758,0.470973608,1.660626008,0.276578983,441.1236434,0.018669383
2019-10-08,281,7650.645534,8227.951785,1041.6,15878.59732,1041.6,26405.48335,10.22011719,10,0.22220297,0.099087758,0.470973608,1.660626008,0.932047009,442.1620829,0.026797604
2019-10-09,282,7743.469832,8163.410796,1041.6,15906.88063,1041.6,26405.48335,10.09001047,10,0.22220297,0.099087758,0.470973608,1.660626008,0.276578983,440.9009037,0.031811771
2019-10-10,283,7870.618495,8088.340739,1041.6,15958.95923,1041.6,26405.48335,9.85737934,10,0.22220297,0.099087758,0.470973608,1.660626008,0.276578983,435.4910706,0.027869053
2019-10-11,284,8029.796193,8003.361608,1041.6,16033.1578,1041.6,26405.48335,9.391002604,10,0.22220297,0.099087758,0.470973608,1.660626008,0.276578983,427.1250172,0.024096667
2019-10-12,285,8218.707593,7909.144768,1041.6,16127.85236,1041.6,26405.48335,8.869653646,10,0.22220297,0.099087758,0.470973608,1.660626008,0.798970635,432.6436306,0.020169896
2019-10-13,286,8435.057364,7806.406056,1041.6,16241.46342,1041.6,26405.48335,9.034993913,10,0.22220297,0.099087758,0.470973608,1.660626008,0.788794872,431.6102212,0.016145833
2019-10-14,287,8676.550175,7695.899761,1041.6,16372.44994,1041.6,26405.48335,8.801763889,10,0.22220297,0.099087758,0.470973608,1.660626008,0.658152999,435.9297884,0.012889896
2019-10-15,288,8940.890693,7578.413298,1362.477395,16519.30399,1041.6,26405.48335,8.714915799,10,0.22220297,0.099087758,0.470973608,1.660626008,0.739168887,444.6013068,0.01013125
2019-10-16,289,9225.783587,7454.762362,1771.021225,16680.54595,1041.6,26405.48335,8.811552563,10,0.22220297,0.099087758,0.470973608,1.660626008,0.742193321,436.0604418,0.009295895
2019-10-17,290,9528.933526,7325.786432,2203.147094,16854.71996,1041.6,26405.48335,8.747847594,10,0.22220297,0.099087758,0.470973608,1.660626008,0.621982986,442.5514368,0.053508854
2019-10-18,291,9848.045178,7192.344434,2655.700743,17040.38961,1041.6,26405.48335,8.787460069,10,0.22220297,0.099087758,0.470973608,1.660626008,0.276578983,439.6127613,0.138264896
2019-10-19,292,10180.82321,7055.310463,3125.512748,17236.13367,1041.6,26405.48335,8.679102877,10,0.22220297,0.099087758,0.470973608,1.660626008,0.276578983,437.056836,0.500220417
2019-10-20,293,10524.97229,6915.569388,3609.402905,17440.54168,1041.6,26405.48335,8.721561632,10,0.22220297,0.099087758,0.470973608,1.660626008,0.864449428,440.0488022,0.704887292
2019-10-21,294,10878.19709,6774.012251,4104.184842,17652.20935,1041.6,26405.48335,8.868440945,10,0.22220297,0.099087758,0.470973608,1.660626008,0.276578983,432.4695206,0.597062083
2019-10-22,295,11238.20228,6631.531316,4606.670964,17869.7336,1041.6,26405.48335,8.862982639,10,0.22220297,0.099087758,0.470973608,1.660626008,0.276578983,434.4421605,0.754384167
2019-10-23,296,11602.69252,6489.014676,5113.677847,18091.7072,1041.6,26405.48335,8.369980216,10,0.22220297,0.099087758,0.470973608,1.660626008,0.276578983,434.1856665,0.726044271
2019-10-24,297,11969.37249,6347.340331,5622.032157,18316.71282,1041.6,26405.48335,8.162948795,10,0.22220297,0.099087758,0.470973608,1.660626008,0.276578983,434.1487622,0.483306042
2019-10-25,298,12335.94684,6207.369679,6128.577165,18543.31652,1041.6,26405.48335,8.262727273,10,0.22220297,0.099087758,0.470973608,1.660626008,0.856518211,429.7062224,0.317208438
2019-10-26,299,12700.12026,6069.940397,6630.179864,18770.06066,1041.6,26405.48335,7.838638704,10,0.22220297,0.099087758,0.470973608,1.660626008,0.276578983,425.7727341,0.218682188
2019-10-27,300,13059.59741,5935.858746,7123.73866,18995.45615,1041.6,26405.48335,7.426976326,10,0.22220297,0.099087758,0.470973608,1.660626008,0.276578983,429.0138959,0.164963125
2019-10-28,301,13412.08295,5805.891411,7606.191536,19217.97436,1041.6,26405.48335,7.126566312,10,0.22220297,0.099087758,0.470973608,1.660626008,0.276578983,435.2673245,0.141640123
2019-10-29,302,13755.28155,5680.757046,8074.524508,19436.0386,1041.6,26405.48335,7.221900579,10,0.22220297,0.099087758,0.470973608,1.660626008,0.276578983,434.288813,0.118162857
2019-10-30,303,14086.89789,5561.117812,8525.780082,19648.01571,1041.6,26405.48335,6.975307765,10,0.22220297,0.099087758,0.470973608,1.660626008,0.276578983,436.4685527,0.110074063
2019-10-31,304,14404.63664,5447.571298,8957.065338,19852.20793,1041.6,26405.48335,6.990331439,10,0.22220297,0.099087758,0.470973608,1.660626008,0.276578983,426.3193317,0.098842604
2019-11-01,305,14706.20245,5340.643299,9365.55915,20046.84575,1041.6,26405.48335,6.980794258,10,0.22220297,0.099087758,0.470973608,1.660626008,0.276578983,428.4382757,0.090070938
2019-11-02,306,14989.3,5240.782025,9748.517975,20230.08202,1041.6,26405.48335,6.873189504,11,0.22220297,0.099087758,0.470973608,1.660626008,0.276578983,433.2757353,0.08339375
2019-11-03,307,15252.10764,5148.2532,10103.85444,20400.36084,1041.6,26405.48335,7.040793605,11,0.22220297,0.099087758,0.470973608,1.660626008,0.625414274,448.4428303,0.077523125
2019-11-04,308,15494.69844,5062.861382,10431.83706,20557.55982,1041.6,26405.48335,7.315889524,11,0.22220297,0.099087758,0.470973608,1.660626008,0.603188687,441.1807281,0.072104375
2019-11-05,309,15717.61916,4984.299653,10733.31951,20701.91882,1041.6,26405.48335,7.765048341,11,0.22220297,0.099087758,0.470973608,1.660626008,0.276578983,429.8426242,0.067572813
2019-11-06,310,15921.41656,4912.258175,11009.15838,20833.67473,1041.6,26405.48335,7.605628472,11,0.22220297,0.099087758,0.470973608,1.660626008,0.276578983,428.4037585,0.063498854
2019-11-07,311,16106.63738,4846.425099,11260.21228,20953.06248,1041.6,26405.48335,7.212602085,11,0.22220297,0.099087758,0.470973608,1.660626008,0.276578983,427.6182937,0.060382188
2019-11-08,312,16273.82839,4786.487545,11487.34084,21060.31593,1041.6,26405.48335,6.726064343,11,0.22220297,0.099087758,0.470973608,1.660626008,0.276578983,432.7600682,0.057806667
2019-11-09,313,16423.53634,4732.132616,11691.40372,21155.66895,1041.6,26405.48335,6.33735058,11,0.22220297,0.099087758,0.470973608,1.660626008,0.651546118,430.9815396,0.054623958
2019-11-10,314,16556.30798,4683.048408,11873.25958,21239.35639,1041.6,26405.48335,6.43083941,11,0.22220297,0.099087758,0.470973608,1.660626008,0.254314711,431.6234122,0.051897292
2019-11-11,315,16672.69008,4638.925018,12033.76506,21311.6151,1041.6,26405.48335,6.360688368,11,0.22220297,0.099087758,0.470973608,1.660626008,0.276578983,435.3904592,0.049645833
2019-11-12,316,16773.22939,4599.455506,12173.77388,21372.68489,1041.6,26405.48335,6.335516073,11,0.22220297,0.099087758,0.470973608,1.660626008,0.276578983,444.6528177,0.049936979
2019-11-13,317,16858.47266,4564.336799,12294.13586,21422.80945,1041.6,26405.48335,6.150442274,11,0.22220297,0.099087758,0.470973608,1.660626008,0.276578983,438.8357953,0.048343021
2019-11-14,318,16928.96664,4533.270518,12395.69612,21462.23716,1041.6,26405.48335,6.199859266,11,0.22220297,0.099087758,0.470973608,1.660626008,0.276578983,430.6087329,0.045380104
2019-11-15,319,16985.2581,4505.963727,12479.29438,21491.22183,1041.6,26405.48335,6.504528369,11,0.22220297,0.099087758,0.470973608,1.660626008,0.276578983,426.3407966,0.050175938
2019-11-16,320,17027.8938,4482.129573,12545.76422,21510.02337,1041.6,26405.48335,6.226205039,11,0.22220297,0.099087758,0.470973608,1.660626008,0.276578983,431.2964891,0.054784896
2019-11-17,321,17057.42047,4461.487845,12595.93263,21518.90832,1041.6,26405.48335,6.089780617,11,0.22220297,0.099087758,0.470973608,1.660626008,0.276578983,434.3676242,0.047575313
2019-11-18,322,17074.38489,4443.76542,12630.61947,21518.15031,1041.6,26405.48335,5.868221489,11,0.22220297,0.099087758,0.470973608,1.660626008,0.276578983,432.7470357,0.044314479
2019-11-19,323,17079.33381,4428.696628,12650.63718,21508.03044,1041.6,26405.48335,5.736570922,11,0.22220297,0.099087758,0.470973608,1.660626008,0.276578983,431.6285614,0.082546632
2019-11-20,324,17072.81398,4416.023525,12656.79045,21488.8375,1041.6,26405.48335,5.442927826,11,0.22220297,0.099087758,0.470973608,1.660626008,0.276578983,434.0604189,0.084892917
2019-11-21,325,17055.37215,4405.496092,12649.87606,21460.86824,1041.6,26405.48335,5.365639545,11,0.22220297,0.099087758,0.470973608,1.660626008,0.276578983,434.1002895,0.073917083
2019-11-22,326,17027.55509,4396.872369,12630.68272,21424.42746,1041.6,26405.48335,5.440463351,11,0.22220297,0.099087758,0.470973608,1.660626008,0.276578983,437.7336375,0.068339479
2019-11-23,327,16989.90955,4389.918542,12599.99101,21379.82809,1041.6,26405.48335,5.616771701,11,0.22220297,0.099087758,0.470973608,1.660626008,0.276578983,432.1875042,0.064352708
2019-11-24,328,16942.98228,4384.408987,12558.5733,21327.39127,1041.6,26405.48335,5.621621528,11,0.22220297,0.099087758,0.470973608,1.660626008,0.276578983,431.9892297,0.061296042
2019-11-25,329,16887.32005,4380.126298,12507.19375,21267.44635,1041.6,26405.48335,5.463818576,11,0.22220297,0.099087758,0.470973608,1.660626008,0.276578983,434.6354774,0.064983854
2019-11-26,330,16823.4696,4376.8613,12446.6083,21200.3309,1041.6,26405.48335,5.547949423,11,0.22220297,0.099087758,0.470973608,1.660626008,0.276578983,427.2789939,0.066301786
2019-11-27,331,16751.97769,4374.413075,12377.56462,21126.39077,1041.6,26405.48335,5.627712533,11,0.22220297,0.099087758,0.470973608,1.660626008,0.276578983,443.9469639,0.06879625
2019-11-28,332,16673.39108,4372.589003,12300.80208,21045.98008,1041.6,26405.48335,5.688208514,11,0.22220297,0.099087758,0.470973608,1.660626008,0.276578983,438.8863233,0.064284896
2019-11-29,333,16588.25652,4371.204834,12217.05169,20959.46136,1041.6,26405.48335,5.37390191,11,0.22220297,0.099087758,0.470973608,1.660626008,0.276578983,440.0747974,0.061787292
2019-11-30,334,16497.12078,4370.084813,12127.03596,20867.20559,1041.6,26405.48335,5.131903164,11,0.22220297,0.099087758,0.470973608,1.660626008,0.276578983,441.9932814,0.059900208
2019-12-01,335,16400.53059,4369.061858,12031.46873,20769.59245,1041.6,26405.48335,4.81651298,11,0.22220297,0.099087758,0.470973608,1.660626008,0.218748921,435.1950895,0.058389167
2019-12-02,336,16299.03273,4367.977802,11931.05492,20667.01053,1041.6,26405.48335,5.071640625,12,0.22220297,0.099087758,0.470973608,1.660626008,0.218748921,430.5580801,0.056807396
2019-12-03,337,16193.17394,4366.683734,11826.4902,20559.85767,1041.6,26405.48335,5.052815972,12,0.22220297,0.099087758,0.470973608,1.660626008,0.218748921,432.9717601,0.055514167
2019-12-04,338,16083.50098,4365.040412,11718.46057,20448.54139,1041.6,26405.48335,5.185184028,12,0.22220297,0.099087758,0.470973608,1.660626008,0.218748921,435.3907956,0.057577604
2019-12-05,339,15970.56061,4362.918796,11607.64181,20333.4794,1041.6,26405.48335,5.280376736,12,0.22220297,0.099087758,0.470973608,1.660626008,0.218748921,442.1549271,0.058201146
2019-12-06,340,15854.89958,4360.200692,11494.69889,20215.10027,1041.6,26405.48335,5.154682332,12,0.22220297,0.099087758,0.470973608,1.660626008,0.218748921,438.1600104,0.05657875
2019-12-07,341,15737.06465,4356.779528,11380.28512,20093.84417,1041.6,26405.48335,5.145450827,12,0.22220297,0.099087758,0.470973608,1.660626008,0.218748921,434.2032544,0.074543958
2019-12-08,342,15617.60257,4352.561268,11265.0413,19970.16384,1041.6,26405.48335,5.057312609,12,0.22220297,0.099087758,0.470973608,1.660626008,0.218748921,436.075283,0.122242292
2019-12-09,343,15497.0601,4347.465489,11149.59461,19844.52559,1041.6,26405.48335,4.855744681,12,0.22220297,0.099087758,0.470973608,1.660626008,0.218748921,439.907461,0.106956829
2019-12-10,344,15375.98399,4341.426626,11034.55737,19717.41062,1041.6,26405.48335,4.890064453,12,0.22220297,0.099087758,0.470973608,1.660626008,0.218748921,439.9490194,0.098654896
2019-12-11,345,15254.92101,4334.395399,10920.52561,19589.31641,1041.6,26405.48335,5.361993743,12,0.22220297,0.099087758,0.470973608,1.660626008,0.218748921,443.913048,0.101650208
2019-12-12,346,15134.4179,4326.340452,10808.07745,19460.75835,1041.6,26405.48335,5.332073375,12,0.22220297,0.099087758,0.470973608,1.660626008,0.218748921,439.872447,0.244496458
2019-12-13,347,15015.02143,4317.250203,10697.77122,19332.27163,1041.6,26405.48335,5.367294906,12,0.22220297,0.099087758,0.470973608,1.660626008,0.218748921,434.5382399,0.884076667
2019-12-14,348,14897.27834,4307.134934,10590.1434,19204.41327,1041.6,26405.48335,5.282398396,12,0.22220297,0.099087758,0.470973608,1.660626008,0.218748921,427.1632245,0.804526563
2019-12-15,349,14781.73539,4296.029126,10485.70626,19077.76452,1041.6,26405.48335,5.190327257,12,0.22220297,0.099087758,0.470973608,1.660626008,0.218748921,441.5185936,0.605889688
2019-12-16,350,14668.93934,4283.994064,10384.94528,18952.93341,1041.6,26405.48335,4.99115625,12,0.22220297,0.099087758,0.470973608,1.660626008,0.218748921,441.4510359,0.443963158
2019-12-17,351,14559.43695,4271.120711,10288.31624,18830.55766,1041.6,26405.48335,4.875914894,12,0.22220297,0.099087758,0.470973608,1.660626008,0.218748921,441.959522,0.339299583
2019-12-18,352,14453.77496,4257.532858,10196.24211,18711.30782,1041.6,26405.48335,5.015912879,12,0.22220297,0.099087758,0.470973608,1.660626008,0.218748921,444.9515984,0.264130104
2019-12-19,353,14352.50014,4243.390551,10109.10959,18595.8907,1041.6,26405.48335,5.099726326,12,0.22220297,0.099087758,0.470973608,1.660626008,0.218748921,445.8950582,0.250238958
2019-12-20,354,14256.15925,4228.89377,10027.26548,18485.05302,1041.6,26405.48335,5.327448864,12,0.22220297,0.099087758,0.470973608,1.660626008,0.218748921,445.1504972,2.263624479
2019-12-21,355,14165.29902,4214.286325,9951.012699,18379.58535,1041.6,26405.48335,5.585,12,0.22220297,0.099087758,0.470973608,1.660626008,0.218748921,439.76547,2.008408737
2019-12-22,356,14080.46623,4199.859921,9880.606313,18280.32616,1041.6,26405.48335,5.143775665,12,0.22220297,0.099087758,0.470973608,1.660626008,0.218748921,438.6068399,1.377880313
2019-12-23,357,14002.20763,4185.958301,9816.249331,18188.16593,1041.6,26405.48335,4.535572394,12,0.22220297,0.099087758,0.470973608,1.660626008,0.218748921,442.9469161,0.984059688
2019-12-24,358,13931.06997,4172.981333,9758.08864,18104.05131,1041.6,26405.48335,4.583677515,12,0.22220297,0.099087758,0.470973608,1.660626008,0.218748921,477.2291152,0.712473125
2019-12-25,359,13867.60001,4161.388903,9706.21111,18028.98892,1041.6,26405.48335,4.9731875,12,0.22220297,0.099087758,0.470973608,1.660626008,0.218748921,472.6026692,0.534476146
2019-12-26,360,13812.34451,4151.704365,9660.640143,17964.04887,1041.6,26405.48335,4.828830368,12,0.22220297,0.099087758,0.470973608,1.660626008,0.218748921,434.5293185,0.403378085
2019-12-27,361,13765.85021,4144.517298,9621.332914,17910.36751,1041.6,26405.48335,4.627488568,12,0.22220297,0.099087758,0.470973608,1.660626008,0.218748921,452.1851343,0.278076875
2019-12-28,362,13728.66388,4140.485249,9588.178633,17869.14913,1041.6,26405.48335,4.805994203,12,0.22220297,0.099087758,0.470973608,1.660626008,0.218748921,450.5844233,0.219332604
2019-12-29,363,13701.33227,4140.334074,9560.9982,17841.66635,1041.6,26405.48335,4.463281576,12,0.22220297,0.099087758,0.470973608,1.660626008,0.218748921,453.4657766,0.177126809
2019-12-30,364,13684.40214,4144.856496,9539.545646,17829.25864,1041.6,26405.48335,4.18889375,12,0.22220297,0.099087758,0.470973608,1.660626008,0.218748921,453.5040697,0.158348021
2019-12-31,365,13678.42024,4154.908487,9523.511757,17833.32873,1041.6,26405.48335,4.257819792,12,0.22220297,0.099087758,0.470973608,1.660626008,0.218748921,452.3534823,0.146411458
2020-01-01,1,9287.75,7508.118343,1779.631657,16795.86834,1041.6,26405.48335,3.688247354,1,0.22220297,0.099087758,0.470973608,1.660626008,0.218748921,447.7743225,0.691871667
2020-01-02,2,9359.342868,7423.770397,1935.572471,16783.11327,1041.6,26405.48335,3.808845052,1,0.22220297,0.099087758,0.470973608,1.660626008,0.218748921,443.9430479,0.866038333
2020-01-03,3,9428.821144,7341.703283,2087.117861,16770.52443,1041.6,26405.48335,3.31348545,1,0.22220297,0.099087758,0.470973608,1.660626008,0.218748921,467.5050953,0.711601354
2020-01-04,4,9493.959905,7261.820268,2232.139636,16755.78017,1041.6,26405.48335,3.535049479,1,0.22220297,0.099087758,0.470973608,1.660626008,0.218748921,534.6491856,0.683868021
2020-01-05,5,9552.534226,7183.970095,2368.564131,16736.50432,1041.6,26405.48335,3.640485564,1,0.22220297,0.099087758,0.470973608,1.660626008,0.218748921,640.3311031,0.862803854
2020-01-06,6,9602.319183,7107.947961,2494.371222,16710.26714,1041.6,26405.48335,3.381911458,1,0.22220297,0.099087758,0.470973608,1.660626008,0.218748921,485.993219,1.428434583
2020-01-07,7,9641.089853,7033.498226,2607.591626,16674.58808,1041.6,26405.48335,4.028882813,1,0.22220297,0.099087758,0.470973608,1.660626008,0.218748921,482.021507,2.226298854
2020-01-08,8,9666.621311,6960.318915,2706.302397,16626.94023,1041.6,26405.48335,4.256230469,1,0.22220297,0.099087758,0.470973608,1.660626008,0.218748921,452.1558979,1.843167813
2020-01-09,9,9676.688635,6888.068061,2788.620574,16564.7567,1041.6,26405.48335,3.983330729,1,0.22220297,0.099087758,0.470973608,1.660626008,0.218748921,441.8905421,1.332881354
2020-01-10,10,9669.066899,6816.371952,2852.694947,16485.43885,1041.6,26405.48335,3.932352865,1,0.22220297,0.099087758,0.470973608,1.660626008,0.218748921,448.8774442,0.963575625
2020-01-11,11,9641.531181,6744.835327,2896.695854,16386.36651,1041.6,26405.48335,3.975386152,1,0.22220297,0.099087758,0.470973608,1.660626008,0.218748921,472.3729619,1.386099375
2020-01-12,12,9591.856555,6673.05359,2918.802965,16264.91015,1041.6,26405.48335,4.107078125,1,0.22220297,0.099087758,0.470973608,1.660626008,0.218748921,476.6174411,1.709221146
2020-01-13,13,9517.818099,6600.627171,2917.190929,16118.44527,1041.6,26405.48335,4.010066474,1,0.22220297,0.099087758,0.470973608,1.660626008,0.218748921,475.4044311,1.549509375
2020-01-14,14,9417.190889,6527.178173,2890.012716,15944.36906,1041.6,26405.48335,4.110770202,1,0.22220297,0.099087758,0.470973608,1.660626008,0.218748921,477.967093,1.080993646
2020-01-15,15,9287.75,6452.369565,2835.380435,15740.11956,1041.6,26405.48335,3.927773958,1,0.22220297,0.099087758,0.470973608,1.660626008,0.218748921,472.1875009,0.76966875
2020-01-16,16,9128.215321,6376.031089,2752.184232,15504.24641,1041.6,26405.48335,3.512542299,1,0.22220297,0.099087758,0.470973608,1.660626008,0.218748921,459.6067254,0.589163021
2020-01-17,17,8941.085992,6298.48453,2642.601462,15239.57052,1041.6,26405.48335,3.794052138,1,0.22220297,0.099087758,0.470973608,1.660626008,0.218748921,473.6561375,0.440164896
2020-01-18,18,8729.805964,6220.206344,2509.59962,14950.01231,1041.6,26405.48335,3.402543547,1,0.22220297,0.099087758,0.470973608,1.660626008,0.218748921,474.2665716,0.359936771
2020-01-19,19,8497.819187,6141.698665,2356.120523,14639.51785,1041.6,26405.48335,3.726344907,1,0.22220297,0.099087758,0.470973608,1.660626008,0.218748921,467.9757028,0.324054167
2020-01-20,20,8248.569615,6063.469308,2185.100307,14312.03892,1041.6,26405.48335,3.760668667,1,0.22220297,0.099087758,0.470973608,1.660626008,0.218748921,464.7294881,0.336107391
2020-01-21,21,7985.501198,5986.013061,1999.488137,13971.51426,1041.6,26405.48335,3.689423628,1,0.22220297,0.099087758,0.470973608,1.660626008,0.218748921,443.8715249,0.329046979
2020-01-22,22,7712.057888,5909.794388,1802.263499,13621.85228,1041.6,26405.48335,3.769471065,1,0.22220297,0.099087758,0.470973608,1.660626008,0.218748921,440.4252721,0.552751042
2020-01-23,23,7431.683636,5835.231783,1596.451853,13266.91542,1041.6,26405.48335,3.783185446,1,0.22220297,0.099087758,0.470973608,1.660626008,0.218748921,440.1324245,1.686821563
2020-01-24,24,7147.822394,5762.684072,1385.138322,12910.50647,1041.6,26405.48335,3.883584615,1,0.22220297,0.099087758,0.470973608,1.660626008,0.218748921,440.0938284,3.270005833
2020-01-25,25,6863.918114,5692.43907,1171.479043,12556.35718,1041.6,26405.48335,3.833071842,1,0.22220297,0.099087758,0.470973608,1.660626008,0.218748921,443.0452579,2.438254792
2020-01-26,26,6583.414746,5624.705008,1041.6,12208.11975,1041.6,26405.48335,3.730787037,1,0.22220297,0.099087758,0.470973608,1.660626008,0.218748921,444.4239093,2.18872375
2020-01-27,27,6309.756244,5559.605201,1041.6,11869.36144,1041.6,26405.48335,3.692081967,1,0.22220297,0.099087758,0.470973608,1.660626008,0.218748921,447.0568887,2.299414271
2020-01-28,28,6046.386557,5497.176394,1041.6,11543.56295,1041.6,26405.48335,3.648888889,1,0.22220297,0.099087758,0.470973608,1.660626008,0.218748921,451.612686,2.834351354
2020-01-29,29,5796.749637,5437.371185,1041.6,11234.12082,1041.6,26405.48335,3.325251157,1,0.22220297,0.099087758,0.470973608,1.660626008,0.218748921,439.1752137,2.487556563
2020-01-30,30,5564.289437,5380.064882,1041.6,10944.35432,1041.6,26405.48335,3.141848276,1,0.22220297,0.099087758,0.470973608,1.660626008,0.218748921,443.2479261,1.9214
2020-01-31,31,5352.449907,5325.06704,1041.6,10677.51695,1041.6,26405.48335,3.614011407,1,0.22220297,0.099087758,0.470973608,1.660626008,0.218748921,442.4209447,1.628722604
2020-02-01,32,5164.675,5272.137903,1041.6,10436.8129,1041.6,26405.48335,3.712236186,2,0.22220297,0.099087758,0.470973608,1.660626008,0.218748921,440.036594,1.697179767
2020-02-02,33,5003.567992,5221.001453,1041.6,10224.56944,1041.6,26405.48335,3.718507208,2,0.22220297,0.099087758,0.470973608,1.660626008,0.218748921,440.9597446,1.38914655
2020-02-03,34,4868.369465,5171.369953,1041.6,10039.73942,1041.6,26405.48335,3.85192963,2,0.22220297,0.099087758,0.470973608,1.660626008,0.218748921,462.7854356,1.081113333
2020-02-04,35,4757.479325,5123.021745,1041.6,9880.50107,1041.6,26405.48335,3.589733473,2,0.22220297,0.099087758,0.470973608,1.660626008,0.218748921,443.5390294,0.871691667
2020-02-05,36,4669.29748,5075.807583,1041.6,9745.105063,1041.6,26405.48335,3.581161458,2,0.22220297,0.099087758,0.470973608,1.660626008,0.218748921,452.8628665,0.761527368
2020-02-06,37,4602.223836,5029.640761,1041.6,9631.864597,1041.6,26405.48335,3.54614561,2,0.22220297,0.099087758,0.470973608,1.660626008,0.218748921,433.7289765,0.989763579
2020-02-07,38,4554.658301,4984.487443,1041.6,9539.145744,1041.6,26405.48335,3.653619403,2,0.22220297,0.099087758,0.470973608,1.660626008,0.218748921,445.3117695,1.607154063
2020-02-08,39,4525.000782,4940.357292,1041.6,9465.358074,1041.6,26405.48335,3.53554469,2,0.22220297,0.099087758,0.470973608,1.660626008,0.218748921,442.6372585,1.651171771
2020-02-09,40,4511.651185,4897.294474,1041.6,9408.945659,1041.6,26405.48335,3.295992685,2,0.22220297,0.099087758,0.470973608,1.660626008,0.218748921,454.7088679,1.419169583
2020-02-10,41,4513.009417,4855.369095,1041.6,9368.378512,1041.6,26405.48335,3.225460417,2,0.22220297,0.099087758,0.470973608,1.660626008,0.218748921,457.0103006,1.067739063
2020-02-11,42,4527.475386,4814.669144,1041.6,9342.14453,1041.6,26405.48335,2.934129979,2,0.22220297,0.099087758,0.470973608,1.660626008,0.218748921,444.608789,0.801903542
2020-02-12,43,4553.448999,4775.292982,1041.6,9328.741981,1041.6,26405.48335,2.441241667,2,0.22220297,0.099087758,0.470973608,1.660626008,0.218748921,441.1003112,0.624441458
2020-02-13,44,4589.330161,4737.342461,1041.6,9326.672622,1041.6,26405.48335,2.552245742,2,0.22220297,0.099087758,0.470973608,1.660626008,0.218748921,444.7818839,0.500861563
2020-02-14,45,4633.518781,4700.91673,1041.6,9334.435511,1041.6,26405.48335,2.953187898,2,0.22220297,0.099087758,0.470973608,1.660626008,0.218748921,455.7124655,0.429738125
2020-02-15,46,4684.414766,4666.106819,1041.6,9350.521585,1041.6,26405.48335,2.947654356,2,0.22220297,0.099087758,0.470973608,1.660626008,0.218748921,451.3975462,0.381129375
2020-02-16,47,4740.418022,4632.991076,1041.6,9373.409097,1041.6,26405.48335,3.200026515,2,0.22220297,0.099087758,0.470973608,1.660626008,0.218748921,428.8920229,0.418335313
2020-02-17,48,4799.928456,4601.631549,1041.6,9401.560004,1041.6,26405.48335,3.499076263,2,0.22220297,0.099087758,0.470973608,1.660626008,0.218748921,427.8516112,0.410431146
2020-02-18,49,4861.345975,4572.071396,1041.6,9433.417371,1041.6,26405.48335,3.334854167,2,0.22220297,0.099087758,0.470973608,1.660626008,0.218748921,426.8111994,0.377457917
2020-02-19,50,4923.070487,4544.333408,1041.6,9467.403895,1041.6,26405.48335,3.22433561,2,0.22220297,0.099087758,0.470973608,1.660626008,0.218748921,427.4351201,0.343621625
2020-02-20,51,4983.501898,4518.419712,1041.6,9501.921609,1041.6,26405.48335,3.205722275,2,0.22220297,0.099087758,0.470973608,1.660626008,0.284274099,424.4546257,0.311226316
2020-02-21,52,5041.040115,4494.312715,1041.6,9535.35283,1041.6,26405.48335,2.950887311,2,0.22220297,0.099087758,0.470973608,1.660626008,0.434792028,428.0054129,0.274632188
2020-02-22,53,5094.085045,4471.977349,1041.6,9566.062394,1041.6,26405.48335,2.697381541,2,0.22220297,0.099087758,0.470973608,1.660626008,0.098994407,427.0234406,0.241696979
2020-02-23,54,5141.036596,4451.36462,1041.6,9592.401216,1041.6,26405.48335,2.165886256,2,0.22220297,0.099087758,0.470973608,1.660626008,0.328221056,427.3470018,0.235495521
2020-02-24,55,5180.294673,4432.416509,1041.6,9612.711183,1041.6,26405.48335,2.220562619,2,0.22220297,0.099087758,0.470973608,1.660626008,0.218748921,433.5607989,0.247130625
2020-02-25,56,5210.259185,4415.072204,1041.6,9625.331389,1041.6,26405.48335,2.376778727,2,0.22220297,0.099087758,0.470973608,1.660626008,0.364472525,431.1980087,0.227076042
2020-02-26,57,5229.330038,4399.275663,1041.6,9628.605701,1041.6,26405.48335,2.598560606,2,0.22220297,0.099087758,0.470973608,1.660626008,0.162639034,428.8352186,0.208089896
2020-02-27,58,5235.907139,4384.984499,1041.6,9620.891638,1041.6,26405.48335,2.685831361,2,0.22220297,0.099087758,0.470973608,1.660626008,0.070117718,426.4724284,0.194017917
2020-02-28,59,5228.390395,4372.180139,1041.6,9600.570534,1041.6,26405.48335,3.413169471,2,0.22220297,0.099087758,0.470973608,1.660626008,0.218748921,424.1096382,0.183621042
2020-02-29,60,5205.179713,4360.879238,1041.6,9566.058951,1041.6,26405.48335,3.6553225,2,0.22220297,0.099087758,0.470973608,1.660626008,0.72132832,426.8336221,0.247194792
2020-03-01,61,5164.675,4351.146293,1041.6,9515.821293,1041.6,26405.48335,2.845146875,3,0.22220297,0.099087758,0.470973608,1.660626008,0.492156774,434.5601749,0.289511146
2020-03-02,62,5105.760891,4343.128705,1041.6,9448.889596,1041.6,26405.48335,2.718188098,3,0.22220297,0.099087758,0.470973608,1.660626008,0.465931875,426.6956515,0.271521667
2020-03-03,63,5029.260929,4337.116576,1041.6,9366.377506,1041.6,26405.48335,2.633231491,3,0.22220297,0.099087758,0.470973608,1.660626008,0.619935256,429.5659659,0.274793229
2020-03-04,64,4936.483389,4333.447683,1041.6,9269.931072,1041.6,26405.48335,2.685902764,3,0.22220297,0.099087758,0.470973608,1.660626008,0.304807525,428.5978635,0.30077875
2020-03-05,65,4828.73654,4332.469143,1041.6,9161.205683,1041.6,26405.48335,2.828928786,3,0.22220297,0.099087758,0.470973608,1.660626008,0.551247742,430.6719104,0.307214598
2020-03-06,66,4707.328657,4334.524077,1041.6,9041.852733,1041.6,26405.48335,2.980986538,3,0.22220297,0.099087758,0.470973608,1.660626008,0.376922232,426.6387511,0.273365
2020-03-07,67,4573.56801,4339.938853,1041.6,8913.506863,1041.6,26405.48335,3.16910322,3,0.22220297,0.099087758,0.470973608,1.660626008,0.88340612,428.9423569,0.256014375
2020-03-08,68,4428.762873,4349.011101,1041.6,8777.773974,1041.6,26405.48335,3.039407021,3,0.22220297,0.099087758,0.470973608,1.660626008,0.673873711,428.5802548,0.230133191
2020-03-09,69,4274.221516,4361.99874,1041.6,8636.220256,1041.6,26405.48335,2.841178538,3,0.22220297,0.099087758,0.470973608,1.660626008,0.304807525,431.5583004,0.204625313
2020-03-10,70,4111.252214,4379.110279,1041.6,8490.362492,1041.6,26405.48335,2.93928225,3,0.22220297,0.099087758,0.470973608,1.660626008,0.429446216,445.0702518,0.180570833
2020-03-11,71,3941.163237,4400.496629,1041.6,8341.659865,1041.6,26405.48335,3.127958852,3,0.22220297,0.099087758,0.470973608,1.660626008,0.585392869,440.7379795,0.165866042
2020-03-12,72,3765.262858,4426.244639,1041.6,8191.507496,1041.6,26405.48335,3.230626894,3,0.22220297,0.099087758,0.470973608,1.660626008,0.228902462,451.2556746,0.155970729
2020-03-13,73,3584.859349,4456.372504,1041.6,8041.231853,1041.6,26405.48335,3.184355469,3,0.22220297,0.099087758,0.470973608,1.660626008,0.304807525,458.9548666,0.149938542
2020-03-14,74,3401.260982,4490.827122,1041.6,7892.088104,1041.6,26405.48335,3.22657075,3,0.22220297,0.099087758,0.470973608,1.660626008,0.133062447,438.9684349,0.146014167
2020-03-15,75,3215.776029,4529.483376,1041.6,7745.259405,1041.6,26405.48335,3.058696793,3,0.22220297,0.099087758,0.470973608,1.660626008,0.304807525,442.2806411,0.137944271
2020-03-16,76,3029.712764,4572.145249,1041.6,7601.858013,1041.6,26405.48335,3.145351992,3,0.22220297,0.099087758,0.470973608,1.660626008,0.304807525,442.9505955,0.132759167
2020-03-17,77,2844.379457,4618.548583,1041.6,7462.92804,1041.6,26405.48335,3.330890078,3,0.22220297,0.099087758,0.470973608,1.660626008,0.304807525,473.8461833,0.128565938
2020-03-18,78,2661.084381,4668.365227,1041.6,7329.449608,1041.6,26405.48335,3.455164929,3,0.22220297,0.099087758,0.470973608,1.660626008,0.304807525,468.0850246,0.124393125
2020-03-19,79,2481.135808,4721.208307,1041.6,7202.344116,1041.6,26405.48335,3.485520379,3,0.22220297,0.099087758,0.470973608,1.660626008,0.268666363,439.3935961,0.119480632
2020-03-20,80,2305.842011,4776.638295,1041.6,7082.480306,1041.6,26405.48335,3.667470192,3,0.22220297,0.099087758,0.470973608,1.660626008,0.304807525,443.2525594,0.114567368
2020-03-21,81,2136.511261,4834.16959,1041.6,6970.680851,1041.6,26405.48335,3.817701961,3,0.22220297,0.099087758,0.470973608,1.660626008,0.06172305,465.5066855,0.111199271
2020-03-22,82,1974.451831,4893.277348,1041.6,6867.72918,1041.6,26405.48335,3.52486875,3,0.22220297,0.099087758,0.470973608,1.660626008,0.346186851,449.2121722,0.108605938
2020-03-23,83,1820.971993,4953.404313,1041.6,6774.376306,1041.6,26405.48335,3.564831301,3,0.22220297,0.099087758,0.470973608,1.660626008,0.191778826,438.8957236,0.112607292
2020-03-24,84,1677.380019,5013.967475,1041.6,6691.347495,1041.6,26405.48335,3.678347538,3,0.22220297,0.099087758,0.470973608,1.660626008,0.112219855,435.933049,0.134203438
2020-03-25,85,1544.984182,5074.364429,1041.6,6619.34861,1041.6,26405.48335,3.792878788,3,0.22220297,0.099087758,0.470973608,1.660626008,0.060444537,444.7850929,0.141192188
2020-03-26,86,1425.092753,5133.979333,1041.6,6559.072086,1041.6,26405.48335,3.955630268,3,0.22220297,0.099087758,0.470973608,1.660626008,0.192665092,445.9407661,0.132059271
2020-03-27,87,1319.014004,5192.188454,1041.6,6511.202458,1041.6,26405.48335,4.136634286,3,0.22220297,0.099087758,0.470973608,1.660626008,0.304807525,476.9705602,0.126923854
2020-03-28,88,1228.056209,5248.365269,1041.6,6476.421478,1041.6,26405.48335,4.135435873,3,0.22220297,0.099087758,0.470973608,1.660626008,0.304807525,446.1084872,0.132119167
2020-03-29,89,1153.527639,5301.885187,1041.6,6455.412825,1041.6,26405.48335,4.23482197,3,0.22220297,0.099087758,0.470973608,1.660626008,0.304807525,447.9559277,0.2237775
2020-03-30,90,1096.736566,5352.12993,1041.6,6448.866496,1041.6,26405.48335,4.113234568,3,0.22220297,0.099087758,0.470973608,1.660626008,0.382887151,435.72836,0.670506771
2020-03-31,91,1058.991262,5398.491661,1041.6,6457.482923,1041.6,26405.48335,4.010100379,3,0.22220297,0.099087758,0.470973608,1.660626008,0.409385984,435.6960196,1.135136563
2020-04-01,92,1041.6,5440.376955,1041.6,6481.976955,1041.6,26405.48335,3.987150925,4,0.22220297,0.099087758,0.470973608,1.660626008,0.21945655,433.8769922,1.005682292
2020-04-02,93,1045.521934,5477.301691,1041.6,6522.823626,1041.6,26405.48335,4.006948864,4,0.22220297,0.099087758,0.470973608,1.660626008,0.286062896,434.0425081,0.812455313
2020-04-03,94,1070.31975,5509.175191,1041.6,6579.494941,1041.6,26405.48335,4.209637311,4,0.22220297,0.099087758,0.470973608,1.660626008,0.304807525,436.4665916,0.670040938
2020-04-04,95,1115.207014,5536.039513,1041.6,6651.246527,1041.6,26405.48335,4.121405303,4,0.22220297,0.099087758,0.470973608,1.660626008,0.390427544,436.3186246,0.554199896
2020-04-05,96,1179.397295,5557.974787,1041.6,6737.372081,1041.6,26405.48335,4.186058712,4,0.22220297,0.099087758,0.470973608,1.660626008,0.304807525,436.1706577,0.463045521
2020-04-06,97,1262.104158,5575.093944,1041.6,6837.198102,1041.6,26405.48335,4.39260274,4,0.22220297,0.099087758,0.470973608,1.660626008,0.14824096,440.5046575,0.387206667
2020-04-07,98,1362.541173,5587.538203,1041.6,6950.079376,1041.6,26405.48335,4.563607008,4,0.22220297,0.099087758,0.470973608,1.660626008,0.045112048,441.8189463,0.328141667
2020-04-08,99,1479.921906,5595.473188,1041.6,7075.395094,1041.6,26405.48335,4.467944928,4,0.22220297,0.099087758,0.470973608,1.660626008,0.304807525,433.3684417,0.285248646
2020-04-09,100,1613.459924,5599.085571,1041.6,7212.545495,1041.6,26405.48335,4.516899618,4,0.22220297,0.099087758,0.470973608,1.660626008,0.287103663,442.5321666,0.251176667
2020-04-10,101,1762.368795,5598.580153,1041.6,7360.948948,1041.6,26405.48335,4.335357292,4,0.22220297,0.099087758,0.470973608,1.660626008,0.300083143,433.7272077,0.221231354
2020-04-11,102,1925.862087,5594.177304,1041.6,7520.039392,1041.6,26405.48335,4.263322917,4,0.22220297,0.099087758,0.470973608,1.660626008,0.217954478,426.5046298,0.196327292
2020-04-12,103,2103.153367,5586.110706,1041.6,7689.264073,1041.6,26405.48335,4.166890625,4,0.22220297,0.099087758,0.470973608,1.660626008,0.462037617,423.8966976,0.174572813
2020-04-13,104,2293.456202,5574.62533,1041.6,7868.081532,1041.6,26405.48335,4.150296296,4,0.22220297,0.099087758,0.470973608,1.660626008,0.22426168,425.8907998,0.160894792
2020-04-14,105,2495.984159,5559.975622,1041.6,8055.959781,1041.6,26405.48335,4.371884314,4,0.22220297,0.099087758,0.470973608,1.660626008,0.261880724,425.0880729,0.149817708
2020-04-15,106,2709.950806,5542.42384,1041.6,8252.374646,1041.6,26405.48335,4.500245303,4,0.22220297,0.099087758,0.470973608,1.660626008,0.231223086,425.6939057,0.140498958
2020-04-16,107,2934.569711,5522.238522,1041.6,8456.808233,1041.6,26405.48335,4.482016667,4,0.22220297,0.099087758,0.470973608,1.660626008,0.183441411,427.0777358,0.132544063
2020-04-17,108,3169.054441,5499.693052,1041.6,8668.747493,1041.6,26405.48335,4.441866667,4,0.22220297,0.099087758,0.470973608,1.660626008,0.381103918,427.2050199,0.126793438
2020-04-18,109,3412.618562,5475.064308,1041.6,8887.682871,1041.6,26405.48335,4.734565401,4,0.22220297,0.099087758,0.470973608,1.660626008,0.468128013,427.1952506,0.121479688
2020-04-19,110,3664.475644,5448.63136,1041.6,9113.107004,1041.6,26405.48335,5.110363715,4,0.22220297,0.099087758,0.470973608,1.660626008,0.260867479,429.4596928,0.116569479
2020-04-20,111,3923.839252,5420.674221,1041.6,9344.513473,1041.6,26405.48335,5.161140625,4,0.22220297,0.099087758,0.470973608,1.660626008,0.304807525,426.3698045,0.111691771
2020-04-21,112,4189.922955,5391.472628,1041.6,9581.395583,1041.6,26405.48335,5.299284722,4,0.22220297,0.099087758,0.470973608,1.660626008,0.318677389,428.9837021,0.106563438
2020-04-22,113,4461.940319,5361.304849,1041.6,9823.245168,1041.6,26405.48335,5.48526049,4,0.22220297,0.099087758,0.470973608,1.660626008,0.589886791,429.0774425,0.105568333
2020-04-23,114,4739.104913,5330.446511,1041.6,10069.55142,1041.6,26405.48335,5.594933393,4,0.22220297,0.099087758,0.470973608,1.660626008,0.304807525,427.772452,0.117658646
2020-04-24,115,5020.630303,5299.169452,1041.6,10319.79976,1041.6,26405.48335,5.707157255,4,0.22220297,0.099087758,0.470973608,1.660626008,0.304807525,433.523691,0.106149271
2020-04-25,116,5305.730057,5267.740598,1041.6,10573.47066,1041.6,26405.48335,6.026460069,4,0.22220297,0.099087758,0.470973608,1.660626008,0.304807525,429.5312332,0.108833368
2020-04-26,117,5593.617743,5236.420864,1041.6,10830.03861,1041.6,26405.48335,5.755485549,4,0.22220297,0.099087758,0.470973608,1.660626008,0.304807525,430.9416663,0.113198958
2020-04-27,118,5883.506927,5205.464108,1041.6,11088.97104,1041.6,26405.48335,5.837848958,4,0.22220297,0.099087758,0.470973608,1.660626008,0.304807525,429.2301144,0.113990833
2020-04-28,119,6174.611178,5175.116126,1041.6,11349.7273,1041.6,26405.48335,6.058408363,4,0.22220297,0.099087758,0.470973608,1.660626008,0.304807525,429.7126787,0.115129583
2020-04-29,120,6466.144062,5145.613723,1320.530339,11611.75778,1041.6,26405.48335,6.214819471,4,0.22220297,0.099087758,0.470973608,1.660626008,0.304807525,429.7740299,0.110045833
2020-04-30,121,6757.319147,5117.183876,1640.135271,11874.50302,1041.6,26405.48335,6.082574635,4,0.22220297,0.099087758,0.470973608,1.660626008,0.304807525,429.8353812,0.113862292
2020-05-01,122,7047.35,5090.043,1957.307,12137.393,1041.6,26405.48335,5.71459375,5,0.22220297,0.099087758,0.470973608,1.660626008,0.304807525,429.8967325,0.108514479
2020-05-02,123,7335.61973,5064.371891,2271.247839,12399.99162,1041.6,26405.48335,5.838634211,5,0.22220297,0.099087758,0.470973608,1.660626008,0.304807525,429.9580837,0.10853875
2020-05-03,124,7622.189606,5040.24521,2581.944396,12662.43482,1041.6,26405.48335,5.934190789,5,0.22220297,0.099087758,0.470973608,1.660626008,0.304807525,441.3838083,0.141582396
2020-05-04,125,7907.29044,5017.71008,2889.58036,12925.00052,1041.6,26405.48335,5.82314974,5,0.22220297,0.099087758,0.470973608,1.660626008,0.304807525,457.3542798,0.144401771
2020-05-05,126,8191.153042,4996.810521,3194.342522,13187.96356,1041.6,26405.48335,6.0190625,5,0.22220297,0.099087758,0.470973608,1.660626008,0.304807525,446.7421346,0.134033542
2020-05-06,127,8474.008224,4977.586663,3496.421561,13451.59489,1041.6,26405.48335,5.885777344,5,0.22220297,0.099087758,0.470973608,1.660626008,0.304807525,440.1669391,0.130121979
2020-05-07,128,8756.086797,4960.074085,3796.012712,13716.16088,1041.6,26405.48335,5.701933419,5,0.22220297,0.099087758,0.470973608,1.660626008,0.304807525,433.5917436,0.126282292
2020-05-08,129,9037.619571,4944.303261,4093.31631,13981.92283,1041.6,26405.48335,6.5868375,5,0.22220297,0.099087758,0.470973608,1.660626008,0.304807525,427.0165481,0.118125833
2020-05-09,130,9318.837357,4930.299158,4388.538199,14249.13652,1041.6,26405.48335,6.538674518,5,0.22220297,0.099087758,0.470973608,1.660626008,0.304807525,440.8478434,0.111943133
2020-05-10,131,9599.970966,4918.080963,4681.890004,14518.05193,1041.6,26405.48335,6.749468615,5,0.22220297,0.099087758,0.470973608,1.660626008,0.304807525,450.5373418,0.105548065
2020-05-11,132,9881.25121,4907.661958,4973.589252,14788.91317,1041.6,26405.48335,6.959489433,5,0.22220297,0.099087758,0.470973608,1.660626008,0.304807525,438.3865191,0.100724583
2020-05-12,133,10162.9089,4899.049556,5263.859342,15061.95846,1041.6,26405.48335,6.695727865,5,0.22220297,0.099087758,0.470973608,1.660626008,0.304807525,453.4055846,0.099420729
2020-05-13,134,10445.17484,4892.245484,5552.92936,15337.42033,1041.6,26405.48335,7.0149375,5,0.22220297,0.099087758,0.470973608,1.660626008,0.304807525,468.4246501,0.109836354
2020-05-14,135,10728.27986,4887.246118,5841.033737,15615.52597,1041.6,26405.48335,7.27775,5,0.22220297,0.099087758,0.470973608,1.660626008,0.304807525,483.4437156,0.10137
2020-05-15,136,11012.45475,4884.042989,6128.411756,15896.49773,1041.6,26405.48335,7.495740448,5,0.22220297,0.099087758,0.470973608,1.660626008,0.304807525,453.3824566,0.106366354
2020-05-16,137,11297.93032,4882.623425,6415.306899,16180.55375,1041.6,26405.48335,8.374512484,5,0.22220297,0.099087758,0.470973608,1.660626008,0.304807525,460.6290346,0.105068333
2020-05-17,138,11584.9374,4882.971351,6701.966052,16467.90875,1041.6,26405.48335,8.10168062,5,0.22220297,0.099087758,0.470973608,1.660626008,0.304807525,463.6424846,0.110188333
2020-05-18,139,11873.70679,4885.068231,6988.638561,16758.77502,1041.6,26405.48335,7.909211679,5,0.22220297,0.099087758,0.470973608,1.660626008,0.304807525,460.5570171,0.106384375
2020-05-19,140,12164.4693,4888.894146,7275.575157,17053.36345,1041.6,26405.48335,7.87105599,5,0.22220297,0.099087758,0.470973608,1.660626008,0.304807525,481.8539979,0.103045208
2020-05-20,141,12457.45575,4894.428996,7563.026751,17351.88474,1041.6,26405.48335,7.94943099,5,0.22220297,0.099087758,0.470973608,1.660626008,0.304807525,449.0180713,0.099723021
2020-05-21,142,12752.89693,4901.653822,7851.243112,17654.55076,1041.6,26405.48335,7.756846354,5,0.22220297,0.099087758,0.470973608,1.660626008,0.304807525,431.1465158,0.099885938
2020-05-22,143,13051.02368,4910.552238,8140.471437,17961.57591,1041.6,26405.48335,7.607318421,5,0.22220297,0.099087758,0.470973608,1.660626008,0.304807525,457.3185302,0.108719011
2020-05-23,144,13352.06678,4921.111958,8430.954825,18273.17874,1041.6,26405.48335,7.69338601,5,0.22220297,0.099087758,0.470973608,1.660626008,0.304807525,449.7980656,0.102376458
2020-05-24,145,13656.25707,4933.326406,8722.930661,18589.58347,1041.6,26405.48335,8.916934375,5,0.22220297,0.099087758,0.470973608,1.660626008,0.304807525,451.5903502,0.098435729
2020-05-25,146,13963.82534,4947.1964,9016.628938,18911.02174,1041.6,26405.48335,8.870861458,5,0.22220297,0.099087758,0.470973608,1.660626008,0.304807525,477.4416157,0.095124
2020-05-26,147,14275.00241,4962.731899,9312.270508,19237.73431,1041.6,26405.48335,9.059772917,5,0.22220297,0.099087758,0.470973608,1.660626008,0.304807525,451.2722868,0.093064896
2020-05-27,148,14590.01909,4979.953796,9610.06529,19569.97288,1041.6,26405.48335,9.201178125,5,0.22220297,0.099087758,0.470973608,1.660626008,0.304807525,449.2179937,0.088711563
2020-05-28,149,14909.10618,4998.895739,9910.210445,19908.00192,1041.6,26405.48335,9.132985417,5,0.22220297,0.099087758,0.470973608,1.660626008,0.304807525,441.9440964,0.084322917
2020-05-29,150,15232.49451,5019.605979,10212.88854,20252.10049,1041.6,26405.48335,9.015076042,5,0.22220297,0.099087758,0.470973608,1.660626008,0.304807525,444.505151,0.080335938
2020-05-30,151,15560.41489,5042.149207,10518.26568,20602.56409,1041.6,26405.48335,9.307509574,5,0.22220297,0.099087758,0.470973608,1.660626008,0.304807525,441.7028073,0.077823958
2020-05-31,152,15893.09811,5066.608383,10826.48973,20959.70649,1041.6,26405.48335,9.339978125,5,0.22220297,0.099087758,0.470973608,1.660626008,0.058536959,476.2025645,0.081194688
2020-06-01,153,16230.775,5093.08652,11137.68848,21323.86152,1041.6,26405.48335,9.715260417,6,0.22220297,0.099087758,0.470973608,1.660626008,0.058536959,447.392057,0.075631458
2020-06-02,154,16573.51289,5121.710718,11451.80217,21695.22361,1041.6,26405.48335,10.18309688,6,0.22220297,0.099087758,0.470973608,1.660626008,0.058536959,476.9291165,0.071602292
2020-06-03,155,16920.72523,5152.62784,11768.09739,22073.35307,1041.6,26405.48335,10.10646461,6,0.22220297,0.099087758,0.470973608,1.660626008,0.058536959,447.8289994,0.068262292
2020-06-04,156,17271.662,5185.974352,12085.68765,22457.63635,1041.6,26405.48335,9.741823144,6,0.22220297,0.099087758,0.470973608,1.660626008,0.058536959,466.2755259,0.065712708
2020-06-05,157,17625.57317,5221.867657,12403.70552,22847.44083,1041.6,26405.48335,9.66659893,6,0.22220297,0.099087758,0.470973608,1.660626008,0.058536959,435.8605491,0.064102813
2020-06-06,158,17981.70872,5260.403146,12721.30558,23242.11187,1041.6,26405.48335,9.410672454,6,0.22220297,0.099087758,0.470973608,1.660626008,0.058536959,455.1717731,0.063585208
2020-06-07,159,18339.31863,5301.651762,13037.66686,23640.97039,1041.6,26405.48335,9.354088838,6,0.22220297,0.099087758,0.470973608,1.660626008,0.058536959,476.5856178,0.071380417
2020-06-08,160,18697.65286,5345.658077,13351.99478,24043.31094,1041.6,26405.48335,9.326368304,6,0.22220297,0.099087758,0.470973608,1.660626008,0.058536959,483.6620412,0.067881354
2020-06-09,161,19055.9614,5392.438906,13663.5225,24448.40031,1041.6,26405.48335,9.011619186,6,0.22220297,0.099087758,0.470973608,1.660626008,0.058536959,472.6622686,0.08563125
2020-06-10,162,19413.49422,5441.982438,13971.51179,24855.47666,1041.6,26405.48335,9.000354167,6,0.22220297,0.099087758,0.470973608,1.660626008,0.210105953,459.4738527,0.114653021
2020-06-11,163,19769.50131,5494.247877,14275.25343,25263.74918,1041.6,26405.48335,9.311672743,6,0.22220297,0.099087758,0.470973608,1.660626008,0.166629601,493.9254095,0.102404063
2020-06-12,164,20123.23262,5549.165558,14574.06706,25672.39818,1041.6,26405.48335,9.591286458,6,0.22220297,0.099087758,0.470973608,1.660626008,0.151724489,444.5775417,0.096052396
2020-06-13,165,20473.93814,5606.6375,14867.30065,26080.57564,1041.6,26405.48335,9.150472469,6,0.22220297,0.099087758,0.470973608,1.660626008,0.082113101,431.5377005,0.091880833
2020-06-14,166,20820.86786,5666.538354,15154.3295,26487.40621,1041.6,26405.48335,9.099368924,6,0.22220297,0.099087758,0.470973608,1.660626008,0.149178479,438.0902404,0.10516875
2020-06-15,167,21163.27173,5728.716694,15434.55503,26891.98842,1041.6,26405.48335,9.413043403,6,0.22220297,0.099087758,0.470973608,1.660626008,0.102420943,457.7655862,0.140087083
2020-06-16,168,21500.39974,5792.996592,15707.40314,27293.39633,1041.6,26405.48335,9.603981771,6,0.22220297,0.099087758,0.470973608,1.660626008,0.058536959,450.0490859,0.324191979
2020-06-17,169,21831.50186,5859.17942,15972.32244,27690.68128,1041.6,26405.48335,9.593312839,6,0.22220297,0.099087758,0.470973608,1.660626008,0.058536959,442.3325857,0.293381042
2020-06-18,170,22155.82807,5927.045832,16228.78224,28082.8739,1041.6,26405.48335,9.483804688,6,0.22220297,0.099087758,0.470973608,1.660626008,0.073674991,434.6160854,0.239808438
2020-06-19,171,22472.62835,5996.357866,16476.27048,28468.98622,1041.6,26405.48335,9.716142086,6,0.22220297,0.099087758,0.470973608,1.660626008,0.040851952,447.4274381,0.185810104
2020-06-20,172,22781.15267,6066.861117,16714.29155,28848.01378,1041.6,26405.48335,9.95270852,6,0.22220297,0.099087758,0.470973608,1.660626008,0.043042753,460.2387908,0.158782083
2020-06-21,173,23080.651,6138.286955,16942.36405,29218.93796,1041.6,26405.48335,9.451366454,6,0.22220297,0.099087758,0.470973608,1.660626008,0.076035477,473.0501435,0.144737083
2020-06-22,174,23370.37333,6210.354731,17160.0186,29580.72806,1041.6,26405.48335,9.680397697,6,0.22220297,0.099087758,0.470973608,1.660626008,0.024364254,485.8614962,0.132451458
2020-06-23,175,23649.56963,6282.773966,17366.79566,29932.3436,1041.6,26405.48335,9.911378472,6,0.22220297,0.099087758,0.470973608,1.660626008,0.058536959,464.4851029,0.1221725
2020-06-24,176,23917.48987,6355.246489,17562.24338,30272.73636,1041.6,26405.48335,10.24609809,6,0.22220297,0.099087758,0.470973608,1.660626008,0.058536959,468.0540553,0.113266146
2020-06-25,177,24173.38404,6427.468507,17745.91553,30600.85254,1041.6,26405.48335,10.36083941,6,0.22220297,0.099087758,0.470973608,1.660626008,0.130148161,468.1929814,0.106328333
2020-06-26,178,24416.5021,6499.132621,17917.36947,30915.63472,1041.6,26405.48335,10.53702026,6,0.22220297,0.099087758,0.470973608,1.660626008,0.058536959,445.8880833,0.100098229
2020-06-27,179,24646.09403,6569.929758,18076.16427,31216.02379,1041.6,26405.48335,10.69390538,6,0.22220297,0.099087758,0.470973608,1.660626008,0.058536959,466.1259727,0.09423375
2020-06-28,180,24861.40981,6639.551044,18221.85876,31500.96085,1041.6,26405.48335,10.5656793,6,0.22220297,0.099087758,0.470973608,1.660626008,0.058536959,465.6302576,0.091052396
2020-06-29,181,25061.69941,6707.689622,18354.00979,31769.38904,1041.6,26405.48335,10.86065365,6,0.22220297,0.099087758,0.470973608,1.660626008,0.058536959,478.4905262,0.087622813
2020-06-30,182,25246.21282,6774.04241,18472.17041,32020.25523,1041.6,26405.48335,10.92832292,6,0.22220297,0.099087758,0.470973608,1.660626008,0.058536959,487.0977433,0.083566771
2020-07-01,183,25414.2,6838.311843,18575.88816,32252.51184,1041.6,26405.48335,10.71979558,7,0.22220297,0.099087758,0.470973608,1.660626008,0.058536959,450.0188117,0.080652469
2020-07-02,184,25565.17099,6900.258462,18664.91253,32465.42945,1041.6,26405.48335,10.5913693,7,0.22220297,0.099087758,0.470973608,1.660626008,0.058536959,451.9433199,0.079175938
2020-07-03,185,25699.67604,6959.859476,18739.81656,32659.53551,1041.6,26405.48335,10.73045833,7,0.22220297,0.099087758,0.470973608,1.660626008,0.058536959,463.0509886,0.075104375
2020-07-04,186,25818.52546,7017.162187,18801.36327,32835.68764,1041.6,26405.48335,10.8622404,7,0.22220297,0.099087758,0.470973608,1.660626008,0.058536959,481.1267103,0.070389789
2020-07-05,187,25922.52955,7072.23116,18850.29839,32994.76071,1041.6,26405.48335,10.92531629,7,0.22220297,0.099087758,0.470973608,1.660626008,0.058536959,481.7635214,0.066793438
2020-07-06,188,26012.49863,7125.145593,18887.35304,33137.64423,1041.6,26405.48335,11.02265072,7,0.22220297,0.099087758,0.470973608,1.660626008,0.058536959,474.3007346,0.063684479
2020-07-07,189,26089.24301,7175.996994,18913.24601,33265.24,1041.6,26405.48335,11.03233077,7,0.22220297,0.099087758,0.470973608,1.660626008,0.058536959,490.9511309,0.061390759
2020-07-08,190,26153.57298,7224.887135,18928.68585,33378.46012,1041.6,26405.48335,11.22613463,7,0.22220297,0.099087758,0.470973608,1.660626008,0.058536959,495.1474354,0.061792979
2020-07-09,191,26206.29887,7271.926228,18934.37265,33478.2251,1041.6,26405.48335,11.50850434,7,0.22220297,0.099087758,0.470973608,1.660626008,0.058536959,450.3503163,0.059297188
2020-07-10,192,26248.23098,7317.231334,18930.99965,33565.46231,1041.6,26405.48335,11.59245139,7,0.22220297,0.099087758,0.470973608,1.660626008,0.058536959,483.0921899,0.056406354
2020-07-11,193,26280.17962,7360.92495,18919.25467,33641.10457,1041.6,26405.48335,12.12108464,7,0.22220297,0.099087758,0.470973608,1.660626008,0.058536959,501.483358,0.052856667
2020-07-12,194,26302.95509,7403.133764,18899.82132,33706.08885,1041.6,26405.48335,12.47814931,7,0.22220297,0.099087758,0.470973608,1.660626008,0.058536959,458.7045762,0.050184167
2020-07-13,195,26317.3677,7443.987576,18873.38013,33761.35528,1041.6,26405.48335,12.45358594,7,0.22220297,0.099087758,0.470973608,1.660626008,0.058536959,462.2594406,0.048276667
2020-07-14,196,26324.22777,7483.618355,18840.60942,33807.84612,1041.6,26405.48335,12.60893924,7,0.22220297,0.099087758,0.470973608,1.660626008,0.058536959,482.8540493,0.045783021
2020-07-15,197,26324.3456,7522.15942,18802.18618,33846.50502,1041.6,26405.48335,12.7197283,7,0.22220297,0.099087758,0.470973608,1.660626008,0.058536959,480.5498705,0.042868229
2020-07-16,198,26318.5315,7559.744756,18758.78674,33878.27626,1041.6,26405.48335,12.7378533,7,0.22220297,0.099087758,0.470973608,1.660626008,0.058536959,440.6604884,0.039310833
2020-07-17,199,26307.59578,7596.508437,18711.08734,33904.10421,1041.6,26405.48335,12.64711111,7,0.22220297,0.099087758,0.470973608,1.660626008,0.058536959,437.3795489,0.037206667
2020-07-18,200,26292.34874,7632.584154,18659.76459,33924.93289,1041.6,26405.48335,12.34992768,7,0.22220297,0.099087758,0.470973608,1.660626008,0.058536959,475.5156716,0.036126979
2020-07-19,201,26273.6007,7668.104857,18605.49584,33941.70555,1041.6,26405.48335,12.46034296,7,0.22220297,0.099087758,0.470973608,1.660626008,0.058536959,499.1839789,0.034233646
2020-07-20,202,26252.16196,7703.202486,18548.95947,33955.36444,1041.6,26405.48335,12.18285963,7,0.22220297,0.099087758,0.470973608,1.660626008,0.058536959,494.7671818,0.031835938
2020-07-21,203,26228.84283,7738.007808,18490.83502,33966.85064,1041.6,26405.48335,12.71433073,7,0.22220297,0.099087758,0.470973608,1.660626008,0.058536959,470.0936645,0.029655263
2020-07-22,204,26204.45362,7772.650343,18431.80328,33977.10397,1041.6,26405.48335,12.92467014,7,0.22220297,0.099087758,0.470973608,1.660626008,0.058536959,440.9987951,0.027986875
2020-07-23,205,26179.80465,7807.25838,18372.54627,33987.06303,1041.6,26405.48335,13.00032692,7,0.22220297,0.099087758,0.470973608,1.660626008,0.058536959,458.8667422,0.026955139
2020-07-24,206,26155.7062,7841.959086,18313.74712,33997.66529,1041.6,26405.48335,12.93172383,7,0.22220297,0.099087758,0.470973608,1.660626008,0.058536959,489.5572039,0.023803438
2020-07-25,207,26132.96861,7876.878706,18256.0899,34009.84731,1041.6,26405.48335,13.11031735,7,0.22220297,0.099087758,0.470973608,1.660626008,0.058536959,485.1102227,0.023151875
2020-07-26,208,26112.40216,7912.142835,18200.25933,34024.545,1041.6,26405.48335,13.28524934,7,0.22220297,0.099087758,0.470973608,1.660626008,0.058536959,502.4246028,0.02164625
2020-07-27,209,26094.81718,7947.876791,18146.94039,34042.69397,1041.6,26405.48335,13.33042882,7,0.22220297,0.099087758,0.470973608,1.660626008,0.058536959,471.8067588,0.019546875
2020-07-28,210,26081.02397,7984.206052,18096.81792,34065.23002,1041.6,26405.48335,13.73690757,7,0.22220297,0.099087758,0.470973608,1.660626008,0.058536959,479.0538549,0.017433438
2020-07-29,211,26071.83284,8021.256781,18050.57606,34093.08962,1041.6,26405.48335,13.85889547,7,0.22220297,0.099087758,0.470973608,1.660626008,0.058536959,474.4543022,0.016240938
2020-07-30,212,26068.05409,8059.156423,18008.89767,34127.21052,1041.6,26405.48335,14.29201828,7,0.22220297,0.099087758,0.470973608,1.660626008,0.058536959,478.8328865,0.015090625
2020-07-31,213,26070.49805,8098.034368,17972.46368,34168.53241,1041.6,26405.48335,14.29277845,7,0.22220297,0.099087758,0.470973608,1.660626008,0.058536959,475.8427632,0.013487789
2020-08-01,214,26079.975,8138.022683,17941.95232,34217.99768,1041.6,26405.48335,14.16678051,8,0.22220297,0.099087758,0.470973608,1.660626008,0.058536959,456.2160215,0.01255625
2020-08-02,215,26096.92823,8179.188601,17917.73963,34276.11683,1041.6,26405.48335,14.01980142,8,0.22220297,0.099087758,0.470973608,1.660626008,0.058536959,438.9628964,0.012169271
2020-08-03,216,26120.33284,8221.326294,17899.00654,34341.65913,1041.6,26405.48335,14.41861545,8,0.22220297,0.099087758,0.470973608,1.660626008,0.058536959,444.8299944,0.011321458
2020-08-04,217,26148.79691,8264.153973,17884.64293,34412.95088,1041.6,26405.48335,14.48788721,8,0.22220297,0.099087758,0.470973608,1.660626008,0.058536959,446.0654683,0.010867826
2020-08-05,218,26180.9285,8307.379383,17873.54912,34488.30788,1041.6,26405.48335,14.6691901,8,0.22220297,0.099087758,0.470973608,1.660626008,0.058536959,458.3229448,0.010041771
2020-08-06,219,26215.33569,8350.698446,17864.63724,34566.03414,1041.6,26405.48335,14.77969895,8,0.22220297,0.099087758,0.470973608,1.660626008,0.058536959,454.7676708,0.009364831
2020-08-07,220,26250.62655,8393.794472,17856.83208,34644.42102,1041.6,26405.48335,14.56177846,8,0.22220297,0.099087758,0.470973608,1.660626008,0.058536959,502.8534452,0.009730208
2020-08-08,221,26285.40916,8436.33791,17849.07125,34721.74707,1041.6,26405.48335,14.53547665,8,0.22220297,0.099087758,0.470973608,1.660626008,0.058536959,458.1821558,0.008840104
2020-08-09,222,26318.29157,8477.986592,17840.30498,34796.27816,1041.6,26405.48335,14.68860777,8,0.22220297,0.099087758,0.470973608,1.660626008,0.058536959,438.9486508,0.008111146
2020-08-10,223,26347.88187,8518.386447,17829.49543,34866.26832,1041.6,26405.48335,14.33624066,8,0.22220297,0.099087758,0.470973608,1.660626008,0.058536959,432.6105068,0.007319271
2020-08-11,224,26372.78813,8557.172638,17815.61549,34929.96077,1041.6,26405.48335,14.18190246,8,0.22220297,0.099087758,0.470973608,1.660626008,0.058536959,455.4115206,0.006548854
2020-08-12,225,26391.61841,8593.971116,17797.6473,34985.58953,1041.6,26405.48335,14.17220498,8,0.22220297,0.099087758,0.470973608,1.660626008,0.012520644,447.0536549,0.005974583
2020-08-13,226,26402.9808,8628.400545,17774.58025,35031.38134,1041.6,26405.48335,14.37543578,8,0.22220297,0.099087758,0.470973608,1.660626008,0.058536959,466.7056672,0.005843646
2020-08-14,227,26405.48335,8660.074602,17745.40875,35065.55795,1041.6,26405.48335,14.6751176,8,0.22220297,0.099087758,0.470973608,1.660626008,0.029975121,484.5788316,0.005323854
2020-08-15,228,26397.73414,8688.604626,17709.12952,35086.33877,1041.6,26405.48335,14.97146441,8,0.22220297,0.099087758,0.470973608,1.660626008,0.009430521,482.5149545,0.004584167
2020-08-16,229,26378.34125,8713.60264,17664.73861,35091.94389,1041.6,26405.48335,14.80459115,8,0.22220297,0.099087758,0.470973608,1.660626008,0.031569744,496.3961776,0.003434421
2020-08-17,230,26345.91275,8734.684731,17611.22802,35080.59748,1041.6,26405.48335,14.43818272,8,0.22220297,0.099087758,0.470973608,1.660626008,0.058536959,495.4824518,0.002938235
2020-08-18,231,26299.0567,8751.474828,17547.58187,35050.53153,1041.6,26405.48335,14.55060614,8,0.22220297,0.099087758,0.470973608,1.660626008,0.058536959,472.1029237,0.002078947
2020-08-19,232,26236.38118,8763.608916,17472.77226,34999.99009,1041.6,26405.48335,14.52639357,8,0.22220297,0.099087758,0.470973608,1.660626008,0.158997428,457.2475625,0.001775158
2020-08-20,233,26156.49426,8770.739711,17385.75455,34927.23397,1041.6,26405.48335,14.30659635,8,0.22220297,0.099087758,0.470973608,1.660626008,0.058774793,459.4848312,0.001361979
2020-08-21,234,26058.00401,8772.541896,17285.46211,34830.5459,1041.6,26405.48335,14.09102569,8,0.22220297,0.099087758,0.470973608,1.660626008,0.072974104,453.3915421,0.001640208
2020-08-22,235,25939.5185,8768.717968,17170.80053,34708.23647,1041.6,26405.48335,13.78165439,8,0.22220297,0.099087758,0.470973608,1.660626008,0.058536959,455.973494,0.003219688
2020-08-23,236,25799.6458,8759.004815,17040.64099,34558.65062,1041.6,26405.48335,13.46318788,8,0.22220297,0.099087758,0.470973608,1.660626008,0.373271436,444.7754957,0.002464688
2020-08-24,237,25636.994,8743.181144,16893.81285,34380.17514,1041.6,26405.48335,13.32553369,8,0.22220297,0.099087758,0.470973608,1.660626008,0.058536959,486.4053541,0.001869375
2020-08-25,238,25450.17115,8721.075898,16729.09525,34171.24704,1041.6,26405.48335,13.71124575,8,0.22220297,0.099087758,0.470973608,1.660626008,0.058536959,482.9969935,0.001324896
2020-08-26,239,25237.78532,8692.577835,16545.20749,33930.36316,1041.6,26405.48335,13.74290489,8,0.22220297,0.099087758,0.470973608,1.660626008,0.348646525,430.4252388,0.000847917
2020-08-27,240,24998.4446,8657.646472,16340.79813,33656.09107,1041.6,26405.48335,13.52147135,8,0.22220297,0.099087758,0.470973608,1.660626008,0.058536959,431.0207736,0.000612708
2020-08-28,241,24730.75705,8616.324598,16114.43246,33347.08165,1041.6,26405.48335,13.62080783,8,0.22220297,0.099087758,0.470973608,1.660626008,0.108433305,447.3436571,0.000427917
2020-08-29,242,24433.33075,8568.752618,15864.57813,33002.08336,1041.6,26405.48335,13.79905821,8,0.22220297,0.099087758,0.470973608,1.660626008,0.169733135,461.6414409,0.000300729
2020-08-30,243,24104.77375,8515.184978,15589.58878,32619.95873,1041.6,26405.48335,13.3560408,8,0.22220297,0.099087758,0.470973608,1.660626008,0.131711317,485.1572957,0.000231979
2020-08-31,244,23743.69415,8456.008924,15287.68522,32199.70307,1041.6,26405.48335,13.09612846,8,0.22220297,0.099087758,0.470973608,1.660626008,0.146018236,474.6373706,0.000132333
2020-09-01,245,23348.7,8391.765854,14956.93415,31740.46585,1041.6,26405.48335,13.00952257,9,0.22220297,0.099087758,0.470973608,1.660626008,0.153202139,495.4432808,0.000181771
2020-09-02,246,22919.10747,8323.288688,14595.81878,31242.39616,1041.6,26405.48335,13.41637674,9,0.22220297,0.099087758,0.470973608,1.660626008,0.101853754,486.125792,7.21052631578947e-05
2020-09-03,247,22457.06508,8252.005491,14205.05958,30709.07057,1041.6,26405.48335,13.20254688,9,0.22220297,0.099087758,0.470973608,1.660626008,0.167907842,448.806995,1.09375e-05
2020-09-04,248,21965.42942,8179.495481,13785.93394,30144.9249,1041.6,26405.48335,13.34112066,9,0.22220297,0.099087758,0.470973608,1.660626008,0.276578983,458.8725375,0
2020-09-05,249,21447.05711,8107.339959,13339.71715,29554.39707,1041.6,26405.48335,13.50238021,9,0.22220297,0.099087758,0.470973608,1.660626008,0.276578983,457.1614235,0
2020-09-06,250,20904.80475,8037.09774,12867.70701,28941.90249,1041.6,26405.48335,13.55505934,9,0.22220297,0.099087758,0.470973608,1.660626008,0.276578983,487.2208314,0
2020-09-07,251,20341.52895,7970.278577,12371.25037,28311.80752,1041.6,26405.48335,13.49690601,9,0.22220297,0.099087758,0.470973608,1.660626008,0.276578983,459.1821243,0
2020-09-08,252,19760.0863,7908.314747,11851.77156,27668.40105,1041.6,26405.48335,12.91041756,9,0.22220297,0.099087758,0.470973608,1.660626008,0.276578983,471.8762675,0
2020-09-09,253,19163.33343,7852.531336,11310.80209,27015.86476,1041.6,26405.48335,12.92580278,9,0.22220297,0.099087758,0.470973608,1.660626008,0.520330454,481.6835932,0
2020-09-10,254,18554.12692,7804.116055,10750.01086,26358.24297,1041.6,26405.48335,12.60409462,9,0.22220297,0.099087758,0.470973608,1.660626008,0.276578983,462.7453331,0
2020-09-11,255,17935.32339,7764.089714,10171.23368,25699.4131,1041.6,26405.48335,12.5657328,9,0.22220297,0.099087758,0.470973608,1.660626008,0.352180429,467.3051454,0
2020-09-12,256,17309.77944,7733.278762,9576.500681,25043.0582,1041.6,26405.48335,12.27446435,9,0.22220297,0.099087758,0.470973608,1.660626008,0.276578983,462.2121868,0
2020-09-13,257,16680.35168,7712.291356,8968.060327,24392.64304,1041.6,26405.48335,12.11484277,9,0.22220297,0.099087758,0.470973608,1.660626008,0.276578983,463.8530305,0
2020-09-14,258,16049.89671,7701.498435,8348.398279,23751.39515,1041.6,26405.48335,11.98175104,9,0.22220297,0.099087758,0.470973608,1.660626008,0.256178844,470.9209031,0
2020-09-15,259,15421.27114,7701.021031,7720.250113,23122.29218,1041.6,26405.48335,11.78893021,9,0.22220297,0.099087758,0.470973608,1.660626008,0.276578983,468.7135487,0
2020-09-16,260,14797.33158,7710.724671,7086.606907,22508.05625,1041.6,26405.48335,11.46336979,9,0.22220297,0.099087758,0.470973608,1.660626008,0.276578983,437.7161765,0
2020-09-17,261,14180.93462,7730.221239,6450.71338,21911.15586,1041.6,26405.48335,11.50885104,9,0.22220297,0.099087758,0.470973608,1.660626008,0.171460453,429.4996111,0
2020-09-18,262,13574.93687,7758.878092,5816.058781,21333.81497,1041.6,26405.48335,11.27789099,9,0.22220297,0.099087758,0.470973608,1.660626008,0.276578983,426.0232937,0
2020-09-19,263,12982.19495,7795.8337,5186.361247,20778.02865,1041.6,26405.48335,11.21935923,9,0.22220297,0.099087758,0.470973608,1.660626008,0.133296138,436.8279934,0
2020-09-20,264,12405.56544,7840.018649,4565.546795,20245.58409,1041.6,26405.48335,10.99874843,9,0.22220297,0.099087758,0.470973608,1.660626008,0.253316892,433.2155961,0
2020-09-21,265,11847.90497,7890.180586,3957.724384,19738.08556,1041.6,26405.48335,11.38023217,9,0.22220297,0.099087758,0.470973608,1.660626008,0.276578983,418.8314147,6.66666666666667e-06
2020-09-22,266,11312.07013,7944.911548,3367.158583,19256.98168,1041.6,26405.48335,11.03544271,9,0.22220297,0.099087758,0.470973608,1.660626008,0.276578983,422.7167498,0
2020-09-23,267,10800.91753,8002.676224,2798.241308,18803.59376,1041.6,26405.48335,10.95563281,9,0.22220297,0.099087758,0.470973608,1.660626008,0.204796439,428.9991257,0.000274167
2020-09-24,268,10317.30378,8061.83986,2255.463918,18379.14364,1041.6,26405.48335,11.00395399,9,0.22220297,0.099087758,0.470973608,1.660626008,0.211051853,435.979296,0.054260938
2020-09-25,269,9864.085474,8120.694814,1743.39066,17984.78029,1041.6,26405.48335,11.13816622,9,0.22220297,0.099087758,0.470973608,1.660626008,0.269577192,439.8044934,0.086678021
2020-09-26,270,9444.119225,8177.485076,1266.634149,17621.6043,1041.6,26405.48335,11.22884183,9,0.22220297,0.099087758,0.470973608,1.660626008,0.191281436,447.2221152,0.099202083
2020-09-27,271,9060.261638,8230.428382,1041.6,17290.69002,1041.6,26405.48335,11.01516059,9,0.22220297,0.099087758,0.470973608,1.660626008,0.250027279,439.9597848,0.052736979
2020-09-28,272,8715.369316,8277.735826,1041.6,16993.10514,1041.6,26405.48335,10.61721826,9,0.22220297,0.099087758,0.470973608,1.660626008,0.35848813,429.2154432,0.038056489
2020-09-29,273,8412.298866,8317.629105,1041.6,16729.92797,1041.6,26405.48335,10.33271851,9,0.22220297,0.099087758,0.470973608,1.660626008,0.276578983,442.6136507,0.029662708
2020-09-30,274,8153.906892,8348.355715,1041.6,16502.26261,1041.6,26405.48335,10.17659079,9,0.22220297,0.099087758,0.470973608,1.660626008,0.276578983,441.101381,0.022536915
2020-10-01,275,7943.05,8368.202568,1041.6,16311.25257,1041.6,26405.48335,10.26359115,10,0.22220297,0.099087758,0.470973608,1.660626008,0.472130785,444.4827979,0.018644896
2020-10-02,276,7781.726139,8375.759627,1041.6,16157.48577,1041.6,26405.48335,10.06902445,10,0.22220297,0.099087758,0.470973608,1.660626008,0.276578983,415.2055159,0.015572813
2020-10-03,277,7668.498634,8370.715083,1041.6,16039.21372,1041.6,26405.48335,10.18573,10,0.22220297,0.099087758,0.470973608,1.660626008,0.463577886,455.1900385,0.013515729
2020-10-04,278,7601.072152,8353.14983,1041.6,15954.22198,1041.6,26405.48335,9.943657118,10,0.22220297,0.099087758,0.470973608,1.660626008,0.821442245,455.6019133,0.012003646
2020-10-05,279,7577.151363,8323.27304,1041.6,15900.4244,1041.6,26405.48335,10.1943724,10,0.22220297,0.099087758,0.470973608,1.660626008,0.276578983,444.9621281,0.011036458
2020-10-06,280,7594.440934,8281.403115,1041.6,15875.84405,1041.6,26405.48335,10.19750588,10,0.22220297,0.099087758,0.470973608,1.660626008,0.276578983,441.1236434,0.010261979
2020-10-07,281,7650.645534,8227.951785,1041.6,15878.59732,1041.6,26405.48335,10.22011719,10,0.22220297,0.099087758,0.470973608,1.660626008,0.932047009,442.1620829,0.009733118
2020-10-08,282,7743.469832,8163.410796,1041.6,15906.88063,1041.6,26405.48335,10.09001047,10,0.22220297,0.099087758,0.470973608,1.660626008,0.276578983,440.9009037,0.0111695
2020-10-09,283,7870.618495,8088.340739,1041.6,15958.95923,1041.6,26405.48335,9.85737934,10,0.22220297,0.099087758,0.470973608,1.660626008,0.276578983,435.4910706,0.010510729
2020-10-10,284,8029.796193,8003.361608,1041.6,16033.1578,1041.6,26405.48335,9.391002604,10,0.22220297,0.099087758,0.470973608,1.660626008,0.276578983,427.1250172,0.046362292
2020-10-11,285,8218.707593,7909.144768,1041.6,16127.85236,1041.6,26405.48335,8.869653646,10,0.22220297,0.099087758,0.470973608,1.660626008,0.798970635,432.6436306,0.149821771
2020-10-12,286,8435.057364,7806.406056,1041.6,16241.46342,1041.6,26405.48335,9.034993913,10,0.22220297,0.099087758,0.470973608,1.660626008,0.788794872,431.6102212,0.662174271
2020-10-13,287,8676.550175,7695.899761,1041.6,16372.44994,1041.6,26405.48335,8.801763889,10,0.22220297,0.099087758,0.470973608,1.660626008,0.658152999,435.9297884,0.488449167
2020-10-14,288,8940.890693,7578.413298,1362.477395,16519.30399,1041.6,26405.48335,8.714915799,10,0.22220297,0.099087758,0.470973608,1.660626008,0.739168887,444.6013068,0.534891354
2020-10-15,289,9225.783587,7454.762362,1771.021225,16680.54595,1041.6,26405.48335,8.811552563,10,0.22220297,0.099087758,0.470973608,1.660626008,0.742193321,436.0604418,0.324049167
2020-10-16,290,9528.933526,7325.786432,2203.147094,16854.71996,1041.6,26405.48335,8.747847594,10,0.22220297,0.099087758,0.470973608,1.660626008,0.621982986,442.5514368,0.210490521
2020-10-17,291,9848.045178,7192.344434,2655.700743,17040.38961,1041.6,26405.48335,8.787460069,10,0.22220297,0.099087758,0.470973608,1.660626008,0.276578983,439.6127613,0.15679625
2020-10-18,292,10180.82321,7055.310463,3125.512748,17236.13367,1041.6,26405.48335,8.679102877,10,0.22220297,0.099087758,0.470973608,1.660626008,0.276578983,437.056836,0.118482083
2020-10-19,293,10524.97229,6915.569388,3609.402905,17440.54168,1041.6,26405.48335,8.721561632,10,0.22220297,0.099087758,0.470973608,1.660626008,0.864449428,440.0488022,0.100015625
2020-10-20,294,10878.19709,6774.012251,4104.184842,17652.20935,1041.6,26405.48335,8.868440945,10,0.22220297,0.099087758,0.470973608,1.660626008,0.276578983,432.4695206,0.083686897
2020-10-21,295,11238.20228,6631.531316,4606.670964,17869.7336,1041.6,26405.48335,8.862982639,10,0.22220297,0.099087758,0.470973608,1.660626008,0.276578983,434.4421605,0.077072292
2020-10-22,296,11602.69252,6489.014676,5113.677847,18091.7072,1041.6,26405.48335,8.369980216,10,0.22220297,0.099087758,0.470973608,1.660626008,0.276578983,434.1856665,0.071789792
2020-10-23,297,11969.37249,6347.340331,5622.032157,18316.71282,1041.6,26405.48335,8.162948795,10,0.22220297,0.099087758,0.470973608,1.660626008,0.276578983,434.1487622,0.067577917
2020-10-24,298,12335.94684,6207.369679,6128.577165,18543.31652,1041.6,26405.48335,8.262727273,10,0.22220297,0.099087758,0.470973608,1.660626008,0.856518211,429.7062224,0.072620729
2020-10-25,299,12700.12026,6069.940397,6630.179864,18770.06066,1041.6,26405.48335,7.838638704,10,0.22220297,0.099087758,0.470973608,1.660626008,0.276578983,425.7727341,0.066482292
2020-10-26,300,13059.59741,5935.858746,7123.73866,18995.45615,1041.6,26405.48335,7.426976326,10,0.22220297,0.099087758,0.470973608,1.660626008,0.276578983,429.0138959,0.061175579
2020-10-27,301,13412.08295,5805.891411,7606.191536,19217.97436,1041.6,26405.48335,7.126566312,10,0.22220297,0.099087758,0.470973608,1.660626008,0.276578983,435.2673245,0.059140208
2020-10-28,302,13755.28155,5680.757046,8074.524508,19436.0386,1041.6,26405.48335,7.221900579,10,0.22220297,0.099087758,0.470973608,1.660626008,0.276578983,434.288813,0.057435833
2020-10-29,303,14086.89789,5561.117812,8525.780082,19648.01571,1041.6,26405.48335,6.975307765,10,0.22220297,0.099087758,0.470973608,1.660626008,0.276578983,436.4685527,0.055628947
2020-10-30,304,14404.63664,5447.571298,8957.065338,19852.20793,1041.6,26405.48335,6.990331439,10,0.22220297,0.099087758,0.470973608,1.660626008,0.276578983,426.3193317,0.055657708
2020-10-31,305,14706.20245,5340.643299,9365.55915,20046.84575,1041.6,26405.48335,6.980794258,10,0.22220297,0.099087758,0.470973608,1.660626008,0.276578983,428.4382757,0.056483854
2020-11-01,306,14989.3,5240.782025,9748.517975,20230.08202,1041.6,26405.48335,6.873189504,11,0.22220297,0.099087758,0.470973608,1.660626008,0.276578983,433.2757353,0.052915938
2020-11-02,307,15252.10764,5148.2532,10103.85444,20400.36084,1041.6,26405.48335,7.040793605,11,0.22220297,0.099087758,0.470973608,1.660626008,0.625414274,448.4428303,0.050956667
2020-11-03,308,15494.69844,5062.861382,10431.83706,20557.55982,1041.6,26405.48335,7.315889524,11,0.22220297,0.099087758,0.470973608,1.660626008,0.603188687,441.1807281,0.051904063
2020-11-04,309,15717.61916,4984.299653,10733.31951,20701.91882,1041.6,26405.48335,7.765048341,11,0.22220297,0.099087758,0.470973608,1.660626008,0.276578983,429.8426242,0.158648438
2020-11-05,310,15921.41656,4912.258175,11009.15838,20833.67473,1041.6,26405.48335,7.605628472,11,0.22220297,0.099087758,0.470973608,1.660626008,0.276578983,428.4037585,0.195603958
2020-11-06,311,16106.63738,4846.425099,11260.21228,20953.06248,1041.6,26405.48335,7.212602085,11,0.22220297,0.099087758,0.470973608,1.660626008,0.276578983,427.6182937,0.357144105
2020-11-07,312,16273.82839,4786.487545,11487.34084,21060.31593,1041.6,26405.48335,6.726064343,11,0.22220297,0.099087758,0.470973608,1.660626008,0.276578983,432.7600682,0.471438438
2020-11-08,313,16423.53634,4732.132616,11691.40372,21155.66895,1041.6,26405.48335,6.33735058,11,0.22220297,0.099087758,0.470973608,1.660626008,0.651546118,430.9815396,0.364207813
2020-11-09,314,16556.30798,4683.048408,11873.25958,21239.35639,1041.6,26405.48335,6.43083941,11,0.22220297,0.099087758,0.470973608,1.660626008,0.254314711,431.6234122,0.260368125
2020-11-10,315,16672.69008,4638.925018,12033.76506,21311.6151,1041.6,26405.48335,6.360688368,11,0.22220297,0.099087758,0.470973608,1.660626008,0.276578983,435.3904592,0.251626146
2020-11-11,316,16773.22939,4599.455506,12173.77388,21372.68489,1041.6,26405.48335,6.335516073,11,0.22220297,0.099087758,0.470973608,1.660626008,0.276578983,444.6528177,0.404975938
2020-11-12,317,16858.47266,4564.336799,12294.13586,21422.80945,1041.6,26405.48335,6.150442274,11,0.22220297,0.099087758,0.470973608,1.660626008,0.276578983,438.8357953,0.357896867
2020-11-13,318,16928.96664,4533.270518,12395.69612,21462.23716,1041.6,26405.48335,6.199859266,11,0.22220297,0.099087758,0.470973608,1.660626008,0.276578983,430.6087329,0.686703646
2020-11-14,319,16985.2581,4505.963727,12479.29438,21491.22183,1041.6,26405.48335,6.504528369,11,0.22220297,0.099087758,0.470973608,1.660626008,0.276578983,426.3407966,0.935342083
2020-11-15,320,17027.8938,4482.129573,12545.76422,21510.02337,1041.6,26405.48335,6.226205039,11,0.22220297,0.099087758,0.470973608,1.660626008,0.276578983,431.2964891,1.423981354
2020-11-16,321,17057.42047,4461.487845,12595.93263,21518.90832,1041.6,26405.48335,6.089780617,11,0.22220297,0.099087758,0.470973608,1.660626008,0.276578983,434.3676242,1.511849896
2020-11-17,322,17074.38489,4443.76542,12630.61947,21518.15031,1041.6,26405.48335,5.868221489,11,0.22220297,0.099087758,0.470973608,1.660626008,0.276578983,432.7470357,1.286837083
2020-11-18,323,17079.33381,4428.696628,12650.63718,21508.03044,1041.6,26405.48335,5.736570922,11,0.22220297,0.099087758,0.470973608,1.660626008,0.276578983,431.6285614,0.987370208
2020-11-19,324,17072.81398,4416.023525,12656.79045,21488.8375,1041.6,26405.48335,5.442927826,11,0.22220297,0.099087758,0.470973608,1.660626008,0.276578983,434.0604189,1.406328125
2020-11-20,325,17055.37215,4405.496092,12649.87606,21460.86824,1041.6,26405.48335,5.365639545,11,0.22220297,0.099087758,0.470973608,1.660626008,0.276578983,434.1002895,1.358771236
2020-11-21,326,17027.55509,4396.872369,12630.68272,21424.42746,1041.6,26405.48335,5.440463351,11,0.22220297,0.099087758,0.470973608,1.660626008,0.276578983,437.7336375,0.984007917
2020-11-22,327,16989.90955,4389.918542,12599.99101,21379.82809,1041.6,26405.48335,5.616771701,11,0.22220297,0.099087758,0.470973608,1.660626008,0.276578983,432.1875042,0.740271458
2020-11-23,328,16942.98228,4384.408987,12558.5733,21327.39127,1041.6,26405.48335,5.621621528,11,0.22220297,0.099087758,0.470973608,1.660626008,0.276578983,431.9892297,0.5803575
2020-11-24,329,16887.32005,4380.126298,12507.19375,21267.44635,1041.6,26405.48335,5.463818576,11,0.22220297,0.099087758,0.470973608,1.660626008,0.276578983,434.6354774,0.467316979
2020-11-25,330,16823.4696,4376.8613,12446.6083,21200.3309,1041.6,26405.48335,5.547949423,11,0.22220297,0.099087758,0.470973608,1.660626008,0.276578983,427.2789939,0.452946042
2020-11-26,331,16751.97769,4374.413075,12377.56462,21126.39077,1041.6,26405.48335,5.627712533,11,0.22220297,0.099087758,0.470973608,1.660626008,0.276578983,443.9469639,0.433550208
2020-11-27,332,16673.39108,4372.589003,12300.80208,21045.98008,1041.6,26405.48335,5.688208514,11,0.22220297,0.099087758,0.470973608,1.660626008,0.276578983,438.8863233,0.395738125
2020-11-28,333,16588.25652,4371.204834,12217.05169,20959.46136,1041.6,26405.48335,5.37390191,11,0.22220297,0.099087758,0.470973608,1.660626008,0.276578983,440.0747974,0.355460208
2020-11-29,334,16497.12078,4370.084813,12127.03596,20867.20559,1041.6,26405.48335,5.131903164,11,0.22220297,0.099087758,0.470973608,1.660626008,0.276578983,441.9932814,0.308968333
2020-11-30,335,16400.53059,4369.061858,12031.46873,20769.59245,1041.6,26405.48335,4.81651298,11,0.22220297,0.099087758,0.470973608,1.660626008,0.218748921,435.1950895,0.31418125
2020-12-01,336,16299.03273,4367.977802,11931.05492,20667.01053,1041.6,26405.48335,5.071640625,12,0.22220297,0.099087758,0.470973608,1.660626008,0.218748921,430.5580801,0.342726771
2020-12-02,337,16193.17394,4366.683734,11826.4902,20559.85767,1041.6,26405.48335,5.052815972,12,0.22220297,0.099087758,0.470973608,1.660626008,0.218748921,432.9717601,0.310118646
2020-12-03,338,16083.50098,4365.040412,11718.46057,20448.54139,1041.6,26405.48335,5.185184028,12,0.22220297,0.099087758,0.470973608,1.660626008,0.218748921,435.3907956,0.277082917
2020-12-04,339,15970.56061,4362.918796,11607.64181,20333.4794,1041.6,26405.48335,5.280376736,12,0.22220297,0.099087758,0.470973608,1.660626008,0.218748921,442.1549271,0.245506563
2020-12-05,340,15854.89958,4360.200692,11494.69889,20215.10027,1041.6,26405.48335,5.154682332,12,0.22220297,0.099087758,0.470973608,1.660626008,0.218748921,438.1600104,0.219503958
2020-12-06,341,15737.06465,4356.779528,11380.28512,20093.84417,1041.6,26405.48335,5.145450827,12,0.22220297,0.099087758,0.470973608,1.660626008,0.218748921,434.2032544,0.197104375
2020-12-07,342,15617.60257,4352.561268,11265.0413,19970.16384,1041.6,26405.48335,5.057312609,12,0.22220297,0.099087758,0.470973608,1.660626008,0.218748921,436.075283,0.177213721
2020-12-08,343,15497.0601,4347.465489,11149.59461,19844.52559,1041.6,26405.48335,4.855744681,12,0.22220297,0.099087758,0.470973608,1.660626008,0.218748921,439.907461,0.157497158
2020-12-09,344,15375.98399,4341.426626,11034.55737,19717.41062,1041.6,26405.48335,4.890064453,12,0.22220297,0.099087758,0.470973608,1.660626008,0.218748921,439.9490194,0.147007895
2020-12-10,345,15254.92101,4334.395399,10920.52561,19589.31641,1041.6,26405.48335,5.361993743,12,0.22220297,0.099087758,0.470973608,1.660626008,0.218748921,443.913048,0.128603125
2020-12-11,346,15134.4179,4326.340452,10808.07745,19460.75835,1041.6,26405.48335,5.332073375,12,0.22220297,0.099087758,0.470973608,1.660626008,0.218748921,439.872447,0.125828333
2020-12-12,347,15015.02143,4317.250203,10697.77122,19332.27163,1041.6,26405.48335,5.367294906,12,0.22220297,0.099087758,0.470973608,1.660626008,0.218748921,434.5382399,0.125884688
2020-12-13,348,14897.27834,4307.134934,10590.1434,19204.41327,1041.6,26405.48335,5.282398396,12,0.22220297,0.099087758,0.470973608,1.660626008,0.218748921,427.1632245,0.114408842
2020-12-14,349,14781.73539,4296.029126,10485.70626,19077.76452,1041.6,26405.48335,5.190327257,12,0.22220297,0.099087758,0.470973608,1.660626008,0.218748921,441.5185936,0.117656667
2020-12-15,350,14668.93934,4283.994064,10384.94528,18952.93341,1041.6,26405.48335,4.99115625,12,0.22220297,0.099087758,0.470973608,1.660626008,0.218748921,441.4510359,0.175192708
2020-12-16,351,14559.43695,4271.120711,10288.31624,18830.55766,1041.6,26405.48335,4.875914894,12,0.22220297,0.099087758,0.470973608,1.660626008,0.218748921,441.959522,0.329202917
2020-12-17,352,14453.77496,4257.532858,10196.24211,18711.30782,1041.6,26405.48335,5.015912879,12,0.22220297,0.099087758,0.470973608,1.660626008,0.218748921,444.9515984,0.73654125
2020-12-18,353,14352.50014,4243.390551,10109.10959,18595.8907,1041.6,26405.48335,5.099726326,12,0.22220297,0.099087758,0.470973608,1.660626008,0.218748921,445.8950582,0.828790625
2020-12-19,354,14256.15925,4228.89377,10027.26548,18485.05302,1041.6,26405.48335,5.327448864,12,0.22220297,0.099087758,0.470973608,1.660626008,0.218748921,445.1504972,0.875245417
2020-12-20,355,14165.29902,4214.286325,9951.012699,18379.58535,1041.6,26405.48335,5.585,12,0.22220297,0.099087758,0.470973608,1.660626008,0.218748921,439.76547,1.753581458
2020-12-21,356,14080.46623,4199.859921,9880.606313,18280.32616,1041.6,26405.48335,5.143775665,12,0.22220297,0.099087758,0.470973608,1.660626008,0.218748921,438.6068399,1.773636146
2020-12-22,357,14002.20763,4185.958301,9816.249331,18188.16593,1041.6,26405.48335,4.535572394,12,0.22220297,0.099087758,0.470973608,1.660626008,0.218748921,442.9469161,1.567833488
2020-12-23,358,13931.06997,4172.981333,9758.08864,18104.05131,1041.6,26405.48335,4.583677515,12,0.22220297,0.099087758,0.470973608,1.660626008,0.218748921,477.2291152,1.162848021
2020-12-24,359,13867.60001,4161.388903,9706.21111,18028.98892,1041.6,26405.48335,4.9731875,12,0.22220297,0.099087758,0.470973608,1.660626008,0.218748921,472.6026692,0.857683021
2020-12-25,360,13812.34451,4151.704365,9660.640143,17964.04887,1041.6,26405.48335,4.828830368,12,0.22220297,0.099087758,0.470973608,1.660626008,0.218748921,434.5293185,0.654914526
2020-12-26,361,13765.85021,4144.517298,9621.332914,17910.36751,1041.6,26405.48335,4.627488568,12,0.22220297,0.099087758,0.470973608,1.660626008,0.218748921,452.1851343,0.558133646
2020-12-27,362,13728.66388,4140.485249,9588.178633,17869.14913,1041.6,26405.48335,4.805994203,12,0.22220297,0.099087758,0.470973608,1.660626008,0.218748921,450.5844233,0.552311771
2020-12-28,363,13701.33227,4140.334074,9560.9982,17841.66635,1041.6,26405.48335,4.463281576,12,0.22220297,0.099087758,0.470973608,1.660626008,0.218748921,453.4657766,0.495968958
2020-12-29,364,13684.40214,4144.856496,9539.545646,17829.25864,1041.6,26405.48335,4.18889375,12,0.22220297,0.099087758,0.470973608,1.660626008,0.218748921,453.5040697,0.438731771
2020-12-30,365,13678.42024,4154.908487,9523.511757,17833.32873,1041.6,26405.48335,4.257819792,12,0.22220297,0.099087758,0.470973608,1.660626008,0.218748921,452.3534823,0.399856771
2020-12-31,366,13683.93333,4171.403105,9512.530229,17855.33644,1041.6,26405.48335,4.75353125,12,0.22220297,0.099087758,0.470973608,1.660626008,0.218748921,452.3534823,0.41873
2021-01-01,1,9287.75,7508.118343,1779.631657,16795.86834,1041.6,26405.48335,3.688247354,1,0.22220297,0.099087758,0.470973608,1.660626008,0.218748921,447.7743225,1.035597826
2021-01-02,2,9359.342868,7423.770397,1935.572471,16783.11327,1041.6,26405.48335,3.808845052,1,0.22220297,0.099087758,0.470973608,1.660626008,0.218748921,443.9430479,1.180072464
2021-01-03,3,9428.821144,7341.703283,2087.117861,16770.52443,1041.6,26405.48335,3.31348545,1,0.22220297,0.099087758,0.470973608,1.660626008,0.218748921,467.5050953,2.440036232
2021-01-04,4,9493.959905,7261.820268,2232.139636,16755.78017,1041.6,26405.48335,3.535049479,1,0.22220297,0.099087758,0.470973608,1.660626008,0.218748921,534.6491856,2.341304348
2021-01-05,5,9552.534226,7183.970095,2368.564131,16736.50432,1041.6,26405.48335,3.640485564,1,0.22220297,0.099087758,0.470973608,1.660626008,0.218748921,640.3311031,2.021557971
2021-01-06,6,9602.319183,7107.947961,2494.371222,16710.26714,1041.6,26405.48335,3.381911458,1,0.22220297,0.099087758,0.470973608,1.660626008,0.218748921,485.993219,1.651086957
2021-01-07,7,9641.089853,7033.498226,2607.591626,16674.58808,1041.6,26405.48335,4.028882813,1,0.22220297,0.099087758,0.470973608,1.660626008,0.218748921,482.021507,1.24076087
2021-01-08,8,9666.621311,6960.318915,2706.302397,16626.94023,1041.6,26405.48335,4.256230469,1,0.22220297,0.099087758,0.470973608,1.660626008,0.218748921,452.1558979,0.996195652
2021-01-09,9,9676.688635,6888.068061,2788.620574,16564.7567,1041.6,26405.48335,3.983330729,1,0.22220297,0.099087758,0.470973608,1.660626008,0.218748921,441.8905421,0.737137681
2021-01-10,10,9669.066899,6816.371952,2852.694947,16485.43885,1041.6,26405.48335,3.932352865,1,0.22220297,0.099087758,0.470973608,1.660626008,0.218748921,448.8774442,0.459963768
2021-01-11,11,9641.531181,6744.835327,2896.695854,16386.36651,1041.6,26405.48335,3.975386152,1,0.22220297,0.099087758,0.470973608,1.660626008,0.218748921,472.3729619,0.248913043
2021-01-12,12,9591.856555,6673.05359,2918.802965,16264.91015,1041.6,26405.48335,4.107078125,1,0.22220297,0.099087758,0.470973608,1.660626008,0.218748921,476.6174411,0.588586957
2021-01-13,13,9517.818099,6600.627171,2917.190929,16118.44527,1041.6,26405.48335,4.010066474,1,0.22220297,0.099087758,0.470973608,1.660626008,0.218748921,475.4044311,3.438026399
2021-01-14,14,9417.190889,6527.178173,2890.012716,15944.36906,1041.6,26405.48335,4.110770202,1,0.22220297,0.099087758,0.470973608,1.660626008,0.218748921,477.967093,2.339328063
2021-01-15,15,9287.75,6452.369565,2835.380435,15740.11956,1041.6,26405.48335,3.927773958,1,0.22220297,0.099087758,0.470973608,1.660626008,0.218748921,472.1875009,1.451811594
2021-01-16,16,9128.215321,6376.031089,2752.184232,15504.24641,1041.6,26405.48335,3.512542299,1,0.22220297,0.099087758,0.470973608,1.660626008,0.218748921,459.6067254,1.022463768
2021-01-17,17,8941.085992,6298.48453,2642.601462,15239.57052,1041.6,26405.48335,3.794052138,1,0.22220297,0.099087758,0.470973608,1.660626008,0.218748921,473.6561375,0.750724638
2021-01-18,18,8729.805964,6220.206344,2509.59962,14950.01231,1041.6,26405.48335,3.402543547,1,0.22220297,0.099087758,0.470973608,1.660626008,0.218748921,474.2665716,0.561413043
2021-01-19,19,8497.819187,6141.698665,2356.120523,14639.51785,1041.6,26405.48335,3.726344907,1,0.22220297,0.099087758,0.470973608,1.660626008,0.218748921,467.9757028,0.422446916
2021-01-20,20,8248.569615,6063.469308,2185.100307,14312.03892,1041.6,26405.48335,3.760668667,1,0.22220297,0.099087758,0.470973608,1.660626008,0.218748921,464.7294881,0.299637681
2021-01-21,21,7985.501198,5986.013061,1999.488137,13971.51426,1041.6,26405.48335,3.689423628,1,0.22220297,0.099087758,0.470973608,1.660626008,0.218748921,443.8715249,0.196376812
2021-01-22,22,7712.057888,5909.794388,1802.263499,13621.85228,1041.6,26405.48335,3.769471065,1,0.22220297,0.099087758,0.470973608,1.660626008,0.218748921,440.4252721,0.086775362
2021-01-23,23,7431.683636,5835.231783,1596.451853,13266.91542,1041.6,26405.48335,3.783185446,1,0.22220297,0.099087758,0.470973608,1.660626008,0.218748921,440.1324245,0.026086957
2021-01-24,24,7147.822394,5762.684072,1385.138322,12910.50647,1041.6,26405.48335,3.883584615,1,0.22220297,0.099087758,0.470973608,1.660626008,0.218748921,440.0938284,0.4
2021-01-25,25,6863.918114,5692.43907,1171.479043,12556.35718,1041.6,26405.48335,3.833071842,1,0.22220297,0.099087758,0.470973608,1.660626008,0.218748921,443.0452579,0.4
2021-01-26,26,6583.414746,5624.705008,1041.6,12208.11975,1041.6,26405.48335,3.730787037,1,0.22220297,0.099087758,0.470973608,1.660626008,0.218748921,444.4239093,0.385328638
2021-01-27,27,6309.756244,5559.605201,1041.6,11869.36144,1041.6,26405.48335,3.692081967,1,0.22220297,0.099087758,0.470973608,1.660626008,0.218748921,447.0568887,0.371830986
2021-01-28,28,6046.386557,5497.176394,1041.6,11543.56295,1041.6,26405.48335,3.648888889,1,0.22220297,0.099087758,0.470973608,1.660626008,0.218748921,451.612686,0.371830986
2021-01-29,29,5796.749637,5437.371185,1041.6,11234.12082,1041.6,26405.48335,3.325251157,1,0.22220297,0.099087758,0.470973608,1.660626008,0.218748921,439.1752137,0.371830986
2021-01-30,30,5564.289437,5380.064882,1041.6,10944.35432,1041.6,26405.48335,3.141848276,1,0.22220297,0.099087758,0.470973608,1.660626008,0.218748921,443.2479261,0.375352113
2021-01-31,31,5352.449907,5325.06704,1041.6,10677.51695,1041.6,26405.48335,3.614011407,1,0.22220297,0.099087758,0.470973608,1.660626008,0.218748921,442.4209447,0.230680886
2021-02-01,32,5164.675,5272.137903,1041.6,10436.8129,1041.6,26405.48335,3.712236186,2,0.22220297,0.099087758,0.470973608,1.660626008,0.218748921,440.036594,0.148369565
2021-02-02,33,5003.567992,5221.001453,1041.6,10224.56944,1041.6,26405.48335,3.718507208,2,0.22220297,0.099087758,0.470973608,1.660626008,0.218748921,440.9597446,0.306884058
2021-02-03,34,4868.369465,5171.369953,1041.6,10039.73942,1041.6,26405.48335,3.85192963,2,0.22220297,0.099087758,0.470973608,1.660626008,0.218748921,462.7854356,0.603985507
2021-02-04,35,4757.479325,5123.021745,1041.6,9880.50107,1041.6,26405.48335,3.589733473,2,0.22220297,0.099087758,0.470973608,1.660626008,0.218748921,443.5390294,0.72173913
2021-02-05,36,4669.29748,5075.807583,1041.6,9745.105063,1041.6,26405.48335,3.581161458,2,0.22220297,0.099087758,0.470973608,1.660626008,0.218748921,452.8628665,0.754347826
2021-02-06,37,4602.223836,5029.640761,1041.6,9631.864597,1041.6,26405.48335,3.54614561,2,0.22220297,0.099087758,0.470973608,1.660626008,0.218748921,433.7289765,1.017028986
2021-02-07,38,4554.658301,4984.487443,1041.6,9539.145744,1041.6,26405.48335,3.653619403,2,0.22220297,0.099087758,0.470973608,1.660626008,0.218748921,445.3117695,0.98442029
2021-02-08,39,4525.000782,4940.357292,1041.6,9465.358074,1041.6,26405.48335,3.53554469,2,0.22220297,0.099087758,0.470973608,1.660626008,0.218748921,442.6372585,0.911050725
2021-02-09,40,4511.651185,4897.294474,1041.6,9408.945659,1041.6,26405.48335,3.295992685,2,0.22220297,0.099087758,0.470973608,1.660626008,0.218748921,454.7088679,0.763405797
2021-02-10,41,4513.009417,4855.369095,1041.6,9368.378512,1041.6,26405.48335,3.225460417,2,0.22220297,0.099087758,0.470973608,1.660626008,0.218748921,457.0103006,0.613043478
2021-02-11,42,4527.475386,4814.669144,1041.6,9342.14453,1041.6,26405.48335,2.934129979,2,0.22220297,0.099087758,0.470973608,1.660626008,0.218748921,444.608789,0.487137681
2021-02-12,43,4553.448999,4775.292982,1041.6,9328.741981,1041.6,26405.48335,2.441241667,2,0.22220297,0.099087758,0.470973608,1.660626008,0.218748921,441.1003112,0.351268116
2021-02-13,44,4589.330161,4737.342461,1041.6,9326.672622,1041.6,26405.48335,2.552245742,2,0.22220297,0.099087758,0.470973608,1.660626008,0.218748921,444.7818839,0.286956522
2021-02-14,45,4633.518781,4700.91673,1041.6,9334.435511,1041.6,26405.48335,2.953187898,2,0.22220297,0.099087758,0.470973608,1.660626008,0.218748921,455.7124655,0.180978261
2021-02-15,46,4684.414766,4666.106819,1041.6,9350.521585,1041.6,26405.48335,2.947654356,2,0.22220297,0.099087758,0.470973608,1.660626008,0.218748921,451.3975462,0.113043478
2021-02-16,47,4740.418022,4632.991076,1041.6,9373.409097,1041.6,26405.48335,3.200026515,2,0.22220297,0.099087758,0.470973608,1.660626008,0.218748921,428.8920229,0.401086957
2021-02-17,48,4799.928456,4601.631549,1041.6,9401.560004,1041.6,26405.48335,3.499076263,2,0.22220297,0.099087758,0.470973608,1.660626008,0.218748921,427.8516112,0.735326087
2021-02-18,49,4861.345975,4572.071396,1041.6,9433.417371,1041.6,26405.48335,3.334854167,2,0.22220297,0.099087758,0.470973608,1.660626008,0.218748921,426.8111994,0.680978261
2021-02-19,50,4923.070487,4544.333408,1041.6,9467.403895,1041.6,26405.48335,3.22433561,2,0.22220297,0.099087758,0.470973608,1.660626008,0.218748921,427.4351201,0.571376812
2021-02-20,51,4983.501898,4518.419712,1041.6,9501.921609,1041.6,26405.48335,3.205722275,2,0.22220297,0.099087758,0.470973608,1.660626008,0.284274099,424.4546257,0.600362319
2021-02-21,52,5041.040115,4494.312715,1041.6,9535.35283,1041.6,26405.48335,2.950887311,2,0.22220297,0.099087758,0.470973608,1.660626008,0.434792028,428.0054129,0.575905797
2021-02-22,53,5094.085045,4471.977349,1041.6,9566.062394,1041.6,26405.48335,2.697381541,2,0.22220297,0.099087758,0.470973608,1.660626008,0.098994407,427.0234406,1.039673913
2021-02-23,54,5141.036596,4451.36462,1041.6,9592.401216,1041.6,26405.48335,2.165886256,2,0.22220297,0.099087758,0.470973608,1.660626008,0.328221056,427.3470018,2.007971014
2021-02-24,55,5180.294673,4432.416509,1041.6,9612.711183,1041.6,26405.48335,2.220562619,2,0.22220297,0.099087758,0.470973608,1.660626008,0.218748921,433.5607989,1.707246377
2021-02-25,56,5210.259185,4415.072204,1041.6,9625.331389,1041.6,26405.48335,2.376778727,2,0.22220297,0.099087758,0.470973608,1.660626008,0.364472525,431.1980087,1.2625
2021-02-26,57,5229.330038,4399.275663,1041.6,9628.605701,1041.6,26405.48335,2.598560606,2,0.22220297,0.099087758,0.470973608,1.660626008,0.162639034,428.8352186,1.133876812
2021-02-27,58,5235.907139,4384.984499,1041.6,9620.891638,1041.6,26405.48335,2.685831361,2,0.22220297,0.099087758,0.470973608,1.660626008,0.070117718,426.4724284,1.213586957
2021-02-28,59,5228.390395,4372.180139,1041.6,9600.570534,1041.6,26405.48335,3.413169471,2,0.22220297,0.099087758,0.470973608,1.660626008,0.218748921,424.1096382,0.979891304
2021-03-01,60,5205.179713,4360.879238,1041.6,9566.058951,1041.6,26405.48335,3.6553225,2,0.22220297,0.099087758,0.470973608,1.660626008,0.72132832,426.8336221,0.800543478
2021-03-02,61,5164.675,4351.146293,1041.6,9515.821293,1041.6,26405.48335,2.845146875,3,0.22220297,0.099087758,0.470973608,1.660626008,0.492156774,434.5601749,0.72173913
2021-03-03,62,5105.760891,4343.128705,1041.6,9448.889596,1041.6,26405.48335,2.718188098,3,0.22220297,0.099087758,0.470973608,1.660626008,0.465931875,426.6956515,0.640217391
2021-03-04,63,5029.260929,4337.116576,1041.6,9366.377506,1041.6,26405.48335,2.633231491,3,0.22220297,0.099087758,0.470973608,1.660626008,0.619935256,429.5659659,0.634782609
2021-03-05,64,4936.483389,4333.447683,1041.6,9269.931072,1041.6,26405.48335,2.685902764,3,0.22220297,0.099087758,0.470973608,1.660626008,0.304807525,428.5978635,0.634782609
2021-03-06,65,4828.73654,4332.469143,1041.6,9161.205683,1041.6,26405.48335,2.828928786,3,0.22220297,0.099087758,0.470973608,1.660626008,0.551247742,430.6719104,0.700905797
2021-03-07,66,4707.328657,4334.524077,1041.6,9041.852733,1041.6,26405.48335,2.980986538,3,0.22220297,0.099087758,0.470973608,1.660626008,0.376922232,426.6387511,0.700905797
2021-03-08,67,4573.56801,4339.938853,1041.6,8913.506863,1041.6,26405.48335,3.16910322,3,0.22220297,0.099087758,0.470973608,1.660626008,0.88340612,428.9423569,0.633876812
2021-03-09,68,4428.762873,4349.011101,1041.6,8777.773974,1041.6,26405.48335,3.039407021,3,0.22220297,0.099087758,0.470973608,1.660626008,0.673873711,428.5802548,0.543297101
2021-03-10,69,4274.221516,4361.99874,1041.6,8636.220256,1041.6,26405.48335,2.841178538,3,0.22220297,0.099087758,0.470973608,1.660626008,0.304807525,431.5583004,0.457246377
2021-03-11,70,4111.252214,4379.110279,1041.6,8490.362492,1041.6,26405.48335,2.93928225,3,0.22220297,0.099087758,0.470973608,1.660626008,0.429446216,445.0702518,0.369384058
2021-03-12,71,3941.163237,4400.496629,1041.6,8341.659865,1041.6,26405.48335,3.127958852,3,0.22220297,0.099087758,0.470973608,1.660626008,0.585392869,440.7379795,0.286956522
2021-03-13,72,3765.262858,4426.244639,1041.6,8191.507496,1041.6,26405.48335,3.230626894,3,0.22220297,0.099087758,0.470973608,1.660626008,0.228902462,451.2556746,0.225362319
2021-03-14,73,3584.859349,4456.372504,1041.6,8041.231853,1041.6,26405.48335,3.184355469,3,0.22220297,0.099087758,0.470973608,1.660626008,0.304807525,458.9548666,0.2
2021-03-15,74,3401.260982,4490.827122,1041.6,7892.088104,1041.6,26405.48335,3.22657075,3,0.22220297,0.099087758,0.470973608,1.660626008,0.133062447,438.9684349,0.267028986
2021-03-16,75,3215.776029,4529.483376,1041.6,7745.259405,1041.6,26405.48335,3.058696793,3,0.22220297,0.099087758,0.470973608,1.660626008,0.304807525,442.2806411,0.204528986
2021-03-17,76,3029.712764,4572.145249,1041.6,7601.858013,1041.6,26405.48335,3.145351992,3,0.22220297,0.099087758,0.470973608,1.660626008,0.304807525,442.9505955,0.164673913
2021-03-18,77,2844.379457,4618.548583,1041.6,7462.92804,1041.6,26405.48335,3.330890078,3,0.22220297,0.099087758,0.470973608,1.660626008,0.304807525,473.8461833,0.113043478
2021-03-19,78,2661.084381,4668.365227,1041.6,7329.449608,1041.6,26405.48335,3.455164929,3,0.22220297,0.099087758,0.470973608,1.660626008,0.304807525,468.0850246,0.103985507
2021-03-20,79,2481.135808,4721.208307,1041.6,7202.344116,1041.6,26405.48335,3.485520379,3,0.22220297,0.099087758,0.470973608,1.660626008,0.268666363,439.3935961,0.120289855
2021-03-21,80,2305.842011,4776.638295,1041.6,7082.480306,1041.6,26405.48335,3.667470192,3,0.22220297,0.099087758,0.470973608,1.660626008,0.304807525,443.2525594,0.286050725
2021-03-22,81,2136.511261,4834.16959,1041.6,6970.680851,1041.6,26405.48335,3.817701961,3,0.22220297,0.099087758,0.470973608,1.660626008,0.06172305,465.5066855,0.362137681
2021-03-23,82,1974.451831,4893.277348,1041.6,6867.72918,1041.6,26405.48335,3.52486875,3,0.22220297,0.099087758,0.470973608,1.660626008,0.346186851,449.2121722,0.460869565
2021-03-24,83,1820.971993,4953.404313,1041.6,6774.376306,1041.6,26405.48335,3.564831301,3,0.22220297,0.099087758,0.470973608,1.660626008,0.191778826,438.8957236,0.392934783
2021-03-25,84,1677.380019,5013.967475,1041.6,6691.347495,1041.6,26405.48335,3.678347538,3,0.22220297,0.099087758,0.470973608,1.660626008,0.112219855,435.933049,0.42826087
2021-03-26,85,1544.984182,5074.364429,1041.6,6619.34861,1041.6,26405.48335,3.792878788,3,0.22220297,0.099087758,0.470973608,1.660626008,0.060444537,444.7850929,0.391123188
2021-03-27,86,1425.092753,5133.979333,1041.6,6559.072086,1041.6,26405.48335,3.955630268,3,0.22220297,0.099087758,0.470973608,1.660626008,0.192665092,445.9407661,0.361231884
2021-03-28,87,1319.014004,5192.188454,1041.6,6511.202458,1041.6,26405.48335,4.136634286,3,0.22220297,0.099087758,0.470973608,1.660626008,0.304807525,476.9705602,0.286956522
2021-03-29,88,1228.056209,5248.365269,1041.6,6476.421478,1041.6,26405.48335,4.135435873,3,0.22220297,0.099087758,0.470973608,1.660626008,0.304807525,446.1084872,0.419202899
2021-03-30,89,1153.527639,5301.885187,1041.6,6455.412825,1041.6,26405.48335,4.23482197,3,0.22220297,0.099087758,0.470973608,1.660626008,0.304807525,447.9559277,0.411050725
2021-03-31,90,1096.736566,5352.12993,1041.6,6448.866496,1041.6,26405.48335,4.113234568,3,0.22220297,0.099087758,0.470973608,1.660626008,0.382887151,435.72836,0.336775362
2021-04-01,91,1058.991262,5398.491661,1041.6,6457.482923,1041.6,26405.48335,4.010100379,3,0.22220297,0.099087758,0.470973608,1.660626008,0.409385984,435.6960196,0.249818841
2021-04-02,92,1041.6,5440.376955,1041.6,6481.976955,1041.6,26405.48335,3.987150925,4,0.22220297,0.099087758,0.470973608,1.660626008,0.21945655,433.8769922,0.2
2021-04-03,93,1045.521934,5477.301691,1041.6,6522.823626,1041.6,26405.48335,4.006948864,4,0.22220297,0.099087758,0.470973608,1.660626008,0.286062896,434.0425081,0.126630435
2021-04-04,94,1070.31975,5509.175191,1041.6,6579.494941,1041.6,26405.48335,4.209637311,4,0.22220297,0.099087758,0.470973608,1.660626008,0.304807525,436.4665916,0.113043478
2021-04-05,95,1115.207014,5536.039513,1041.6,6651.246527,1041.6,26405.48335,4.121405303,4,0.22220297,0.099087758,0.470973608,1.660626008,0.390427544,436.3186246,0.113043478
2021-04-06,96,1179.397295,5557.974787,1041.6,6737.372081,1041.6,26405.48335,4.186058712,4,0.22220297,0.099087758,0.470973608,1.660626008,0.304807525,436.1706577,0.047826087
2021-04-07,97,1262.104158,5575.093944,1041.6,6837.198102,1041.6,26405.48335,4.39260274,4,0.22220297,0.099087758,0.470973608,1.660626008,0.14824096,440.5046575,0.026086957
2021-04-08,98,1362.541173,5587.538203,1041.6,6950.079376,1041.6,26405.48335,4.563607008,4,0.22220297,0.099087758,0.470973608,1.660626008,0.045112048,441.8189463,1.688643738
2021-04-09,99,1479.921906,5595.473188,1041.6,7075.395094,1041.6,26405.48335,4.467944928,4,0.22220297,0.099087758,0.470973608,1.660626008,0.304807525,433.3684417,0.026086957
2021-04-10,100,1613.459924,5599.085571,1041.6,7212.545495,1041.6,26405.48335,4.516899618,4,0.22220297,0.099087758,0.470973608,1.660626008,0.287103663,442.5321666,0.026086957
2021-04-11,101,1762.368795,5598.580153,1041.6,7360.948948,1041.6,26405.48335,4.335357292,4,0.22220297,0.099087758,0.470973608,1.660626008,0.300083143,433.7272077,0.026086957
2021-04-12,102,1925.862087,5594.177304,1041.6,7520.039392,1041.6,26405.48335,4.263322917,4,0.22220297,0.099087758,0.470973608,1.660626008,0.217954478,426.5046298,0.213043478
2021-04-13,103,2103.153367,5586.110706,1041.6,7689.264073,1041.6,26405.48335,4.166890625,4,0.22220297,0.099087758,0.470973608,1.660626008,0.462037617,423.8966976,0.4
2021-04-14,104,2293.456202,5574.62533,1041.6,7868.081532,1041.6,26405.48335,4.150296296,4,0.22220297,0.099087758,0.470973608,1.660626008,0.22426168,425.8907998,0.4
2021-04-15,105,2495.984159,5559.975622,1041.6,8055.959781,1041.6,26405.48335,4.371884314,4,0.22220297,0.099087758,0.470973608,1.660626008,0.261880724,425.0880729,0.383568075
2021-04-16,106,2709.950806,5542.42384,1041.6,8252.374646,1041.6,26405.48335,4.500245303,4,0.22220297,0.099087758,0.470973608,1.660626008,0.231223086,425.6939057,0.371830986
2021-04-17,107,2934.569711,5522.238522,1041.6,8456.808233,1041.6,26405.48335,4.482016667,4,0.22220297,0.099087758,0.470973608,1.660626008,0.183441411,427.0777358,0.4
2021-04-18,108,3169.054441,5499.693052,1041.6,8668.747493,1041.6,26405.48335,4.441866667,4,0.22220297,0.099087758,0.470973608,1.660626008,0.381103918,427.2050199,0.4
2021-04-19,109,3412.618562,5475.064308,1041.6,8887.682871,1041.6,26405.48335,4.734565401,4,0.22220297,0.099087758,0.470973608,1.660626008,0.468128013,427.1952506,0.4
2021-04-20,110,3664.475644,5448.63136,1041.6,9113.107004,1041.6,26405.48335,5.110363715,4,0.22220297,0.099087758,0.470973608,1.660626008,0.260867479,429.4596928,0.378057821
2021-04-21,111,3923.839252,5420.674221,1041.6,9344.513473,1041.6,26405.48335,5.161140625,4,0.22220297,0.099087758,0.470973608,1.660626008,0.304807525,426.3698045,0.371830986
2021-04-22,112,4189.922955,5391.472628,1041.6,9581.395583,1041.6,26405.48335,5.299284722,4,0.22220297,0.099087758,0.470973608,1.660626008,0.318677389,428.9837021,0.363028169
2021-04-23,113,4461.940319,5361.304849,1041.6,9823.245168,1041.6,26405.48335,5.48526049,4,0.22220297,0.099087758,0.470973608,1.660626008,0.589886791,429.0774425,0.343661972
2021-04-24,114,4739.104913,5330.446511,1041.6,10069.55142,1041.6,26405.48335,5.594933393,4,0.22220297,0.099087758,0.470973608,1.660626008,0.304807525,427.772452,0.343661972
2021-04-25,115,5020.630303,5299.169452,1041.6,10319.79976,1041.6,26405.48335,5.707157255,4,0.22220297,0.099087758,0.470973608,1.660626008,0.304807525,433.523691,0.347183099
2021-04-26,116,5305.730057,5267.740598,1041.6,10573.47066,1041.6,26405.48335,6.026460069,4,0.22220297,0.099087758,0.470973608,1.660626008,0.304807525,429.5312332,0.343661972
2021-04-27,117,5593.617743,5236.420864,1041.6,10830.03861,1041.6,26405.48335,5.755485549,4,0.22220297,0.099087758,0.470973608,1.660626008,0.304807525,430.9416663,0.317546948
2021-04-28,118,5883.506927,5205.464108,1041.6,11088.97104,1041.6,26405.48335,5.837848958,4,0.22220297,0.099087758,0.470973608,1.660626008,0.304807525,429.2301144,0.315492958
2021-04-29,119,6174.611178,5175.116126,1041.6,11349.7273,1041.6,26405.48335,6.058408363,4,0.22220297,0.099087758,0.470973608,1.660626008,0.304807525,429.7126787,0.315492958
2021-04-30,120,6466.144062,5145.613723,1320.530339,11611.75778,1041.6,26405.48335,6.214819471,4,0.22220297,0.099087758,0.470973608,1.660626008,0.304807525,429.7740299,0.289671362
2021-05-01,121,6757.319147,5117.183876,1640.135271,11874.50302,1041.6,26405.48335,6.082574635,4,0.22220297,0.099087758,0.470973608,1.660626008,0.304807525,429.8353812,0.287323944
2021-05-02,122,7047.35,5090.043,1957.307,12137.393,1041.6,26405.48335,5.71459375,5,0.22220297,0.099087758,0.470973608,1.660626008,0.304807525,429.8967325,0.287323944
2021-05-03,123,7335.61973,5064.371891,2271.247839,12399.99162,1041.6,26405.48335,5.838634211,5,0.22220297,0.099087758,0.470973608,1.660626008,0.304807525,429.9580837,0.287323944
2021-05-04,124,7622.189606,5040.24521,2581.944396,12662.43482,1041.6,26405.48335,5.934190789,5,0.22220297,0.099087758,0.470973608,1.660626008,0.304807525,441.3838083,0.287323944
2021-05-05,125,7907.29044,5017.71008,2889.58036,12925.00052,1041.6,26405.48335,5.82314974,5,0.22220297,0.099087758,0.470973608,1.660626008,0.304807525,457.3542798,0.262969484
2021-05-06,126,8191.153042,4996.810521,3194.342522,13187.96356,1041.6,26405.48335,6.0190625,5,0.22220297,0.099087758,0.470973608,1.660626008,0.304807525,446.7421346,0.25915493
2021-05-07,127,8474.008224,4977.586663,3496.421561,13451.59489,1041.6,26405.48335,5.885777344,5,0.22220297,0.099087758,0.470973608,1.660626008,0.304807525,440.1669391,0.277053991
2021-05-08,128,8756.086797,4960.074085,3796.012712,13716.16088,1041.6,26405.48335,5.701933419,5,0.22220297,0.099087758,0.470973608,1.660626008,0.304807525,433.5917436,0.295833333
2021-05-09,129,9037.619571,4944.303261,4093.31631,13981.92283,1041.6,26405.48335,6.5868375,5,0.22220297,0.099087758,0.470973608,1.660626008,0.304807525,427.0165481,0.269131455
2021-05-10,130,9318.837357,4930.299158,4388.538199,14249.13652,1041.6,26405.48335,6.538674518,5,0.22220297,0.099087758,0.470973608,1.660626008,0.304807525,440.8478434,0.25915493
2021-05-11,131,9599.970966,4918.080963,4681.890004,14518.05193,1041.6,26405.48335,6.749468615,5,0.22220297,0.099087758,0.470973608,1.660626008,0.304807525,450.5373418,0.25915493
2021-05-12,132,9881.25121,4907.661958,4973.589252,14788.91317,1041.6,26405.48335,6.959489433,5,0.22220297,0.099087758,0.470973608,1.660626008,0.304807525,438.3865191,0.25592723
2021-05-13,133,10162.9089,4899.049556,5263.859342,15061.95846,1041.6,26405.48335,6.695727865,5,0.22220297,0.099087758,0.470973608,1.660626008,0.304807525,453.4055846,0.230985915
2021-05-14,134,10445.17484,4892.245484,5552.92936,15337.42033,1041.6,26405.48335,7.0149375,5,0.22220297,0.099087758,0.470973608,1.660626008,0.304807525,468.4246501,0.230985915
2021-05-15,135,10728.27986,4887.246118,5841.033737,15615.52597,1041.6,26405.48335,7.27775,5,0.22220297,0.099087758,0.470973608,1.660626008,0.304807525,483.4437156,0.230985915
2021-05-16,136,11012.45475,4884.042989,6128.411756,15896.49773,1041.6,26405.48335,7.495740448,5,0.22220297,0.099087758,0.470973608,1.660626008,0.304807525,453.3824566,0.230985915
2021-05-17,137,11297.93032,4882.623425,6415.306899,16180.55375,1041.6,26405.48335,8.374512484,5,0.22220297,0.099087758,0.470973608,1.660626008,0.304807525,460.6290346,0.207511737
2021-05-18,138,11584.9374,4882.971351,6701.966052,16467.90875,1041.6,26405.48335,8.10168062,5,0.22220297,0.099087758,0.470973608,1.660626008,0.304807525,463.6424846,0.21780042
2021-05-19,139,11873.70679,4885.068231,6988.638561,16758.77502,1041.6,26405.48335,7.909211679,5,0.22220297,0.099087758,0.470973608,1.660626008,0.304807525,460.5570171,0.230985915
2021-05-20,140,12164.4693,4888.894146,7275.575157,17053.36345,1041.6,26405.48335,7.87105599,5,0.22220297,0.099087758,0.470973608,1.660626008,0.304807525,481.8539979,0.229403387
2021-05-21,141,12457.45575,4894.428996,7563.026751,17351.88474,1041.6,26405.48335,7.94943099,5,0.22220297,0.099087758,0.470973608,1.660626008,0.304807525,449.0180713,0.203110329
2021-05-22,142,12752.89693,4901.653822,7851.243112,17654.55076,1041.6,26405.48335,7.756846354,5,0.22220297,0.099087758,0.470973608,1.660626008,0.304807525,431.1465158,0.202816901
2021-05-23,143,13051.02368,4910.552238,8140.471437,17961.57591,1041.6,26405.48335,7.607318421,5,0.22220297,0.099087758,0.470973608,1.660626008,0.304807525,457.3185302,0.202816901
2021-05-24,144,13352.06678,4921.111958,8430.954825,18273.17874,1041.6,26405.48335,7.69338601,5,0.22220297,0.099087758,0.470973608,1.660626008,0.304807525,449.7980656,0.202816901
2021-05-25,145,13656.25707,4933.326406,8722.930661,18589.58347,1041.6,26405.48335,8.916934375,5,0.22220297,0.099087758,0.470973608,1.660626008,0.304807525,451.5903502,0.220422535
2021-05-26,146,13963.82534,4947.1964,9016.628938,18911.02174,1041.6,26405.48335,8.870861458,5,0.22220297,0.099087758,0.470973608,1.660626008,0.304807525,477.4416157,0.230985915
2021-05-27,147,14275.00241,4962.731899,9312.270508,19237.73431,1041.6,26405.48335,9.059772917,5,0.22220297,0.099087758,0.470973608,1.660626008,0.304807525,451.2722868,0.206044601
2021-05-28,148,14590.01909,4979.953796,9610.06529,19569.97288,1041.6,26405.48335,9.201178125,5,0.22220297,0.099087758,0.470973608,1.660626008,0.304807525,449.2179937,0.230985915
2021-05-29,149,14909.10618,4998.895739,9910.210445,19908.00192,1041.6,26405.48335,9.132985417,5,0.22220297,0.099087758,0.470973608,1.660626008,0.304807525,441.9440964,0.214260563
2021-05-30,150,15232.49451,5019.605979,10212.88854,20252.10049,1041.6,26405.48335,9.015076042,5,0.22220297,0.099087758,0.470973608,1.660626008,0.304807525,444.505151,0.202816901
2021-05-31,151,15560.41489,5042.149207,10518.26568,20602.56409,1041.6,26405.48335,9.307509574,5,0.22220297,0.099087758,0.470973608,1.660626008,0.304807525,441.7028073,0.202816901
2021-06-01,152,15893.09811,5066.608383,10826.48973,20959.70649,1041.6,26405.48335,9.339978125,5,0.22220297,0.099087758,0.470973608,1.660626008,0.058536959,476.2025645,0.177875587
2021-06-02,153,16230.775,5093.08652,11137.68848,21323.86152,1041.6,26405.48335,9.715260417,6,0.22220297,0.099087758,0.470973608,1.660626008,0.058536959,447.392057,0.174647887
2021-06-03,154,16573.51289,5121.710718,11451.80217,21695.22361,1041.6,26405.48335,10.18309688,6,0.22220297,0.099087758,0.470973608,1.660626008,0.058536959,476.9291165,0.174647887
2021-06-04,155,16920.72523,5152.62784,11768.09739,22073.35307,1041.6,26405.48335,10.10646461,6,0.22220297,0.099087758,0.470973608,1.660626008,0.058536959,447.8289994,0.174647887
2021-06-05,156,17271.662,5185.974352,12085.68765,22457.63635,1041.6,26405.48335,9.741823144,6,0.22220297,0.099087758,0.470973608,1.660626008,0.058536959,466.2755259,0.164671362
2021-06-06,157,17625.57317,5221.867657,12403.70552,22847.44083,1041.6,26405.48335,9.66659893,6,0.22220297,0.099087758,0.470973608,1.660626008,0.058536959,435.8605491,0.174647887
2021-06-07,158,17981.70872,5260.403146,12721.30558,23242.11187,1041.6,26405.48335,9.410672454,6,0.22220297,0.099087758,0.470973608,1.660626008,0.058536959,455.1717731,0.174647887
2021-06-08,159,18339.31863,5301.651762,13037.66686,23640.97039,1041.6,26405.48335,9.354088838,6,0.22220297,0.099087758,0.470973608,1.660626008,0.058536959,476.5856178,0.174647887
2021-06-09,160,18697.65286,5345.658077,13351.99478,24043.31094,1041.6,26405.48335,9.326368304,6,0.22220297,0.099087758,0.470973608,1.660626008,0.058536959,483.6620412,0.174647887
2021-06-10,161,19055.9614,5392.438906,13663.5225,24448.40031,1041.6,26405.48335,9.011619186,6,0.22220297,0.099087758,0.470973608,1.660626008,0.058536959,472.6622686,0.168696687
2021-06-11,162,19413.49422,5441.982438,13971.51179,24855.47666,1041.6,26405.48335,9.000354167,6,0.22220297,0.099087758,0.470973608,1.660626008,0.210105953,459.4738527,0.150880282
2021-06-12,163,19769.50131,5494.247877,14275.25343,25263.74918,1041.6,26405.48335,9.311672743,6,0.22220297,0.099087758,0.470973608,1.660626008,0.166629601,493.9254095,0.17435446
2021-06-13,164,20123.23262,5549.165558,14574.06706,25672.39818,1041.6,26405.48335,9.591286458,6,0.22220297,0.099087758,0.470973608,1.660626008,0.151724489,444.5775417,0.190492958
2021-06-14,165,20473.93814,5606.6375,14867.30065,26080.57564,1041.6,26405.48335,9.150472469,6,0.22220297,0.099087758,0.470973608,1.660626008,0.082113101,431.5377005,0.202816901
2021-06-15,166,20820.86786,5666.538354,15154.3295,26487.40621,1041.6,26405.48335,9.099368924,6,0.22220297,0.099087758,0.470973608,1.660626008,0.149178479,438.0902404,0.202816901
2021-06-16,167,21163.27173,5728.716694,15434.55503,26891.98842,1041.6,26405.48335,9.413043403,6,0.22220297,0.099087758,0.470973608,1.660626008,0.102420943,457.7655862,0.200176056
2021-06-17,168,21500.39974,5792.996592,15707.40314,27293.39633,1041.6,26405.48335,9.603981771,6,0.22220297,0.099087758,0.470973608,1.660626008,0.058536959,450.0490859,0.175234742
2021-06-18,169,21831.50186,5859.17942,15972.32244,27690.68128,1041.6,26405.48335,9.593312839,6,0.22220297,0.099087758,0.470973608,1.660626008,0.058536959,442.3325857,0.174647887
2021-06-19,170,22155.82807,5927.045832,16228.78224,28082.8739,1041.6,26405.48335,9.483804688,6,0.22220297,0.099087758,0.470973608,1.660626008,0.073674991,434.6160854,0.149706573
2021-06-20,171,22472.62835,5996.357866,16476.27048,28468.98622,1041.6,26405.48335,9.716142086,6,0.22220297,0.099087758,0.470973608,1.660626008,0.040851952,447.4274381,0.146478873
2021-06-21,172,22781.15267,6066.861117,16714.29155,28848.01378,1041.6,26405.48335,9.95270852,6,0.22220297,0.099087758,0.470973608,1.660626008,0.043042753,460.2387908,0.146478873
2021-06-22,173,23080.651,6138.286955,16942.36405,29218.93796,1041.6,26405.48335,9.451366454,6,0.22220297,0.099087758,0.470973608,1.660626008,0.076035477,473.0501435,0.146478873
2021-06-23,174,23370.37333,6210.354731,17160.0186,29580.72806,1041.6,26405.48335,9.680397697,6,0.22220297,0.099087758,0.470973608,1.660626008,0.024364254,485.8614962,0.118309859
2021-06-24,175,23649.56963,6282.773966,17366.79566,29932.3436,1041.6,26405.48335,9.911378472,6,0.22220297,0.099087758,0.470973608,1.660626008,0.058536959,464.4851029,0.097769953
2021-06-25,176,23917.48987,6355.246489,17562.24338,30272.73636,1041.6,26405.48335,10.24609809,6,0.22220297,0.099087758,0.470973608,1.660626008,0.058536959,468.0540553,0.090140845
2021-06-26,177,24173.38404,6427.468507,17745.91553,30600.85254,1041.6,26405.48335,10.36083941,6,0.22220297,0.099087758,0.470973608,1.660626008,0.130148161,468.1929814,0.090140845
2021-06-27,178,24416.5021,6499.132621,17917.36947,30915.63472,1041.6,26405.48335,10.53702026,6,0.22220297,0.099087758,0.470973608,1.660626008,0.058536959,445.8880833,0.090140845
2021-06-28,179,24646.09403,6569.929758,18076.16427,31216.02379,1041.6,26405.48335,10.69390538,6,0.22220297,0.099087758,0.470973608,1.660626008,0.058536959,466.1259727,0.090140845
2021-06-29,180,24861.40981,6639.551044,18221.85876,31500.96085,1041.6,26405.48335,10.5656793,6,0.22220297,0.099087758,0.470973608,1.660626008,0.058536959,465.6302576,0.090140845
2021-06-30,181,25061.69941,6707.689622,18354.00979,31769.38904,1041.6,26405.48335,10.86065365,6,0.22220297,0.099087758,0.470973608,1.660626008,0.058536959,478.4905262,0.08221831
2021-07-01,182,25246.21282,6774.04241,18472.17041,32020.25523,1041.6,26405.48335,10.92832292,6,0.22220297,0.099087758,0.470973608,1.660626008,0.058536959,487.0977433,0.076349765
2021-07-02,183,25414.2,6838.311843,18575.88816,32252.51184,1041.6,26405.48335,10.71979558,7,0.22220297,0.099087758,0.470973608,1.660626008,0.058536959,450.0188117,0.079870892
2021-07-03,184,25565.17099,6900.258462,18664.91253,32465.42945,1041.6,26405.48335,10.5913693,7,0.22220297,0.099087758,0.470973608,1.660626008,0.058536959,451.9433199,0.071948357
2021-07-04,185,25699.67604,6959.859476,18739.81656,32659.53551,1041.6,26405.48335,10.73045833,7,0.22220297,0.099087758,0.470973608,1.660626008,0.058536959,463.0509886,0.062852113
2021-07-05,186,25818.52546,7017.162187,18801.36327,32835.68764,1041.6,26405.48335,10.8622404,7,0.22220297,0.099087758,0.470973608,1.660626008,0.058536959,481.1267103,0.061971831
2021-07-06,187,25922.52955,7072.23116,18850.29839,32994.76071,1041.6,26405.48335,10.92531629,7,0.22220297,0.099087758,0.470973608,1.660626008,0.058536959,481.7635214,0.061971831
2021-07-07,188,26012.49863,7125.145593,18887.35304,33137.64423,1041.6,26405.48335,11.02265072,7,0.22220297,0.099087758,0.470973608,1.660626008,0.058536959,474.3007346,0.061971831
2021-07-08,189,26089.24301,7175.996994,18913.24601,33265.24,1041.6,26405.48335,11.03233077,7,0.22220297,0.099087758,0.470973608,1.660626008,0.058536959,490.9511309,0.061971831
2021-07-09,190,26153.57298,7224.887135,18928.68585,33378.46012,1041.6,26405.48335,11.22613463,7,0.22220297,0.099087758,0.470973608,1.660626008,0.058536959,495.1474354,0.061971831
2021-07-10,191,26206.29887,7271.926228,18934.37265,33478.2251,1041.6,26405.48335,11.50850434,7,0.22220297,0.099087758,0.470973608,1.660626008,0.058536959,450.3503163,0.061971831
2021-07-11,192,26248.23098,7317.231334,18930.99965,33565.46231,1041.6,26405.48335,11.59245139,7,0.22220297,0.099087758,0.470973608,1.660626008,0.058536959,483.0921899,0.061971831
2021-07-12,193,26280.17962,7360.92495,18919.25467,33641.10457,1041.6,26405.48335,12.12108464,7,0.22220297,0.099087758,0.470973608,1.660626008,0.058536959,501.483358,0.061971831
2021-07-13,194,26302.95509,7403.133764,18899.82132,33706.08885,1041.6,26405.48335,12.47814931,7,0.22220297,0.099087758,0.470973608,1.660626008,0.058536959,458.7045762,0.061971831
2021-07-14,195,26317.3677,7443.987576,18873.38013,33761.35528,1041.6,26405.48335,12.45358594,7,0.22220297,0.099087758,0.470973608,1.660626008,0.058536959,462.2594406,0.061091549
2021-07-15,196,26324.22777,7483.618355,18840.60942,33807.84612,1041.6,26405.48335,12.60893924,7,0.22220297,0.099087758,0.470973608,1.660626008,0.058536959,482.8540493,0.05786385
2021-07-16,197,26324.3456,7522.15942,18802.18618,33846.50502,1041.6,26405.48335,12.7197283,7,0.22220297,0.099087758,0.470973608,1.660626008,0.058536959,480.5498705,0.054342723
2021-07-17,198,26318.5315,7559.744756,18758.78674,33878.27626,1041.6,26405.48335,12.7378533,7,0.22220297,0.099087758,0.470973608,1.660626008,0.058536959,440.6604884,0.056690141
2021-07-18,199,26307.59578,7596.508437,18711.08734,33904.10421,1041.6,26405.48335,12.64711111,7,0.22220297,0.099087758,0.470973608,1.660626008,0.058536959,437.3795489,0.054929577
2021-07-19,200,26292.34874,7632.584154,18659.76459,33924.93289,1041.6,26405.48335,12.34992768,7,0.22220297,0.099087758,0.470973608,1.660626008,0.058536959,475.5156716,0.049647887
2021-07-20,201,26273.6007,7668.104857,18605.49584,33941.70555,1041.6,26405.48335,12.46034296,7,0.22220297,0.099087758,0.470973608,1.660626008,0.058536959,499.1839789,0.044366197
2021-07-21,202,26252.16196,7703.202486,18548.95947,33955.36444,1041.6,26405.48335,12.18285963,7,0.22220297,0.099087758,0.470973608,1.660626008,0.058536959,494.7671818,0.041725352
2021-07-22,203,26228.84283,7738.007808,18490.83502,33966.85064,1041.6,26405.48335,12.71433073,7,0.22220297,0.099087758,0.470973608,1.660626008,0.058536959,470.0936645,0.042312207
2021-07-23,204,26204.45362,7772.650343,18431.80328,33977.10397,1041.6,26405.48335,12.92467014,7,0.22220297,0.099087758,0.470973608,1.660626008,0.058536959,440.9987951,0.039964789
2021-07-24,205,26179.80465,7807.25838,18372.54627,33987.06303,1041.6,26405.48335,13.00032692,7,0.22220297,0.099087758,0.470973608,1.660626008,0.058536959,458.8667422,0.033802817
2021-07-25,206,26155.7062,7841.959086,18313.74712,33997.66529,1041.6,26405.48335,12.93172383,7,0.22220297,0.099087758,0.470973608,1.660626008,0.058536959,489.5572039,0.033802817
2021-07-26,207,26132.96861,7876.878706,18256.0899,34009.84731,1041.6,26405.48335,13.11031735,7,0.22220297,0.099087758,0.470973608,1.660626008,0.058536959,485.1102227,0.033802817
2021-07-27,208,26112.40216,7912.142835,18200.25933,34024.545,1041.6,26405.48335,13.28524934,7,0.22220297,0.099087758,0.470973608,1.660626008,0.058536959,502.4246028,0.033802817
2021-07-28,209,26094.81718,7947.876791,18146.94039,34042.69397,1041.6,26405.48335,13.33042882,7,0.22220297,0.099087758,0.470973608,1.660626008,0.058536959,471.8067588,0.033802817
2021-07-29,210,26081.02397,7984.206052,18096.81792,34065.23002,1041.6,26405.48335,13.73690757,7,0.22220297,0.099087758,0.470973608,1.660626008,0.058536959,479.0538549,0.033802817
2021-07-30,211,26071.83284,8021.256781,18050.57606,34093.08962,1041.6,26405.48335,13.85889547,7,0.22220297,0.099087758,0.470973608,1.660626008,0.058536959,474.4543022,0.033802817
2021-07-31,212,26068.05409,8059.156423,18008.89767,34127.21052,1041.6,26405.48335,14.29201828,7,0.22220297,0.099087758,0.470973608,1.660626008,0.058536959,478.8328865,0.033802817
2021-08-01,213,26070.49805,8098.034368,17972.46368,34168.53241,1041.6,26405.48335,14.29277845,7,0.22220297,0.099087758,0.470973608,1.660626008,0.058536959,475.8427632,0.033802817
2021-08-02,214,26079.975,8138.022683,17941.95232,34217.99768,1041.6,26405.48335,14.16678051,8,0.22220297,0.099087758,0.470973608,1.660626008,0.058536959,456.2160215,0.033802817
2021-08-03,215,26096.92823,8179.188601,17917.73963,34276.11683,1041.6,26405.48335,14.01980142,8,0.22220297,0.099087758,0.470973608,1.660626008,0.058536959,438.9628964,0.01971831
2021-08-04,216,26120.33284,8221.326294,17899.00654,34341.65913,1041.6,26405.48335,14.41861545,8,0.22220297,0.099087758,0.470973608,1.660626008,0.058536959,444.8299944,0.013556338
2021-08-05,217,26148.79691,8264.153973,17884.64293,34412.95088,1041.6,26405.48335,14.48788721,8,0.22220297,0.099087758,0.470973608,1.660626008,0.058536959,446.0654683,0.007100939
2021-08-06,218,26180.9285,8307.379383,17873.54912,34488.30788,1041.6,26405.48335,14.6691901,8,0.22220297,0.099087758,0.470973608,1.660626008,0.058536959,458.3229448,0.006220657
2021-08-07,219,26215.33569,8350.698446,17864.63724,34566.03414,1041.6,26405.48335,14.77969895,8,0.22220297,0.099087758,0.470973608,1.660626008,0.058536959,454.7676708,0.005633803
2021-08-08,220,26250.62655,8393.794472,17856.83208,34644.42102,1041.6,26405.48335,14.56177846,8,0.22220297,0.099087758,0.470973608,1.660626008,0.058536959,502.8534452,0.005633803
2021-08-09,221,26285.40916,8436.33791,17849.07125,34721.74707,1041.6,26405.48335,14.53547665,8,0.22220297,0.099087758,0.470973608,1.660626008,0.058536959,458.1821558,0.005633803
2021-08-10,222,26318.29157,8477.986592,17840.30498,34796.27816,1041.6,26405.48335,14.68860777,8,0.22220297,0.099087758,0.470973608,1.660626008,0.058536959,438.9486508,0.005633803
2021-08-11,223,26347.88187,8518.386447,17829.49543,34866.26832,1041.6,26405.48335,14.33624066,8,0.22220297,0.099087758,0.470973608,1.660626008,0.058536959,432.6105068,0.005633803
2021-08-12,224,26372.78813,8557.172638,17815.61549,34929.96077,1041.6,26405.48335,14.18190246,8,0.22220297,0.099087758,0.470973608,1.660626008,0.058536959,455.4115206,0.005633803
2021-08-13,225,26391.61841,8593.971116,17797.6473,34985.58953,1041.6,26405.48335,14.17220498,8,0.22220297,0.099087758,0.470973608,1.660626008,0.012520644,447.0536549,0.004971869
2021-08-14,226,26402.9808,8628.400545,17774.58025,35031.38134,1041.6,26405.48335,14.37543578,8,0.22220297,0.099087758,0.470973608,1.660626008,0.058536959,466.7056672,0.003821871
2021-08-15,227,26405.48335,8660.074602,17745.40875,35065.55795,1041.6,26405.48335,14.6751176,8,0.22220297,0.099087758,0.470973608,1.660626008,0.029975121,484.5788316,0.002367989
2021-08-16,228,26397.73414,8688.604626,17709.12952,35086.33877,1041.6,26405.48335,14.97146441,8,0.22220297,0.099087758,0.470973608,1.660626008,0.009430521,482.5149545,0.001193655
2021-08-17,229,26378.34125,8713.60264,17664.73861,35091.94389,1041.6,26405.48335,14.80459115,8,0.22220297,0.099087758,0.470973608,1.660626008,0.031569744,496.3961776,0.00066216
2021-08-18,230,26345.91275,8734.684731,17611.22802,35080.59748,1041.6,26405.48335,14.43818272,8,0.22220297,0.099087758,0.470973608,1.660626008,0.058536959,495.4824518,0.00524113
2021-08-19,231,26299.0567,8751.474828,17547.58187,35050.53153,1041.6,26405.48335,14.55060614,8,0.22220297,0.099087758,0.470973608,1.660626008,0.058536959,472.1029237,0.005633803
2021-08-20,232,26236.38118,8763.608916,17472.77226,34999.99009,1041.6,26405.48335,14.52639357,8,0.22220297,0.099087758,0.470973608,1.660626008,0.158997428,457.2475625,0.005633803
2021-08-21,233,26156.49426,8770.739711,17385.75455,34927.23397,1041.6,26405.48335,14.30659635,8,0.22220297,0.099087758,0.470973608,1.660626008,0.058774793,459.4848312,0.005633803
2021-08-22,234,26058.00401,8772.541896,17285.46211,34830.5459,1041.6,26405.48335,14.09102569,8,0.22220297,0.099087758,0.470973608,1.660626008,0.072974104,453.3915421,0.005633803
2021-08-23,235,25939.5185,8768.717968,17170.80053,34708.23647,1041.6,26405.48335,13.78165439,8,0.22220297,0.099087758,0.470973608,1.660626008,0.058536959,455.973494,0.005633803
2021-08-24,236,25799.6458,8759.004815,17040.64099,34558.65062,1041.6,26405.48335,13.46318788,8,0.22220297,0.099087758,0.470973608,1.660626008,0.373271436,444.7754957,0.005633803
2021-08-25,237,25636.994,8743.181144,16893.81285,34380.17514,1041.6,26405.48335,13.32553369,8,0.22220297,0.099087758,0.470973608,1.660626008,0.058536959,486.4053541,0.005633803
2021-08-26,238,25450.17115,8721.075898,16729.09525,34171.24704,1041.6,26405.48335,13.71124575,8,0.22220297,0.099087758,0.470973608,1.660626008,0.058536959,482.9969935,0.005633803
2021-08-27,239,25237.78532,8692.577835,16545.20749,33930.36316,1041.6,26405.48335,13.74290489,8,0.22220297,0.099087758,0.470973608,1.660626008,0.348646525,430.4252388,0.005633803
2021-08-28,240,24998.4446,8657.646472,16340.79813,33656.09107,1041.6,26405.48335,13.52147135,8,0.22220297,0.099087758,0.470973608,1.660626008,0.058536959,431.0207736,0.005633803
2021-08-29,241,24730.75705,8616.324598,16114.43246,33347.08165,1041.6,26405.48335,13.62080783,8,0.22220297,0.099087758,0.470973608,1.660626008,0.108433305,447.3436571,0.005633803
2021-08-30,242,24433.33075,8568.752618,15864.57813,33002.08336,1041.6,26405.48335,13.79905821,8,0.22220297,0.099087758,0.470973608,1.660626008,0.169733135,461.6414409,0.004228685
2021-08-31,243,24104.77375,8515.184978,15589.58878,32619.95873,1041.6,26405.48335,13.3560408,8,0.22220297,0.099087758,0.470973608,1.660626008,0.131711317,485.1572957,0.002823568
2021-09-01,244,23743.69415,8456.008924,15287.68522,32199.70307,1041.6,26405.48335,13.09612846,8,0.22220297,0.099087758,0.470973608,1.660626008,0.146018236,474.6373706,0.001418451
2021-09-02,245,23348.7,8391.765854,14956.93415,31740.46585,1041.6,26405.48335,13.00952257,9,0.22220297,0.099087758,0.470973608,1.660626008,0.153202139,495.4432808,1.33333333333333e-05
2021-09-03,246,22919.10747,8323.288688,14595.81878,31242.39616,1041.6,26405.48335,13.41637674,9,0.22220297,0.099087758,0.470973608,1.660626008,0.101853754,486.125792,1.66666666666667e-05
2021-09-04,247,22457.06508,8252.005491,14205.05958,30709.07057,1041.6,26405.48335,13.20254688,9,0.22220297,0.099087758,0.470973608,1.660626008,0.167907842,448.806995,0.005455874
2021-09-05,248,21965.42942,8179.495481,13785.93394,30144.9249,1041.6,26405.48335,13.34112066,9,0.22220297,0.099087758,0.470973608,1.660626008,0.276578983,458.8725375,0.010895082
2021-09-06,249,21447.05711,8107.339959,13339.71715,29554.39707,1041.6,26405.48335,13.50238021,9,0.22220297,0.099087758,0.470973608,1.660626008,0.276578983,457.1614235,0.016334289
2021-09-07,250,20904.80475,8037.09774,12867.70701,28941.90249,1041.6,26405.48335,13.55505934,9,0.22220297,0.099087758,0.470973608,1.660626008,0.276578983,487.2208314,0.021773497
2021-09-08,251,20341.52895,7970.278577,12371.25037,28311.80752,1041.6,26405.48335,13.49690601,9,0.22220297,0.099087758,0.470973608,1.660626008,0.276578983,459.1821243,0.027212705
2021-09-09,252,19760.0863,7908.314747,11851.77156,27668.40105,1041.6,26405.48335,12.91041756,9,0.22220297,0.099087758,0.470973608,1.660626008,0.276578983,471.8762675,0.032651912
2021-09-10,253,19163.33343,7852.531336,11310.80209,27015.86476,1041.6,26405.48335,12.92580278,9,0.22220297,0.099087758,0.470973608,1.660626008,0.520330454,481.6835932,0.03809112
2021-09-11,254,18554.12692,7804.116055,10750.01086,26358.24297,1041.6,26405.48335,12.60409462,9,0.22220297,0.099087758,0.470973608,1.660626008,0.276578983,462.7453331,0.043530327
2021-09-12,255,17935.32339,7764.089714,10171.23368,25699.4131,1041.6,26405.48335,12.5657328,9,0.22220297,0.099087758,0.470973608,1.660626008,0.352180429,467.3051454,0.048969535
2021-09-13,256,17309.77944,7733.278762,9576.500681,25043.0582,1041.6,26405.48335,12.27446435,9,0.22220297,0.099087758,0.470973608,1.660626008,0.276578983,462.2121868,0.054408742
2021-09-14,257,16680.35168,7712.291356,8968.060327,24392.64304,1041.6,26405.48335,12.11484277,9,0.22220297,0.099087758,0.470973608,1.660626008,0.276578983,463.8530305,0.05984795
2021-09-15,258,16049.89671,7701.498435,8348.398279,23751.39515,1041.6,26405.48335,11.98175104,9,0.22220297,0.099087758,0.470973608,1.660626008,0.256178844,470.9209031,0.065287157
2021-09-16,259,15421.27114,7701.021031,7720.250113,23122.29218,1041.6,26405.48335,11.78893021,9,0.22220297,0.099087758,0.470973608,1.660626008,0.276578983,468.7135487,0.070726365
2021-09-17,260,14797.33158,7710.724671,7086.606907,22508.05625,1041.6,26405.48335,11.46336979,9,0.22220297,0.099087758,0.470973608,1.660626008,0.276578983,437.7161765,0.076165573
2021-09-18,261,14180.93462,7730.221239,6450.71338,21911.15586,1041.6,26405.48335,11.50885104,9,0.22220297,0.099087758,0.470973608,1.660626008,0.171460453,429.4996111,0.08160478
2021-09-19,262,13574.93687,7758.878092,5816.058781,21333.81497,1041.6,26405.48335,11.27789099,9,0.22220297,0.099087758,0.470973608,1.660626008,0.276578983,426.0232937,0.266197183
2021-09-20,263,12982.19495,7795.8337,5186.361247,20778.02865,1041.6,26405.48335,11.21935923,9,0.22220297,0.099087758,0.470973608,1.660626008,0.133296138,436.8279934,0.216607981
2021-09-21,264,12405.56544,7840.018649,4565.546795,20245.58409,1041.6,26405.48335,10.99874843,9,0.22220297,0.099087758,0.470973608,1.660626008,0.253316892,433.2155961,0.158215962
2021-09-22,265,11847.90497,7890.180586,3957.724384,19738.08556,1041.6,26405.48335,11.38023217,9,0.22220297,0.099087758,0.470973608,1.660626008,0.276578983,418.8314147,0.106279343
2021-09-23,266,11312.07013,7944.911548,3367.158583,19256.98168,1041.6,26405.48335,11.03544271,9,0.22220297,0.099087758,0.470973608,1.660626008,0.276578983,422.7167498,0.081924883
2021-09-24,267,10800.91753,8002.676224,2798.241308,18803.59376,1041.6,26405.48335,10.95563281,9,0.22220297,0.099087758,0.470973608,1.660626008,0.204796439,428.9991257,0.061971831
2021-09-25,268,10317.30378,8061.83986,2255.463918,18379.14364,1041.6,26405.48335,11.00395399,9,0.22220297,0.099087758,0.470973608,1.660626008,0.211051853,435.979296,0.061971831
2021-09-26,269,9864.085474,8120.694814,1743.39066,17984.78029,1041.6,26405.48335,11.13816622,9,0.22220297,0.099087758,0.470973608,1.660626008,0.269577192,439.8044934,0.042899061
2021-09-27,270,9444.119225,8177.485076,1266.634149,17621.6043,1041.6,26405.48335,11.22884183,9,0.22220297,0.099087758,0.470973608,1.660626008,0.191281436,447.2221152,0.086619718
2021-09-28,271,9060.261638,8230.428382,1041.6,17290.69002,1041.6,26405.48335,11.01516059,9,0.22220297,0.099087758,0.470973608,1.660626008,0.250027279,439.9597848,0.199104898
2021-09-29,272,8715.369316,8277.735826,1041.6,16993.10514,1041.6,26405.48335,10.61721826,9,0.22220297,0.099087758,0.470973608,1.660626008,0.35848813,429.2154432,0.2
2021-09-30,273,8412.298866,8317.629105,1041.6,16729.92797,1041.6,26405.48335,10.33271851,9,0.22220297,0.099087758,0.470973608,1.660626008,0.276578983,442.6136507,0.362968824
2021-10-01,274,8153.906892,8348.355715,1041.6,16502.26261,1041.6,26405.48335,10.17659079,9,0.22220297,0.099087758,0.470973608,1.660626008,0.276578983,441.101381,0.303169014
2021-10-02,275,7943.05,8368.202568,1041.6,16311.25257,1041.6,26405.48335,10.26359115,10,0.22220297,0.099087758,0.470973608,1.660626008,0.472130785,444.4827979,0.266784038
2021-10-03,276,7781.726139,8375.759627,1041.6,16157.48577,1041.6,26405.48335,10.06902445,10,0.22220297,0.099087758,0.470973608,1.660626008,0.276578983,415.2055159,0.237147887
2021-10-04,277,7668.498634,8370.715083,1041.6,16039.21372,1041.6,26405.48335,10.18573,10,0.22220297,0.099087758,0.470973608,1.660626008,0.463577886,455.1900385,0.223356808
2021-10-05,278,7601.072152,8353.14983,1041.6,15954.22198,1041.6,26405.48335,9.943657118,10,0.22220297,0.099087758,0.470973608,1.660626008,0.821442245,455.6019133,0.202816901
2021-10-06,279,7577.151363,8323.27304,1041.6,15900.4244,1041.6,26405.48335,10.1943724,10,0.22220297,0.099087758,0.470973608,1.660626008,0.276578983,444.9621281,0.217488263
2021-10-07,280,7594.440934,8281.403115,1041.6,15875.84405,1041.6,26405.48335,10.19750588,10,0.22220297,0.099087758,0.470973608,1.660626008,0.276578983,441.1236434,0.253286385
2021-10-08,281,7650.645534,8227.951785,1041.6,15878.59732,1041.6,26405.48335,10.22011719,10,0.22220297,0.099087758,0.470973608,1.660626008,0.932047009,442.1620829,0.230985915
2021-10-09,282,7743.469832,8163.410796,1041.6,15906.88063,1041.6,26405.48335,10.09001047,10,0.22220297,0.099087758,0.470973608,1.660626008,0.276578983,440.9009037,0.211913146
2021-10-10,283,7870.618495,8088.340739,1041.6,15958.95923,1041.6,26405.48335,9.85737934,10,0.22220297,0.099087758,0.470973608,1.660626008,0.276578983,435.4910706,0.210739437
2021-10-11,284,8029.796193,8003.361608,1041.6,16033.1578,1041.6,26405.48335,9.391002604,10,0.22220297,0.099087758,0.470973608,1.660626008,0.276578983,427.1250172,0.230105634
2021-10-12,285,8218.707593,7909.144768,1041.6,16127.85236,1041.6,26405.48335,8.869653646,10,0.22220297,0.099087758,0.470973608,1.660626008,0.798970635,432.6436306,0.22306338
2021-10-13,286,8435.057364,7806.406056,1041.6,16241.46342,1041.6,26405.48335,9.034993913,10,0.22220297,0.099087758,0.470973608,1.660626008,0.788794872,431.6102212,0.212206573
2021-10-14,287,8676.550175,7695.899761,1041.6,16372.44994,1041.6,26405.48335,8.801763889,10,0.22220297,0.099087758,0.470973608,1.660626008,0.658152999,435.9297884,0.22834507
2021-10-15,288,8940.890693,7578.413298,1362.477395,16519.30399,1041.6,26405.48335,8.714915799,10,0.22220297,0.099087758,0.470973608,1.660626008,0.739168887,444.6013068,0.230985915
2021-10-16,289,9225.783587,7454.762362,1771.021225,16680.54595,1041.6,26405.48335,8.811552563,10,0.22220297,0.099087758,0.470973608,1.660626008,0.742193321,436.0604418,0.230985915
2021-10-17,290,9528.933526,7325.786432,2203.147094,16854.71996,1041.6,26405.48335,8.747847594,10,0.22220297,0.099087758,0.470973608,1.660626008,0.621982986,442.5514368,0.230985915
2021-10-18,291,9848.045178,7192.344434,2655.700743,17040.38961,1041.6,26405.48335,8.787460069,10,0.22220297,0.099087758,0.470973608,1.660626008,0.276578983,439.6127613,0.230985915
2021-10-19,292,10180.82321,7055.310463,3125.512748,17236.13367,1041.6,26405.48335,8.679102877,10,0.22220297,0.099087758,0.470973608,1.660626008,0.276578983,437.056836,0.206338028
2021-10-20,293,10524.97229,6915.569388,3609.402905,17440.54168,1041.6,26405.48335,8.721561632,10,0.22220297,0.099087758,0.470973608,1.660626008,0.864449428,440.0488022,0.214260563
2021-10-21,294,10878.19709,6774.012251,4104.184842,17652.20935,1041.6,26405.48335,8.868440945,10,0.22220297,0.099087758,0.470973608,1.660626008,0.276578983,432.4695206,0.263262911
2021-10-22,295,11238.20228,6631.531316,4606.670964,17869.7336,1041.6,26405.48335,8.862982639,10,0.22220297,0.099087758,0.470973608,1.660626008,0.276578983,434.4421605,0.288204225
2021-10-23,296,11602.69252,6489.014676,5113.677847,18091.7072,1041.6,26405.48335,8.369980216,10,0.22220297,0.099087758,0.470973608,1.660626008,0.276578983,434.1856665,0.365470241
2021-10-24,297,11969.37249,6347.340331,5622.032157,18316.71282,1041.6,26405.48335,8.162948795,10,0.22220297,0.099087758,0.470973608,1.660626008,0.276578983,434.1487622,0.436413043
2021-10-25,298,12335.94684,6207.369679,6128.577165,18543.31652,1041.6,26405.48335,8.262727273,10,0.22220297,0.099087758,0.470973608,1.660626008,0.856518211,429.7062224,0.871195652
2021-10-26,299,12700.12026,6069.940397,6630.179864,18770.06066,1041.6,26405.48335,7.838638704,10,0.22220297,0.099087758,0.470973608,1.660626008,0.276578983,425.7727341,0.834057971
2021-10-27,300,13059.59741,5935.858746,7123.73866,18995.45615,1041.6,26405.48335,7.426976326,10,0.22220297,0.099087758,0.470973608,1.660626008,0.276578983,429.0138959,1.442753623
2021-10-28,301,13412.08295,5805.891411,7606.191536,19217.97436,1041.6,26405.48335,7.126566312,10,0.22220297,0.099087758,0.470973608,1.660626008,0.276578983,435.2673245,1.275181159
2021-10-29,302,13755.28155,5680.757046,8074.524508,19436.0386,1041.6,26405.48335,7.221900579,10,0.22220297,0.099087758,0.470973608,1.660626008,0.276578983,434.288813,1.257971014
2021-10-30,303,14086.89789,5561.117812,8525.780082,19648.01571,1041.6,26405.48335,6.975307765,10,0.22220297,0.099087758,0.470973608,1.660626008,0.276578983,436.4685527,1.210869565
2021-10-31,304,14404.63664,5447.571298,8957.065338,19852.20793,1041.6,26405.48335,6.990331439,10,0.22220297,0.099087758,0.470973608,1.660626008,0.276578983,426.3193317,0.927355072
2021-11-01,305,14706.20245,5340.643299,9365.55915,20046.84575,1041.6,26405.48335,6.980794258,10,0.22220297,0.099087758,0.470973608,1.660626008,0.276578983,428.4382757,0.642934783
2021-11-02,306,14989.3,5240.782025,9748.517975,20230.08202,1041.6,26405.48335,6.873189504,11,0.22220297,0.099087758,0.470973608,1.660626008,0.276578983,433.2757353,0.486231884
2021-11-03,307,15252.10764,5148.2532,10103.85444,20400.36084,1041.6,26405.48335,7.040793605,11,0.22220297,0.099087758,0.470973608,1.660626008,0.625414274,448.4428303,0.330434783
2021-11-04,308,15494.69844,5062.861382,10431.83706,20557.55982,1041.6,26405.48335,7.315889524,11,0.22220297,0.099087758,0.470973608,1.660626008,0.603188687,441.1807281,0.305072464
2021-11-05,309,15717.61916,4984.299653,10733.31951,20701.91882,1041.6,26405.48335,7.765048341,11,0.22220297,0.099087758,0.470973608,1.660626008,0.276578983,429.8426242,1.075
2021-11-06,310,15921.41656,4912.258175,11009.15838,20833.67473,1041.6,26405.48335,7.605628472,11,0.22220297,0.099087758,0.470973608,1.660626008,0.276578983,428.4037585,1.267028986
2021-11-07,311,16106.63738,4846.425099,11260.21228,20953.06248,1041.6,26405.48335,7.212602085,11,0.22220297,0.099087758,0.470973608,1.660626008,0.276578983,427.6182937,1.370132325
2021-11-08,312,16273.82839,4786.487545,11487.34084,21060.31593,1041.6,26405.48335,6.726064343,11,0.22220297,0.099087758,0.470973608,1.660626008,0.276578983,432.7600682,1.420108696
2021-11-09,313,16423.53634,4732.132616,11691.40372,21155.66895,1041.6,26405.48335,6.33735058,11,0.22220297,0.099087758,0.470973608,1.660626008,0.651546118,430.9815396,1.442753623
2021-11-10,314,16556.30798,4683.048408,11873.25958,21239.35639,1041.6,26405.48335,6.43083941,11,0.22220297,0.099087758,0.470973608,1.660626008,0.254314711,431.6234122,1.532427536
2021-11-11,315,16672.69008,4638.925018,12033.76506,21311.6151,1041.6,26405.48335,6.360688368,11,0.22220297,0.099087758,0.470973608,1.660626008,0.276578983,435.3904592,1.49076087
2021-11-12,316,16773.22939,4599.455506,12173.77388,21372.68489,1041.6,26405.48335,6.335516073,11,0.22220297,0.099087758,0.470973608,1.660626008,0.276578983,444.6528177,2.45634058
2021-11-13,317,16858.47266,4564.336799,12294.13586,21422.80945,1041.6,26405.48335,6.150442274,11,0.22220297,0.099087758,0.470973608,1.660626008,0.276578983,438.8357953,2.690036232
2021-11-14,318,16928.96664,4533.270518,12395.69612,21462.23716,1041.6,26405.48335,6.199859266,11,0.22220297,0.099087758,0.470973608,1.660626008,0.276578983,430.6087329,1.672826087
2021-11-15,319,16985.2581,4505.963727,12479.29438,21491.22183,1041.6,26405.48335,6.504528369,11,0.22220297,0.099087758,0.470973608,1.660626008,0.276578983,426.3407966,1.368478261
2021-11-16,320,17027.8938,4482.129573,12545.76422,21510.02337,1041.6,26405.48335,6.226205039,11,0.22220297,0.099087758,0.470973608,1.660626008,0.276578983,431.2964891,1.29692029
2021-11-17,321,17057.42047,4461.487845,12595.93263,21518.90832,1041.6,26405.48335,6.089780617,11,0.22220297,0.099087758,0.470973608,1.660626008,0.276578983,434.3676242,1.10942029
2021-11-18,322,17074.38489,4443.76542,12630.61947,21518.15031,1041.6,26405.48335,5.868221489,11,0.22220297,0.099087758,0.470973608,1.660626008,0.276578983,432.7470357,0.872101449
2021-11-19,323,17079.33381,4428.696628,12650.63718,21508.03044,1041.6,26405.48335,5.736570922,11,0.22220297,0.099087758,0.470973608,1.660626008,0.276578983,431.6285614,0.850362319
2021-11-20,324,17072.81398,4416.023525,12656.79045,21488.8375,1041.6,26405.48335,5.442927826,11,0.22220297,0.099087758,0.470973608,1.660626008,0.276578983,434.0604189,1.220833333
2021-11-21,325,17055.37215,4405.496092,12649.87606,21460.86824,1041.6,26405.48335,5.365639545,11,0.22220297,0.099087758,0.470973608,1.660626008,0.276578983,434.1002895,0.99076087
2021-11-22,326,17027.55509,4396.872369,12630.68272,21424.42746,1041.6,26405.48335,5.440463351,11,0.22220297,0.099087758,0.470973608,1.660626008,0.276578983,437.7336375,0.785144928
2021-11-23,327,16989.90955,4389.918542,12599.99101,21379.82809,1041.6,26405.48335,5.616771701,11,0.22220297,0.099087758,0.470973608,1.660626008,0.276578983,432.1875042,0.594021739
2021-11-24,328,16942.98228,4384.408987,12558.5733,21327.39127,1041.6,26405.48335,5.621621528,11,0.22220297,0.099087758,0.470973608,1.660626008,0.276578983,431.9892297,0.556884058
2021-11-25,329,16887.32005,4380.126298,12507.19375,21267.44635,1041.6,26405.48335,5.463818576,11,0.22220297,0.099087758,0.470973608,1.660626008,0.276578983,434.6354774,0.430072464
2021-11-26,330,16823.4696,4376.8613,12446.6083,21200.3309,1041.6,26405.48335,5.547949423,11,0.22220297,0.099087758,0.470973608,1.660626008,0.276578983,427.2789939,0.36576087
2021-11-27,331,16751.97769,4374.413075,12377.56462,21126.39077,1041.6,26405.48335,5.627712533,11,0.22220297,0.099087758,0.470973608,1.660626008,0.276578983,443.9469639,0.286956522
2021-11-28,332,16673.39108,4372.589003,12300.80208,21045.98008,1041.6,26405.48335,5.688208514,11,0.22220297,0.099087758,0.470973608,1.660626008,0.276578983,438.8863233,0.554166667
2021-11-29,333,16588.25652,4371.204834,12217.05169,20959.46136,1041.6,26405.48335,5.37390191,11,0.22220297,0.099087758,0.470973608,1.660626008,0.276578983,440.0747974,0.767934783
2021-11-30,334,16497.12078,4370.084813,12127.03596,20867.20559,1041.6,26405.48335,5.131903164,11,0.22220297,0.099087758,0.470973608,1.660626008,0.276578983,441.9932814,0.781521739
2021-12-01,335,16400.53059,4369.061858,12031.46873,20769.59245,1041.6,26405.48335,4.81651298,11,0.22220297,0.099087758,0.470973608,1.660626008,0.218748921,435.1950895,0.681884058
2021-12-02,336,16299.03273,4367.977802,11931.05492,20667.01053,1041.6,26405.48335,5.071640625,12,0.22220297,0.099087758,0.470973608,1.660626008,0.218748921,430.5580801,0.552451434
2021-12-03,337,16193.17394,4366.683734,11826.4902,20559.85767,1041.6,26405.48335,5.052815972,12,0.22220297,0.099087758,0.470973608,1.660626008,0.218748921,432.9717601,0.419202899
2021-12-04,338,16083.50098,4365.040412,11718.46057,20448.54139,1041.6,26405.48335,5.185184028,12,0.22220297,0.099087758,0.470973608,1.660626008,0.218748921,435.3907956,0.309601449
2021-12-05,339,15970.56061,4362.918796,11607.64181,20333.4794,1041.6,26405.48335,5.280376736,12,0.22220297,0.099087758,0.470973608,1.660626008,0.218748921,442.1549271,0.261594203
2021-12-06,340,15854.89958,4360.200692,11494.69889,20215.10027,1041.6,26405.48335,5.154682332,12,0.22220297,0.099087758,0.470973608,1.660626008,0.218748921,438.1600104,0.167391304
2021-12-07,341,15737.06465,4356.779528,11380.28512,20093.84417,1041.6,26405.48335,5.145450827,12,0.22220297,0.099087758,0.470973608,1.660626008,0.218748921,434.2032544,0.2
2021-12-08,342,15617.60257,4352.561268,11265.0413,19970.16384,1041.6,26405.48335,5.057312609,12,0.22220297,0.099087758,0.470973608,1.660626008,0.218748921,436.075283,0.264311594
2021-12-09,343,15497.0601,4347.465489,11149.59461,19844.52559,1041.6,26405.48335,4.855744681,12,0.22220297,0.099087758,0.470973608,1.660626008,0.218748921,439.907461,0.373913043
2021-12-10,344,15375.98399,4341.426626,11034.55737,19717.41062,1041.6,26405.48335,4.890064453,12,0.22220297,0.099087758,0.470973608,1.660626008,0.218748921,439.9490194,0.394746377
2021-12-11,345,15254.92101,4334.395399,10920.52561,19589.31641,1041.6,26405.48335,5.361993743,12,0.22220297,0.099087758,0.470973608,1.660626008,0.218748921,443.913048,0.620289855
2021-12-12,346,15134.4179,4326.340452,10808.07745,19460.75835,1041.6,26405.48335,5.332073375,12,0.22220297,0.099087758,0.470973608,1.660626008,0.218748921,439.872447,1.807789855
2021-12-13,347,15015.02143,4317.250203,10697.77122,19332.27163,1041.6,26405.48335,5.367294906,12,0.22220297,0.099087758,0.470973608,1.660626008,0.218748921,434.5382399,1.614855072
2021-12-14,348,14897.27834,4307.134934,10590.1434,19204.41327,1041.6,26405.48335,5.282398396,12,0.22220297,0.099087758,0.470973608,1.660626008,0.218748921,427.1632245,1.286956522
2021-12-15,349,14781.73539,4296.029126,10485.70626,19077.76452,1041.6,26405.48335,5.190327257,12,0.22220297,0.099087758,0.470973608,1.660626008,0.218748921,441.5185936,1.045108696
2021-12-16,350,14668.93934,4283.994064,10384.94528,18952.93341,1041.6,26405.48335,4.99115625,12,0.22220297,0.099087758,0.470973608,1.660626008,0.218748921,441.4510359,0.844021739
2021-12-17,351,14559.43695,4271.120711,10288.31624,18830.55766,1041.6,26405.48335,4.875914894,12,0.22220297,0.099087758,0.470973608,1.660626008,0.218748921,441.959522,0.695471014
2021-12-18,352,14453.77496,4257.532858,10196.24211,18711.30782,1041.6,26405.48335,5.015912879,12,0.22220297,0.099087758,0.470973608,1.660626008,0.218748921,444.9515984,0.562318841
2021-12-19,353,14352.50014,4243.390551,10109.10959,18595.8907,1041.6,26405.48335,5.099726326,12,0.22220297,0.099087758,0.470973608,1.660626008,0.218748921,445.8950582,1.065036232
2021-12-20,354,14256.15925,4228.89377,10027.26548,18485.05302,1041.6,26405.48335,5.327448864,12,0.22220297,0.099087758,0.470973608,1.660626008,0.218748921,445.1504972,1.33134058
2021-12-21,355,14165.29902,4214.286325,9951.012699,18379.58535,1041.6,26405.48335,5.585,12,0.22220297,0.099087758,0.470973608,1.660626008,0.218748921,439.76547,1.102173913
2021-12-22,356,14080.46623,4199.859921,9880.606313,18280.32616,1041.6,26405.48335,5.143775665,12,0.22220297,0.099087758,0.470973608,1.660626008,0.218748921,438.6068399,0.919202899
2021-12-23,357,14002.20763,4185.958301,9816.249331,18188.16593,1041.6,26405.48335,4.535572394,12,0.22220297,0.099087758,0.470973608,1.660626008,0.218748921,442.9469161,1.216304348
2021-12-24,358,13931.06997,4172.981333,9758.08864,18104.05131,1041.6,26405.48335,4.583677515,12,0.22220297,0.099087758,0.470973608,1.660626008,0.218748921,477.2291152,1.500724638
2021-12-25,359,13867.60001,4161.388903,9706.21111,18028.98892,1041.6,26405.48335,4.9731875,12,0.22220297,0.099087758,0.470973608,1.660626008,0.218748921,472.6026692,1.328623188
2021-12-26,360,13812.34451,4151.704365,9660.640143,17964.04887,1041.6,26405.48335,4.828830368,12,0.22220297,0.099087758,0.470973608,1.660626008,0.218748921,434.5293185,1.071376812
2021-12-27,361,13765.85021,4144.517298,9621.332914,17910.36751,1041.6,26405.48335,4.627488568,12,0.22220297,0.099087758,0.470973608,1.660626008,0.218748921,452.1851343,0.867572464
2021-12-28,362,13728.66388,4140.485249,9588.178633,17869.14913,1041.6,26405.48335,4.805994203,12,0.22220297,0.099087758,0.470973608,1.660626008,0.218748921,450.5844233,0.642028986
2021-12-29,363,13701.33227,4140.334074,9560.9982,17841.66635,1041.6,26405.48335,4.463281576,12,0.22220297,0.099087758,0.470973608,1.660626008,0.218748921,453.4657766,0.501630435
2021-12-30,364,13684.40214,4144.856496,9539.545646,17829.25864,1041.6,26405.48335,4.18889375,12,0.22220297,0.099087758,0.470973608,1.660626008,0.218748921,453.5040697,0.367572464
2021-12-31,365,13678.42024,4154.908487,9523.511757,17833.32873,1041.6,26405.48335,4.257819792,12,0.22220297,0.099087758,0.470973608,1.660626008,0.218748921,452.3534823,0.26884058
2022-01-01,1,9287.75,7508.118343,1779.631657,16795.86834,1041.6,26405.48335,3.688247354,1,0.22220297,0.099087758,0.470973608,1.660626008,0.218748921,447.7743225,0.269628984
2022-01-02,2,9359.342868,7423.770397,1935.572471,16783.11327,1041.6,26405.48335,3.808845052,1,0.22220297,0.099087758,0.470973608,1.660626008,0.218748921,443.9430479,0.26299
2022-01-03,3,9428.821144,7341.703283,2087.117861,16770.52443,1041.6,26405.48335,3.31348545,1,0.22220297,0.099087758,0.470973608,1.660626008,0.218748921,467.5050953,0.2710925
2022-01-04,4,9493.959905,7261.820268,2232.139636,16755.78017,1041.6,26405.48335,3.535049479,1,0.22220297,0.099087758,0.470973608,1.660626008,0.218748921,534.6491856,0.238537292
2022-01-05,5,9552.534226,7183.970095,2368.564131,16736.50432,1041.6,26405.48335,3.640485564,1,0.22220297,0.099087758,0.470973608,1.660626008,0.218748921,640.3311031,0.216153229
2022-01-06,6,9602.319183,7107.947961,2494.371222,16710.26714,1041.6,26405.48335,3.381911458,1,0.22220297,0.099087758,0.470973608,1.660626008,0.218748921,485.993219,0.518433542
2022-01-07,7,9641.089853,7033.498226,2607.591626,16674.58808,1041.6,26405.48335,4.028882813,1,0.22220297,0.099087758,0.470973608,1.660626008,0.218748921,482.021507,1.788630417
2022-01-08,8,9666.621311,6960.318915,2706.302397,16626.94023,1041.6,26405.48335,4.256230469,1,0.22220297,0.099087758,0.470973608,1.660626008,0.218748921,452.1558979,1.740324167
2022-01-09,9,9676.688635,6888.068061,2788.620574,16564.7567,1041.6,26405.48335,3.983330729,1,0.22220297,0.099087758,0.470973608,1.660626008,0.218748921,441.8905421,1.093263229
2022-01-10,10,9669.066899,6816.371952,2852.694947,16485.43885,1041.6,26405.48335,3.932352865,1,0.22220297,0.099087758,0.470973608,1.660626008,0.218748921,448.8774442,0.847758333
2022-01-11,11,9641.531181,6744.835327,2896.695854,16386.36651,1041.6,26405.48335,3.975386152,1,0.22220297,0.099087758,0.470973608,1.660626008,0.218748921,472.3729619,0.693850833
2022-01-12,12,9591.856555,6673.05359,2918.802965,16264.91015,1041.6,26405.48335,4.107078125,1,0.22220297,0.099087758,0.470973608,1.660626008,0.218748921,476.6174411,0.660431667
2022-01-13,13,9517.818099,6600.627171,2917.190929,16118.44527,1041.6,26405.48335,4.010066474,1,0.22220297,0.099087758,0.470973608,1.660626008,0.218748921,475.4044311,0.784847292
2022-01-14,14,9417.190889,6527.178173,2890.012716,15944.36906,1041.6,26405.48335,4.110770202,1,0.22220297,0.099087758,0.470973608,1.660626008,0.218748921,477.967093,0.9032375
2022-01-15,15,9287.75,6452.369565,2835.380435,15740.11956,1041.6,26405.48335,3.927773958,1,0.22220297,0.099087758,0.470973608,1.660626008,0.218748921,472.1875009,0.837856771
2022-01-16,16,9128.215321,6376.031089,2752.184232,15504.24641,1041.6,26405.48335,3.512542299,1,0.22220297,0.099087758,0.470973608,1.660626008,0.218748921,459.6067254,0.735276563
2022-01-17,17,8941.085992,6298.48453,2642.601462,15239.57052,1041.6,26405.48335,3.794052138,1,0.22220297,0.099087758,0.470973608,1.660626008,0.218748921,473.6561375,0.635280417
2022-01-18,18,8729.805964,6220.206344,2509.59962,14950.01231,1041.6,26405.48335,3.402543547,1,0.22220297,0.099087758,0.470973608,1.660626008,0.218748921,474.2665716,0.560294271
2022-01-19,19,8497.819187,6141.698665,2356.120523,14639.51785,1041.6,26405.48335,3.726344907,1,0.22220297,0.099087758,0.470973608,1.660626008,0.218748921,467.9757028,0.553467604
2022-01-20,20,8248.569615,6063.469308,2185.100307,14312.03892,1041.6,26405.48335,3.760668667,1,0.22220297,0.099087758,0.470973608,1.660626008,0.218748921,464.7294881,0.738563854
2022-01-21,21,7985.501198,5986.013061,1999.488137,13971.51426,1041.6,26405.48335,3.689423628,1,0.22220297,0.099087758,0.470973608,1.660626008,0.218748921,443.8715249,1.058165417
2022-01-22,22,7712.057888,5909.794388,1802.263499,13621.85228,1041.6,26405.48335,3.769471065,1,0.22220297,0.099087758,0.470973608,1.660626008,0.218748921,440.4252721,0.887994167
2022-01-23,23,7431.683636,5835.231783,1596.451853,13266.91542,1041.6,26405.48335,3.783185446,1,0.22220297,0.099087758,0.470973608,1.660626008,0.218748921,440.1324245,0.737753438
2022-01-24,24,7147.822394,5762.684072,1385.138322,12910.50647,1041.6,26405.48335,3.883584615,1,0.22220297,0.099087758,0.470973608,1.660626008,0.218748921,440.0938284,0.635930938
2022-01-25,25,6863.918114,5692.43907,1171.479043,12556.35718,1041.6,26405.48335,3.833071842,1,0.22220297,0.099087758,0.470973608,1.660626008,0.218748921,443.0452579,0.568530833
2022-01-26,26,6583.414746,5624.705008,1041.6,12208.11975,1041.6,26405.48335,3.730787037,1,0.22220297,0.099087758,0.470973608,1.660626008,0.218748921,444.4239093,0.51483875
2022-01-27,27,6309.756244,5559.605201,1041.6,11869.36144,1041.6,26405.48335,3.692081967,1,0.22220297,0.099087758,0.470973608,1.660626008,0.218748921,447.0568887,0.458314375
2022-01-28,28,6046.386557,5497.176394,1041.6,11543.56295,1041.6,26405.48335,3.648888889,1,0.22220297,0.099087758,0.470973608,1.660626008,0.218748921,451.612686,0.40222625
2022-01-29,29,5796.749637,5437.371185,1041.6,11234.12082,1041.6,26405.48335,3.325251157,1,0.22220297,0.099087758,0.470973608,1.660626008,0.218748921,439.1752137,0.356455208
2022-01-30,30,5564.289437,5380.064882,1041.6,10944.35432,1041.6,26405.48335,3.141848276,1,0.22220297,0.099087758,0.470973608,1.660626008,0.218748921,443.2479261,0.316344792
2022-01-31,31,5352.449907,5325.06704,1041.6,10677.51695,1041.6,26405.48335,3.614011407,1,0.22220297,0.099087758,0.470973608,1.660626008,0.218748921,442.4209447,0.331801771
2022-02-01,32,5164.675,5272.137903,1041.6,10436.8129,1041.6,26405.48335,3.712236186,2,0.22220297,0.099087758,0.470973608,1.660626008,0.218748921,440.036594,0.312409479
2022-02-02,33,5003.567992,5221.001453,1041.6,10224.56944,1041.6,26405.48335,3.718507208,2,0.22220297,0.099087758,0.470973608,1.660626008,0.218748921,440.9597446,0.292978646
2022-02-03,34,4868.369465,5171.369953,1041.6,10039.73942,1041.6,26405.48335,3.85192963,2,0.22220297,0.099087758,0.470973608,1.660626008,0.218748921,462.7854356,0.290126042
2022-02-04,35,4757.479325,5123.021745,1041.6,9880.50107,1041.6,26405.48335,3.589733473,2,0.22220297,0.099087758,0.470973608,1.660626008,0.218748921,443.5390294,0.301040417
2022-02-05,36,4669.29748,5075.807583,1041.6,9745.105063,1041.6,26405.48335,3.581161458,2,0.22220297,0.099087758,0.470973608,1.660626008,0.218748921,452.8628665,0.317520729
2022-02-06,37,4602.223836,5029.640761,1041.6,9631.864597,1041.6,26405.48335,3.54614561,2,0.22220297,0.099087758,0.470973608,1.660626008,0.218748921,433.7289765,0.342958333
2022-02-07,38,4554.658301,4984.487443,1041.6,9539.145744,1041.6,26405.48335,3.653619403,2,0.22220297,0.099087758,0.470973608,1.660626008,0.218748921,445.3117695,0.380017813
2022-02-08,39,4525.000782,4940.357292,1041.6,9465.358074,1041.6,26405.48335,3.53554469,2,0.22220297,0.099087758,0.470973608,1.660626008,0.218748921,442.6372585,0.422127708
2022-02-09,40,4511.651185,4897.294474,1041.6,9408.945659,1041.6,26405.48335,3.295992685,2,0.22220297,0.099087758,0.470973608,1.660626008,0.218748921,454.7088679,0.442193958
2022-02-10,41,4513.009417,4855.369095,1041.6,9368.378512,1041.6,26405.48335,3.225460417,2,0.22220297,0.099087758,0.470973608,1.660626008,0.218748921,457.0103006,0.52477875
2022-02-11,42,4527.475386,4814.669144,1041.6,9342.14453,1041.6,26405.48335,2.934129979,2,0.22220297,0.099087758,0.470973608,1.660626008,0.218748921,444.608789,0.65675375
2022-02-12,43,4553.448999,4775.292982,1041.6,9328.741981,1041.6,26405.48335,2.441241667,2,0.22220297,0.099087758,0.470973608,1.660626008,0.218748921,441.1003112,0.643887396
2022-02-13,44,4589.330161,4737.342461,1041.6,9326.672622,1041.6,26405.48335,2.552245742,2,0.22220297,0.099087758,0.470973608,1.660626008,0.218748921,444.7818839,0.572378542
2022-02-14,45,4633.518781,4700.91673,1041.6,9334.435511,1041.6,26405.48335,2.953187898,2,0.22220297,0.099087758,0.470973608,1.660626008,0.218748921,455.7124655,0.531888125
2022-02-15,46,4684.414766,4666.106819,1041.6,9350.521585,1041.6,26405.48335,2.947654356,2,0.22220297,0.099087758,0.470973608,1.660626008,0.218748921,451.3975462,0.552191458
2022-02-16,47,4740.418022,4632.991076,1041.6,9373.409097,1041.6,26405.48335,3.200026515,2,0.22220297,0.099087758,0.470973608,1.660626008,0.218748921,428.8920229,0.526339063
2022-02-17,48,4799.928456,4601.631549,1041.6,9401.560004,1041.6,26405.48335,3.499076263,2,0.22220297,0.099087758,0.470973608,1.660626008,0.218748921,427.8516112,0.491930208
2022-02-18,49,4861.345975,4572.071396,1041.6,9433.417371,1041.6,26405.48335,3.334854167,2,0.22220297,0.099087758,0.470973608,1.660626008,0.218748921,426.8111994,0.464073542
2022-02-19,50,4923.070487,4544.333408,1041.6,9467.403895,1041.6,26405.48335,3.22433561,2,0.22220297,0.099087758,0.470973608,1.660626008,0.218748921,427.4351201,0.440947083
2022-02-20,51,4983.501898,4518.419712,1041.6,9501.921609,1041.6,26405.48335,3.205722275,2,0.22220297,0.099087758,0.470973608,1.660626008,0.284274099,424.4546257,0.485853958
2022-02-21,52,5041.040115,4494.312715,1041.6,9535.35283,1041.6,26405.48335,2.950887311,2,0.22220297,0.099087758,0.470973608,1.660626008,0.434792028,428.0054129,0.533072188
2022-02-22,53,5094.085045,4471.977349,1041.6,9566.062394,1041.6,26405.48335,2.697381541,2,0.22220297,0.099087758,0.470973608,1.660626008,0.098994407,427.0234406,0.499838125
2022-02-23,54,5141.036596,4451.36462,1041.6,9592.401216,1041.6,26405.48335,2.165886256,2,0.22220297,0.099087758,0.470973608,1.660626008,0.328221056,427.3470018,0.440008542
2022-02-24,55,5180.294673,4432.416509,1041.6,9612.711183,1041.6,26405.48335,2.220562619,2,0.22220297,0.099087758,0.470973608,1.660626008,0.218748921,433.5607989,0.390027917
2022-02-25,56,5210.259185,4415.072204,1041.6,9625.331389,1041.6,26405.48335,2.376778727,2,0.22220297,0.099087758,0.470973608,1.660626008,0.364472525,431.1980087,0.342100417
2022-02-26,57,5229.330038,4399.275663,1041.6,9628.605701,1041.6,26405.48335,2.598560606,2,0.22220297,0.099087758,0.470973608,1.660626008,0.162639034,428.8352186,0.303354063
2022-02-27,58,5235.907139,4384.984499,1041.6,9620.891638,1041.6,26405.48335,2.685831361,2,0.22220297,0.099087758,0.470973608,1.660626008,0.070117718,426.4724284,0.294741771
2022-02-28,59,5228.390395,4372.180139,1041.6,9600.570534,1041.6,26405.48335,3.413169471,2,0.22220297,0.099087758,0.470973608,1.660626008,0.218748921,424.1096382,1.128551354
2022-03-01,60,5205.179713,4360.879238,1041.6,9566.058951,1041.6,26405.48335,3.6553225,2,0.22220297,0.099087758,0.470973608,1.660626008,0.72132832,426.8336221,2.428693021
2022-03-02,61,5164.675,4351.146293,1041.6,9515.821293,1041.6,26405.48335,2.845146875,3,0.22220297,0.099087758,0.470973608,1.660626008,0.492156774,434.5601749,1.641540417
2022-03-03,62,5105.760891,4343.128705,1041.6,9448.889596,1041.6,26405.48335,2.718188098,3,0.22220297,0.099087758,0.470973608,1.660626008,0.465931875,426.6956515,1.182346667
2022-03-04,63,5029.260929,4337.116576,1041.6,9366.377506,1041.6,26405.48335,2.633231491,3,0.22220297,0.099087758,0.470973608,1.660626008,0.619935256,429.5659659,0.919211354
2022-03-05,64,4936.483389,4333.447683,1041.6,9269.931072,1041.6,26405.48335,2.685902764,3,0.22220297,0.099087758,0.470973608,1.660626008,0.304807525,428.5978635,0.731365625
2022-03-06,65,4828.73654,4332.469143,1041.6,9161.205683,1041.6,26405.48335,2.828928786,3,0.22220297,0.099087758,0.470973608,1.660626008,0.551247742,430.6719104,0.595364583
2022-03-07,66,4707.328657,4334.524077,1041.6,9041.852733,1041.6,26405.48335,2.980986538,3,0.22220297,0.099087758,0.470973608,1.660626008,0.376922232,426.6387511,0.497392083
2022-03-08,67,4573.56801,4339.938853,1041.6,8913.506863,1041.6,26405.48335,3.16910322,3,0.22220297,0.099087758,0.470973608,1.660626008,0.88340612,428.9423569,0.432841563
2022-03-09,68,4428.762873,4349.011101,1041.6,8777.773974,1041.6,26405.48335,3.039407021,3,0.22220297,0.099087758,0.470973608,1.660626008,0.673873711,428.5802548,0.435462917
2022-03-10,69,4274.221516,4361.99874,1041.6,8636.220256,1041.6,26405.48335,2.841178538,3,0.22220297,0.099087758,0.470973608,1.660626008,0.304807525,431.5583004,0.399860313
2022-03-11,70,4111.252214,4379.110279,1041.6,8490.362492,1041.6,26405.48335,2.93928225,3,0.22220297,0.099087758,0.470973608,1.660626008,0.429446216,445.0702518,0.376950625
2022-03-12,71,3941.163237,4400.496629,1041.6,8341.659865,1041.6,26405.48335,3.127958852,3,0.22220297,0.099087758,0.470973608,1.660626008,0.585392869,440.7379795,0.33277875
2022-03-13,72,3765.262858,4426.244639,1041.6,8191.507496,1041.6,26405.48335,3.230626894,3,0.22220297,0.099087758,0.470973608,1.660626008,0.228902462,451.2556746,0.402664479
2022-03-14,73,3584.859349,4456.372504,1041.6,8041.231853,1041.6,26405.48335,3.184355469,3,0.22220297,0.099087758,0.470973608,1.660626008,0.304807525,458.9548666,0.683642292
2022-03-15,74,3401.260982,4490.827122,1041.6,7892.088104,1041.6,26405.48335,3.22657075,3,0.22220297,0.099087758,0.470973608,1.660626008,0.133062447,438.9684349,0.832608125
2022-03-16,75,3215.776029,4529.483376,1041.6,7745.259405,1041.6,26405.48335,3.058696793,3,0.22220297,0.099087758,0.470973608,1.660626008,0.304807525,442.2806411,1.039544167
2022-03-17,76,3029.712764,4572.145249,1041.6,7601.858013,1041.6,26405.48335,3.145351992,3,0.22220297,0.099087758,0.470973608,1.660626008,0.304807525,442.9505955,0.818204792
2022-03-18,77,2844.379457,4618.548583,1041.6,7462.92804,1041.6,26405.48335,3.330890078,3,0.22220297,0.099087758,0.470973608,1.660626008,0.304807525,473.8461833,0.672064271
2022-03-19,78,2661.084381,4668.365227,1041.6,7329.449608,1041.6,26405.48335,3.455164929,3,0.22220297,0.099087758,0.470973608,1.660626008,0.304807525,468.0850246,0.603028438
2022-03-20,79,2481.135808,4721.208307,1041.6,7202.344116,1041.6,26405.48335,3.485520379,3,0.22220297,0.099087758,0.470973608,1.660626008,0.268666363,439.3935961,0.553454792
2022-03-21,80,2305.842011,4776.638295,1041.6,7082.480306,1041.6,26405.48335,3.667470192,3,0.22220297,0.099087758,0.470973608,1.660626008,0.304807525,443.2525594,0.501040313
2022-03-22,81,2136.511261,4834.16959,1041.6,6970.680851,1041.6,26405.48335,3.817701961,3,0.22220297,0.099087758,0.470973608,1.660626008,0.06172305,465.5066855,0.469621458
2022-03-23,82,1974.451831,4893.277348,1041.6,6867.72918,1041.6,26405.48335,3.52486875,3,0.22220297,0.099087758,0.470973608,1.660626008,0.346186851,449.2121722,0.450755313
2022-03-24,83,1820.971993,4953.404313,1041.6,6774.376306,1041.6,26405.48335,3.564831301,3,0.22220297,0.099087758,0.470973608,1.660626008,0.191778826,438.8957236,0.442067188
2022-03-25,84,1677.380019,5013.967475,1041.6,6691.347495,1041.6,26405.48335,3.678347538,3,0.22220297,0.099087758,0.470973608,1.660626008,0.112219855,435.933049,0.39802625
2022-03-26,85,1544.984182,5074.364429,1041.6,6619.34861,1041.6,26405.48335,3.792878788,3,0.22220297,0.099087758,0.470973608,1.660626008,0.060444537,444.7850929,0.353617292
2022-03-27,86,1425.092753,5133.979333,1041.6,6559.072086,1041.6,26405.48335,3.955630268,3,0.22220297,0.099087758,0.470973608,1.660626008,0.192665092,445.9407661,0.32588125
2022-03-28,87,1319.014004,5192.188454,1041.6,6511.202458,1041.6,26405.48335,4.136634286,3,0.22220297,0.099087758,0.470973608,1.660626008,0.304807525,476.9705602,0.309116042
2022-03-29,88,1228.056209,5248.365269,1041.6,6476.421478,1041.6,26405.48335,4.135435873,3,0.22220297,0.099087758,0.470973608,1.660626008,0.304807525,446.1084872,0.290958646
2022-03-30,89,1153.527639,5301.885187,1041.6,6455.412825,1041.6,26405.48335,4.23482197,3,0.22220297,0.099087758,0.470973608,1.660626008,0.304807525,447.9559277,0.2669075
2022-03-31,90,1096.736566,5352.12993,1041.6,6448.866496,1041.6,26405.48335,4.113234568,3,0.22220297,0.099087758,0.470973608,1.660626008,0.382887151,435.72836,0.240588646
2022-04-01,91,1058.991262,5398.491661,1041.6,6457.482923,1041.6,26405.48335,4.010100379,3,0.22220297,0.099087758,0.470973608,1.660626008,0.409385984,435.6960196,0.214626458
2022-04-02,92,1041.6,5440.376955,1041.6,6481.976955,1041.6,26405.48335,3.987150925,4,0.22220297,0.099087758,0.470973608,1.660626008,0.21945655,433.8769922,0.192765417
2022-04-03,93,1045.521934,5477.301691,1041.6,6522.823626,1041.6,26405.48335,4.006948864,4,0.22220297,0.099087758,0.470973608,1.660626008,0.286062896,434.0425081,0.173839583
2022-04-04,94,1070.31975,5509.175191,1041.6,6579.494941,1041.6,26405.48335,4.209637311,4,0.22220297,0.099087758,0.470973608,1.660626008,0.304807525,436.4665916,0.304960313
2022-04-05,95,1115.207014,5536.039513,1041.6,6651.246527,1041.6,26405.48335,4.121405303,4,0.22220297,0.099087758,0.470973608,1.660626008,0.390427544,436.3186246,0.350154896
2022-04-06,96,1179.397295,5557.974787,1041.6,6737.372081,1041.6,26405.48335,4.186058712,4,0.22220297,0.099087758,0.470973608,1.660626008,0.304807525,436.1706577,0.315279063
2022-04-07,97,1262.104158,5575.093944,1041.6,6837.198102,1041.6,26405.48335,4.39260274,4,0.22220297,0.099087758,0.470973608,1.660626008,0.14824096,440.5046575,0.280463333
2022-04-08,98,1362.541173,5587.538203,1041.6,6950.079376,1041.6,26405.48335,4.563607008,4,0.22220297,0.099087758,0.470973608,1.660626008,0.045112048,441.8189463,0.255589896
2022-04-09,99,1479.921906,5595.473188,1041.6,7075.395094,1041.6,26405.48335,4.467944928,4,0.22220297,0.099087758,0.470973608,1.660626008,0.304807525,433.3684417,0.240378958
2022-04-10,100,1613.459924,5599.085571,1041.6,7212.545495,1041.6,26405.48335,4.516899618,4,0.22220297,0.099087758,0.470973608,1.660626008,0.287103663,442.5321666,0.234638229
2022-04-11,101,1762.368795,5598.580153,1041.6,7360.948948,1041.6,26405.48335,4.335357292,4,0.22220297,0.099087758,0.470973608,1.660626008,0.300083143,433.7272077,0.241693542
2022-04-12,102,1925.862087,5594.177304,1041.6,7520.039392,1041.6,26405.48335,4.263322917,4,0.22220297,0.099087758,0.470973608,1.660626008,0.217954478,426.5046298,0.243798229
2022-04-13,103,2103.153367,5586.110706,1041.6,7689.264073,1041.6,26405.48335,4.166890625,4,0.22220297,0.099087758,0.470973608,1.660626008,0.462037617,423.8966976,0.248092813
2022-04-14,104,2293.456202,5574.62533,1041.6,7868.081532,1041.6,26405.48335,4.150296296,4,0.22220297,0.099087758,0.470973608,1.660626008,0.22426168,425.8907998,0.255607708
2022-04-15,105,2495.984159,5559.975622,1041.6,8055.959781,1041.6,26405.48335,4.371884314,4,0.22220297,0.099087758,0.470973608,1.660626008,0.261880724,425.0880729,0.257378125
2022-04-16,106,2709.950806,5542.42384,1041.6,8252.374646,1041.6,26405.48335,4.500245303,4,0.22220297,0.099087758,0.470973608,1.660626008,0.231223086,425.6939057,0.252306771
2022-04-17,107,2934.569711,5522.238522,1041.6,8456.808233,1041.6,26405.48335,4.482016667,4,0.22220297,0.099087758,0.470973608,1.660626008,0.183441411,427.0777358,0.250307604
2022-04-18,108,3169.054441,5499.693052,1041.6,8668.747493,1041.6,26405.48335,4.441866667,4,0.22220297,0.099087758,0.470973608,1.660626008,0.381103918,427.2050199,0.264553542
2022-04-19,109,3412.618562,5475.064308,1041.6,8887.682871,1041.6,26405.48335,4.734565401,4,0.22220297,0.099087758,0.470973608,1.660626008,0.468128013,427.1952506,0.429904167
2022-04-20,110,3664.475644,5448.63136,1041.6,9113.107004,1041.6,26405.48335,5.110363715,4,0.22220297,0.099087758,0.470973608,1.660626008,0.260867479,429.4596928,0.547634792
2022-04-21,111,3923.839252,5420.674221,1041.6,9344.513473,1041.6,26405.48335,5.161140625,4,0.22220297,0.099087758,0.470973608,1.660626008,0.304807525,426.3698045,0.750474583
2022-04-22,112,4189.922955,5391.472628,1041.6,9581.395583,1041.6,26405.48335,5.299284722,4,0.22220297,0.099087758,0.470973608,1.660626008,0.318677389,428.9837021,0.855839375
2022-04-23,113,4461.940319,5361.304849,1041.6,9823.245168,1041.6,26405.48335,5.48526049,4,0.22220297,0.099087758,0.470973608,1.660626008,0.589886791,429.0774425,0.790339479
2022-04-24,114,4739.104913,5330.446511,1041.6,10069.55142,1041.6,26405.48335,5.594933393,4,0.22220297,0.099087758,0.470973608,1.660626008,0.304807525,427.772452,0.749573229
2022-04-25,115,5020.630303,5299.169452,1041.6,10319.79976,1041.6,26405.48335,5.707157255,4,0.22220297,0.099087758,0.470973608,1.660626008,0.304807525,433.523691,0.7372425
2022-04-26,116,5305.730057,5267.740598,1041.6,10573.47066,1041.6,26405.48335,6.026460069,4,0.22220297,0.099087758,0.470973608,1.660626008,0.304807525,429.5312332,0.709921042
2022-04-27,117,5593.617743,5236.420864,1041.6,10830.03861,1041.6,26405.48335,5.755485549,4,0.22220297,0.099087758,0.470973608,1.660626008,0.304807525,430.9416663,0.683587813
2022-04-28,118,5883.506927,5205.464108,1041.6,11088.97104,1041.6,26405.48335,5.837848958,4,0.22220297,0.099087758,0.470973608,1.660626008,0.304807525,429.2301144,0.591510208
2022-04-29,119,6174.611178,5175.116126,1041.6,11349.7273,1041.6,26405.48335,6.058408363,4,0.22220297,0.099087758,0.470973608,1.660626008,0.304807525,429.7126787,0.516303229
2022-04-30,120,6466.144062,5145.613723,1320.530339,11611.75778,1041.6,26405.48335,6.214819471,4,0.22220297,0.099087758,0.470973608,1.660626008,0.304807525,429.7740299,0.608619167
2022-05-01,121,6757.319147,5117.183876,1640.135271,11874.50302,1041.6,26405.48335,6.082574635,4,0.22220297,0.099087758,0.470973608,1.660626008,0.304807525,429.8353812,0.736095938
2022-05-02,122,7047.35,5090.043,1957.307,12137.393,1041.6,26405.48335,5.71459375,5,0.22220297,0.099087758,0.470973608,1.660626008,0.304807525,429.8967325,0.625215521
2022-05-03,123,7335.61973,5064.371891,2271.247839,12399.99162,1041.6,26405.48335,5.838634211,5,0.22220297,0.099087758,0.470973608,1.660626008,0.304807525,429.9580837,0.528169271
2022-05-04,124,7622.189606,5040.24521,2581.944396,12662.43482,1041.6,26405.48335,5.934190789,5,0.22220297,0.099087758,0.470973608,1.660626008,0.304807525,441.3838083,0.453941563
2022-05-05,125,7907.29044,5017.71008,2889.58036,12925.00052,1041.6,26405.48335,5.82314974,5,0.22220297,0.099087758,0.470973608,1.660626008,0.304807525,457.3542798,0.40871875
2022-05-06,126,8191.153042,4996.810521,3194.342522,13187.96356,1041.6,26405.48335,6.0190625,5,0.22220297,0.099087758,0.470973608,1.660626008,0.304807525,446.7421346,0.522281875
2022-05-07,127,8474.008224,4977.586663,3496.421561,13451.59489,1041.6,26405.48335,5.885777344,5,0.22220297,0.099087758,0.470973608,1.660626008,0.304807525,440.1669391,1.40265
2022-05-08,128,8756.086797,4960.074085,3796.012712,13716.16088,1041.6,26405.48335,5.701933419,5,0.22220297,0.099087758,0.470973608,1.660626008,0.304807525,433.5917436,1.301552292
2022-05-09,129,9037.619571,4944.303261,4093.31631,13981.92283,1041.6,26405.48335,6.5868375,5,0.22220297,0.099087758,0.470973608,1.660626008,0.304807525,427.0165481,0.986044583
2022-05-10,130,9318.837357,4930.299158,4388.538199,14249.13652,1041.6,26405.48335,6.538674518,5,0.22220297,0.099087758,0.470973608,1.660626008,0.304807525,440.8478434,0.7752625
2022-05-11,131,9599.970966,4918.080963,4681.890004,14518.05193,1041.6,26405.48335,6.749468615,5,0.22220297,0.099087758,0.470973608,1.660626008,0.304807525,450.5373418,0.632825938
2022-05-12,132,9881.25121,4907.661958,4973.589252,14788.91317,1041.6,26405.48335,6.959489433,5,0.22220297,0.099087758,0.470973608,1.660626008,0.304807525,438.3865191,0.555804479
2022-05-13,133,10162.9089,4899.049556,5263.859342,15061.95846,1041.6,26405.48335,6.695727865,5,0.22220297,0.099087758,0.470973608,1.660626008,0.304807525,453.4055846,0.557426667
2022-05-14,134,10445.17484,4892.245484,5552.92936,15337.42033,1041.6,26405.48335,7.0149375,5,0.22220297,0.099087758,0.470973608,1.660626008,0.304807525,468.4246501,0.834412396
2022-05-15,135,10728.27986,4887.246118,5841.033737,15615.52597,1041.6,26405.48335,7.27775,5,0.22220297,0.099087758,0.470973608,1.660626008,0.304807525,483.4437156,1.067775729
2022-05-16,136,11012.45475,4884.042989,6128.411756,15896.49773,1041.6,26405.48335,7.495740448,5,0.22220297,0.099087758,0.470973608,1.660626008,0.304807525,453.3824566,0.825217083
2022-05-17,137,11297.93032,4882.623425,6415.306899,16180.55375,1041.6,26405.48335,8.374512484,5,0.22220297,0.099087758,0.470973608,1.660626008,0.304807525,460.6290346,0.652628021
2022-05-18,138,11584.9374,4882.971351,6701.966052,16467.90875,1041.6,26405.48335,8.10168062,5,0.22220297,0.099087758,0.470973608,1.660626008,0.304807525,463.6424846,0.556915625
2022-05-19,139,11873.70679,4885.068231,6988.638561,16758.77502,1041.6,26405.48335,7.909211679,5,0.22220297,0.099087758,0.470973608,1.660626008,0.304807525,460.5570171,0.49645
2022-05-20,140,12164.4693,4888.894146,7275.575157,17053.36345,1041.6,26405.48335,7.87105599,5,0.22220297,0.099087758,0.470973608,1.660626008,0.304807525,481.8539979,0.436947604
2022-05-21,141,12457.45575,4894.428996,7563.026751,17351.88474,1041.6,26405.48335,7.94943099,5,0.22220297,0.099087758,0.470973608,1.660626008,0.304807525,449.0180713,0.386959792
2022-05-22,142,12752.89693,4901.653822,7851.243112,17654.55076,1041.6,26405.48335,7.756846354,5,0.22220297,0.099087758,0.470973608,1.660626008,0.304807525,431.1465158,0.343160417
2022-05-23,143,13051.02368,4910.552238,8140.471437,17961.57591,1041.6,26405.48335,7.607318421,5,0.22220297,0.099087758,0.470973608,1.660626008,0.304807525,457.3185302,0.304210625
2022-05-24,144,13352.06678,4921.111958,8430.954825,18273.17874,1041.6,26405.48335,7.69338601,5,0.22220297,0.099087758,0.470973608,1.660626008,0.304807525,449.7980656,0.27248375
2022-05-25,145,13656.25707,4933.326406,8722.930661,18589.58347,1041.6,26405.48335,8.916934375,5,0.22220297,0.099087758,0.470973608,1.660626008,0.304807525,451.5903502,0.250151875
2022-05-26,146,13963.82534,4947.1964,9016.628938,18911.02174,1041.6,26405.48335,8.870861458,5,0.22220297,0.099087758,0.470973608,1.660626008,0.304807525,477.4416157,0.225075833
2022-05-27,147,14275.00241,4962.731899,9312.270508,19237.73431,1041.6,26405.48335,9.059772917,5,0.22220297,0.099087758,0.470973608,1.660626008,0.304807525,451.2722868,0.212273542
2022-05-28,148,14590.01909,4979.953796,9610.06529,19569.97288,1041.6,26405.48335,9.201178125,5,0.22220297,0.099087758,0.470973608,1.660626008,0.304807525,449.2179937,0.195651979
2022-05-29,149,14909.10618,4998.895739,9910.210445,19908.00192,1041.6,26405.48335,9.132985417,5,0.22220297,0.099087758,0.470973608,1.660626008,0.304807525,441.9440964,0.201766042
2022-05-30,150,15232.49451,5019.605979,10212.88854,20252.10049,1041.6,26405.48335,9.015076042,5,0.22220297,0.099087758,0.470973608,1.660626008,0.304807525,444.505151,0.176484271
2022-05-31,151,15560.41489,5042.149207,10518.26568,20602.56409,1041.6,26405.48335,9.307509574,5,0.22220297,0.099087758,0.470973608,1.660626008,0.304807525,441.7028073,0.162132292
2022-06-01,152,15893.09811,5066.608383,10826.48973,20959.70649,1041.6,26405.48335,9.339978125,5,0.22220297,0.099087758,0.470973608,1.660626008,0.058536959,476.2025645,0.151209792
2022-06-02,153,16230.775,5093.08652,11137.68848,21323.86152,1041.6,26405.48335,9.715260417,6,0.22220297,0.099087758,0.470973608,1.660626008,0.058536959,447.392057,0.140665104
2022-06-03,154,16573.51289,5121.710718,11451.80217,21695.22361,1041.6,26405.48335,10.18309688,6,0.22220297,0.099087758,0.470973608,1.660626008,0.058536959,476.9291165,0.131853021
2022-06-04,155,16920.72523,5152.62784,11768.09739,22073.35307,1041.6,26405.48335,10.10646461,6,0.22220297,0.099087758,0.470973608,1.660626008,0.058536959,447.8289994,0.124245104
2022-06-05,156,17271.662,5185.974352,12085.68765,22457.63635,1041.6,26405.48335,9.741823144,6,0.22220297,0.099087758,0.470973608,1.660626008,0.058536959,466.2755259,0.197662292
2022-06-06,157,17625.57317,5221.867657,12403.70552,22847.44083,1041.6,26405.48335,9.66659893,6,0.22220297,0.099087758,0.470973608,1.660626008,0.058536959,435.8605491,0.249347604
2022-06-07,158,17981.70872,5260.403146,12721.30558,23242.11187,1041.6,26405.48335,9.410672454,6,0.22220297,0.099087758,0.470973608,1.660626008,0.058536959,455.1717731,0.244658125
2022-06-08,159,18339.31863,5301.651762,13037.66686,23640.97039,1041.6,26405.48335,9.354088838,6,0.22220297,0.099087758,0.470973608,1.660626008,0.058536959,476.5856178,0.226754896
2022-06-09,160,18697.65286,5345.658077,13351.99478,24043.31094,1041.6,26405.48335,9.326368304,6,0.22220297,0.099087758,0.470973608,1.660626008,0.058536959,483.6620412,0.204583021
2022-06-10,161,19055.9614,5392.438906,13663.5225,24448.40031,1041.6,26405.48335,9.011619186,6,0.22220297,0.099087758,0.470973608,1.660626008,0.058536959,472.6622686,0.307437292
2022-06-11,162,19413.49422,5441.982438,13971.51179,24855.47666,1041.6,26405.48335,9.000354167,6,0.22220297,0.099087758,0.470973608,1.660626008,0.210105953,459.4738527,0.681626771
2022-06-12,163,19769.50131,5494.247877,14275.25343,25263.74918,1041.6,26405.48335,9.311672743,6,0.22220297,0.099087758,0.470973608,1.660626008,0.166629601,493.9254095,0.691173542
2022-06-13,164,20123.23262,5549.165558,14574.06706,25672.39818,1041.6,26405.48335,9.591286458,6,0.22220297,0.099087758,0.470973608,1.660626008,0.151724489,444.5775417,0.560100417
2022-06-14,165,20473.93814,5606.6375,14867.30065,26080.57564,1041.6,26405.48335,9.150472469,6,0.22220297,0.099087758,0.470973608,1.660626008,0.082113101,431.5377005,0.494075313
2022-06-15,166,20820.86786,5666.538354,15154.3295,26487.40621,1041.6,26405.48335,9.099368924,6,0.22220297,0.099087758,0.470973608,1.660626008,0.149178479,438.0902404,0.442255313
2022-06-16,167,21163.27173,5728.716694,15434.55503,26891.98842,1041.6,26405.48335,9.413043403,6,0.22220297,0.099087758,0.470973608,1.660626008,0.102420943,457.7655862,0.389026042
2022-06-17,168,21500.39974,5792.996592,15707.40314,27293.39633,1041.6,26405.48335,9.603981771,6,0.22220297,0.099087758,0.470973608,1.660626008,0.058536959,450.0490859,0.343919479
2022-06-18,169,21831.50186,5859.17942,15972.32244,27690.68128,1041.6,26405.48335,9.593312839,6,0.22220297,0.099087758,0.470973608,1.660626008,0.058536959,442.3325857,0.303684583
2022-06-19,170,22155.82807,5927.045832,16228.78224,28082.8739,1041.6,26405.48335,9.483804688,6,0.22220297,0.099087758,0.470973608,1.660626008,0.073674991,434.6160854,0.270026667
2022-06-20,171,22472.62835,5996.357866,16476.27048,28468.98622,1041.6,26405.48335,9.716142086,6,0.22220297,0.099087758,0.470973608,1.660626008,0.040851952,447.4274381,0.241736667
2022-06-21,172,22781.15267,6066.861117,16714.29155,28848.01378,1041.6,26405.48335,9.95270852,6,0.22220297,0.099087758,0.470973608,1.660626008,0.043042753,460.2387908,0.217231042
2022-06-22,173,23080.651,6138.286955,16942.36405,29218.93796,1041.6,26405.48335,9.451366454,6,0.22220297,0.099087758,0.470973608,1.660626008,0.076035477,473.0501435,0.195804896
2022-06-23,174,23370.37333,6210.354731,17160.0186,29580.72806,1041.6,26405.48335,9.680397697,6,0.22220297,0.099087758,0.470973608,1.660626008,0.024364254,485.8614962,0.175724271
2022-06-24,175,23649.56963,6282.773966,17366.79566,29932.3436,1041.6,26405.48335,9.911378472,6,0.22220297,0.099087758,0.470973608,1.660626008,0.058536959,464.4851029,0.158429896
2022-06-25,176,23917.48987,6355.246489,17562.24338,30272.73636,1041.6,26405.48335,10.24609809,6,0.22220297,0.099087758,0.470973608,1.660626008,0.058536959,468.0540553,0.143003646
2022-06-26,177,24173.38404,6427.468507,17745.91553,30600.85254,1041.6,26405.48335,10.36083941,6,0.22220297,0.099087758,0.470973608,1.660626008,0.130148161,468.1929814,0.129638646
2022-06-27,178,24416.5021,6499.132621,17917.36947,30915.63472,1041.6,26405.48335,10.53702026,6,0.22220297,0.099087758,0.470973608,1.660626008,0.058536959,445.8880833,0.11851375
2022-06-28,179,24646.09403,6569.929758,18076.16427,31216.02379,1041.6,26405.48335,10.69390538,6,0.22220297,0.099087758,0.470973608,1.660626008,0.058536959,466.1259727,0.108018438
2022-06-29,180,24861.40981,6639.551044,18221.85876,31500.96085,1041.6,26405.48335,10.5656793,6,0.22220297,0.099087758,0.470973608,1.660626008,0.058536959,465.6302576,0.102144375
2022-06-30,181,25061.69941,6707.689622,18354.00979,31769.38904,1041.6,26405.48335,10.86065365,6,0.22220297,0.099087758,0.470973608,1.660626008,0.058536959,478.4905262,0.099761875
2022-07-01,182,25246.21282,6774.04241,18472.17041,32020.25523,1041.6,26405.48335,10.92832292,6,0.22220297,0.099087758,0.470973608,1.660626008,0.058536959,487.0977433,0.097653958
2022-07-02,183,25414.2,6838.311843,18575.88816,32252.51184,1041.6,26405.48335,10.71979558,7,0.22220297,0.099087758,0.470973608,1.660626008,0.058536959,450.0188117,0.095824792
2022-07-03,184,25565.17099,6900.258462,18664.91253,32465.42945,1041.6,26405.48335,10.5913693,7,0.22220297,0.099087758,0.470973608,1.660626008,0.058536959,451.9433199,0.094055
2022-07-04,185,25699.67604,6959.859476,18739.81656,32659.53551,1041.6,26405.48335,10.73045833,7,0.22220297,0.099087758,0.470973608,1.660626008,0.058536959,463.0509886,0.09220375
2022-07-05,186,25818.52546,7017.162187,18801.36327,32835.68764,1041.6,26405.48335,10.8622404,7,0.22220297,0.099087758,0.470973608,1.660626008,0.058536959,481.1267103,0.090664271
2022-07-06,187,25922.52955,7072.23116,18850.29839,32994.76071,1041.6,26405.48335,10.92531629,7,0.22220297,0.099087758,0.470973608,1.660626008,0.058536959,481.7635214,0.089910938
2022-07-07,188,26012.49863,7125.145593,18887.35304,33137.64423,1041.6,26405.48335,11.02265072,7,0.22220297,0.099087758,0.470973608,1.660626008,0.058536959,474.3007346,0.088220625
2022-07-08,189,26089.24301,7175.996994,18913.24601,33265.24,1041.6,26405.48335,11.03233077,7,0.22220297,0.099087758,0.470973608,1.660626008,0.058536959,490.9511309,0.086444167
2022-07-09,190,26153.57298,7224.887135,18928.68585,33378.46012,1041.6,26405.48335,11.22613463,7,0.22220297,0.099087758,0.470973608,1.660626008,0.058536959,495.1474354,0.084815
2022-07-10,191,26206.29887,7271.926228,18934.37265,33478.2251,1041.6,26405.48335,11.50850434,7,0.22220297,0.099087758,0.470973608,1.660626008,0.058536959,450.3503163,0.083231771
2022-07-11,192,26248.23098,7317.231334,18930.99965,33565.46231,1041.6,26405.48335,11.59245139,7,0.22220297,0.099087758,0.470973608,1.660626008,0.058536959,483.0921899,0.081903958
2022-07-12,193,26280.17962,7360.92495,18919.25467,33641.10457,1041.6,26405.48335,12.12108464,7,0.22220297,0.099087758,0.470973608,1.660626008,0.058536959,501.483358,0.080592708
2022-07-13,194,26302.95509,7403.133764,18899.82132,33706.08885,1041.6,26405.48335,12.47814931,7,0.22220297,0.099087758,0.470973608,1.660626008,0.058536959,458.7045762,0.079201458
2022-07-14,195,26317.3677,7443.987576,18873.38013,33761.35528,1041.6,26405.48335,12.45358594,7,0.22220297,0.099087758,0.470973608,1.660626008,0.058536959,462.2594406,0.078182813
2022-07-15,196,26324.22777,7483.618355,18840.60942,33807.84612,1041.6,26405.48335,12.60893924,7,0.22220297,0.099087758,0.470973608,1.660626008,0.058536959,482.8540493,0.076935313
2022-07-16,197,26324.3456,7522.15942,18802.18618,33846.50502,1041.6,26405.48335,12.7197283,7,0.22220297,0.099087758,0.470973608,1.660626008,0.058536959,480.5498705,0.075800729
2022-07-17,198,26318.5315,7559.744756,18758.78674,33878.27626,1041.6,26405.48335,12.7378533,7,0.22220297,0.099087758,0.470973608,1.660626008,0.058536959,440.6604884,0.074902604
2022-07-18,199,26307.59578,7596.508437,18711.08734,33904.10421,1041.6,26405.48335,12.64711111,7,0.22220297,0.099087758,0.470973608,1.660626008,0.058536959,437.3795489,0.07388
2022-07-19,200,26292.34874,7632.584154,18659.76459,33924.93289,1041.6,26405.48335,12.34992768,7,0.22220297,0.099087758,0.470973608,1.660626008,0.058536959,475.5156716,0.072885208
2022-07-20,201,26273.6007,7668.104857,18605.49584,33941.70555,1041.6,26405.48335,12.46034296,7,0.22220297,0.099087758,0.470973608,1.660626008,0.058536959,499.1839789,0.071717604
2022-07-21,202,26252.16196,7703.202486,18548.95947,33955.36444,1041.6,26405.48335,12.18285963,7,0.22220297,0.099087758,0.470973608,1.660626008,0.058536959,494.7671818,0.07048875
2022-07-22,203,26228.84283,7738.007808,18490.83502,33966.85064,1041.6,26405.48335,12.71433073,7,0.22220297,0.099087758,0.470973608,1.660626008,0.058536959,470.0936645,0.069521146
2022-07-23,204,26204.45362,7772.650343,18431.80328,33977.10397,1041.6,26405.48335,12.92467014,7,0.22220297,0.099087758,0.470973608,1.660626008,0.058536959,440.9987951,0.068810625
2022-07-24,205,26179.80465,7807.25838,18372.54627,33987.06303,1041.6,26405.48335,13.00032692,7,0.22220297,0.099087758,0.470973608,1.660626008,0.058536959,458.8667422,0.068077292
2022-07-25,206,26155.7062,7841.959086,18313.74712,33997.66529,1041.6,26405.48335,12.93172383,7,0.22220297,0.099087758,0.470973608,1.660626008,0.058536959,489.5572039,0.067054583
2022-07-26,207,26132.96861,7876.878706,18256.0899,34009.84731,1041.6,26405.48335,13.11031735,7,0.22220297,0.099087758,0.470973608,1.660626008,0.058536959,485.1102227,0.065820938
2022-07-27,208,26112.40216,7912.142835,18200.25933,34024.545,1041.6,26405.48335,13.28524934,7,0.22220297,0.099087758,0.470973608,1.660626008,0.058536959,502.4246028,0.064492604
2022-07-28,209,26094.81718,7947.876791,18146.94039,34042.69397,1041.6,26405.48335,13.33042882,7,0.22220297,0.099087758,0.470973608,1.660626008,0.058536959,471.8067588,0.063562813
2022-07-29,210,26081.02397,7984.206052,18096.81792,34065.23002,1041.6,26405.48335,13.73690757,7,0.22220297,0.099087758,0.470973608,1.660626008,0.058536959,479.0538549,0.062824167
2022-07-30,211,26071.83284,8021.256781,18050.57606,34093.08962,1041.6,26405.48335,13.85889547,7,0.22220297,0.099087758,0.470973608,1.660626008,0.058536959,474.4543022,0.061730833
2022-07-31,212,26068.05409,8059.156423,18008.89767,34127.21052,1041.6,26405.48335,14.29201828,7,0.22220297,0.099087758,0.470973608,1.660626008,0.058536959,478.8328865,0.060653958
2022-08-01,213,26070.49805,8098.034368,17972.46368,34168.53241,1041.6,26405.48335,14.29277845,7,0.22220297,0.099087758,0.470973608,1.660626008,0.058536959,475.8427632,0.05956125
2022-08-02,214,26079.975,8138.022683,17941.95232,34217.99768,1041.6,26405.48335,14.16678051,8,0.22220297,0.099087758,0.470973608,1.660626008,0.058536959,456.2160215,0.0586825
2022-08-03,215,26096.92823,8179.188601,17917.73963,34276.11683,1041.6,26405.48335,14.01980142,8,0.22220297,0.099087758,0.470973608,1.660626008,0.058536959,438.9628964,0.058027396
2022-08-04,216,26120.33284,8221.326294,17899.00654,34341.65913,1041.6,26405.48335,14.41861545,8,0.22220297,0.099087758,0.470973608,1.660626008,0.058536959,444.8299944,0.057370625
2022-08-05,217,26148.79691,8264.153973,17884.64293,34412.95088,1041.6,26405.48335,14.48788721,8,0.22220297,0.099087758,0.470973608,1.660626008,0.058536959,446.0654683,0.056989271
2022-08-06,218,26180.9285,8307.379383,17873.54912,34488.30788,1041.6,26405.48335,14.6691901,8,0.22220297,0.099087758,0.470973608,1.660626008,0.058536959,458.3229448,0.056333854
2022-08-07,219,26215.33569,8350.698446,17864.63724,34566.03414,1041.6,26405.48335,14.77969895,8,0.22220297,0.099087758,0.470973608,1.660626008,0.058536959,454.7676708,0.055431563
2022-08-08,220,26250.62655,8393.794472,17856.83208,34644.42102,1041.6,26405.48335,14.56177846,8,0.22220297,0.099087758,0.470973608,1.660626008,0.058536959,502.8534452,0.054498125
2022-08-09,221,26285.40916,8436.33791,17849.07125,34721.74707,1041.6,26405.48335,14.53547665,8,0.22220297,0.099087758,0.470973608,1.660626008,0.058536959,458.1821558,0.054111354
2022-08-10,222,26318.29157,8477.986592,17840.30498,34796.27816,1041.6,26405.48335,14.68860777,8,0.22220297,0.099087758,0.470973608,1.660626008,0.058536959,438.9486508,0.053977604
2022-08-11,223,26347.88187,8518.386447,17829.49543,34866.26832,1041.6,26405.48335,14.33624066,8,0.22220297,0.099087758,0.470973608,1.660626008,0.058536959,432.6105068,0.053576563
2022-08-12,224,26372.78813,8557.172638,17815.61549,34929.96077,1041.6,26405.48335,14.18190246,8,0.22220297,0.099087758,0.470973608,1.660626008,0.058536959,455.4115206,0.052735417
2022-08-13,225,26391.61841,8593.971116,17797.6473,34985.58953,1041.6,26405.48335,14.17220498,8,0.22220297,0.099087758,0.470973608,1.660626008,0.012520644,447.0536549,0.052087813
2022-08-14,226,26402.9808,8628.400545,17774.58025,35031.38134,1041.6,26405.48335,14.37543578,8,0.22220297,0.099087758,0.470973608,1.660626008,0.058536959,466.7056672,0.051654271
2022-08-15,227,26405.48335,8660.074602,17745.40875,35065.55795,1041.6,26405.48335,14.6751176,8,0.22220297,0.099087758,0.470973608,1.660626008,0.029975121,484.5788316,0.051138958
2022-08-16,228,26397.73414,8688.604626,17709.12952,35086.33877,1041.6,26405.48335,14.97146441,8,0.22220297,0.099087758,0.470973608,1.660626008,0.009430521,482.5149545,0.050517188
2022-08-17,229,26378.34125,8713.60264,17664.73861,35091.94389,1041.6,26405.48335,14.80459115,8,0.22220297,0.099087758,0.470973608,1.660626008,0.031569744,496.3961776,0.049967708
2022-08-18,230,26345.91275,8734.684731,17611.22802,35080.59748,1041.6,26405.48335,14.43818272,8,0.22220297,0.099087758,0.470973608,1.660626008,0.058536959,495.4824518,0.049171875
2022-08-19,231,26299.0567,8751.474828,17547.58187,35050.53153,1041.6,26405.48335,14.55060614,8,0.22220297,0.099087758,0.470973608,1.660626008,0.058536959,472.1029237,0.049103021
2022-08-20,232,26236.38118,8763.608916,17472.77226,34999.99009,1041.6,26405.48335,14.52639357,8,0.22220297,0.099087758,0.470973608,1.660626008,0.158997428,457.2475625,0.048271354
2022-08-21,233,26156.49426,8770.739711,17385.75455,34927.23397,1041.6,26405.48335,14.30659635,8,0.22220297,0.099087758,0.470973608,1.660626008,0.058774793,459.4848312,0.047882188
2022-08-22,234,26058.00401,8772.541896,17285.46211,34830.5459,1041.6,26405.48335,14.09102569,8,0.22220297,0.099087758,0.470973608,1.660626008,0.072974104,453.3915421,0.04707875
2022-08-23,235,25939.5185,8768.717968,17170.80053,34708.23647,1041.6,26405.48335,13.78165439,8,0.22220297,0.099087758,0.470973608,1.660626008,0.058536959,455.973494,0.046549479
2022-08-24,236,25799.6458,8759.004815,17040.64099,34558.65062,1041.6,26405.48335,13.46318788,8,0.22220297,0.099087758,0.470973608,1.660626008,0.373271436,444.7754957,0.046209271
2022-08-25,237,25636.994,8743.181144,16893.81285,34380.17514,1041.6,26405.48335,13.32553369,8,0.22220297,0.099087758,0.470973608,1.660626008,0.058536959,486.4053541,0.046092917
2022-08-26,238,25450.17115,8721.075898,16729.09525,34171.24704,1041.6,26405.48335,13.71124575,8,0.22220297,0.099087758,0.470973608,1.660626008,0.058536959,482.9969935,0.046088229
2022-08-27,239,25237.78532,8692.577835,16545.20749,33930.36316,1041.6,26405.48335,13.74290489,8,0.22220297,0.099087758,0.470973608,1.660626008,0.348646525,430.4252388,0.045151875
2022-08-28,240,24998.4446,8657.646472,16340.79813,33656.09107,1041.6,26405.48335,13.52147135,8,0.22220297,0.099087758,0.470973608,1.660626008,0.058536959,431.0207736,0.045246354
2022-08-29,241,24730.75705,8616.324598,16114.43246,33347.08165,1041.6,26405.48335,13.62080783,8,0.22220297,0.099087758,0.470973608,1.660626008,0.108433305,447.3436571,0.045009583
2022-08-30,242,24433.33075,8568.752618,15864.57813,33002.08336,1041.6,26405.48335,13.79905821,8,0.22220297,0.099087758,0.470973608,1.660626008,0.169733135,461.6414409,0.04421875
2022-08-31,243,24104.77375,8515.184978,15589.58878,32619.95873,1041.6,26405.48335,13.3560408,8,0.22220297,0.099087758,0.470973608,1.660626008,0.131711317,485.1572957,0.043650521
2022-09-01,244,23743.69415,8456.008924,15287.68522,32199.70307,1041.6,26405.48335,13.09612846,8,0.22220297,0.099087758,0.470973608,1.660626008,0.146018236,474.6373706,0.042414896
2022-09-02,245,23348.7,8391.765854,14956.93415,31740.46585,1041.6,26405.48335,13.00952257,9,0.22220297,0.099087758,0.470973608,1.660626008,0.153202139,495.4432808,0.0398825
2022-09-03,246,22919.10747,8323.288688,14595.81878,31242.39616,1041.6,26405.48335,13.41637674,9,0.22220297,0.099087758,0.470973608,1.660626008,0.101853754,486.125792,0.039417917
2022-09-04,247,22457.06508,8252.005491,14205.05958,30709.07057,1041.6,26405.48335,13.20254688,9,0.22220297,0.099087758,0.470973608,1.660626008,0.167907842,448.806995,0.039658021
2022-09-05,248,21965.42942,8179.495481,13785.93394,30144.9249,1041.6,26405.48335,13.34112066,9,0.22220297,0.099087758,0.470973608,1.660626008,0.276578983,458.8725375,0.039148854
2022-09-06,249,21447.05711,8107.339959,13339.71715,29554.39707,1041.6,26405.48335,13.50238021,9,0.22220297,0.099087758,0.470973608,1.660626008,0.276578983,457.1614235,0.038803333
2022-09-07,250,20904.80475,8037.09774,12867.70701,28941.90249,1041.6,26405.48335,13.55505934,9,0.22220297,0.099087758,0.470973608,1.660626008,0.276578983,487.2208314,0.038295833
2022-09-08,251,20341.52895,7970.278577,12371.25037,28311.80752,1041.6,26405.48335,13.49690601,9,0.22220297,0.099087758,0.470973608,1.660626008,0.276578983,459.1821243,0.037948646
2022-09-09,252,19760.0863,7908.314747,11851.77156,27668.40105,1041.6,26405.48335,12.91041756,9,0.22220297,0.099087758,0.470973608,1.660626008,0.276578983,471.8762675,0.03742875
2022-09-10,253,19163.33343,7852.531336,11310.80209,27015.86476,1041.6,26405.48335,12.92580278,9,0.22220297,0.099087758,0.470973608,1.660626008,0.520330454,481.6835932,0.03654875
2022-09-11,254,18554.12692,7804.116055,10750.01086,26358.24297,1041.6,26405.48335,12.60409462,9,0.22220297,0.099087758,0.470973608,1.660626008,0.276578983,462.7453331,0.036435521
2022-09-12,255,17935.32339,7764.089714,10171.23368,25699.4131,1041.6,26405.48335,12.5657328,9,0.22220297,0.099087758,0.470973608,1.660626008,0.352180429,467.3051454,0.037481042
2022-09-13,256,17309.77944,7733.278762,9576.500681,25043.0582,1041.6,26405.48335,12.27446435,9,0.22220297,0.099087758,0.470973608,1.660626008,0.276578983,462.2121868,0.038361146
2022-09-14,257,16680.35168,7712.291356,8968.060327,24392.64304,1041.6,26405.48335,12.11484277,9,0.22220297,0.099087758,0.470973608,1.660626008,0.276578983,463.8530305,0.037488646
2022-09-15,258,16049.89671,7701.498435,8348.398279,23751.39515,1041.6,26405.48335,11.98175104,9,0.22220297,0.099087758,0.470973608,1.660626008,0.256178844,470.9209031,0.037280521
2022-09-16,259,15421.27114,7701.021031,7720.250113,23122.29218,1041.6,26405.48335,11.78893021,9,0.22220297,0.099087758,0.470973608,1.660626008,0.276578983,468.7135487,0.037129479
2022-09-17,260,14797.33158,7710.724671,7086.606907,22508.05625,1041.6,26405.48335,11.46336979,9,0.22220297,0.099087758,0.470973608,1.660626008,0.276578983,437.7161765,0.036978958
2022-09-18,261,14180.93462,7730.221239,6450.71338,21911.15586,1041.6,26405.48335,11.50885104,9,0.22220297,0.099087758,0.470973608,1.660626008,0.171460453,429.4996111,0.036828542
2022-09-19,262,13574.93687,7758.878092,5816.058781,21333.81497,1041.6,26405.48335,11.27789099,9,0.22220297,0.099087758,0.470973608,1.660626008,0.276578983,426.0232937,0.036678125
2022-09-20,263,12982.19495,7795.8337,5186.361247,20778.02865,1041.6,26405.48335,11.21935923,9,0.22220297,0.099087758,0.470973608,1.660626008,0.133296138,436.8279934,0.036369167
2022-09-21,264,12405.56544,7840.018649,4565.546795,20245.58409,1041.6,26405.48335,10.99874843,9,0.22220297,0.099087758,0.470973608,1.660626008,0.253316892,433.2155961,0.0355325
2022-09-22,265,11847.90497,7890.180586,3957.724384,19738.08556,1041.6,26405.48335,11.38023217,9,0.22220297,0.099087758,0.470973608,1.660626008,0.276578983,418.8314147,0.035643021
2022-09-23,266,11312.07013,7944.911548,3367.158583,19256.98168,1041.6,26405.48335,11.03544271,9,0.22220297,0.099087758,0.470973608,1.660626008,0.276578983,422.7167498,0.036011458
2022-09-24,267,10800.91753,8002.676224,2798.241308,18803.59376,1041.6,26405.48335,10.95563281,9,0.22220297,0.099087758,0.470973608,1.660626008,0.204796439,428.9991257,0.035475729
2022-09-25,268,10317.30378,8061.83986,2255.463918,18379.14364,1041.6,26405.48335,11.00395399,9,0.22220297,0.099087758,0.470973608,1.660626008,0.211051853,435.979296,0.035115938
2022-09-26,269,9864.085474,8120.694814,1743.39066,17984.78029,1041.6,26405.48335,11.13816622,9,0.22220297,0.099087758,0.470973608,1.660626008,0.269577192,439.8044934,0.034530729
2022-09-27,270,9444.119225,8177.485076,1266.634149,17621.6043,1041.6,26405.48335,11.22884183,9,0.22220297,0.099087758,0.470973608,1.660626008,0.191281436,447.2221152,0.034306667
2022-09-28,271,9060.261638,8230.428382,1041.6,17290.69002,1041.6,26405.48335,11.01516059,9,0.22220297,0.099087758,0.470973608,1.660626008,0.250027279,439.9597848,0.033942813
2022-09-29,272,8715.369316,8277.735826,1041.6,16993.10514,1041.6,26405.48335,10.61721826,9,0.22220297,0.099087758,0.470973608,1.660626008,0.35848813,429.2154432,0.039822708
2022-09-30,273,8412.298866,8317.629105,1041.6,16729.92797,1041.6,26405.48335,10.33271851,9,0.22220297,0.099087758,0.470973608,1.660626008,0.276578983,442.6136507,0.04236
2022-10-01,274,8153.906892,8348.355715,1041.6,16502.26261,1041.6,26405.48335,10.17659079,9,0.22220297,0.099087758,0.470973608,1.660626008,0.276578983,441.101381,0.003056979
2022-10-02,275,7943.05,8368.202568,1041.6,16311.25257,1041.6,26405.48335,10.26359115,10,0.22220297,0.099087758,0.470973608,1.660626008,0.472130785,444.4827979,0.002318021
2022-10-03,276,7781.726139,8375.759627,1041.6,16157.48577,1041.6,26405.48335,10.06902445,10,0.22220297,0.099087758,0.470973608,1.660626008,0.276578983,415.2055159,0.001670417
2022-10-04,277,7668.498634,8370.715083,1041.6,16039.21372,1041.6,26405.48335,10.18573,10,0.22220297,0.099087758,0.470973608,1.660626008,0.463577886,455.1900385,0.001204271
2022-10-05,278,7601.072152,8353.14983,1041.6,15954.22198,1041.6,26405.48335,9.943657118,10,0.22220297,0.099087758,0.470973608,1.660626008,0.821442245,455.6019133,0.000360729
2022-10-06,279,7577.151363,8323.27304,1041.6,15900.4244,1041.6,26405.48335,10.1943724,10,0.22220297,0.099087758,0.470973608,1.660626008,0.276578983,444.9621281,0.000268438
2022-10-07,280,7594.440934,8281.403115,1041.6,15875.84405,1041.6,26405.48335,10.19750588,10,0.22220297,0.099087758,0.470973608,1.660626008,0.276578983,441.1236434,7.26041666666667e-05
2022-10-08,281,7650.645534,8227.951785,1041.6,15878.59732,1041.6,26405.48335,10.22011719,10,0.22220297,0.099087758,0.470973608,1.660626008,0.932047009,442.1620829,1.10416666666667e-05
2022-10-09,282,7743.469832,8163.410796,1041.6,15906.88063,1041.6,26405.48335,10.09001047,10,0.22220297,0.099087758,0.470973608,1.660626008,0.276578983,440.9009037,0
2022-10-10,283,7870.618495,8088.340739,1041.6,15958.95923,1041.6,26405.48335,9.85737934,10,0.22220297,0.099087758,0.470973608,1.660626008,0.276578983,435.4910706,0
2022-10-11,284,8029.796193,8003.361608,1041.6,16033.1578,1041.6,26405.48335,9.391002604,10,0.22220297,0.099087758,0.470973608,1.660626008,0.276578983,427.1250172,0
2022-10-12,285,8218.707593,7909.144768,1041.6,16127.85236,1041.6,26405.48335,8.869653646,10,0.22220297,0.099087758,0.470973608,1.660626008,0.798970635,432.6436306,0
2022-10-13,286,8435.057364,7806.406056,1041.6,16241.46342,1041.6,26405.48335,9.034993913,10,0.22220297,0.099087758,0.470973608,1.660626008,0.788794872,431.6102212,0
2022-10-14,287,8676.550175,7695.899761,1041.6,16372.44994,1041.6,26405.48335,8.801763889,10,0.22220297,0.099087758,0.470973608,1.660626008,0.658152999,435.9297884,5.20833333333333e-07
2022-10-15,288,8940.890693,7578.413298,1362.477395,16519.30399,1041.6,26405.48335,8.714915799,10,0.22220297,0.099087758,0.470973608,1.660626008,0.739168887,444.6013068,0
2022-10-16,289,9225.783587,7454.762362,1771.021225,16680.54595,1041.6,26405.48335,8.811552563,10,0.22220297,0.099087758,0.470973608,1.660626008,0.742193321,436.0604418,0
2022-10-17,290,9528.933526,7325.786432,2203.147094,16854.71996,1041.6,26405.48335,8.747847594,10,0.22220297,0.099087758,0.470973608,1.660626008,0.621982986,442.5514368,0
2022-10-18,291,9848.045178,7192.344434,2655.700743,17040.38961,1041.6,26405.48335,8.787460069,10,0.22220297,0.099087758,0.470973608,1.660626008,0.276578983,439.6127613,0
2022-10-19,292,10180.82321,7055.310463,3125.512748,17236.13367,1041.6,26405.48335,8.679102877,10,0.22220297,0.099087758,0.470973608,1.660626008,0.276578983,437.056836,0
2022-10-20,293,10524.97229,6915.569388,3609.402905,17440.54168,1041.6,26405.48335,8.721561632,10,0.22220297,0.099087758,0.470973608,1.660626008,0.864449428,440.0488022,0
2022-10-21,294,10878.19709,6774.012251,4104.184842,17652.20935,1041.6,26405.48335,8.868440945,10,0.22220297,0.099087758,0.470973608,1.660626008,0.276578983,432.4695206,3.64583333333333e-05
2022-10-22,295,11238.20228,6631.531316,4606.670964,17869.7336,1041.6,26405.48335,8.862982639,10,0.22220297,0.099087758,0.470973608,1.660626008,0.276578983,434.4421605,0.012787083
2022-10-23,296,11602.69252,6489.014676,5113.677847,18091.7072,1041.6,26405.48335,8.369980216,10,0.22220297,0.099087758,0.470973608,1.660626008,0.276578983,434.1856665,0.005461042
2022-10-24,297,11969.37249,6347.340331,5622.032157,18316.71282,1041.6,26405.48335,8.162948795,10,0.22220297,0.099087758,0.470973608,1.660626008,0.276578983,434.1487622,0.005770208
2022-10-25,298,12335.94684,6207.369679,6128.577165,18543.31652,1041.6,26405.48335,8.262727273,10,0.22220297,0.099087758,0.470973608,1.660626008,0.856518211,429.7062224,0.009215
2022-10-26,299,12700.12026,6069.940397,6630.179864,18770.06066,1041.6,26405.48335,7.838638704,10,0.22220297,0.099087758,0.470973608,1.660626008,0.276578983,425.7727341,0.033574792
2022-10-27,300,13059.59741,5935.858746,7123.73866,18995.45615,1041.6,26405.48335,7.426976326,10,0.22220297,0.099087758,0.470973608,1.660626008,0.276578983,429.0138959,0.017707604
2022-10-28,301,13412.08295,5805.891411,7606.191536,19217.97436,1041.6,26405.48335,7.126566312,10,0.22220297,0.099087758,0.470973608,1.660626008,0.276578983,435.2673245,0.010628229
2022-10-29,302,13755.28155,5680.757046,8074.524508,19436.0386,1041.6,26405.48335,7.221900579,10,0.22220297,0.099087758,0.470973608,1.660626008,0.276578983,434.288813,0.021193125
2022-10-30,303,14086.89789,5561.117812,8525.780082,19648.01571,1041.6,26405.48335,6.975307765,10,0.22220297,0.099087758,0.470973608,1.660626008,0.276578983,436.4685527,0.019100729
2022-10-31,304,14404.63664,5447.571298,8957.065338,19852.20793,1041.6,26405.48335,6.990331439,10,0.22220297,0.099087758,0.470973608,1.660626008,0.276578983,426.3193317,0.021229688
2022-11-01,305,14706.20245,5340.643299,9365.55915,20046.84575,1041.6,26405.48335,6.980794258,10,0.22220297,0.099087758,0.470973608,1.660626008,0.276578983,428.4382757,0.039914688
2022-11-02,306,14989.3,5240.782025,9748.517975,20230.08202,1041.6,26405.48335,6.873189504,11,0.22220297,0.099087758,0.470973608,1.660626008,0.276578983,433.2757353,0.036563958
2022-11-03,307,15252.10764,5148.2532,10103.85444,20400.36084,1041.6,26405.48335,7.040793605,11,0.22220297,0.099087758,0.470973608,1.660626008,0.625414274,448.4428303,0.033589063
2022-11-04,308,15494.69844,5062.861382,10431.83706,20557.55982,1041.6,26405.48335,7.315889524,11,0.22220297,0.099087758,0.470973608,1.660626008,0.603188687,441.1807281,0.216190833
2022-11-05,309,15717.61916,4984.299653,10733.31951,20701.91882,1041.6,26405.48335,7.765048341,11,0.22220297,0.099087758,0.470973608,1.660626008,0.276578983,429.8426242,1.142338229
2022-11-06,310,15921.41656,4912.258175,11009.15838,20833.67473,1041.6,26405.48335,7.605628472,11,0.22220297,0.099087758,0.470973608,1.660626008,0.276578983,428.4037585,0.494080208
2022-11-07,311,16106.63738,4846.425099,11260.21228,20953.06248,1041.6,26405.48335,7.212602085,11,0.22220297,0.099087758,0.470973608,1.660626008,0.276578983,427.6182937,0.369875938
2022-11-08,312,16273.82839,4786.487545,11487.34084,21060.31593,1041.6,26405.48335,6.726064343,11,0.22220297,0.099087758,0.470973608,1.660626008,0.276578983,432.7600682,0.282336771
2022-11-09,313,16423.53634,4732.132616,11691.40372,21155.66895,1041.6,26405.48335,6.33735058,11,0.22220297,0.099087758,0.470973608,1.660626008,0.651546118,430.9815396,0.232968333
2022-11-10,314,16556.30798,4683.048408,11873.25958,21239.35639,1041.6,26405.48335,6.43083941,11,0.22220297,0.099087758,0.470973608,1.660626008,0.254314711,431.6234122,0.181358958
2022-11-11,315,16672.69008,4638.925018,12033.76506,21311.6151,1041.6,26405.48335,6.360688368,11,0.22220297,0.099087758,0.470973608,1.660626008,0.276578983,435.3904592,0.147311979
2022-11-12,316,16773.22939,4599.455506,12173.77388,21372.68489,1041.6,26405.48335,6.335516073,11,0.22220297,0.099087758,0.470973608,1.660626008,0.276578983,444.6528177,0.121667396
2022-11-13,317,16858.47266,4564.336799,12294.13586,21422.80945,1041.6,26405.48335,6.150442274,11,0.22220297,0.099087758,0.470973608,1.660626008,0.276578983,438.8357953,0.099090313
2022-11-14,318,16928.96664,4533.270518,12395.69612,21462.23716,1041.6,26405.48335,6.199859266,11,0.22220297,0.099087758,0.470973608,1.660626008,0.276578983,430.6087329,0.082513958
2022-11-15,319,16985.2581,4505.963727,12479.29438,21491.22183,1041.6,26405.48335,6.504528369,11,0.22220297,0.099087758,0.470973608,1.660626008,0.276578983,426.3407966,0.071085104
2022-11-16,320,17027.8938,4482.129573,12545.76422,21510.02337,1041.6,26405.48335,6.226205039,11,0.22220297,0.099087758,0.470973608,1.660626008,0.276578983,431.2964891,0.063476771
2022-11-17,321,17057.42047,4461.487845,12595.93263,21518.90832,1041.6,26405.48335,6.089780617,11,0.22220297,0.099087758,0.470973608,1.660626008,0.276578983,434.3676242,0.061609792
2022-11-18,322,17074.38489,4443.76542,12630.61947,21518.15031,1041.6,26405.48335,5.868221489,11,0.22220297,0.099087758,0.470973608,1.660626008,0.276578983,432.7470357,0.059076875
2022-11-19,323,17079.33381,4428.696628,12650.63718,21508.03044,1041.6,26405.48335,5.736570922,11,0.22220297,0.099087758,0.470973608,1.660626008,0.276578983,431.6285614,0.055947604
2022-11-20,324,17072.81398,4416.023525,12656.79045,21488.8375,1041.6,26405.48335,5.442927826,11,0.22220297,0.099087758,0.470973608,1.660626008,0.276578983,434.0604189,0.053131771
2022-11-21,325,17055.37215,4405.496092,12649.87606,21460.86824,1041.6,26405.48335,5.365639545,11,0.22220297,0.099087758,0.470973608,1.660626008,0.276578983,434.1002895,0.050607604
2022-11-22,326,17027.55509,4396.872369,12630.68272,21424.42746,1041.6,26405.48335,5.440463351,11,0.22220297,0.099087758,0.470973608,1.660626008,0.276578983,437.7336375,0.057412396
2022-11-23,327,16989.90955,4389.918542,12599.99101,21379.82809,1041.6,26405.48335,5.616771701,11,0.22220297,0.099087758,0.470973608,1.660626008,0.276578983,432.1875042,0.120953958
2022-11-24,328,16942.98228,4384.408987,12558.5733,21327.39127,1041.6,26405.48335,5.621621528,11,0.22220297,0.099087758,0.470973608,1.660626008,0.276578983,431.9892297,0.102670625
2022-11-25,329,16887.32005,4380.126298,12507.19375,21267.44635,1041.6,26405.48335,5.463818576,11,0.22220297,0.099087758,0.470973608,1.660626008,0.276578983,434.6354774,0.101124688
2022-11-26,330,16823.4696,4376.8613,12446.6083,21200.3309,1041.6,26405.48335,5.547949423,11,0.22220297,0.099087758,0.470973608,1.660626008,0.276578983,427.2789939,0.100201875
2022-11-27,331,16751.97769,4374.413075,12377.56462,21126.39077,1041.6,26405.48335,5.627712533,11,0.22220297,0.099087758,0.470973608,1.660626008,0.276578983,443.9469639,0.125836667
2022-11-28,332,16673.39108,4372.589003,12300.80208,21045.98008,1041.6,26405.48335,5.688208514,11,0.22220297,0.099087758,0.470973608,1.660626008,0.276578983,438.8863233,0.176217292
2022-11-29,333,16588.25652,4371.204834,12217.05169,20959.46136,1041.6,26405.48335,5.37390191,11,0.22220297,0.099087758,0.470973608,1.660626008,0.276578983,440.0747974,0.163793438
2022-11-30,334,16497.12078,4370.084813,12127.03596,20867.20559,1041.6,26405.48335,5.131903164,11,0.22220297,0.099087758,0.470973608,1.660626008,0.276578983,441.9932814,0.241283438
2022-12-01,335,16400.53059,4369.061858,12031.46873,20769.59245,1041.6,26405.48335,4.81651298,11,0.22220297,0.099087758,0.470973608,1.660626008,0.218748921,435.1950895,0.391512813
2022-12-02,336,16299.03273,4367.977802,11931.05492,20667.01053,1041.6,26405.48335,5.071640625,12,0.22220297,0.099087758,0.470973608,1.660626008,0.218748921,430.5580801,0.315094479
2022-12-03,337,16193.17394,4366.683734,11826.4902,20559.85767,1041.6,26405.48335,5.052815972,12,0.22220297,0.099087758,0.470973608,1.660626008,0.218748921,432.9717601,0.264401875
2022-12-04,338,16083.50098,4365.040412,11718.46057,20448.54139,1041.6,26405.48335,5.185184028,12,0.22220297,0.099087758,0.470973608,1.660626008,0.218748921,435.3907956,0.226651458
2022-12-05,339,15970.56061,4362.918796,11607.64181,20333.4794,1041.6,26405.48335,5.280376736,12,0.22220297,0.099087758,0.470973608,1.660626008,0.218748921,442.1549271,0.198722708
2022-12-06,340,15854.89958,4360.200692,11494.69889,20215.10027,1041.6,26405.48335,5.154682332,12,0.22220297,0.099087758,0.470973608,1.660626008,0.218748921,438.1600104,0.174344167
2022-12-07,341,15737.06465,4356.779528,11380.28512,20093.84417,1041.6,26405.48335,5.145450827,12,0.22220297,0.099087758,0.470973608,1.660626008,0.218748921,434.2032544,0.171670104
2022-12-08,342,15617.60257,4352.561268,11265.0413,19970.16384,1041.6,26405.48335,5.057312609,12,0.22220297,0.099087758,0.470973608,1.660626008,0.218748921,436.075283,0.164012708
2022-12-09,343,15497.0601,4347.465489,11149.59461,19844.52559,1041.6,26405.48335,4.855744681,12,0.22220297,0.099087758,0.470973608,1.660626008,0.218748921,439.907461,0.150830313
2022-12-10,344,15375.98399,4341.426626,11034.55737,19717.41062,1041.6,26405.48335,4.890064453,12,0.22220297,0.099087758,0.470973608,1.660626008,0.218748921,439.9490194,0.220382396
2022-12-11,345,15254.92101,4334.395399,10920.52561,19589.31641,1041.6,26405.48335,5.361993743,12,0.22220297,0.099087758,0.470973608,1.660626008,0.218748921,443.913048,0.381151667
2022-12-12,346,15134.4179,4326.340452,10808.07745,19460.75835,1041.6,26405.48335,5.332073375,12,0.22220297,0.099087758,0.470973608,1.660626008,0.218748921,439.872447,0.413150104
2022-12-13,347,15015.02143,4317.250203,10697.77122,19332.27163,1041.6,26405.48335,5.367294906,12,0.22220297,0.099087758,0.470973608,1.660626008,0.218748921,434.5382399,0.372389792
2022-12-14,348,14897.27834,4307.134934,10590.1434,19204.41327,1041.6,26405.48335,5.282398396,12,0.22220297,0.099087758,0.470973608,1.660626008,0.218748921,427.1632245,0.324868958
2022-12-15,349,14781.73539,4296.029126,10485.70626,19077.76452,1041.6,26405.48335,5.190327257,12,0.22220297,0.099087758,0.470973608,1.660626008,0.218748921,441.5185936,0.281913333
2022-12-16,350,14668.93934,4283.994064,10384.94528,18952.93341,1041.6,26405.48335,4.99115625,12,0.22220297,0.099087758,0.470973608,1.660626008,0.218748921,441.4510359,0.246225054
2022-12-17,351,14559.43695,4271.120711,10288.31624,18830.55766,1041.6,26405.48335,4.875914894,12,0.22220297,0.099087758,0.470973608,1.660626008,0.218748921,441.959522,0.217396848
2022-12-18,352,14453.77496,4257.532858,10196.24211,18711.30782,1041.6,26405.48335,5.015912879,12,0.22220297,0.099087758,0.470973608,1.660626008,0.218748921,444.9515984,0.198786042
2022-12-19,353,14352.50014,4243.390551,10109.10959,18595.8907,1041.6,26405.48335,5.099726326,12,0.22220297,0.099087758,0.470973608,1.660626008,0.218748921,445.8950582,0.193253053
2022-12-20,354,14256.15925,4228.89377,10027.26548,18485.05302,1041.6,26405.48335,5.327448864,12,0.22220297,0.099087758,0.470973608,1.660626008,0.218748921,445.1504972,0.179452872
2022-12-21,355,14165.29902,4214.286325,9951.012699,18379.58535,1041.6,26405.48335,5.585,12,0.22220297,0.099087758,0.470973608,1.660626008,0.218748921,439.76547,0.315188974
2022-12-22,356,14080.46623,4199.859921,9880.606313,18280.32616,1041.6,26405.48335,5.143775665,12,0.22220297,0.099087758,0.470973608,1.660626008,0.218748921,438.6068399,0.280804366
2022-12-23,357,14002.20763,4185.958301,9816.249331,18188.16593,1041.6,26405.48335,4.535572394,12,0.22220297,0.099087758,0.470973608,1.660626008,0.218748921,442.9469161,0.279328468
2022-12-24,358,13931.06997,4172.981333,9758.08864,18104.05131,1041.6,26405.48335,4.583677515,12,0.22220297,0.099087758,0.470973608,1.660626008,0.218748921,477.2291152,0.277852569
2022-12-25,359,13867.60001,4161.388903,9706.21111,18028.98892,1041.6,26405.48335,4.9731875,12,0.22220297,0.099087758,0.470973608,1.660626008,0.218748921,472.6026692,0.276376671
2022-12-26,360,13812.34451,4151.704365,9660.640143,17964.04887,1041.6,26405.48335,4.828830368,12,0.22220297,0.099087758,0.470973608,1.660626008,0.218748921,434.5293185,0.274900773
2022-12-27,361,13765.85021,4144.517298,9621.332914,17910.36751,1041.6,26405.48335,4.627488568,12,0.22220297,0.099087758,0.470973608,1.660626008,0.218748921,452.1851343,0.273424874
2022-12-28,362,13728.66388,4140.485249,9588.178633,17869.14913,1041.6,26405.48335,4.805994203,12,0.22220297,0.099087758,0.470973608,1.660626008,0.218748921,450.5844233,0.271948976
2022-12-29,363,13701.33227,4140.334074,9560.9982,17841.66635,1041.6,26405.48335,4.463281576,12,0.22220297,0.099087758,0.470973608,1.660626008,0.218748921,453.4657766,0.270473078
2022-12-30,364,13684.40214,4144.856496,9539.545646,17829.25864,1041.6,26405.48335,4.18889375,12,0.22220297,0.099087758,0.470973608,1.660626008,0.218748921,453.5040697,0.268997179
2022-12-31,365,13678.42024,4154.908487,9523.511757,17833.32873,1041.6,26405.48335,4.257819792,12,0.22220297,0.099087758,0.470973608,1.660626008,0.218748921,452.3534823,0.267521281
2023-01-01,1,9287.75,7508.118343,1779.631657,16795.86834,1041.6,26405.48335,3.688247354,1,0.22220297,0.099087758,0.470973608,1.660626008,0.218748921,447.7743225,0.266045383
2023-01-02,2,9359.342868,7423.770397,1935.572471,16783.11327,1041.6,26405.48335,3.808845052,1,0.22220297,0.099087758,0.470973608,1.660626008,0.218748921,443.9430479,0.264569484
2023-01-03,3,9428.821144,7341.703283,2087.117861,16770.52443,1041.6,26405.48335,3.31348545,1,0.22220297,0.099087758,0.470973608,1.660626008,0.218748921,467.5050953,0.263093586
2023-01-04,4,9493.959905,7261.820268,2232.139636,16755.78017,1041.6,26405.48335,3.535049479,1,0.22220297,0.099087758,0.470973608,1.660626008,0.218748921,534.6491856,0.261617688
2023-01-05,5,9552.534226,7183.970095,2368.564131,16736.50432,1041.6,26405.48335,3.640485564,1,0.22220297,0.099087758,0.470973608,1.660626008,0.218748921,640.3311031,0.260141789
2023-01-06,6,9602.319183,7107.947961,2494.371222,16710.26714,1041.6,26405.48335,3.381911458,1,0.22220297,0.099087758,0.470973608,1.660626008,0.218748921,485.993219,0.258665891
2023-01-07,7,9641.089853,7033.498226,2607.591626,16674.58808,1041.6,26405.48335,4.028882813,1,0.22220297,0.099087758,0.470973608,1.660626008,0.218748921,482.021507,0.257189992
2023-01-08,8,9666.621311,6960.318915,2706.302397,16626.94023,1041.6,26405.48335,4.256230469,1,0.22220297,0.099087758,0.470973608,1.660626008,0.218748921,452.1558979,0.255714094
2023-01-09,9,9676.688635,6888.068061,2788.620574,16564.7567,1041.6,26405.48335,3.983330729,1,0.22220297,0.099087758,0.470973608,1.660626008,0.218748921,441.8905421,0.254238196
2023-01-10,10,9669.066899,6816.371952,2852.694947,16485.43885,1041.6,26405.48335,3.932352865,1,0.22220297,0.099087758,0.470973608,1.660626008,0.218748921,448.8774442,0.252762297
2023-01-11,11,9641.531181,6744.835327,2896.695854,16386.36651,1041.6,26405.48335,3.975386152,1,0.22220297,0.099087758,0.470973608,1.660626008,0.218748921,472.3729619,0.251286399
2023-01-12,12,9591.856555,6673.05359,2918.802965,16264.91015,1041.6,26405.48335,4.107078125,1,0.22220297,0.099087758,0.470973608,1.660626008,0.218748921,476.6174411,0.249810501
2023-01-13,13,9517.818099,6600.627171,2917.190929,16118.44527,1041.6,26405.48335,4.010066474,1,0.22220297,0.099087758,0.470973608,1.660626008,0.218748921,475.4044311,0.248334602
2023-01-14,14,9417.190889,6527.178173,2890.012716,15944.36906,1041.6,26405.48335,4.110770202,1,0.22220297,0.099087758,0.470973608,1.660626008,0.218748921,477.967093,0.246858704
2023-01-15,15,9287.75,6452.369565,2835.380435,15740.11956,1041.6,26405.48335,3.927773958,1,0.22220297,0.099087758,0.470973608,1.660626008,0.218748921,472.1875009,0.245382806
2023-01-16,16,9128.215321,6376.031089,2752.184232,15504.24641,1041.6,26405.48335,3.512542299,1,0.22220297,0.099087758,0.470973608,1.660626008,0.218748921,459.6067254,0.243906907
2023-01-17,17,8941.085992,6298.48453,2642.601462,15239.57052,1041.6,26405.48335,3.794052138,1,0.22220297,0.099087758,0.470973608,1.660626008,0.218748921,473.6561375,0.242431009
2023-01-18,18,8729.805964,6220.206344,2509.59962,14950.01231,1041.6,26405.48335,3.402543547,1,0.22220297,0.099087758,0.470973608,1.660626008,0.218748921,474.2665716,0.240955111
2023-01-19,19,8497.819187,6141.698665,2356.120523,14639.51785,1041.6,26405.48335,3.726344907,1,0.22220297,0.099087758,0.470973608,1.660626008,0.218748921,467.9757028,0.239479212
2023-01-20,20,8248.569615,6063.469308,2185.100307,14312.03892,1041.6,26405.48335,3.760668667,1,0.22220297,0.099087758,0.470973608,1.660626008,0.218748921,464.7294881,0.238003314
2023-01-21,21,7985.501198,5986.013061,1999.488137,13971.51426,1041.6,26405.48335,3.689423628,1,0.22220297,0.099087758,0.470973608,1.660626008,0.218748921,443.8715249,0.236527415
2023-01-22,22,7712.057888,5909.794388,1802.263499,13621.85228,1041.6,26405.48335,3.769471065,1,0.22220297,0.099087758,0.470973608,1.660626008,0.218748921,440.4252721,0.235051517
2023-01-23,23,7431.683636,5835.231783,1596.451853,13266.91542,1041.6,26405.48335,3.783185446,1,0.22220297,0.099087758,0.470973608,1.660626008,0.218748921,440.1324245,0.233575619
2023-01-24,24,7147.822394,5762.684072,1385.138322,12910.50647,1041.6,26405.48335,3.883584615,1,0.22220297,0.099087758,0.470973608,1.660626008,0.218748921,440.0938284,0.23209972
2023-01-25,25,6863.918114,5692.43907,1171.479043,12556.35718,1041.6,26405.48335,3.833071842,1,0.22220297,0.099087758,0.470973608,1.660626008,0.218748921,443.0452579,0.230623822
2023-01-26,26,6583.414746,5624.705008,1041.6,12208.11975,1041.6,26405.48335,3.730787037,1,0.22220297,0.099087758,0.470973608,1.660626008,0.218748921,444.4239093,0.229147924
2023-01-27,27,6309.756244,5559.605201,1041.6,11869.36144,1041.6,26405.48335,3.692081967,1,0.22220297,0.099087758,0.470973608,1.660626008,0.218748921,447.0568887,0.227672025
2023-01-28,28,6046.386557,5497.176394,1041.6,11543.56295,1041.6,26405.48335,3.648888889,1,0.22220297,0.099087758,0.470973608,1.660626008,0.218748921,451.612686,0.226196127
2023-01-29,29,5796.749637,5437.371185,1041.6,11234.12082,1041.6,26405.48335,3.325251157,1,0.22220297,0.099087758,0.470973608,1.660626008,0.218748921,439.1752137,0.224720229
2023-01-30,30,5564.289437,5380.064882,1041.6,10944.35432,1041.6,26405.48335,3.141848276,1,0.22220297,0.099087758,0.470973608,1.660626008,0.218748921,443.2479261,0.22324433
2023-01-31,31,5352.449907,5325.06704,1041.6,10677.51695,1041.6,26405.48335,3.614011407,1,0.22220297,0.099087758,0.470973608,1.660626008,0.218748921,442.4209447,0.221768432
2023-02-01,32,5164.675,5272.137903,1041.6,10436.8129,1041.6,26405.48335,3.712236186,2,0.22220297,0.099087758,0.470973608,1.660626008,0.218748921,440.036594,0.220292534
2023-02-02,33,5003.567992,5221.001453,1041.6,10224.56944,1041.6,26405.48335,3.718507208,2,0.22220297,0.099087758,0.470973608,1.660626008,0.218748921,440.9597446,0.218816635
2023-02-03,34,4868.369465,5171.369953,1041.6,10039.73942,1041.6,26405.48335,3.85192963,2,0.22220297,0.099087758,0.470973608,1.660626008,0.218748921,462.7854356,0.217340737
2023-02-04,35,4757.479325,5123.021745,1041.6,9880.50107,1041.6,26405.48335,3.589733473,2,0.22220297,0.099087758,0.470973608,1.660626008,0.218748921,443.5390294,0.216548438
2023-02-05,36,4669.29748,5075.807583,1041.6,9745.105063,1041.6,26405.48335,3.581161458,2,0.22220297,0.099087758,0.470973608,1.660626008,0.218748921,452.8628665,0.259297708
2023-02-06,37,4602.223836,5029.640761,1041.6,9631.864597,1041.6,26405.48335,3.54614561,2,0.22220297,0.099087758,0.470973608,1.660626008,0.218748921,433.7289765,0.441937917
2023-02-07,38,4554.658301,4984.487443,1041.6,9539.145744,1041.6,26405.48335,3.653619403,2,0.22220297,0.099087758,0.470973608,1.660626008,0.218748921,445.3117695,0.481920833
2023-02-08,39,4525.000782,4940.357292,1041.6,9465.358074,1041.6,26405.48335,3.53554469,2,0.22220297,0.099087758,0.470973608,1.660626008,0.218748921,442.6372585,0.619067708
2023-02-09,40,4511.651185,4897.294474,1041.6,9408.945659,1041.6,26405.48335,3.295992685,2,0.22220297,0.099087758,0.470973608,1.660626008,0.218748921,454.7088679,0.592279688
2023-02-10,41,4513.009417,4855.369095,1041.6,9368.378512,1041.6,26405.48335,3.225460417,2,0.22220297,0.099087758,0.470973608,1.660626008,0.218748921,457.0103006,0.545351458
2023-02-11,42,4527.475386,4814.669144,1041.6,9342.14453,1041.6,26405.48335,2.934129979,2,0.22220297,0.099087758,0.470973608,1.660626008,0.218748921,444.608789,0.509080625
2023-02-12,43,4553.448999,4775.292982,1041.6,9328.741981,1041.6,26405.48335,2.441241667,2,0.22220297,0.099087758,0.470973608,1.660626008,0.218748921,441.1003112,0.464179896
2023-02-13,44,4589.330161,4737.342461,1041.6,9326.672622,1041.6,26405.48335,2.552245742,2,0.22220297,0.099087758,0.470973608,1.660626008,0.218748921,444.7818839,0.433752917
2023-02-14,45,4633.518781,4700.91673,1041.6,9334.435511,1041.6,26405.48335,2.953187898,2,0.22220297,0.099087758,0.470973608,1.660626008,0.218748921,455.7124655,0.419792917
2023-02-15,46,4684.414766,4666.106819,1041.6,9350.521585,1041.6,26405.48335,2.947654356,2,0.22220297,0.099087758,0.470973608,1.660626008,0.218748921,451.3975462,0.372165208
2023-02-16,47,4740.418022,4632.991076,1041.6,9373.409097,1041.6,26405.48335,3.200026515,2,0.22220297,0.099087758,0.470973608,1.660626008,0.218748921,428.8920229,0.336622604
2023-02-17,48,4799.928456,4601.631549,1041.6,9401.560004,1041.6,26405.48335,3.499076263,2,0.22220297,0.099087758,0.470973608,1.660626008,0.218748921,427.8516112,0.304656146
2023-02-18,49,4861.345975,4572.071396,1041.6,9433.417371,1041.6,26405.48335,3.334854167,2,0.22220297,0.099087758,0.470973608,1.660626008,0.218748921,426.8111994,0.277662917
2023-02-19,50,4923.070487,4544.333408,1041.6,9467.403895,1041.6,26405.48335,3.22433561,2,0.22220297,0.099087758,0.470973608,1.660626008,0.218748921,427.4351201,0.264008958
2023-02-20,51,4983.501898,4518.419712,1041.6,9501.921609,1041.6,26405.48335,3.205722275,2,0.22220297,0.099087758,0.470973608,1.660626008,0.284274099,424.4546257,0.283925313
2023-02-21,52,5041.040115,4494.312715,1041.6,9535.35283,1041.6,26405.48335,2.950887311,2,0.22220297,0.099087758,0.470973608,1.660626008,0.434792028,428.0054129,0.355843125
2023-02-22,53,5094.085045,4471.977349,1041.6,9566.062394,1041.6,26405.48335,2.697381541,2,0.22220297,0.099087758,0.470973608,1.660626008,0.098994407,427.0234406,0.400439271
2023-02-23,54,5141.036596,4451.36462,1041.6,9592.401216,1041.6,26405.48335,2.165886256,2,0.22220297,0.099087758,0.470973608,1.660626008,0.328221056,427.3470018,0.360742292
2023-02-24,55,5180.294673,4432.416509,1041.6,9612.711183,1041.6,26405.48335,2.220562619,2,0.22220297,0.099087758,0.470973608,1.660626008,0.218748921,433.5607989,0.316894792
2023-02-25,56,5210.259185,4415.072204,1041.6,9625.331389,1041.6,26405.48335,2.376778727,2,0.22220297,0.099087758,0.470973608,1.660626008,0.364472525,431.1980087,0.284966458
2023-02-26,57,5229.330038,4399.275663,1041.6,9628.605701,1041.6,26405.48335,2.598560606,2,0.22220297,0.099087758,0.470973608,1.660626008,0.162639034,428.8352186,0.267709167
2023-02-27,58,5235.907139,4384.984499,1041.6,9620.891638,1041.6,26405.48335,2.685831361,2,0.22220297,0.099087758,0.470973608,1.660626008,0.070117718,426.4724284,0.244060208
2023-02-28,59,5228.390395,4372.180139,1041.6,9600.570534,1041.6,26405.48335,3.413169471,2,0.22220297,0.099087758,0.470973608,1.660626008,0.218748921,424.1096382,0.228036458
2023-03-01,60,5205.179713,4360.879238,1041.6,9566.058951,1041.6,26405.48335,3.6553225,2,0.22220297,0.099087758,0.470973608,1.660626008,0.72132832,426.8336221,0.202966667
2023-03-02,61,5164.675,4351.146293,1041.6,9515.821293,1041.6,26405.48335,2.845146875,3,0.22220297,0.099087758,0.470973608,1.660626008,0.492156774,434.5601749,0.191480521
2023-03-03,62,5105.760891,4343.128705,1041.6,9448.889596,1041.6,26405.48335,2.718188098,3,0.22220297,0.099087758,0.470973608,1.660626008,0.465931875,426.6956515,0.191826667
2023-03-04,63,5029.260929,4337.116576,1041.6,9366.377506,1041.6,26405.48335,2.633231491,3,0.22220297,0.099087758,0.470973608,1.660626008,0.619935256,429.5659659,0.185169375
2023-03-05,64,4936.483389,4333.447683,1041.6,9269.931072,1041.6,26405.48335,2.685902764,3,0.22220297,0.099087758,0.470973608,1.660626008,0.304807525,428.5978635,0.17178875
2023-03-06,65,4828.73654,4332.469143,1041.6,9161.205683,1041.6,26405.48335,2.828928786,3,0.22220297,0.099087758,0.470973608,1.660626008,0.551247742,430.6719104,0.163629896
2023-03-07,66,4707.328657,4334.524077,1041.6,9041.852733,1041.6,26405.48335,2.980986538,3,0.22220297,0.099087758,0.470973608,1.660626008,0.376922232,426.6387511,0.157436667
2023-03-08,67,4573.56801,4339.938853,1041.6,8913.506863,1041.6,26405.48335,3.16910322,3,0.22220297,0.099087758,0.470973608,1.660626008,0.88340612,428.9423569,0.156174479
2023-03-09,68,4428.762873,4349.011101,1041.6,8777.773974,1041.6,26405.48335,3.039407021,3,0.22220297,0.099087758,0.470973608,1.660626008,0.673873711,428.5802548,0.150729167
2023-03-10,69,4274.221516,4361.99874,1041.6,8636.220256,1041.6,26405.48335,2.841178538,3,0.22220297,0.099087758,0.470973608,1.660626008,0.304807525,431.5583004,0.172011042
2023-03-11,70,4111.252214,4379.110279,1041.6,8490.362492,1041.6,26405.48335,2.93928225,3,0.22220297,0.099087758,0.470973608,1.660626008,0.429446216,445.0702518,0.213377917
2023-03-12,71,3941.163237,4400.496629,1041.6,8341.659865,1041.6,26405.48335,3.127958852,3,0.22220297,0.099087758,0.470973608,1.660626008,0.585392869,440.7379795,0.236631458
2023-03-13,72,3765.262858,4426.244639,1041.6,8191.507496,1041.6,26405.48335,3.230626894,3,0.22220297,0.099087758,0.470973608,1.660626008,0.228902462,451.2556746,0.447938646
2023-03-14,73,3584.859349,4456.372504,1041.6,8041.231853,1041.6,26405.48335,3.184355469,3,0.22220297,0.099087758,0.470973608,1.660626008,0.304807525,458.9548666,0.774047188
2023-03-15,74,3401.260982,4490.827122,1041.6,7892.088104,1041.6,26405.48335,3.22657075,3,0.22220297,0.099087758,0.470973608,1.660626008,0.133062447,438.9684349,0.647584375
2023-03-16,75,3215.776029,4529.483376,1041.6,7745.259405,1041.6,26405.48335,3.058696793,3,0.22220297,0.099087758,0.470973608,1.660626008,0.304807525,442.2806411,0.549696875
2023-03-17,76,3029.712764,4572.145249,1041.6,7601.858013,1041.6,26405.48335,3.145351992,3,0.22220297,0.099087758,0.470973608,1.660626008,0.304807525,442.9505955,0.485814792
2023-03-18,77,2844.379457,4618.548583,1041.6,7462.92804,1041.6,26405.48335,3.330890078,3,0.22220297,0.099087758,0.470973608,1.660626008,0.304807525,473.8461833,0.450864375
2023-03-19,78,2661.084381,4668.365227,1041.6,7329.449608,1041.6,26405.48335,3.455164929,3,0.22220297,0.099087758,0.470973608,1.660626008,0.304807525,468.0850246,0.490320313
2023-03-20,79,2481.135808,4721.208307,1041.6,7202.344116,1041.6,26405.48335,3.485520379,3,0.22220297,0.099087758,0.470973608,1.660626008,0.268666363,439.3935961,0.592507292
2023-03-21,80,2305.842011,4776.638295,1041.6,7082.480306,1041.6,26405.48335,3.667470192,3,0.22220297,0.099087758,0.470973608,1.660626008,0.304807525,443.2525594,0.667838333
2023-03-22,81,2136.511261,4834.16959,1041.6,6970.680851,1041.6,26405.48335,3.817701961,3,0.22220297,0.099087758,0.470973608,1.660626008,0.06172305,465.5066855,0.652975521
2023-03-23,82,1974.451831,4893.277348,1041.6,6867.72918,1041.6,26405.48335,3.52486875,3,0.22220297,0.099087758,0.470973608,1.660626008,0.346186851,449.2121722,0.742177396
2023-03-24,83,1820.971993,4953.404313,1041.6,6774.376306,1041.6,26405.48335,3.564831301,3,0.22220297,0.099087758,0.470973608,1.660626008,0.191778826,438.8957236,0.875765625
2023-03-25,84,1677.380019,5013.967475,1041.6,6691.347495,1041.6,26405.48335,3.678347538,3,0.22220297,0.099087758,0.470973608,1.660626008,0.112219855,435.933049,0.771042708
2023-03-26,85,1544.984182,5074.364429,1041.6,6619.34861,1041.6,26405.48335,3.792878788,3,0.22220297,0.099087758,0.470973608,1.660626008,0.060444537,444.7850929,0.640748542
2023-03-27,86,1425.092753,5133.979333,1041.6,6559.072086,1041.6,26405.48335,3.955630268,3,0.22220297,0.099087758,0.470973608,1.660626008,0.192665092,445.9407661,0.543174479
2023-03-28,87,1319.014004,5192.188454,1041.6,6511.202458,1041.6,26405.48335,4.136634286,3,0.22220297,0.099087758,0.470973608,1.660626008,0.304807525,476.9705602,0.473720938
2023-03-29,88,1228.056209,5248.365269,1041.6,6476.421478,1041.6,26405.48335,4.135435873,3,0.22220297,0.099087758,0.470973608,1.660626008,0.304807525,446.1084872,0.435904792
2023-03-30,89,1153.527639,5301.885187,1041.6,6455.412825,1041.6,26405.48335,4.23482197,3,0.22220297,0.099087758,0.470973608,1.660626008,0.304807525,447.9559277,0.422604896
2023-03-31,90,1096.736566,5352.12993,1041.6,6448.866496,1041.6,26405.48335,4.113234568,3,0.22220297,0.099087758,0.470973608,1.660626008,0.382887151,435.72836,0.424682813
2023-04-01,91,1058.991262,5398.491661,1041.6,6457.482923,1041.6,26405.48335,4.010100379,3,0.22220297,0.099087758,0.470973608,1.660626008,0.409385984,435.6960196,0.690240208
2023-04-02,92,1041.6,5440.376955,1041.6,6481.976955,1041.6,26405.48335,3.987150925,4,0.22220297,0.099087758,0.470973608,1.660626008,0.21945655,433.8769922,0.810009271
2023-04-03,93,1045.521934,5477.301691,1041.6,6522.823626,1041.6,26405.48335,4.006948864,4,0.22220297,0.099087758,0.470973608,1.660626008,0.286062896,434.0425081,0.718088125
2023-04-04,94,1070.31975,5509.175191,1041.6,6579.494941,1041.6,26405.48335,4.209637311,4,0.22220297,0.099087758,0.470973608,1.660626008,0.304807525,436.4665916,0.611100417
2023-04-05,95,1115.207014,5536.039513,1041.6,6651.246527,1041.6,26405.48335,4.121405303,4,0.22220297,0.099087758,0.470973608,1.660626008,0.390427544,436.3186246,0.526568646
2023-04-06,96,1179.397295,5557.974787,1041.6,6737.372081,1041.6,26405.48335,4.186058712,4,0.22220297,0.099087758,0.470973608,1.660626008,0.304807525,436.1706577,0.489878646
2023-04-07,97,1262.104158,5575.093944,1041.6,6837.198102,1041.6,26405.48335,4.39260274,4,0.22220297,0.099087758,0.470973608,1.660626008,0.14824096,440.5046575,0.791510729
2023-04-08,98,1362.541173,5587.538203,1041.6,6950.079376,1041.6,26405.48335,4.563607008,4,0.22220297,0.099087758,0.470973608,1.660626008,0.045112048,441.8189463,0.906901875
2023-04-09,99,1479.921906,5595.473188,1041.6,7075.395094,1041.6,26405.48335,4.467944928,4,0.22220297,0.099087758,0.470973608,1.660626008,0.304807525,433.3684417,0.828941458
2023-04-10,100,1613.459924,5599.085571,1041.6,7212.545495,1041.6,26405.48335,4.516899618,4,0.22220297,0.099087758,0.470973608,1.660626008,0.287103663,442.5321666,1.044465104
2023-04-11,101,1762.368795,5598.580153,1041.6,7360.948948,1041.6,26405.48335,4.335357292,4,0.22220297,0.099087758,0.470973608,1.660626008,0.300083143,433.7272077,1.132148646
2023-04-12,102,1925.862087,5594.177304,1041.6,7520.039392,1041.6,26405.48335,4.263322917,4,0.22220297,0.099087758,0.470973608,1.660626008,0.217954478,426.5046298,0.965191458
2023-04-13,103,2103.153367,5586.110706,1041.6,7689.264073,1041.6,26405.48335,4.166890625,4,0.22220297,0.099087758,0.470973608,1.660626008,0.462037617,423.8966976,0.791293333
2023-04-14,104,2293.456202,5574.62533,1041.6,7868.081532,1041.6,26405.48335,4.150296296,4,0.22220297,0.099087758,0.470973608,1.660626008,0.22426168,425.8907998,0.660846875
2023-04-15,105,2495.984159,5559.975622,1041.6,8055.959781,1041.6,26405.48335,4.371884314,4,0.22220297,0.099087758,0.470973608,1.660626008,0.261880724,425.0880729,0.561314271
2023-04-16,106,2709.950806,5542.42384,1041.6,8252.374646,1041.6,26405.48335,4.500245303,4,0.22220297,0.099087758,0.470973608,1.660626008,0.231223086,425.6939057,0.511128958
2023-04-17,107,2934.569711,5522.238522,1041.6,8456.808233,1041.6,26405.48335,4.482016667,4,0.22220297,0.099087758,0.470973608,1.660626008,0.183441411,427.0777358,0.522123958
2023-04-18,108,3169.054441,5499.693052,1041.6,8668.747493,1041.6,26405.48335,4.441866667,4,0.22220297,0.099087758,0.470973608,1.660626008,0.381103918,427.2050199,0.519483021
2023-04-19,109,3412.618562,5475.064308,1041.6,8887.682871,1041.6,26405.48335,4.734565401,4,0.22220297,0.099087758,0.470973608,1.660626008,0.468128013,427.1952506,0.521323542
2023-04-20,110,3664.475644,5448.63136,1041.6,9113.107004,1041.6,26405.48335,5.110363715,4,0.22220297,0.099087758,0.470973608,1.660626008,0.260867479,429.4596928,0.535572813
2023-04-21,111,3923.839252,5420.674221,1041.6,9344.513473,1041.6,26405.48335,5.161140625,4,0.22220297,0.099087758,0.470973608,1.660626008,0.304807525,426.3698045,0.589528333
2023-04-22,112,4189.922955,5391.472628,1041.6,9581.395583,1041.6,26405.48335,5.299284722,4,0.22220297,0.099087758,0.470973608,1.660626008,0.318677389,428.9837021,0.598211042
2023-04-23,113,4461.940319,5361.304849,1041.6,9823.245168,1041.6,26405.48335,5.48526049,4,0.22220297,0.099087758,0.470973608,1.660626008,0.589886791,429.0774425,0.661822604
2023-04-24,114,4739.104913,5330.446511,1041.6,10069.55142,1041.6,26405.48335,5.594933393,4,0.22220297,0.099087758,0.470973608,1.660626008,0.304807525,427.772452,0.764661875
2023-04-25,115,5020.630303,5299.169452,1041.6,10319.79976,1041.6,26405.48335,5.707157255,4,0.22220297,0.099087758,0.470973608,1.660626008,0.304807525,433.523691,0.709682708
2023-04-26,116,5305.730057,5267.740598,1041.6,10573.47066,1041.6,26405.48335,6.026460069,4,0.22220297,0.099087758,0.470973608,1.660626008,0.304807525,429.5312332,0.635911667
2023-04-27,117,5593.617743,5236.420864,1041.6,10830.03861,1041.6,26405.48335,5.755485549,4,0.22220297,0.099087758,0.470973608,1.660626008,0.304807525,430.9416663,0.662212292
2023-04-28,118,5883.506927,5205.464108,1041.6,11088.97104,1041.6,26405.48335,5.837848958,4,0.22220297,0.099087758,0.470973608,1.660626008,0.304807525,429.2301144,0.663943438
2023-04-29,119,6174.611178,5175.116126,1041.6,11349.7273,1041.6,26405.48335,6.058408363,4,0.22220297,0.099087758,0.470973608,1.660626008,0.304807525,429.7126787,0.614431771
2023-04-30,120,6466.144062,5145.613723,1320.530339,11611.75778,1041.6,26405.48335,6.214819471,4,0.22220297,0.099087758,0.470973608,1.660626008,0.304807525,429.7740299,0.575503438
2023-05-01,121,6757.319147,5117.183876,1640.135271,11874.50302,1041.6,26405.48335,6.082574635,4,0.22220297,0.099087758,0.470973608,1.660626008,0.304807525,429.8353812,0.486828021
2023-05-02,122,7047.35,5090.043,1957.307,12137.393,1041.6,26405.48335,5.71459375,5,0.22220297,0.099087758,0.470973608,1.660626008,0.304807525,429.8967325,0.404657083
2023-05-03,123,7335.61973,5064.371891,2271.247839,12399.99162,1041.6,26405.48335,5.838634211,5,0.22220297,0.099087758,0.470973608,1.660626008,0.304807525,429.9580837,0.354343646
2023-05-04,124,7622.189606,5040.24521,2581.944396,12662.43482,1041.6,26405.48335,5.934190789,5,0.22220297,0.099087758,0.470973608,1.660626008,0.304807525,441.3838083,0.360638958
2023-05-05,125,7907.29044,5017.71008,2889.58036,12925.00052,1041.6,26405.48335,5.82314974,5,0.22220297,0.099087758,0.470973608,1.660626008,0.304807525,457.3542798,0.346173542
2023-05-06,126,8191.153042,4996.810521,3194.342522,13187.96356,1041.6,26405.48335,6.0190625,5,0.22220297,0.099087758,0.470973608,1.660626008,0.304807525,446.7421346,0.304408646
2023-05-07,127,8474.008224,4977.586663,3496.421561,13451.59489,1041.6,26405.48335,5.885777344,5,0.22220297,0.099087758,0.470973608,1.660626008,0.304807525,440.1669391,0.270333854
2023-05-08,128,8756.086797,4960.074085,3796.012712,13716.16088,1041.6,26405.48335,5.701933419,5,0.22220297,0.099087758,0.470973608,1.660626008,0.304807525,433.5917436,0.243932292
2023-05-09,129,9037.619571,4944.303261,4093.31631,13981.92283,1041.6,26405.48335,6.5868375,5,0.22220297,0.099087758,0.470973608,1.660626008,0.304807525,427.0165481,0.220678854
2023-05-10,130,9318.837357,4930.299158,4388.538199,14249.13652,1041.6,26405.48335,6.538674518,5,0.22220297,0.099087758,0.470973608,1.660626008,0.304807525,440.8478434,0.19956625
2023-05-11,131,9599.970966,4918.080963,4681.890004,14518.05193,1041.6,26405.48335,6.749468615,5,0.22220297,0.099087758,0.470973608,1.660626008,0.304807525,450.5373418,0.180495313
2023-05-12,132,9881.25121,4907.661958,4973.589252,14788.91317,1041.6,26405.48335,6.959489433,5,0.22220297,0.099087758,0.470973608,1.660626008,0.304807525,438.3865191,0.166830417
2023-05-13,133,10162.9089,4899.049556,5263.859342,15061.95846,1041.6,26405.48335,6.695727865,5,0.22220297,0.099087758,0.470973608,1.660626008,0.304807525,453.4055846,0.1551475
2023-05-14,134,10445.17484,4892.245484,5552.92936,15337.42033,1041.6,26405.48335,7.0149375,5,0.22220297,0.099087758,0.470973608,1.660626008,0.304807525,468.4246501,0.142519583
2023-05-15,135,10728.27986,4887.246118,5841.033737,15615.52597,1041.6,26405.48335,7.27775,5,0.22220297,0.099087758,0.470973608,1.660626008,0.304807525,483.4437156,0.127775729
2023-05-16,136,11012.45475,4884.042989,6128.411756,15896.49773,1041.6,26405.48335,7.495740448,5,0.22220297,0.099087758,0.470973608,1.660626008,0.304807525,453.3824566,0.112634688
2023-05-17,137,11297.93032,4882.623425,6415.306899,16180.55375,1041.6,26405.48335,8.374512484,5,0.22220297,0.099087758,0.470973608,1.660626008,0.304807525,460.6290346,0.099154271
2023-05-18,138,11584.9374,4882.971351,6701.966052,16467.90875,1041.6,26405.48335,8.10168062,5,0.22220297,0.099087758,0.470973608,1.660626008,0.304807525,463.6424846,0.087054583
2023-05-19,139,11873.70679,4885.068231,6988.638561,16758.77502,1041.6,26405.48335,7.909211679,5,0.22220297,0.099087758,0.470973608,1.660626008,0.304807525,460.5570171,0.0761625
2023-05-20,140,12164.4693,4888.894146,7275.575157,17053.36345,1041.6,26405.48335,7.87105599,5,0.22220297,0.099087758,0.470973608,1.660626008,0.304807525,481.8539979,0.067612604
2023-05-21,141,12457.45575,4894.428996,7563.026751,17351.88474,1041.6,26405.48335,7.94943099,5,0.22220297,0.099087758,0.470973608,1.660626008,0.304807525,449.0180713,0.062873229
2023-05-22,142,12752.89693,4901.653822,7851.243112,17654.55076,1041.6,26405.48335,7.756846354,5,0.22220297,0.099087758,0.470973608,1.660626008,0.304807525,431.1465158,0.06104875
2023-05-23,143,13051.02368,4910.552238,8140.471437,17961.57591,1041.6,26405.48335,7.607318421,5,0.22220297,0.099087758,0.470973608,1.660626008,0.304807525,457.3185302,0.059436458
2023-05-24,144,13352.06678,4921.111958,8430.954825,18273.17874,1041.6,26405.48335,7.69338601,5,0.22220297,0.099087758,0.470973608,1.660626008,0.304807525,449.7980656,0.057118125
2023-05-25,145,13656.25707,4933.326406,8722.930661,18589.58347,1041.6,26405.48335,8.916934375,5,0.22220297,0.099087758,0.470973608,1.660626008,0.304807525,451.5903502,0.054700521
2023-05-26,146,13963.82534,4947.1964,9016.628938,18911.02174,1041.6,26405.48335,8.870861458,5,0.22220297,0.099087758,0.470973608,1.660626008,0.304807525,477.4416157,0.052391771
2023-05-27,147,14275.00241,4962.731899,9312.270508,19237.73431,1041.6,26405.48335,9.059772917,5,0.22220297,0.099087758,0.470973608,1.660626008,0.304807525,451.2722868,0.053205625
2023-05-28,148,14590.01909,4979.953796,9610.06529,19569.97288,1041.6,26405.48335,9.201178125,5,0.22220297,0.099087758,0.470973608,1.660626008,0.304807525,449.2179937,0.049466458
2023-05-29,149,14909.10618,4998.895739,9910.210445,19908.00192,1041.6,26405.48335,9.132985417,5,0.22220297,0.099087758,0.470973608,1.660626008,0.304807525,441.9440964,0.047259792
2023-05-30,150,15232.49451,5019.605979,10212.88854,20252.10049,1041.6,26405.48335,9.015076042,5,0.22220297,0.099087758,0.470973608,1.660626008,0.304807525,444.505151,0.045376875
2023-05-31,151,15560.41489,5042.149207,10518.26568,20602.56409,1041.6,26405.48335,9.307509574,5,0.22220297,0.099087758,0.470973608,1.660626008,0.304807525,441.7028073,0.044157083
2023-06-01,152,15893.09811,5066.608383,10826.48973,20959.70649,1041.6,26405.48335,9.339978125,5,0.22220297,0.099087758,0.470973608,1.660626008,0.058536959,476.2025645,0.043016354
2023-06-02,153,16230.775,5093.08652,11137.68848,21323.86152,1041.6,26405.48335,9.715260417,6,0.22220297,0.099087758,0.470973608,1.660626008,0.058536959,447.392057,0.041633229
2023-06-03,154,16573.51289,5121.710718,11451.80217,21695.22361,1041.6,26405.48335,10.18309688,6,0.22220297,0.099087758,0.470973608,1.660626008,0.058536959,476.9291165,0.040016875
2023-06-04,155,16920.72523,5152.62784,11768.09739,22073.35307,1041.6,26405.48335,10.10646461,6,0.22220297,0.099087758,0.470973608,1.660626008,0.058536959,447.8289994,0.037236042
2023-06-05,156,17271.662,5185.974352,12085.68765,22457.63635,1041.6,26405.48335,9.741823144,6,0.22220297,0.099087758,0.470973608,1.660626008,0.058536959,466.2755259,0.037164896
2023-06-06,157,17625.57317,5221.867657,12403.70552,22847.44083,1041.6,26405.48335,9.66659893,6,0.22220297,0.099087758,0.470973608,1.660626008,0.058536959,435.8605491,0.035713333
2023-06-07,158,17981.70872,5260.403146,12721.30558,23242.11187,1041.6,26405.48335,9.410672454,6,0.22220297,0.099087758,0.470973608,1.660626008,0.058536959,455.1717731,0.034150729
2023-06-08,159,18339.31863,5301.651762,13037.66686,23640.97039,1041.6,26405.48335,9.354088838,6,0.22220297,0.099087758,0.470973608,1.660626008,0.058536959,476.5856178,0.0328275
2023-06-09,160,18697.65286,5345.658077,13351.99478,24043.31094,1041.6,26405.48335,9.326368304,6,0.22220297,0.099087758,0.470973608,1.660626008,0.058536959,483.6620412,0.032876458
2023-06-10,161,19055.9614,5392.438906,13663.5225,24448.40031,1041.6,26405.48335,9.011619186,6,0.22220297,0.099087758,0.470973608,1.660626008,0.058536959,472.6622686,0.034307604
2023-06-11,162,19413.49422,5441.982438,13971.51179,24855.47666,1041.6,26405.48335,9.000354167,6,0.22220297,0.099087758,0.470973608,1.660626008,0.210105953,459.4738527,0.032535625
2023-06-12,163,19769.50131,5494.247877,14275.25343,25263.74918,1041.6,26405.48335,9.311672743,6,0.22220297,0.099087758,0.470973608,1.660626008,0.166629601,493.9254095,0.030586042
2023-06-13,164,20123.23262,5549.165558,14574.06706,25672.39818,1041.6,26405.48335,9.591286458,6,0.22220297,0.099087758,0.470973608,1.660626008,0.151724489,444.5775417,0.029065521
2023-06-14,165,20473.93814,5606.6375,14867.30065,26080.57564,1041.6,26405.48335,9.150472469,6,0.22220297,0.099087758,0.470973608,1.660626008,0.082113101,431.5377005,0.028467396
2023-06-15,166,20820.86786,5666.538354,15154.3295,26487.40621,1041.6,26405.48335,9.099368924,6,0.22220297,0.099087758,0.470973608,1.660626008,0.149178479,438.0902404,0.028154896
2023-06-16,167,21163.27173,5728.716694,15434.55503,26891.98842,1041.6,26405.48335,9.413043403,6,0.22220297,0.099087758,0.470973608,1.660626008,0.102420943,457.7655862,0.026997188
2023-06-17,168,21500.39974,5792.996592,15707.40314,27293.39633,1041.6,26405.48335,9.603981771,6,0.22220297,0.099087758,0.470973608,1.660626008,0.058536959,450.0490859,0.026066458
2023-06-18,169,21831.50186,5859.17942,15972.32244,27690.68128,1041.6,26405.48335,9.593312839,6,0.22220297,0.099087758,0.470973608,1.660626008,0.058536959,442.3325857,0.026332188
2023-06-19,170,22155.82807,5927.045832,16228.78224,28082.8739,1041.6,26405.48335,9.483804688,6,0.22220297,0.099087758,0.470973608,1.660626008,0.073674991,434.6160854,0.02765375
2023-06-20,171,22472.62835,5996.357866,16476.27048,28468.98622,1041.6,26405.48335,9.716142086,6,0.22220297,0.099087758,0.470973608,1.660626008,0.040851952,447.4274381,0.026686771
2023-06-21,172,22781.15267,6066.861117,16714.29155,28848.01378,1041.6,26405.48335,9.95270852,6,0.22220297,0.099087758,0.470973608,1.660626008,0.043042753,460.2387908,0.025813021
2023-06-22,173,23080.651,6138.286955,16942.36405,29218.93796,1041.6,26405.48335,9.451366454,6,0.22220297,0.099087758,0.470973608,1.660626008,0.076035477,473.0501435,0.024417708
2023-06-23,174,23370.37333,6210.354731,17160.0186,29580.72806,1041.6,26405.48335,9.680397697,6,0.22220297,0.099087758,0.470973608,1.660626008,0.024364254,485.8614962,0.023019792
2023-06-24,175,23649.56963,6282.773966,17366.79566,29932.3436,1041.6,26405.48335,9.911378472,6,0.22220297,0.099087758,0.470973608,1.660626008,0.058536959,464.4851029,0.021694583
2023-06-25,176,23917.48987,6355.246489,17562.24338,30272.73636,1041.6,26405.48335,10.24609809,6,0.22220297,0.099087758,0.470973608,1.660626008,0.058536959,468.0540553,0.020715
2023-06-26,177,24173.38404,6427.468507,17745.91553,30600.85254,1041.6,26405.48335,10.36083941,6,0.22220297,0.099087758,0.470973608,1.660626008,0.130148161,468.1929814,0.019822917
2023-06-27,178,24416.5021,6499.132621,17917.36947,30915.63472,1041.6,26405.48335,10.53702026,6,0.22220297,0.099087758,0.470973608,1.660626008,0.058536959,445.8880833,0.017420521
2023-06-28,179,24646.09403,6569.929758,18076.16427,31216.02379,1041.6,26405.48335,10.69390538,6,0.22220297,0.099087758,0.470973608,1.660626008,0.058536959,466.1259727,0.016105417
2023-06-29,180,24861.40981,6639.551044,18221.85876,31500.96085,1041.6,26405.48335,10.5656793,6,0.22220297,0.099087758,0.470973608,1.660626008,0.058536959,465.6302576,0.014757813
2023-06-30,181,25061.69941,6707.689622,18354.00979,31769.38904,1041.6,26405.48335,10.86065365,6,0.22220297,0.099087758,0.470973608,1.660626008,0.058536959,478.4905262,0.013973854
2023-07-01,182,25246.21282,6774.04241,18472.17041,32020.25523,1041.6,26405.48335,10.92832292,6,0.22220297,0.099087758,0.470973608,1.660626008,0.058536959,487.0977433,0.013295417
2023-07-02,183,25414.2,6838.311843,18575.88816,32252.51184,1041.6,26405.48335,10.71979558,7,0.22220297,0.099087758,0.470973608,1.660626008,0.058536959,450.0188117,0.012685729
2023-07-03,184,25565.17099,6900.258462,18664.91253,32465.42945,1041.6,26405.48335,10.5913693,7,0.22220297,0.099087758,0.470973608,1.660626008,0.058536959,451.9433199,0.012152708
2023-07-04,185,25699.67604,6959.859476,18739.81656,32659.53551,1041.6,26405.48335,10.73045833,7,0.22220297,0.099087758,0.470973608,1.660626008,0.058536959,463.0509886,0.011466979
2023-07-05,186,25818.52546,7017.162187,18801.36327,32835.68764,1041.6,26405.48335,10.8622404,7,0.22220297,0.099087758,0.470973608,1.660626008,0.058536959,481.1267103,0.010873854
2023-07-06,187,25922.52955,7072.23116,18850.29839,32994.76071,1041.6,26405.48335,10.92531629,7,0.22220297,0.099087758,0.470973608,1.660626008,0.058536959,481.7635214,0.010224896
2023-07-07,188,26012.49863,7125.145593,18887.35304,33137.64423,1041.6,26405.48335,11.02265072,7,0.22220297,0.099087758,0.470973608,1.660626008,0.058536959,474.3007346,0.009700938
2023-07-08,189,26089.24301,7175.996994,18913.24601,33265.24,1041.6,26405.48335,11.03233077,7,0.22220297,0.099087758,0.470973608,1.660626008,0.058536959,490.9511309,0.009337292
2023-07-09,190,26153.57298,7224.887135,18928.68585,33378.46012,1041.6,26405.48335,11.22613463,7,0.22220297,0.099087758,0.470973608,1.660626008,0.058536959,495.1474354,0.009273646
2023-07-10,191,26206.29887,7271.926228,18934.37265,33478.2251,1041.6,26405.48335,11.50850434,7,0.22220297,0.099087758,0.470973608,1.660626008,0.058536959,450.3503163,0.008852188
2023-07-11,192,26248.23098,7317.231334,18930.99965,33565.46231,1041.6,26405.48335,11.59245139,7,0.22220297,0.099087758,0.470973608,1.660626008,0.058536959,483.0921899,0.008592083
2023-07-12,193,26280.17962,7360.92495,18919.25467,33641.10457,1041.6,26405.48335,12.12108464,7,0.22220297,0.099087758,0.470973608,1.660626008,0.058536959,501.483358,0.008134583
2023-07-13,194,26302.95509,7403.133764,18899.82132,33706.08885,1041.6,26405.48335,12.47814931,7,0.22220297,0.099087758,0.470973608,1.660626008,0.058536959,458.7045762,0.0075625
2023-07-14,195,26317.3677,7443.987576,18873.38013,33761.35528,1041.6,26405.48335,12.45358594,7,0.22220297,0.099087758,0.470973608,1.660626008,0.058536959,462.2594406,0.006855
2023-07-15,196,26324.22777,7483.618355,18840.60942,33807.84612,1041.6,26405.48335,12.60893924,7,0.22220297,0.099087758,0.470973608,1.660626008,0.058536959,482.8540493,0.006204375
2023-07-16,197,26324.3456,7522.15942,18802.18618,33846.50502,1041.6,26405.48335,12.7197283,7,0.22220297,0.099087758,0.470973608,1.660626008,0.058536959,480.5498705,0.005483854
2023-07-17,198,26318.5315,7559.744756,18758.78674,33878.27626,1041.6,26405.48335,12.7378533,7,0.22220297,0.099087758,0.470973608,1.660626008,0.058536959,440.6604884,0.005048229
2023-07-18,199,26307.59578,7596.508437,18711.08734,33904.10421,1041.6,26405.48335,12.64711111,7,0.22220297,0.099087758,0.470973608,1.660626008,0.058536959,437.3795489,0.004938229
2023-07-19,200,26292.34874,7632.584154,18659.76459,33924.93289,1041.6,26405.48335,12.34992768,7,0.22220297,0.099087758,0.470973608,1.660626008,0.058536959,475.5156716,0.004425208
2023-07-20,201,26273.6007,7668.104857,18605.49584,33941.70555,1041.6,26405.48335,12.46034296,7,0.22220297,0.099087758,0.470973608,1.660626008,0.058536959,499.1839789,0.003908958
2023-07-21,202,26252.16196,7703.202486,18548.95947,33955.36444,1041.6,26405.48335,12.18285963,7,0.22220297,0.099087758,0.470973608,1.660626008,0.058536959,494.7671818,0.003603646
2023-07-22,203,26228.84283,7738.007808,18490.83502,33966.85064,1041.6,26405.48335,12.71433073,7,0.22220297,0.099087758,0.470973608,1.660626008,0.058536959,470.0936645,0.003127292
2023-07-23,204,26204.45362,7772.650343,18431.80328,33977.10397,1041.6,26405.48335,12.92467014,7,0.22220297,0.099087758,0.470973608,1.660626008,0.058536959,440.9987951,0.002647396
2023-07-24,205,26179.80465,7807.25838,18372.54627,33987.06303,1041.6,26405.48335,13.00032692,7,0.22220297,0.099087758,0.470973608,1.660626008,0.058536959,458.8667422,0.002391458
2023-07-25,206,26155.7062,7841.959086,18313.74712,33997.66529,1041.6,26405.48335,12.93172383,7,0.22220297,0.099087758,0.470973608,1.660626008,0.058536959,489.5572039,0.003377188
2023-07-26,207,26132.96861,7876.878706,18256.0899,34009.84731,1041.6,26405.48335,13.11031735,7,0.22220297,0.099087758,0.470973608,1.660626008,0.058536959,485.1102227,0.003048958
2023-07-27,208,26112.40216,7912.142835,18200.25933,34024.545,1041.6,26405.48335,13.28524934,7,0.22220297,0.099087758,0.470973608,1.660626008,0.058536959,502.4246028,0.002710729
2023-07-28,209,26094.81718,7947.876791,18146.94039,34042.69397,1041.6,26405.48335,13.33042882,7,0.22220297,0.099087758,0.470973608,1.660626008,0.058536959,471.8067588,0.002511563
2023-07-29,210,26081.02397,7984.206052,18096.81792,34065.23002,1041.6,26405.48335,13.73690757,7,0.22220297,0.099087758,0.470973608,1.660626008,0.058536959,479.0538549,0.002285833
2023-07-30,211,26071.83284,8021.256781,18050.57606,34093.08962,1041.6,26405.48335,13.85889547,7,0.22220297,0.099087758,0.470973608,1.660626008,0.058536959,474.4543022,0.002099688
2023-07-31,212,26068.05409,8059.156423,18008.89767,34127.21052,1041.6,26405.48335,14.29201828,7,0.22220297,0.099087758,0.470973608,1.660626008,0.058536959,478.8328865,0.001926771
2023-08-01,213,26070.49805,8098.034368,17972.46368,34168.53241,1041.6,26405.48335,14.29277845,7,0.22220297,0.099087758,0.470973608,1.660626008,0.058536959,475.8427632,0.001726667
2023-08-02,214,26079.975,8138.022683,17941.95232,34217.99768,1041.6,26405.48335,14.16678051,8,0.22220297,0.099087758,0.470973608,1.660626008,0.058536959,456.2160215,0.001205
2023-08-03,215,26096.92823,8179.188601,17917.73963,34276.11683,1041.6,26405.48335,14.01980142,8,0.22220297,0.099087758,0.470973608,1.660626008,0.058536959,438.9628964,0.000945313
2023-08-04,216,26120.33284,8221.326294,17899.00654,34341.65913,1041.6,26405.48335,14.41861545,8,0.22220297,0.099087758,0.470973608,1.660626008,0.058536959,444.8299944,0.000925521
2023-08-05,217,26148.79691,8264.153973,17884.64293,34412.95088,1041.6,26405.48335,14.48788721,8,0.22220297,0.099087758,0.470973608,1.660626008,0.058536959,446.0654683,0.001157083
2023-08-06,218,26180.9285,8307.379383,17873.54912,34488.30788,1041.6,26405.48335,14.6691901,8,0.22220297,0.099087758,0.470973608,1.660626008,0.058536959,458.3229448,0.001410313
2023-08-07,219,26215.33569,8350.698446,17864.63724,34566.03414,1041.6,26405.48335,14.77969895,8,0.22220297,0.099087758,0.470973608,1.660626008,0.058536959,454.7676708,0.001505313
2023-08-08,220,26250.62655,8393.794472,17856.83208,34644.42102,1041.6,26405.48335,14.56177846,8,0.22220297,0.099087758,0.470973608,1.660626008,0.058536959,502.8534452,0.001338229
2023-08-09,221,26285.40916,8436.33791,17849.07125,34721.74707,1041.6,26405.48335,14.53547665,8,0.22220297,0.099087758,0.470973608,1.660626008,0.058536959,458.1821558,0.001203125
2023-08-10,222,26318.29157,8477.986592,17840.30498,34796.27816,1041.6,26405.48335,14.68860777,8,0.22220297,0.099087758,0.470973608,1.660626008,0.058536959,438.9486508,0.001145833
2023-08-11,223,26347.88187,8518.386447,17829.49543,34866.26832,1041.6,26405.48335,14.33624066,8,0.22220297,0.099087758,0.470973608,1.660626008,0.058536959,432.6105068,0.001051146
2023-08-12,224,26372.78813,8557.172638,17815.61549,34929.96077,1041.6,26405.48335,14.18190246,8,0.22220297,0.099087758,0.470973608,1.660626008,0.058536959,455.4115206,0.000923646
2023-08-13,225,26391.61841,8593.971116,17797.6473,34985.58953,1041.6,26405.48335,14.17220498,8,0.22220297,0.099087758,0.470973608,1.660626008,0.012520644,447.0536549,0.000733646
2023-08-14,226,26402.9808,8628.400545,17774.58025,35031.38134,1041.6,26405.48335,14.37543578,8,0.22220297,0.099087758,0.470973608,1.660626008,0.058536959,466.7056672,0.00043125
2023-08-15,227,26405.48335,8660.074602,17745.40875,35065.55795,1041.6,26405.48335,14.6751176,8,0.22220297,0.099087758,0.470973608,1.660626008,0.029975121,484.5788316,0.000240938
2023-08-16,228,26397.73414,8688.604626,17709.12952,35086.33877,1041.6,26405.48335,14.97146441,8,0.22220297,0.099087758,0.470973608,1.660626008,0.009430521,482.5149545,0.000163125
2023-08-17,229,26378.34125,8713.60264,17664.73861,35091.94389,1041.6,26405.48335,14.80459115,8,0.22220297,0.099087758,0.470973608,1.660626008,0.031569744,496.3961776,9.96875e-05
2023-08-18,230,26345.91275,8734.684731,17611.22802,35080.59748,1041.6,26405.48335,14.43818272,8,0.22220297,0.099087758,0.470973608,1.660626008,0.058536959,495.4824518,0.00012625
2023-08-19,231,26299.0567,8751.474828,17547.58187,35050.53153,1041.6,26405.48335,14.55060614,8,0.22220297,0.099087758,0.470973608,1.660626008,0.058536959,472.1029237,8.41666666666667e-05
2023-08-20,232,26236.38118,8763.608916,17472.77226,34999.99009,1041.6,26405.48335,14.52639357,8,0.22220297,0.099087758,0.470973608,1.660626008,0.158997428,457.2475625,6.30208333333333e-05
2023-08-21,233,26156.49426,8770.739711,17385.75455,34927.23397,1041.6,26405.48335,14.30659635,8,0.22220297,0.099087758,0.470973608,1.660626008,0.058774793,459.4848312,8.34375e-05
2023-08-22,234,26058.00401,8772.541896,17285.46211,34830.5459,1041.6,26405.48335,14.09102569,8,0.22220297,0.099087758,0.470973608,1.660626008,0.072974104,453.3915421,0.00017625
2023-08-23,235,25939.5185,8768.717968,17170.80053,34708.23647,1041.6,26405.48335,13.78165439,8,0.22220297,0.099087758,0.470973608,1.660626008,0.058536959,455.973494,0.000272604
2023-08-24,236,25799.6458,8759.004815,17040.64099,34558.65062,1041.6,26405.48335,13.46318788,8,0.22220297,0.099087758,0.470973608,1.660626008,0.373271436,444.7754957,0.000224375
2023-08-25,237,25636.994,8743.181144,16893.81285,34380.17514,1041.6,26405.48335,13.32553369,8,0.22220297,0.099087758,0.470973608,1.660626008,0.058536959,486.4053541,0.000116146
2023-08-26,238,25450.17115,8721.075898,16729.09525,34171.24704,1041.6,26405.48335,13.71124575,8,0.22220297,0.099087758,0.470973608,1.660626008,0.058536959,482.9969935,8.3125e-05
2023-08-27,239,25237.78532,8692.577835,16545.20749,33930.36316,1041.6,26405.48335,13.74290489,8,0.22220297,0.099087758,0.470973608,1.660626008,0.348646525,430.4252388,4.25e-05
2023-08-28,240,24998.4446,8657.646472,16340.79813,33656.09107,1041.6,26405.48335,13.52147135,8,0.22220297,0.099087758,0.470973608,1.660626008,0.058536959,431.0207736,5.15625e-05
2023-08-29,241,24730.75705,8616.324598,16114.43246,33347.08165,1041.6,26405.48335,13.62080783,8,0.22220297,0.099087758,0.470973608,1.660626008,0.108433305,447.3436571,8.375e-05
2023-08-30,242,24433.33075,8568.752618,15864.57813,33002.08336,1041.6,26405.48335,13.79905821,8,0.22220297,0.099087758,0.470973608,1.660626008,0.169733135,461.6414409,0.000270833
2023-08-31,243,24104.77375,8515.184978,15589.58878,32619.95873,1041.6,26405.48335,13.3560408,8,0.22220297,0.099087758,0.470973608,1.660626008,0.131711317,485.1572957,0.001469063
2023-09-01,244,23743.69415,8456.008924,15287.68522,32199.70307,1041.6,26405.48335,13.09612846,8,0.22220297,0.099087758,0.470973608,1.660626008,0.146018236,474.6373706,0.004165729
2023-09-02,245,23348.7,8391.765854,14956.93415,31740.46585,1041.6,26405.48335,13.00952257,9,0.22220297,0.099087758,0.470973608,1.660626008,0.153202139,495.4432808,0.001966771
2023-09-03,246,22919.10747,8323.288688,14595.81878,31242.39616,1041.6,26405.48335,13.41637674,9,0.22220297,0.099087758,0.470973608,1.660626008,0.101853754,486.125792,0.001188958
2023-09-04,247,22457.06508,8252.005491,14205.05958,30709.07057,1041.6,26405.48335,13.20254688,9,0.22220297,0.099087758,0.470973608,1.660626008,0.167907842,448.806995,0.001070417
2023-09-05,248,21965.42942,8179.495481,13785.93394,30144.9249,1041.6,26405.48335,13.34112066,9,0.22220297,0.099087758,0.470973608,1.660626008,0.276578983,458.8725375,0.0006625
2023-09-06,249,21447.05711,8107.339959,13339.71715,29554.39707,1041.6,26405.48335,13.50238021,9,0.22220297,0.099087758,0.470973608,1.660626008,0.276578983,457.1614235,0.000388333
2023-09-07,250,20904.80475,8037.09774,12867.70701,28941.90249,1041.6,26405.48335,13.55505934,9,0.22220297,0.099087758,0.470973608,1.660626008,0.276578983,487.2208314,0.000214688
2023-09-08,251,20341.52895,7970.278577,12371.25037,28311.80752,1041.6,26405.48335,13.49690601,9,0.22220297,0.099087758,0.470973608,1.660626008,0.276578983,459.1821243,0.000149896
2023-09-09,252,19760.0863,7908.314747,11851.77156,27668.40105,1041.6,26405.48335,12.91041756,9,0.22220297,0.099087758,0.470973608,1.660626008,0.276578983,471.8762675,6.58333333333333e-05
2023-09-10,253,19163.33343,7852.531336,11310.80209,27015.86476,1041.6,26405.48335,12.92580278,9,0.22220297,0.099087758,0.470973608,1.660626008,0.520330454,481.6835932,1.16666666666667e-05
2023-09-11,254,18554.12692,7804.116055,10750.01086,26358.24297,1041.6,26405.48335,12.60409462,9,0.22220297,0.099087758,0.470973608,1.660626008,0.276578983,462.7453331,2.41666666666667e-05
2023-09-12,255,17935.32339,7764.089714,10171.23368,25699.4131,1041.6,26405.48335,12.5657328,9,0.22220297,0.099087758,0.470973608,1.660626008,0.352180429,467.3051454,2.1875e-06
2023-09-13,256,17309.77944,7733.278762,9576.500681,25043.0582,1041.6,26405.48335,12.27446435,9,0.22220297,0.099087758,0.470973608,1.660626008,0.276578983,462.2121868,0
2023-09-14,257,16680.35168,7712.291356,8968.060327,24392.64304,1041.6,26405.48335,12.11484277,9,0.22220297,0.099087758,0.470973608,1.660626008,0.276578983,463.8530305,0
2023-09-15,258,16049.89671,7701.498435,8348.398279,23751.39515,1041.6,26405.48335,11.98175104,9,0.22220297,0.099087758,0.470973608,1.660626008,0.256178844,470.9209031,0
2023-09-16,259,15421.27114,7701.021031,7720.250113,23122.29218,1041.6,26405.48335,11.78893021,9,0.22220297,0.099087758,0.470973608,1.660626008,0.276578983,468.7135487,0
2023-09-17,260,14797.33158,7710.724671,7086.606907,22508.05625,1041.6,26405.48335,11.46336979,9,0.22220297,0.099087758,0.470973608,1.660626008,0.276578983,437.7161765,0
2023-09-18,261,14180.93462,7730.221239,6450.71338,21911.15586,1041.6,26405.48335,11.50885104,9,0.22220297,0.099087758,0.470973608,1.660626008,0.171460453,429.4996111,0
2023-09-19,262,13574.93687,7758.878092,5816.058781,21333.81497,1041.6,26405.48335,11.27789099,9,0.22220297,0.099087758,0.470973608,1.660626008,0.276578983,426.0232937,0
2023-09-20,263,12982.19495,7795.8337,5186.361247,20778.02865,1041.6,26405.48335,11.21935923,9,0.22220297,0.099087758,0.470973608,1.660626008,0.133296138,436.8279934,0
2023-09-21,264,12405.56544,7840.018649,4565.546795,20245.58409,1041.6,26405.48335,10.99874843,9,0.22220297,0.099087758,0.470973608,1.660626008,0.253316892,433.2155961,0
2023-09-22,265,11847.90497,7890.180586,3957.724384,19738.08556,1041.6,26405.48335,11.38023217,9,0.22220297,0.099087758,0.470973608,1.660626008,0.276578983,418.8314147,0
2023-09-23,266,11312.07013,7944.911548,3367.158583,19256.98168,1041.6,26405.48335,11.03544271,9,0.22220297,0.099087758,0.470973608,1.660626008,0.276578983,422.7167498,0
2023-09-24,267,10800.91753,8002.676224,2798.241308,18803.59376,1041.6,26405.48335,10.95563281,9,0.22220297,0.099087758,0.470973608,1.660626008,0.204796439,428.9991257,0
2023-09-25,268,10317.30378,8061.83986,2255.463918,18379.14364,1041.6,26405.48335,11.00395399,9,0.22220297,0.099087758,0.470973608,1.660626008,0.211051853,435.979296,0.005817083
2023-09-26,269,9864.085474,8120.694814,1743.39066,17984.78029,1041.6,26405.48335,11.13816622,9,0.22220297,0.099087758,0.470973608,1.660626008,0.269577192,439.8044934,0.011870521
2023-09-27,270,9444.119225,8177.485076,1266.634149,17621.6043,1041.6,26405.48335,11.22884183,9,0.22220297,0.099087758,0.470973608,1.660626008,0.191281436,447.2221152,0.025407292
2023-09-28,271,9060.261638,8230.428382,1041.6,17290.69002,1041.6,26405.48335,11.01516059,9,0.22220297,0.099087758,0.470973608,1.660626008,0.250027279,439.9597848,0.033525625
2023-09-29,272,8715.369316,8277.735826,1041.6,16993.10514,1041.6,26405.48335,10.61721826,9,0.22220297,0.099087758,0.470973608,1.660626008,0.35848813,429.2154432,0.019646146
2023-09-30,273,8412.298866,8317.629105,1041.6,16729.92797,1041.6,26405.48335,10.33271851,9,0.22220297,0.099087758,0.470973608,1.660626008,0.276578983,442.6136507,0.01456
2023-10-01,274,8153.906892,8348.355715,1041.6,16502.26261,1041.6,26405.48335,10.17659079,9,0.22220297,0.099087758,0.470973608,1.660626008,0.276578983,441.101381,0.009115521
2023-10-02,275,7943.05,8368.202568,1041.6,16311.25257,1041.6,26405.48335,10.26359115,10,0.22220297,0.099087758,0.470973608,1.660626008,0.472130785,444.4827979,0.006871563
2023-10-03,276,7781.726139,8375.759627,1041.6,16157.48577,1041.6,26405.48335,10.06902445,10,0.22220297,0.099087758,0.470973608,1.660626008,0.276578983,415.2055159,0.008189688
2023-10-04,277,7668.498634,8370.715083,1041.6,16039.21372,1041.6,26405.48335,10.18573,10,0.22220297,0.099087758,0.470973608,1.660626008,0.463577886,455.1900385,0.00723625
2023-10-05,278,7601.072152,8353.14983,1041.6,15954.22198,1041.6,26405.48335,9.943657118,10,0.22220297,0.099087758,0.470973608,1.660626008,0.821442245,455.6019133,0.006644271
2023-10-06,279,7577.151363,8323.27304,1041.6,15900.4244,1041.6,26405.48335,10.1943724,10,0.22220297,0.099087758,0.470973608,1.660626008,0.276578983,444.9621281,0.005838854
2023-10-07,280,7594.440934,8281.403115,1041.6,15875.84405,1041.6,26405.48335,10.19750588,10,0.22220297,0.099087758,0.470973608,1.660626008,0.276578983,441.1236434,0.005133542
2023-10-08,281,7650.645534,8227.951785,1041.6,15878.59732,1041.6,26405.48335,10.22011719,10,0.22220297,0.099087758,0.470973608,1.660626008,0.932047009,442.1620829,0.004559792
2023-10-09,282,7743.469832,8163.410796,1041.6,15906.88063,1041.6,26405.48335,10.09001047,10,0.22220297,0.099087758,0.470973608,1.660626008,0.276578983,440.9009037,0.004191146
2023-10-10,283,7870.618495,8088.340739,1041.6,15958.95923,1041.6,26405.48335,9.85737934,10,0.22220297,0.099087758,0.470973608,1.660626008,0.276578983,435.4910706,0.005782813
2023-10-11,284,8029.796193,8003.361608,1041.6,16033.1578,1041.6,26405.48335,9.391002604,10,0.22220297,0.099087758,0.470973608,1.660626008,0.276578983,427.1250172,0.060504896
2023-10-12,285,8218.707593,7909.144768,1041.6,16127.85236,1041.6,26405.48335,8.869653646,10,0.22220297,0.099087758,0.470973608,1.660626008,0.798970635,432.6436306,0.086688854
2023-10-13,286,8435.057364,7806.406056,1041.6,16241.46342,1041.6,26405.48335,9.034993913,10,0.22220297,0.099087758,0.470973608,1.660626008,0.788794872,431.6102212,0.041229583
2023-10-14,287,8676.550175,7695.899761,1041.6,16372.44994,1041.6,26405.48335,8.801763889,10,0.22220297,0.099087758,0.470973608,1.660626008,0.658152999,435.9297884,0.029427708
2023-10-15,288,8940.890693,7578.413298,1362.477395,16519.30399,1041.6,26405.48335,8.714915799,10,0.22220297,0.099087758,0.470973608,1.660626008,0.739168887,444.6013068,0.024209792
2023-10-16,289,9225.783587,7454.762362,1771.021225,16680.54595,1041.6,26405.48335,8.811552563,10,0.22220297,0.099087758,0.470973608,1.660626008,0.742193321,436.0604418,0.024305417
2023-10-17,290,9528.933526,7325.786432,2203.147094,16854.71996,1041.6,26405.48335,8.747847594,10,0.22220297,0.099087758,0.470973608,1.660626008,0.621982986,442.5514368,0.034168021
2023-10-18,291,9848.045178,7192.344434,2655.700743,17040.38961,1041.6,26405.48335,8.787460069,10,0.22220297,0.099087758,0.470973608,1.660626008,0.276578983,439.6127613,0.02711625
2023-10-19,292,10180.82321,7055.310463,3125.512748,17236.13367,1041.6,26405.48335,8.679102877,10,0.22220297,0.099087758,0.470973608,1.660626008,0.276578983,437.056836,0.022436458
2023-10-20,293,10524.97229,6915.569388,3609.402905,17440.54168,1041.6,26405.48335,8.721561632,10,0.22220297,0.099087758,0.470973608,1.660626008,0.864449428,440.0488022,0.019278438
2023-10-21,294,10878.19709,6774.012251,4104.184842,17652.20935,1041.6,26405.48335,8.868440945,10,0.22220297,0.099087758,0.470973608,1.660626008,0.276578983,432.4695206,0.0171675
2023-10-22,295,11238.20228,6631.531316,4606.670964,17869.7336,1041.6,26405.48335,8.862982639,10,0.22220297,0.099087758,0.470973608,1.660626008,0.276578983,434.4421605,0.016665417
2023-10-23,296,11602.69252,6489.014676,5113.677847,18091.7072,1041.6,26405.48335,8.369980216,10,0.22220297,0.099087758,0.470973608,1.660626008,0.276578983,434.1856665,0.016031667
2023-10-24,297,11969.37249,6347.340331,5622.032157,18316.71282,1041.6,26405.48335,8.162948795,10,0.22220297,0.099087758,0.470973608,1.660626008,0.276578983,434.1487622,0.017498646
2023-10-25,298,12335.94684,6207.369679,6128.577165,18543.31652,1041.6,26405.48335,8.262727273,10,0.22220297,0.099087758,0.470973608,1.660626008,0.856518211,429.7062224,0.049169479
2023-10-26,299,12700.12026,6069.940397,6630.179864,18770.06066,1041.6,26405.48335,7.838638704,10,0.22220297,0.099087758,0.470973608,1.660626008,0.276578983,425.7727341,0.060584583
2023-10-27,300,13059.59741,5935.858746,7123.73866,18995.45615,1041.6,26405.48335,7.426976326,10,0.22220297,0.099087758,0.470973608,1.660626008,0.276578983,429.0138959,0.046039792
2023-10-28,301,13412.08295,5805.891411,7606.191536,19217.97436,1041.6,26405.48335,7.126566312,10,0.22220297,0.099087758,0.470973608,1.660626008,0.276578983,435.2673245,0.039183333
2023-10-29,302,13755.28155,5680.757046,8074.524508,19436.0386,1041.6,26405.48335,7.221900579,10,0.22220297,0.099087758,0.470973608,1.660626008,0.276578983,434.288813,0.035593646
2023-10-30,303,14086.89789,5561.117812,8525.780082,19648.01571,1041.6,26405.48335,6.975307765,10,0.22220297,0.099087758,0.470973608,1.660626008,0.276578983,436.4685527,0.032087188
2023-10-31,304,14404.63664,5447.571298,8957.065338,19852.20793,1041.6,26405.48335,6.990331439,10,0.22220297,0.099087758,0.470973608,1.660626008,0.276578983,426.3193317,0.029224375
2023-11-01,305,14706.20245,5340.643299,9365.55915,20046.84575,1041.6,26405.48335,6.980794258,10,0.22220297,0.099087758,0.470973608,1.660626008,0.276578983,428.4382757,0.027189263
2023-11-02,306,14989.3,5240.782025,9748.517975,20230.08202,1041.6,26405.48335,6.873189504,11,0.22220297,0.099087758,0.470973608,1.660626008,0.276578983,433.2757353,0.143272396
2023-11-03,307,15252.10764,5148.2532,10103.85444,20400.36084,1041.6,26405.48335,7.040793605,11,0.22220297,0.099087758,0.470973608,1.660626008,0.625414274,448.4428303,0.156049167
2023-11-04,308,15494.69844,5062.861382,10431.83706,20557.55982,1041.6,26405.48335,7.315889524,11,0.22220297,0.099087758,0.470973608,1.660626008,0.603188687,441.1807281,0.575636458
2023-11-05,309,15717.61916,4984.299653,10733.31951,20701.91882,1041.6,26405.48335,7.765048341,11,0.22220297,0.099087758,0.470973608,1.660626008,0.276578983,429.8426242,0.650981042
2023-11-06,310,15921.41656,4912.258175,11009.15838,20833.67473,1041.6,26405.48335,7.605628472,11,0.22220297,0.099087758,0.470973608,1.660626008,0.276578983,428.4037585,0.684669167
2023-11-07,311,16106.63738,4846.425099,11260.21228,20953.06248,1041.6,26405.48335,7.212602085,11,0.22220297,0.099087758,0.470973608,1.660626008,0.276578983,427.6182937,1.36146125
2023-11-08,312,16273.82839,4786.487545,11487.34084,21060.31593,1041.6,26405.48335,6.726064343,11,0.22220297,0.099087758,0.470973608,1.660626008,0.276578983,432.7600682,0.933358333
2023-11-09,313,16423.53634,4732.132616,11691.40372,21155.66895,1041.6,26405.48335,6.33735058,11,0.22220297,0.099087758,0.470973608,1.660626008,0.651546118,430.9815396,0.512047083
2023-11-10,314,16556.30798,4683.048408,11873.25958,21239.35639,1041.6,26405.48335,6.43083941,11,0.22220297,0.099087758,0.470973608,1.660626008,0.254314711,431.6234122,0.383105313
2023-11-11,315,16672.69008,4638.925018,12033.76506,21311.6151,1041.6,26405.48335,6.360688368,11,0.22220297,0.099087758,0.470973608,1.660626008,0.276578983,435.3904592,0.366617813
2023-11-12,316,16773.22939,4599.455506,12173.77388,21372.68489,1041.6,26405.48335,6.335516073,11,0.22220297,0.099087758,0.470973608,1.660626008,0.276578983,444.6528177,0.538355729
2023-11-13,317,16858.47266,4564.336799,12294.13586,21422.80945,1041.6,26405.48335,6.150442274,11,0.22220297,0.099087758,0.470973608,1.660626008,0.276578983,438.8357953,0.487319583
2023-11-14,318,16928.96664,4533.270518,12395.69612,21462.23716,1041.6,26405.48335,6.199859266,11,0.22220297,0.099087758,0.470973608,1.660626008,0.276578983,430.6087329,0.401853646
2023-11-15,319,16985.2581,4505.963727,12479.29438,21491.22183,1041.6,26405.48335,6.504528369,11,0.22220297,0.099087758,0.470973608,1.660626008,0.276578983,426.3407966,0.334347209
2023-11-16,320,17027.8938,4482.129573,12545.76422,21510.02337,1041.6,26405.48335,6.226205039,11,0.22220297,0.099087758,0.470973608,1.660626008,0.276578983,431.2964891,0.270709895
2023-11-17,321,17057.42047,4461.487845,12595.93263,21518.90832,1041.6,26405.48335,6.089780617,11,0.22220297,0.099087758,0.470973608,1.660626008,0.276578983,434.3676242,0.222473646
2023-11-18,322,17074.38489,4443.76542,12630.61947,21518.15031,1041.6,26405.48335,5.868221489,11,0.22220297,0.099087758,0.470973608,1.660626008,0.276578983,432.7470357,0.1859125
2023-11-19,323,17079.33381,4428.696628,12650.63718,21508.03044,1041.6,26405.48335,5.736570922,11,0.22220297,0.099087758,0.470973608,1.660626008,0.276578983,431.6285614,0.195511979
2023-11-20,324,17072.81398,4416.023525,12656.79045,21488.8375,1041.6,26405.48335,5.442927826,11,0.22220297,0.099087758,0.470973608,1.660626008,0.276578983,434.0604189,0.179020957
2023-11-21,325,17055.37215,4405.496092,12649.87606,21460.86824,1041.6,26405.48335,5.365639545,11,0.22220297,0.099087758,0.470973608,1.660626008,0.276578983,434.1002895,0.158637708
2023-11-22,326,17027.55509,4396.872369,12630.68272,21424.42746,1041.6,26405.48335,5.440463351,11,0.22220297,0.099087758,0.470973608,1.660626008,0.276578983,437.7336375,0.145439063
2023-11-23,327,16989.90955,4389.918542,12599.99101,21379.82809,1041.6,26405.48335,5.616771701,11,0.22220297,0.099087758,0.470973608,1.660626008,0.276578983,432.1875042,0.129871771
2023-11-24,328,16942.98228,4384.408987,12558.5733,21327.39127,1041.6,26405.48335,5.621621528,11,0.22220297,0.099087758,0.470973608,1.660626008,0.276578983,431.9892297,0.113966042
2023-11-25,329,16887.32005,4380.126298,12507.19375,21267.44635,1041.6,26405.48335,5.463818576,11,0.22220297,0.099087758,0.470973608,1.660626008,0.276578983,434.6354774,0.100116875
2023-11-26,330,16823.4696,4376.8613,12446.6083,21200.3309,1041.6,26405.48335,5.547949423,11,0.22220297,0.099087758,0.470973608,1.660626008,0.276578983,427.2789939,0.088156771
2023-11-27,331,16751.97769,4374.413075,12377.56462,21126.39077,1041.6,26405.48335,5.627712533,11,0.22220297,0.099087758,0.470973608,1.660626008,0.276578983,443.9469639,0.078001667
2023-11-28,332,16673.39108,4372.589003,12300.80208,21045.98008,1041.6,26405.48335,5.688208514,11,0.22220297,0.099087758,0.470973608,1.660626008,0.276578983,438.8863233,0.070050313
2023-11-29,333,16588.25652,4371.204834,12217.05169,20959.46136,1041.6,26405.48335,5.37390191,11,0.22220297,0.099087758,0.470973608,1.660626008,0.276578983,440.0747974,0.066634792
2023-11-30,334,16497.12078,4370.084813,12127.03596,20867.20559,1041.6,26405.48335,5.131903164,11,0.22220297,0.099087758,0.470973608,1.660626008,0.276578983,441.9932814,0.063886042
2023-12-01,335,16400.53059,4369.061858,12031.46873,20769.59245,1041.6,26405.48335,4.81651298,11,0.22220297,0.099087758,0.470973608,1.660626008,0.218748921,435.1950895,0.064667684
2023-12-02,336,16299.03273,4367.977802,11931.05492,20667.01053,1041.6,26405.48335,5.071640625,12,0.22220297,0.099087758,0.470973608,1.660626008,0.218748921,430.5580801,0.534807604
2023-12-03,337,16193.17394,4366.683734,11826.4902,20559.85767,1041.6,26405.48335,5.052815972,12,0.22220297,0.099087758,0.470973608,1.660626008,0.218748921,432.9717601,1.242648125
2023-12-04,338,16083.50098,4365.040412,11718.46057,20448.54139,1041.6,26405.48335,5.185184028,12,0.22220297,0.099087758,0.470973608,1.660626008,0.218748921,435.3907956,2.387971667
2023-12-05,339,15970.56061,4362.918796,11607.64181,20333.4794,1041.6,26405.48335,5.280376736,12,0.22220297,0.099087758,0.470973608,1.660626008,0.218748921,442.1549271,3.611781771
2023-12-06,340,15854.89958,4360.200692,11494.69889,20215.10027,1041.6,26405.48335,5.154682332,12,0.22220297,0.099087758,0.470973608,1.660626008,0.218748921,438.1600104,3.383963229
2023-12-07,341,15737.06465,4356.779528,11380.28512,20093.84417,1041.6,26405.48335,5.145450827,12,0.22220297,0.099087758,0.470973608,1.660626008,0.218748921,434.2032544,2.019233333
2023-12-08,342,15617.60257,4352.561268,11265.0413,19970.16384,1041.6,26405.48335,5.057312609,12,0.22220297,0.099087758,0.470973608,1.660626008,0.218748921,436.075283,1.397424896
2023-12-09,343,15497.0601,4347.465489,11149.59461,19844.52559,1041.6,26405.48335,4.855744681,12,0.22220297,0.099087758,0.470973608,1.660626008,0.218748921,439.907461,0.991458438
2023-12-10,344,15375.98399,4341.426626,11034.55737,19717.41062,1041.6,26405.48335,4.890064453,12,0.22220297,0.099087758,0.470973608,1.660626008,0.218748921,439.9490194,1.753430938
2023-12-11,345,15254.92101,4334.395399,10920.52561,19589.31641,1041.6,26405.48335,5.361993743,12,0.22220297,0.099087758,0.470973608,1.660626008,0.218748921,443.913048,1.988235054
2023-12-12,346,15134.4179,4326.340452,10808.07745,19460.75835,1041.6,26405.48335,5.332073375,12,0.22220297,0.099087758,0.470973608,1.660626008,0.218748921,439.872447,1.178668219
2023-12-13,347,15015.02143,4317.250203,10697.77122,19332.27163,1041.6,26405.48335,5.367294906,12,0.22220297,0.099087758,0.470973608,1.660626008,0.218748921,434.5382399,0.777582083
2023-12-14,348,14897.27834,4307.134934,10590.1434,19204.41327,1041.6,26405.48335,5.282398396,12,0.22220297,0.099087758,0.470973608,1.660626008,0.218748921,427.1632245,0.587056042
2023-12-15,349,14781.73539,4296.029126,10485.70626,19077.76452,1041.6,26405.48335,5.190327257,12,0.22220297,0.099087758,0.470973608,1.660626008,0.218748921,441.5185936,0.469000729
2023-12-16,350,14668.93934,4283.994064,10384.94528,18952.93341,1041.6,26405.48335,4.99115625,12,0.22220297,0.099087758,0.470973608,1.660626008,0.218748921,441.4510359,0.395821771
2023-12-17,351,14559.43695,4271.120711,10288.31624,18830.55766,1041.6,26405.48335,4.875914894,12,0.22220297,0.099087758,0.470973608,1.660626008,0.218748921,441.959522,0.3391225
2023-12-18,352,14453.77496,4257.532858,10196.24211,18711.30782,1041.6,26405.48335,5.015912879,12,0.22220297,0.099087758,0.470973608,1.660626008,0.218748921,444.9515984,0.298110625
2023-12-19,353,14352.50014,4243.390551,10109.10959,18595.8907,1041.6,26405.48335,5.099726326,12,0.22220297,0.099087758,0.470973608,1.660626008,0.218748921,445.8950582,0.295663021
2023-12-20,354,14256.15925,4228.89377,10027.26548,18485.05302,1041.6,26405.48335,5.327448864,12,0.22220297,0.099087758,0.470973608,1.660626008,0.218748921,445.1504972,0.302016042
2023-12-21,355,14165.29902,4214.286325,9951.012699,18379.58535,1041.6,26405.48335,5.585,12,0.22220297,0.099087758,0.470973608,1.660626008,0.218748921,439.76547,0.279314375
2023-12-22,356,14080.46623,4199.859921,9880.606313,18280.32616,1041.6,26405.48335,5.143775665,12,0.22220297,0.099087758,0.470973608,1.660626008,0.218748921,438.6068399,0.266583854
2023-12-23,357,14002.20763,4185.958301,9816.249331,18188.16593,1041.6,26405.48335,4.535572394,12,0.22220297,0.099087758,0.470973608,1.660626008,0.218748921,442.9469161,0.257172396
2023-12-24,358,13931.06997,4172.981333,9758.08864,18104.05131,1041.6,26405.48335,4.583677515,12,0.22220297,0.099087758,0.470973608,1.660626008,0.218748921,477.2291152,0.238609583
2023-12-25,359,13867.60001,4161.388903,9706.21111,18028.98892,1041.6,26405.48335,4.9731875,12,0.22220297,0.099087758,0.470973608,1.660626008,0.218748921,472.6026692,0.227343958
2023-12-26,360,13812.34451,4151.704365,9660.640143,17964.04887,1041.6,26405.48335,4.828830368,12,0.22220297,0.099087758,0.470973608,1.660626008,0.218748921,434.5293185,0.272102396
2023-12-27,361,13765.85021,4144.517298,9621.332914,17910.36751,1041.6,26405.48335,4.627488568,12,0.22220297,0.099087758,0.470973608,1.660626008,0.218748921,452.1851343,0.293140349
2023-12-28,362,13728.66388,4140.485249,9588.178633,17869.14913,1041.6,26405.48335,4.805994203,12,0.22220297,0.099087758,0.470973608,1.660626008,0.218748921,450.5844233,0.312515729
2023-12-29,363,13701.33227,4140.334074,9560.9982,17841.66635,1041.6,26405.48335,4.463281576,12,0.22220297,0.099087758,0.470973608,1.660626008,0.218748921,453.4657766,0.31692875
2023-12-30,364,13684.40214,4144.856496,9539.545646,17829.25864,1041.6,26405.48335,4.18889375,12,0.22220297,0.099087758,0.470973608,1.660626008,0.218748921,453.5040697,0.317626042
2023-12-31,365,13678.42024,4154.908487,9523.511757,17833.32873,1041.6,26405.48335,4.257819792,12,0.22220297,0.099087758,0.470973608,1.660626008,0.218748921,452.3534823,0.32689