,coords.x1,coords.x2,Permanent_Identifier,X,FID,Shape,Id,ORIG_FID,FDate,Resolution,GNIS_ID,GNIS_Name,LengthKM,ReachCode...11,FlowDir,WBArea_Permanent_Identifier,FType,FCode,MainPath,InNetwork,VisibilityFilter,NHDPlusID,VPUID,Enabled,OBJECTID_2,NHDPlusID_2,StreamLevel...24,StreamOrder...25,StreamCalculator...26,FromNode...27,ToNode...28,HydrologicSequence...29,LevelPathIdentifier...30,PathLength...31,TerminalPathIdentifier...32,UpstreamCumulativeStreamKm...33,DivergenceCode...34,IsHeadwater...35,IsNetworkEnd...36,UpstreamMainPathLevelPathID...37,UpstreamMainPathHydroSeq...38,DownstreamMainPathStreamLevel...39,DownstreamMainPathLevelPathID...40,DownstreamMainPathHydroSeq...41,DownstreamMinorHydroSequence...42,DownstreamDrainageCount...43,FromMeasure...44,ToMeasure...45,ReachCode...46,HasReturningDivergence...47,ThinnerCode...48,VPUIn...49,VPUOut...50,AreaSqKm...51,TotalDrainageAreaSqKm...52,DivergenceRoutedDrainAreaSqKm...53,MaximumElevationRaw...54,MinimumElevationRaw...55,MaximumElevationSmoothed...56,MinimumElevationSmoothed...57,Slope...58,SlopeLengthKm...59,IsElevationFixed...60,HeadwaterType...61,HeadwaterNodeDrainageAreaSqKm...62,StatusFlag...63,VPUID_3,Shape_Length,OBJECTID_3,NHDPlusID_3,StreamLevel...68,StreamOrder...69,StreamCalculator...70,FromNode...71,ToNode...72,HydrologicSequence...73,LevelPathIdentifier...74,PathLength...75,TerminalPathIdentifier...76,UpstreamCumulativeStreamKm...77,DivergenceCode...78,IsHeadwater...79,IsNetworkEnd...80,UpstreamMainPathLevelPathID...81,UpstreamMainPathHydroSeq...82,DownstreamMainPathStreamLevel...83,DownstreamMainPathLevelPathID...84,DownstreamMainPathHydroSeq...85,DownstreamMinorHydroSequence...86,DownstreamDrainageCount...87,FromMeasure...88,ToMeasure...89,ReachCode...90,HasReturningDivergence...91,ThinnerCode...92,VPUIn...93,VPUOut...94,AreaSqKm...95,TotalDrainageAreaSqKm...96,DivergenceRoutedDrainAreaSqKm...97,MaximumElevationRaw...98,MinimumElevationRaw...99,MaximumElevationSmoothed...100,MinimumElevationSmoothed...101,Slope...102,SlopeLengthKm...103,IsElevationFixed...104,HeadwaterType...105,HeadwaterNodeDrainageAreaSqKm...106,StatusFlag...107,VPUID_2,...111,...112,row_count,Q_multiplier,slope,,,
1,-121.935454,45.791576,2001,433,0,Point,0,1,1/4/18,2,NA,NA,0.275622,1.70701e+13,1,NA,460,46003,0,1,0,5.50004e+13,1707,1,135851,5.50004e+13,6,1,1,5.50004e+13,5.50004e+13,5.50004e+13,5.50004e+13,267.265283,5.50003e+13,0.275622,0,1,0,0,0,5,5.50004e+13,5.50004e+13,0,1,0,100,1.70701e+13,0,0,0,0,0.034,0.034,0.034,37309,35710,37309,35710,0.091048,0.175622,1,0,0.0076,A,1707,0.003262,135851,5.50004e+13,6,1,1,5.50004e+13,5.50004e+13,5.50004e+13,5.50004e+13,267.265283,5.50003e+13,0.275622,0,1,0,0,0,5,5.50004e+13,5.50004e+13,0,1,0,100,1.70701e+13,0,0,0,0,0.034,0.034,0.034,37309,35710,37309,35710,0.091048,0.175622,1,0,0.0076,A,1707,NA,NA,1,0.005225039,0.164013228,,,
2,-121.935209,45.791566,2001,434,1,Point,0,1,1/4/18,2,NA,NA,0.275622,1.70701e+13,1,NA,460,46003,0,1,0,5.50004e+13,1707,1,135851,5.50004e+13,6,1,1,5.50004e+13,5.50004e+13,5.50004e+13,5.50004e+13,267.265283,5.50003e+13,0.275622,0,1,0,0,0,5,5.50004e+13,5.50004e+13,0,1,0,100,1.70701e+13,0,0,0,0,0.034,0.034,0.034,37309,35710,37309,35710,0.091048,0.175622,1,0,0.0076,A,1707,0.003262,135851,5.50004e+13,6,1,1,5.50004e+13,5.50004e+13,5.50004e+13,5.50004e+13,267.265283,5.50003e+13,0.275622,0,1,0,0,0,5,5.50004e+13,5.50004e+13,0,1,0,100,1.70701e+13,0,0,0,0,0.034,0.034,0.034,37309,35710,37309,35710,0.091048,0.175622,1,0,0.0076,A,1707,NA,NA,2,0.005612671,0.21037166,,,
3,-121.934987,45.791469,2001,435,2,Point,0,1,1/4/18,2,NA,NA,0.275622,1.70701e+13,1,NA,460,46003,0,1,0,5.50004e+13,1707,1,135851,5.50004e+13,6,1,1,5.50004e+13,5.50004e+13,5.50004e+13,5.50004e+13,267.265283,5.50003e+13,0.275622,0,1,0,0,0,5,5.50004e+13,5.50004e+13,0,1,0,100,1.70701e+13,0,0,0,0,0.034,0.034,0.034,37309,35710,37309,35710,0.091048,0.175622,1,0,0.0076,A,1707,0.003262,135851,5.50004e+13,6,1,1,5.50004e+13,5.50004e+13,5.50004e+13,5.50004e+13,267.265283,5.50003e+13,0.275622,0,1,0,0,0,5,5.50004e+13,5.50004e+13,0,1,0,100,1.70701e+13,0,0,0,0,0.034,0.034,0.034,37309,35710,37309,35710,0.091048,0.175622,1,0,0.0076,A,1707,NA,NA,3,0.006026093,0.204430876,,,
4,-121.934793,45.79135,2001,436,3,Point,0,1,1/4/18,2,NA,NA,0.275622,1.70701e+13,1,NA,460,46003,0,1,0,5.50004e+13,1707,1,135851,5.50004e+13,6,1,1,5.50004e+13,5.50004e+13,5.50004e+13,5.50004e+13,267.265283,5.50003e+13,0.275622,0,1,0,0,0,5,5.50004e+13,5.50004e+13,0,1,0,100,1.70701e+13,0,0,0,0,0.034,0.034,0.034,37309,35710,37309,35710,0.091048,0.175622,1,0,0.0076,A,1707,0.003262,135851,5.50004e+13,6,1,1,5.50004e+13,5.50004e+13,5.50004e+13,5.50004e+13,267.265283,5.50003e+13,0.275622,0,1,0,0,0,5,5.50004e+13,5.50004e+13,0,1,0,100,1.70701e+13,0,0,0,0,0.034,0.034,0.034,37309,35710,37309,35710,0.091048,0.175622,1,0,0.0076,A,1707,NA,NA,4,0.006433627,0.228276592,,,
5,-121.934544,45.7914,2001,437,4,Point,0,1,1/4/18,2,NA,NA,0.275622,1.70701e+13,1,NA,460,46003,0,1,0,5.50004e+13,1707,1,135851,5.50004e+13,6,1,1,5.50004e+13,5.50004e+13,5.50004e+13,5.50004e+13,267.265283,5.50003e+13,0.275622,0,1,0,0,0,5,5.50004e+13,5.50004e+13,0,1,0,100,1.70701e+13,0,0,0,0,0.034,0.034,0.034,37309,35710,37309,35710,0.091048,0.175622,1,0,0.0076,A,1707,0.003262,135851,5.50004e+13,6,1,1,5.50004e+13,5.50004e+13,5.50004e+13,5.50004e+13,267.265283,5.50003e+13,0.275622,0,1,0,0,0,5,5.50004e+13,5.50004e+13,0,1,0,100,1.70701e+13,0,0,0,0,0.034,0.034,0.034,37309,35710,37309,35710,0.091048,0.175622,1,0,0.0076,A,1707,NA,NA,5,0.006842802,0.22866691,,,
6,-121.934308,45.791499,2001,438,5,Point,0,1,1/4/18,2,NA,NA,0.275622,1.70701e+13,1,NA,460,46003,0,1,0,5.50004e+13,1707,1,135851,5.50004e+13,6,1,1,5.50004e+13,5.50004e+13,5.50004e+13,5.50004e+13,267.265283,5.50003e+13,0.275622,0,1,0,0,0,5,5.50004e+13,5.50004e+13,0,1,0,100,1.70701e+13,0,0,0,0,0.034,0.034,0.034,37309,35710,37309,35710,0.091048,0.175622,1,0,0.0076,A,1707,0.003262,135851,5.50004e+13,6,1,1,5.50004e+13,5.50004e+13,5.50004e+13,5.50004e+13,267.265283,5.50003e+13,0.275622,0,1,0,0,0,5,5.50004e+13,5.50004e+13,0,1,0,100,1.70701e+13,0,0,0,0,0.034,0.034,0.034,37309,35710,37309,35710,0.091048,0.175622,1,0,0.0076,A,1707,NA,NA,6,0.007277443,0.244248036,,,
7,-121.934082,45.791605,2001,439,6,Point,0,1,1/4/18,2,NA,NA,0.275622,1.70701e+13,1,NA,460,46003,0,1,0,5.50004e+13,1707,1,135851,5.50004e+13,6,1,1,5.50004e+13,5.50004e+13,5.50004e+13,5.50004e+13,267.265283,5.50003e+13,0.275622,0,1,0,0,0,5,5.50004e+13,5.50004e+13,0,1,0,100,1.70701e+13,0,0,0,0,0.034,0.034,0.034,37309,35710,37309,35710,0.091048,0.175622,1,0,0.0076,A,1707,0.003262,135851,5.50004e+13,6,1,1,5.50004e+13,5.50004e+13,5.50004e+13,5.50004e+13,267.265283,5.50003e+13,0.275622,0,1,0,0,0,5,5.50004e+13,5.50004e+13,0,1,0,100,1.70701e+13,0,0,0,0,0.034,0.034,0.034,37309,35710,37309,35710,0.091048,0.175622,1,0,0.0076,A,1707,NA,NA,7,0.007707213,0.182497895,,,
8,-121.933837,45.791663,2001,440,7,Point,0,1,1/4/18,2,NA,NA,0.275622,1.70701e+13,1,NA,460,46003,0,1,0,5.50004e+13,1707,1,135851,5.50004e+13,6,1,1,5.50004e+13,5.50004e+13,5.50004e+13,5.50004e+13,267.265283,5.50003e+13,0.275622,0,1,0,0,0,5,5.50004e+13,5.50004e+13,0,1,0,100,1.70701e+13,0,0,0,0,0.034,0.034,0.034,37309,35710,37309,35710,0.091048,0.175622,1,0,0.0076,A,1707,0.003262,135851,5.50004e+13,6,1,1,5.50004e+13,5.50004e+13,5.50004e+13,5.50004e+13,267.265283,5.50003e+13,0.275622,0,1,0,0,0,5,5.50004e+13,5.50004e+13,0,1,0,100,1.70701e+13,0,0,0,0,0.034,0.034,0.034,37309,35710,37309,35710,0.091048,0.175622,1,0,0.0076,A,1707,NA,NA,8,0.008115744,0.182497895,,,
9,-121.933589,45.791645,2001,441,8,Point,0,1,1/4/18,2,NA,NA,0.275622,1.70701e+13,1,NA,460,46003,0,1,0,5.50004e+13,1707,1,135851,5.50004e+13,6,1,1,5.50004e+13,5.50004e+13,5.50004e+13,5.50004e+13,267.265283,5.50003e+13,0.275622,0,1,0,0,0,5,5.50004e+13,5.50004e+13,0,1,0,100,1.70701e+13,0,0,0,0,0.034,0.034,0.034,37309,35710,37309,35710,0.091048,0.175622,1,0,0.0076,A,1707,0.003262,135851,5.50004e+13,6,1,1,5.50004e+13,5.50004e+13,5.50004e+13,5.50004e+13,267.265283,5.50003e+13,0.275622,0,1,0,0,0,5,5.50004e+13,5.50004e+13,0,1,0,100,1.70701e+13,0,0,0,0,0.034,0.034,0.034,37309,35710,37309,35710,0.091048,0.175622,1,0,0.0076,A,1707,NA,NA,9,0.008509558,0.121905152,,,
10,-121.93334,45.791606,2001,442,9,Point,0,1,1/4/18,2,NA,NA,0.275622,1.70701e+13,1,NA,460,46003,0,1,0,5.50004e+13,1707,1,135851,5.50004e+13,6,1,1,5.50004e+13,5.50004e+13,5.50004e+13,5.50004e+13,267.265283,5.50003e+13,0.275622,0,1,0,0,0,5,5.50004e+13,5.50004e+13,0,1,0,100,1.70701e+13,0,0,0,0,0.034,0.034,0.034,37309,35710,37309,35710,0.091048,0.175622,1,0,0.0076,A,1707,0.003262,135851,5.50004e+13,6,1,1,5.50004e+13,5.50004e+13,5.50004e+13,5.50004e+13,267.265283,5.50003e+13,0.275622,0,1,0,0,0,5,5.50004e+13,5.50004e+13,0,1,0,100,1.70701e+13,0,0,0,0,0.034,0.034,0.034,37309,35710,37309,35710,0.091048,0.175622,1,0,0.0076,A,1707,NA,NA,10,0.008912586,0.094714187,,,
11,-121.93316,45.791465,2001,443,10,Point,0,1,1/4/18,2,NA,NA,0.275622,1.70701e+13,1,NA,460,46003,0,1,0,5.50004e+13,1707,1,135851,5.50004e+13,6,1,1,5.50004e+13,5.50004e+13,5.50004e+13,5.50004e+13,267.265283,5.50003e+13,0.275622,0,1,0,0,0,5,5.50004e+13,5.50004e+13,0,1,0,100,1.70701e+13,0,0,0,0,0.034,0.034,0.034,37309,35710,37309,35710,0.091048,0.175622,1,0,0.0076,A,1707,0.003262,135851,5.50004e+13,6,1,1,5.50004e+13,5.50004e+13,5.50004e+13,5.50004e+13,267.265283,5.50003e+13,0.275622,0,1,0,0,0,5,5.50004e+13,5.50004e+13,0,1,0,100,1.70701e+13,0,0,0,0,0.034,0.034,0.034,37309,35710,37309,35710,0.091048,0.175622,1,0,0.0076,A,1707,NA,NA,11,0.009339412,0.078105762,,,
12,-121.932935,45.791342,2001,444,11,Point,0,1,1/4/18,2,NA,NA,0.275622,1.70701e+13,1,NA,460,46003,0,1,0,5.50004e+13,1707,1,135851,5.50004e+13,6,1,1,5.50004e+13,5.50004e+13,5.50004e+13,5.50004e+13,267.265283,5.50003e+13,0.275622,0,1,0,0,0,5,5.50004e+13,5.50004e+13,0,1,0,100,1.70701e+13,0,0,0,0,0.034,0.034,0.034,37309,35710,37309,35710,0.091048,0.175622,1,0,0.0076,A,1707,0.003262,135851,5.50004e+13,6,1,1,5.50004e+13,5.50004e+13,5.50004e+13,5.50004e+13,267.265283,5.50003e+13,0.275622,0,1,0,0,0,5,5.50004e+13,5.50004e+13,0,1,0,100,1.70701e+13,0,0,0,0,0.034,0.034,0.034,37309,35710,37309,35710,0.091048,0.175622,1,0,0.0076,A,1707,NA,NA,12,0.009790437,0.079328881,,,
13,-121.932694,45.791308,2001,445,12,Point,0,1,1/4/18,2,NA,NA,0.275622,1.70701e+13,1,NA,460,46003,0,1,0,5.50004e+13,1707,1,135851,5.50004e+13,6,1,1,5.50004e+13,5.50004e+13,5.50004e+13,5.50004e+13,267.265283,5.50003e+13,0.275622,0,1,0,0,0,5,5.50004e+13,5.50004e+13,0,1,0,100,1.70701e+13,0,0,0,0,0.034,0.034,0.034,37309,35710,37309,35710,0.091048,0.175622,1,0,0.0076,A,1707,0.003262,135851,5.50004e+13,6,1,1,5.50004e+13,5.50004e+13,5.50004e+13,5.50004e+13,267.265283,5.50003e+13,0.275622,0,1,0,0,0,5,5.50004e+13,5.50004e+13,0,1,0,100,1.70701e+13,0,0,0,0,0.034,0.034,0.034,37309,35710,37309,35710,0.091048,0.175622,1,0,0.0076,A,1707,NA,NA,13,0.010178758,0.075020641,,,
14,-121.932546,45.791247,2001,446,13,Point,0,1,1/4/18,2,NA,NA,0.275622,1.70701e+13,1,NA,460,46003,0,1,0,5.50004e+13,1707,1,135851,5.50004e+13,6,1,1,5.50004e+13,5.50004e+13,5.50004e+13,5.50004e+13,267.265283,5.50003e+13,0.275622,0,1,0,0,0,5,5.50004e+13,5.50004e+13,0,1,0,100,1.70701e+13,0,0,0,0,0.034,0.034,0.034,37309,35710,37309,35710,0.091048,0.175622,1,0,0.0076,A,1707,0.003262,135851,5.50004e+13,6,1,1,5.50004e+13,5.50004e+13,5.50004e+13,5.50004e+13,267.265283,5.50003e+13,0.275622,0,1,0,0,0,5,5.50004e+13,5.50004e+13,0,1,0,100,1.70701e+13,0,0,0,0,0.034,0.034,0.034,37309,35710,37309,35710,0.091048,0.175622,1,0,0.0076,A,1707,NA,NA,14,0.010450079,0.075020641,,,
15,-121.942973,45.779248,2002,915,14,Point,0,3,1/4/18,2,NA,NA,0.188126,1.70701e+13,1,NA,460,46003,0,1,0,5.50004e+13,1707,1,61315,5.50004e+13,6,3,3,5.50004e+13,5.50004e+13,5.50004e+13,5.50004e+13,269.535682,5.50003e+13,2.809235,0,0,0,5.50004e+13,5.50004e+13,6,5.50004e+13,5.50004e+13,0,1,2.90036,84.028557,1.70701e+13,0,0,0,0,0.0207,0.3909,0.3909,-9998,53941,61204,54040,0.380808,0.188126,0,0,0,A,1707,0.001917,61315,5.50004e+13,6,3,3,5.50004e+13,5.50004e+13,5.50004e+13,5.50004e+13,269.535682,5.50003e+13,2.809235,0,0,0,5.50004e+13,5.50004e+13,6,5.50004e+13,5.50004e+13,0,1,2.90036,84.028557,1.70701e+13,0,0,0,0,0.0207,0.3909,0.3909,-9998,53941,61204,54040,0.380808,0.188126,0,0,0,A,1707,NA,NA,15,0.003181126,0.508848981,,,
16,-121.943115,45.779437,2002,916,15,Point,0,3,1/4/18,2,NA,NA,0.188126,1.70701e+13,1,NA,460,46003,0,1,0,5.50004e+13,1707,1,61315,5.50004e+13,6,3,3,5.50004e+13,5.50004e+13,5.50004e+13,5.50004e+13,269.535682,5.50003e+13,2.809235,0,0,0,5.50004e+13,5.50004e+13,6,5.50004e+13,5.50004e+13,0,1,2.90036,84.028557,1.70701e+13,0,0,0,0,0.0207,0.3909,0.3909,-9998,53941,61204,54040,0.380808,0.188126,0,0,0,A,1707,0.001917,61315,5.50004e+13,6,3,3,5.50004e+13,5.50004e+13,5.50004e+13,5.50004e+13,269.535682,5.50003e+13,2.809235,0,0,0,5.50004e+13,5.50004e+13,6,5.50004e+13,5.50004e+13,0,1,2.90036,84.028557,1.70701e+13,0,0,0,0,0.0207,0.3909,0.3909,-9998,53941,61204,54040,0.380808,0.188126,0,0,0,A,1707,NA,NA,16,0.003604457,0.433574419,,,
17,-121.94329,45.779608,2002,917,16,Point,0,3,1/4/18,2,NA,NA,0.188126,1.70701e+13,1,NA,460,46003,0,1,0,5.50004e+13,1707,1,61315,5.50004e+13,6,3,3,5.50004e+13,5.50004e+13,5.50004e+13,5.50004e+13,269.535682,5.50003e+13,2.809235,0,0,0,5.50004e+13,5.50004e+13,6,5.50004e+13,5.50004e+13,0,1,2.90036,84.028557,1.70701e+13,0,0,0,0,0.0207,0.3909,0.3909,-9998,53941,61204,54040,0.380808,0.188126,0,0,0,A,1707,0.001917,61315,5.50004e+13,6,3,3,5.50004e+13,5.50004e+13,5.50004e+13,5.50004e+13,269.535682,5.50003e+13,2.809235,0,0,0,5.50004e+13,5.50004e+13,6,5.50004e+13,5.50004e+13,0,1,2.90036,84.028557,1.70701e+13,0,0,0,0,0.0207,0.3909,0.3909,-9998,53941,61204,54040,0.380808,0.188126,0,0,0,A,1707,NA,NA,17,0.004021434,0.449364688,,,
18,-121.943476,45.779722,2002,918,17,Point,0,3,1/4/18,2,NA,NA,0.188126,1.70701e+13,1,NA,460,46003,0,1,0,5.50004e+13,1707,1,61315,5.50004e+13,6,3,3,5.50004e+13,5.50004e+13,5.50004e+13,5.50004e+13,269.535682,5.50003e+13,2.809235,0,0,0,5.50004e+13,5.50004e+13,6,5.50004e+13,5.50004e+13,0,1,2.90036,84.028557,1.70701e+13,0,0,0,0,0.0207,0.3909,0.3909,-9998,53941,61204,54040,0.380808,0.188126,0,0,0,A,1707,0.001917,61315,5.50004e+13,6,3,3,5.50004e+13,5.50004e+13,5.50004e+13,5.50004e+13,269.535682,5.50003e+13,2.809235,0,0,0,5.50004e+13,5.50004e+13,6,5.50004e+13,5.50004e+13,0,1,2.90036,84.028557,1.70701e+13,0,0,0,0,0.0207,0.3909,0.3909,-9998,53941,61204,54040,0.380808,0.188126,0,0,0,A,1707,NA,NA,18,0.004364448,0.449364688,,,
19,-121.943653,45.779894,2002,919,18,Point,0,3,1/4/18,2,NA,NA,0.188126,1.70701e+13,1,NA,460,46003,0,1,0,5.50004e+13,1707,1,61315,5.50004e+13,6,3,3,5.50004e+13,5.50004e+13,5.50004e+13,5.50004e+13,269.535682,5.50003e+13,2.809235,0,0,0,5.50004e+13,5.50004e+13,6,5.50004e+13,5.50004e+13,0,1,2.90036,84.028557,1.70701e+13,0,0,0,0,0.0207,0.3909,0.3909,-9998,53941,61204,54040,0.380808,0.188126,0,0,0,A,1707,0.001917,61315,5.50004e+13,6,3,3,5.50004e+13,5.50004e+13,5.50004e+13,5.50004e+13,269.535682,5.50003e+13,2.809235,0,0,0,5.50004e+13,5.50004e+13,6,5.50004e+13,5.50004e+13,0,1,2.90036,84.028557,1.70701e+13,0,0,0,0,0.0207,0.3909,0.3909,-9998,53941,61204,54040,0.380808,0.188126,0,0,0,A,1707,NA,NA,19,0.004784653,0.456469469,,,
20,-121.943816,45.780081,2002,920,19,Point,0,3,1/4/18,2,NA,NA,0.188126,1.70701e+13,1,NA,460,46003,0,1,0,5.50004e+13,1707,1,61315,5.50004e+13,6,3,3,5.50004e+13,5.50004e+13,5.50004e+13,5.50004e+13,269.535682,5.50003e+13,2.809235,0,0,0,5.50004e+13,5.50004e+13,6,5.50004e+13,5.50004e+13,0,1,2.90036,84.028557,1.70701e+13,0,0,0,0,0.0207,0.3909,0.3909,-9998,53941,61204,54040,0.380808,0.188126,0,0,0,A,1707,0.001917,61315,5.50004e+13,6,3,3,5.50004e+13,5.50004e+13,5.50004e+13,5.50004e+13,269.535682,5.50003e+13,2.809235,0,0,0,5.50004e+13,5.50004e+13,6,5.50004e+13,5.50004e+13,0,1,2.90036,84.028557,1.70701e+13,0,0,0,0,0.0207,0.3909,0.3909,-9998,53941,61204,54040,0.380808,0.188126,0,0,0,A,1707,NA,NA,20,0.005218909,0.456469469,,,
21,-121.943868,45.780329,2002,921,20,Point,0,3,1/4/18,2,NA,NA,0.188126,1.70701e+13,1,NA,460,46003,0,1,0,5.50004e+13,1707,1,61315,5.50004e+13,6,3,3,5.50004e+13,5.50004e+13,5.50004e+13,5.50004e+13,269.535682,5.50003e+13,2.809235,0,0,0,5.50004e+13,5.50004e+13,6,5.50004e+13,5.50004e+13,0,1,2.90036,84.028557,1.70701e+13,0,0,0,0,0.0207,0.3909,0.3909,-9998,53941,61204,54040,0.380808,0.188126,0,0,0,A,1707,0.001917,61315,5.50004e+13,6,3,3,5.50004e+13,5.50004e+13,5.50004e+13,5.50004e+13,269.535682,5.50003e+13,2.809235,0,0,0,5.50004e+13,5.50004e+13,6,5.50004e+13,5.50004e+13,0,1,2.90036,84.028557,1.70701e+13,0,0,0,0,0.0207,0.3909,0.3909,-9998,53941,61204,54040,0.380808,0.188126,0,0,0,A,1707,NA,NA,21,0.005715852,0.405671898,,,
22,-121.943986,45.780545,2002,922,21,Point,0,3,1/4/18,2,NA,NA,0.188126,1.70701e+13,1,NA,460,46003,0,1,0,5.50004e+13,1707,1,61315,5.50004e+13,6,3,3,5.50004e+13,5.50004e+13,5.50004e+13,5.50004e+13,269.535682,5.50003e+13,2.809235,0,0,0,5.50004e+13,5.50004e+13,6,5.50004e+13,5.50004e+13,0,1,2.90036,84.028557,1.70701e+13,0,0,0,0,0.0207,0.3909,0.3909,-9998,53941,61204,54040,0.380808,0.188126,0,0,0,A,1707,0.001917,61315,5.50004e+13,6,3,3,5.50004e+13,5.50004e+13,5.50004e+13,5.50004e+13,269.535682,5.50003e+13,2.809235,0,0,0,5.50004e+13,5.50004e+13,6,5.50004e+13,5.50004e+13,0,1,2.90036,84.028557,1.70701e+13,0,0,0,0,0.0207,0.3909,0.3909,-9998,53941,61204,54040,0.380808,0.188126,0,0,0,A,1707,NA,NA,22,0.006174307,0.266050196,,,
23,-121.944063,45.780623,2002,923,22,Point,0,3,1/4/18,2,NA,NA,0.188126,1.70701e+13,1,NA,460,46003,0,1,0,5.50004e+13,1707,1,61315,5.50004e+13,6,3,3,5.50004e+13,5.50004e+13,5.50004e+13,5.50004e+13,269.535682,5.50003e+13,2.809235,0,0,0,5.50004e+13,5.50004e+13,6,5.50004e+13,5.50004e+13,0,1,2.90036,84.028557,1.70701e+13,0,0,0,0,0.0207,0.3909,0.3909,-9998,53941,61204,54040,0.380808,0.188126,0,0,0,A,1707,0.001917,61315,5.50004e+13,6,3,3,5.50004e+13,5.50004e+13,5.50004e+13,5.50004e+13,269.535682,5.50003e+13,2.809235,0,0,0,5.50004e+13,5.50004e+13,6,5.50004e+13,5.50004e+13,0,1,2.90036,84.028557,1.70701e+13,0,0,0,0,0.0207,0.3909,0.3909,-9998,53941,61204,54040,0.380808,0.188126,0,0,0,A,1707,NA,NA,23,0.006362252,0.266050196,,,
24,-121.961316,45.785272,2003,148,23,Point,0,4,1/4/18,2,NA,NA,0.365415,1.70701e+13,1,NA,460,46003,0,1,0,5.50004e+13,1707,1,106310,5.50004e+13,8,1,1,5.50004e+13,5.50004e+13,5.50004e+13,5.50004e+13,269.81732,5.50003e+13,0.365415,0,1,0,0,0,7,5.50004e+13,5.50004e+13,0,1,0,100,1.70701e+13,0,0,0,0,0.0872,0.0872,0.0872,61324,57448,61324,57448,0.146036,0.265415,1,0,0.0195,A,1707,0.004255,106310,5.50004e+13,8,1,1,5.50004e+13,5.50004e+13,5.50004e+13,5.50004e+13,269.81732,5.50003e+13,0.365415,0,1,0,0,0,7,5.50004e+13,5.50004e+13,0,1,0,100,1.70701e+13,0,0,0,0,0.0872,0.0872,0.0872,61324,57448,61324,57448,0.146036,0.265415,1,0,0.0195,A,1707,NA,NA,24,0.013400682,0.43473397,,,
25,-121.961101,45.785414,2003,149,24,Point,0,4,1/4/18,2,NA,NA,0.365415,1.70701e+13,1,NA,460,46003,0,1,0,5.50004e+13,1707,1,106310,5.50004e+13,8,1,1,5.50004e+13,5.50004e+13,5.50004e+13,5.50004e+13,269.81732,5.50003e+13,0.365415,0,1,0,0,0,7,5.50004e+13,5.50004e+13,0,1,0,100,1.70701e+13,0,0,0,0,0.0872,0.0872,0.0872,61324,57448,61324,57448,0.146036,0.265415,1,0,0.0195,A,1707,0.004255,106310,5.50004e+13,8,1,1,5.50004e+13,5.50004e+13,5.50004e+13,5.50004e+13,269.81732,5.50003e+13,0.365415,0,1,0,0,0,7,5.50004e+13,5.50004e+13,0,1,0,100,1.70701e+13,0,0,0,0,0.0872,0.0872,0.0872,61324,57448,61324,57448,0.146036,0.265415,1,0,0.0195,A,1707,NA,NA,25,0.014257088,0.571360785,,,
26,-121.960899,45.785569,2003,150,25,Point,0,4,1/4/18,2,NA,NA,0.365415,1.70701e+13,1,NA,460,46003,0,1,0,5.50004e+13,1707,1,106310,5.50004e+13,8,1,1,5.50004e+13,5.50004e+13,5.50004e+13,5.50004e+13,269.81732,5.50003e+13,0.365415,0,1,0,0,0,7,5.50004e+13,5.50004e+13,0,1,0,100,1.70701e+13,0,0,0,0,0.0872,0.0872,0.0872,61324,57448,61324,57448,0.146036,0.265415,1,0,0.0195,A,1707,0.004255,106310,5.50004e+13,8,1,1,5.50004e+13,5.50004e+13,5.50004e+13,5.50004e+13,269.81732,5.50003e+13,0.365415,0,1,0,0,0,7,5.50004e+13,5.50004e+13,0,1,0,100,1.70701e+13,0,0,0,0,0.0872,0.0872,0.0872,61324,57448,61324,57448,0.146036,0.265415,1,0,0.0195,A,1707,NA,NA,26,0.015125492,0.659211298,,,
27,-121.960713,45.78574,2003,151,26,Point,0,4,1/4/18,2,NA,NA,0.365415,1.70701e+13,1,NA,460,46003,0,1,0,5.50004e+13,1707,1,106310,5.50004e+13,8,1,1,5.50004e+13,5.50004e+13,5.50004e+13,5.50004e+13,269.81732,5.50003e+13,0.365415,0,1,0,0,0,7,5.50004e+13,5.50004e+13,0,1,0,100,1.70701e+13,0,0,0,0,0.0872,0.0872,0.0872,61324,57448,61324,57448,0.146036,0.265415,1,0,0.0195,A,1707,0.004255,106310,5.50004e+13,8,1,1,5.50004e+13,5.50004e+13,5.50004e+13,5.50004e+13,269.81732,5.50003e+13,0.365415,0,1,0,0,0,7,5.50004e+13,5.50004e+13,0,1,0,100,1.70701e+13,0,0,0,0,0.0872,0.0872,0.0872,61324,57448,61324,57448,0.146036,0.265415,1,0,0.0195,A,1707,NA,NA,27,0.016015123,0.591025681,,,
28,-121.960494,45.785874,2003,152,27,Point,0,4,1/4/18,2,NA,NA,0.365415,1.70701e+13,1,NA,460,46003,0,1,0,5.50004e+13,1707,1,106310,5.50004e+13,8,1,1,5.50004e+13,5.50004e+13,5.50004e+13,5.50004e+13,269.81732,5.50003e+13,0.365415,0,1,0,0,0,7,5.50004e+13,5.50004e+13,0,1,0,100,1.70701e+13,0,0,0,0,0.0872,0.0872,0.0872,61324,57448,61324,57448,0.146036,0.265415,1,0,0.0195,A,1707,0.004255,106310,5.50004e+13,8,1,1,5.50004e+13,5.50004e+13,5.50004e+13,5.50004e+13,269.81732,5.50003e+13,0.365415,0,1,0,0,0,7,5.50004e+13,5.50004e+13,0,1,0,100,1.70701e+13,0,0,0,0,0.0872,0.0872,0.0872,61324,57448,61324,57448,0.146036,0.265415,1,0,0.0195,A,1707,NA,NA,28,0.016857823,0.535602657,,,
29,-121.960279,45.786016,2003,153,28,Point,0,4,1/4/18,2,NA,NA,0.365415,1.70701e+13,1,NA,460,46003,0,1,0,5.50004e+13,1707,1,106310,5.50004e+13,8,1,1,5.50004e+13,5.50004e+13,5.50004e+13,5.50004e+13,269.81732,5.50003e+13,0.365415,0,1,0,0,0,7,5.50004e+13,5.50004e+13,0,1,0,100,1.70701e+13,0,0,0,0,0.0872,0.0872,0.0872,61324,57448,61324,57448,0.146036,0.265415,1,0,0.0195,A,1707,0.004255,106310,5.50004e+13,8,1,1,5.50004e+13,5.50004e+13,5.50004e+13,5.50004e+13,269.81732,5.50003e+13,0.365415,0,1,0,0,0,7,5.50004e+13,5.50004e+13,0,1,0,100,1.70701e+13,0,0,0,0,0.0872,0.0872,0.0872,61324,57448,61324,57448,0.146036,0.265415,1,0,0.0195,A,1707,NA,NA,29,0.017714224,0.418472204,,,
30,-121.960046,45.78612,2003,154,29,Point,0,4,1/4/18,2,NA,NA,0.365415,1.70701e+13,1,NA,460,46003,0,1,0,5.50004e+13,1707,1,106310,5.50004e+13,8,1,1,5.50004e+13,5.50004e+13,5.50004e+13,5.50004e+13,269.81732,5.50003e+13,0.365415,0,1,0,0,0,7,5.50004e+13,5.50004e+13,0,1,0,100,1.70701e+13,0,0,0,0,0.0872,0.0872,0.0872,61324,57448,61324,57448,0.146036,0.265415,1,0,0.0195,A,1707,0.004255,106310,5.50004e+13,8,1,1,5.50004e+13,5.50004e+13,5.50004e+13,5.50004e+13,269.81732,5.50003e+13,0.365415,0,1,0,0,0,7,5.50004e+13,5.50004e+13,0,1,0,100,1.70701e+13,0,0,0,0,0.0872,0.0872,0.0872,61324,57448,61324,57448,0.146036,0.265415,1,0,0.0195,A,1707,NA,NA,30,0.018514755,0.39983237,,,
31,-121.959795,45.786172,2003,155,30,Point,0,4,1/4/18,2,NA,NA,0.365415,1.70701e+13,1,NA,460,46003,0,1,0,5.50004e+13,1707,1,106310,5.50004e+13,8,1,1,5.50004e+13,5.50004e+13,5.50004e+13,5.50004e+13,269.81732,5.50003e+13,0.365415,0,1,0,0,0,7,5.50004e+13,5.50004e+13,0,1,0,100,1.70701e+13,0,0,0,0,0.0872,0.0872,0.0872,61324,57448,61324,57448,0.146036,0.265415,1,0,0.0195,A,1707,0.004255,106310,5.50004e+13,8,1,1,5.50004e+13,5.50004e+13,5.50004e+13,5.50004e+13,269.81732,5.50003e+13,0.365415,0,1,0,0,0,7,5.50004e+13,5.50004e+13,0,1,0,100,1.70701e+13,0,0,0,0,0.0872,0.0872,0.0872,61324,57448,61324,57448,0.146036,0.265415,1,0,0.0195,A,1707,NA,NA,31,0.019272976,0.347496615,,,
32,-121.959542,45.786182,2003,156,31,Point,0,4,1/4/18,2,NA,NA,0.365415,1.70701e+13,1,NA,460,46003,0,1,0,5.50004e+13,1707,1,106310,5.50004e+13,8,1,1,5.50004e+13,5.50004e+13,5.50004e+13,5.50004e+13,269.81732,5.50003e+13,0.365415,0,1,0,0,0,7,5.50004e+13,5.50004e+13,0,1,0,100,1.70701e+13,0,0,0,0,0.0872,0.0872,0.0872,61324,57448,61324,57448,0.146036,0.265415,1,0,0.0195,A,1707,0.004255,106310,5.50004e+13,8,1,1,5.50004e+13,5.50004e+13,5.50004e+13,5.50004e+13,269.81732,5.50003e+13,0.365415,0,1,0,0,0,7,5.50004e+13,5.50004e+13,0,1,0,100,1.70701e+13,0,0,0,0,0.0872,0.0872,0.0872,61324,57448,61324,57448,0.146036,0.265415,1,0,0.0195,A,1707,NA,NA,32,0.020006953,0.303498374,,,
33,-121.959292,45.786228,2003,157,32,Point,0,4,1/4/18,2,NA,NA,0.365415,1.70701e+13,1,NA,460,46003,0,1,0,5.50004e+13,1707,1,106310,5.50004e+13,8,1,1,5.50004e+13,5.50004e+13,5.50004e+13,5.50004e+13,269.81732,5.50003e+13,0.365415,0,1,0,0,0,7,5.50004e+13,5.50004e+13,0,1,0,100,1.70701e+13,0,0,0,0,0.0872,0.0872,0.0872,61324,57448,61324,57448,0.146036,0.265415,1,0,0.0195,A,1707,0.004255,106310,5.50004e+13,8,1,1,5.50004e+13,5.50004e+13,5.50004e+13,5.50004e+13,269.81732,5.50003e+13,0.365415,0,1,0,0,0,7,5.50004e+13,5.50004e+13,0,1,0,100,1.70701e+13,0,0,0,0,0.0872,0.0872,0.0872,61324,57448,61324,57448,0.146036,0.265415,1,0,0.0195,A,1707,NA,NA,33,0.020755696,0.201033523,,,
34,-121.959051,45.786151,2003,158,33,Point,0,4,1/4/18,2,NA,NA,0.365415,1.70701e+13,1,NA,460,46003,0,1,0,5.50004e+13,1707,1,106310,5.50004e+13,8,1,1,5.50004e+13,5.50004e+13,5.50004e+13,5.50004e+13,269.81732,5.50003e+13,0.365415,0,1,0,0,0,7,5.50004e+13,5.50004e+13,0,1,0,100,1.70701e+13,0,0,0,0,0.0872,0.0872,0.0872,61324,57448,61324,57448,0.146036,0.265415,1,0,0.0195,A,1707,0.004255,106310,5.50004e+13,8,1,1,5.50004e+13,5.50004e+13,5.50004e+13,5.50004e+13,269.81732,5.50003e+13,0.365415,0,1,0,0,0,7,5.50004e+13,5.50004e+13,0,1,0,100,1.70701e+13,0,0,0,0,0.0872,0.0872,0.0872,61324,57448,61324,57448,0.146036,0.265415,1,0,0.0195,A,1707,NA,NA,34,0.021523093,0.253731376,,,
35,-121.958828,45.786024,2003,159,34,Point,0,4,1/4/18,2,NA,NA,0.365415,1.70701e+13,1,NA,460,46003,0,1,0,5.50004e+13,1707,1,106310,5.50004e+13,8,1,1,5.50004e+13,5.50004e+13,5.50004e+13,5.50004e+13,269.81732,5.50003e+13,0.365415,0,1,0,0,0,7,5.50004e+13,5.50004e+13,0,1,0,100,1.70701e+13,0,0,0,0,0.0872,0.0872,0.0872,61324,57448,61324,57448,0.146036,0.265415,1,0,0.0195,A,1707,0.004255,106310,5.50004e+13,8,1,1,5.50004e+13,5.50004e+13,5.50004e+13,5.50004e+13,269.81732,5.50003e+13,0.365415,0,1,0,0,0,7,5.50004e+13,5.50004e+13,0,1,0,100,1.70701e+13,0,0,0,0,0.0872,0.0872,0.0872,61324,57448,61324,57448,0.146036,0.265415,1,0,0.0195,A,1707,NA,NA,35,0.022355954,0.226982863,,,
36,-121.95861,45.785886,2003,160,35,Point,0,4,1/4/18,2,NA,NA,0.365415,1.70701e+13,1,NA,460,46003,0,1,0,5.50004e+13,1707,1,106310,5.50004e+13,8,1,1,5.50004e+13,5.50004e+13,5.50004e+13,5.50004e+13,269.81732,5.50003e+13,0.365415,0,1,0,0,0,7,5.50004e+13,5.50004e+13,0,1,0,100,1.70701e+13,0,0,0,0,0.0872,0.0872,0.0872,61324,57448,61324,57448,0.146036,0.265415,1,0,0.0195,A,1707,0.004255,106310,5.50004e+13,8,1,1,5.50004e+13,5.50004e+13,5.50004e+13,5.50004e+13,269.81732,5.50003e+13,0.365415,0,1,0,0,0,7,5.50004e+13,5.50004e+13,0,1,0,100,1.70701e+13,0,0,0,0,0.0872,0.0872,0.0872,61324,57448,61324,57448,0.146036,0.265415,1,0,0.0195,A,1707,NA,NA,36,0.023207496,0.291931732,,,
37,-121.958392,45.785757,2003,161,36,Point,0,4,1/4/18,2,NA,NA,0.365415,1.70701e+13,1,NA,460,46003,0,1,0,5.50004e+13,1707,1,106310,5.50004e+13,8,1,1,5.50004e+13,5.50004e+13,5.50004e+13,5.50004e+13,269.81732,5.50003e+13,0.365415,0,1,0,0,0,7,5.50004e+13,5.50004e+13,0,1,0,100,1.70701e+13,0,0,0,0,0.0872,0.0872,0.0872,61324,57448,61324,57448,0.146036,0.265415,1,0,0.0195,A,1707,0.004255,106310,5.50004e+13,8,1,1,5.50004e+13,5.50004e+13,5.50004e+13,5.50004e+13,269.81732,5.50003e+13,0.365415,0,1,0,0,0,7,5.50004e+13,5.50004e+13,0,1,0,100,1.70701e+13,0,0,0,0,0.0872,0.0872,0.0872,61324,57448,61324,57448,0.146036,0.265415,1,0,0.0195,A,1707,NA,NA,37,0.024034502,0.259805604,,,
38,-121.958174,45.785625,2003,162,37,Point,0,4,1/4/18,2,NA,NA,0.365415,1.70701e+13,1,NA,460,46003,0,1,0,5.50004e+13,1707,1,106310,5.50004e+13,8,1,1,5.50004e+13,5.50004e+13,5.50004e+13,5.50004e+13,269.81732,5.50003e+13,0.365415,0,1,0,0,0,7,5.50004e+13,5.50004e+13,0,1,0,100,1.70701e+13,0,0,0,0,0.0872,0.0872,0.0872,61324,57448,61324,57448,0.146036,0.265415,1,0,0.0195,A,1707,0.004255,106310,5.50004e+13,8,1,1,5.50004e+13,5.50004e+13,5.50004e+13,5.50004e+13,269.81732,5.50003e+13,0.365415,0,1,0,0,0,7,5.50004e+13,5.50004e+13,0,1,0,100,1.70701e+13,0,0,0,0,0.0872,0.0872,0.0872,61324,57448,61324,57448,0.146036,0.265415,1,0,0.0195,A,1707,NA,NA,38,0.024869583,0.286955314,,,
39,-121.957952,45.7855,2003,163,38,Point,0,4,1/4/18,2,NA,NA,0.365415,1.70701e+13,1,NA,460,46003,0,1,0,5.50004e+13,1707,1,106310,5.50004e+13,8,1,1,5.50004e+13,5.50004e+13,5.50004e+13,5.50004e+13,269.81732,5.50003e+13,0.365415,0,1,0,0,0,7,5.50004e+13,5.50004e+13,0,1,0,100,1.70701e+13,0,0,0,0,0.0872,0.0872,0.0872,61324,57448,61324,57448,0.146036,0.265415,1,0,0.0195,A,1707,0.004255,106310,5.50004e+13,8,1,1,5.50004e+13,5.50004e+13,5.50004e+13,5.50004e+13,269.81732,5.50003e+13,0.365415,0,1,0,0,0,7,5.50004e+13,5.50004e+13,0,1,0,100,1.70701e+13,0,0,0,0,0.0872,0.0872,0.0872,61324,57448,61324,57448,0.146036,0.265415,1,0,0.0195,A,1707,NA,NA,39,0.025694988,0.282884613,,,
40,-121.957699,45.785487,2003,164,39,Point,0,4,1/4/18,2,NA,NA,0.365415,1.70701e+13,1,NA,460,46003,0,1,0,5.50004e+13,1707,1,106310,5.50004e+13,8,1,1,5.50004e+13,5.50004e+13,5.50004e+13,5.50004e+13,269.81732,5.50003e+13,0.365415,0,1,0,0,0,7,5.50004e+13,5.50004e+13,0,1,0,100,1.70701e+13,0,0,0,0,0.0872,0.0872,0.0872,61324,57448,61324,57448,0.146036,0.265415,1,0,0.0195,A,1707,0.004255,106310,5.50004e+13,8,1,1,5.50004e+13,5.50004e+13,5.50004e+13,5.50004e+13,269.81732,5.50003e+13,0.365415,0,1,0,0,0,7,5.50004e+13,5.50004e+13,0,1,0,100,1.70701e+13,0,0,0,0,0.0872,0.0872,0.0872,61324,57448,61324,57448,0.146036,0.265415,1,0,0.0195,A,1707,NA,NA,40,0.02642978,0.253512089,,,
41,-121.957571,45.785493,2003,165,40,Point,0,4,1/4/18,2,NA,NA,0.365415,1.70701e+13,1,NA,460,46003,0,1,0,5.50004e+13,1707,1,106310,5.50004e+13,8,1,1,5.50004e+13,5.50004e+13,5.50004e+13,5.50004e+13,269.81732,5.50003e+13,0.365415,0,1,0,0,0,7,5.50004e+13,5.50004e+13,0,1,0,100,1.70701e+13,0,0,0,0,0.0872,0.0872,0.0872,61324,57448,61324,57448,0.146036,0.265415,1,0,0.0195,A,1707,0.004255,106310,5.50004e+13,8,1,1,5.50004e+13,5.50004e+13,5.50004e+13,5.50004e+13,269.81732,5.50003e+13,0.365415,0,1,0,0,0,7,5.50004e+13,5.50004e+13,0,1,0,100,1.70701e+13,0,0,0,0,0.0872,0.0872,0.0872,61324,57448,61324,57448,0.146036,0.265415,1,0,0.0195,A,1707,NA,NA,41,0.026801364,0.253512089,,,
42,-121.945361,45.787082,2004,939,59,Point,0,6,1/4/18,2,1522756,Martha Creek,0.096031,1.70701e+13,1,NA,460,46006,0,1,0,5.50004e+13,1707,1,18087,5.50004e+13,5,5,5,5.50004e+13,5.50004e+13,5.50004e+13,5.50004e+13,268.475349,5.50003e+13,23.347387,0,0,0,5.50004e+13,5.50004e+13,5,5.50004e+13,5.50004e+13,0,1,89.092102,91.611763,1.70701e+13,0,0,0,0,0.0067,3.9248,3.9248,-9998,40652,41184,40652,0.055399,0.096031,0,0,0,A,1707,0.001034,18087,5.50004e+13,5,5,5,5.50004e+13,5.50004e+13,5.50004e+13,5.50004e+13,268.475349,5.50003e+13,23.347387,0,0,0,5.50004e+13,5.50004e+13,5,5.50004e+13,5.50004e+13,0,1,89.092102,91.611763,1.70701e+13,0,0,0,0,0.0067,3.9248,3.9248,-9998,40652,41184,40652,0.055399,0.096031,0,0,0,A,1707,NA,NA,42,0.631123104,0.074820621,,,
43,-121.945187,45.787251,2004,940,60,Point,0,6,1/4/18,2,1522756,Martha Creek,0.096031,1.70701e+13,1,NA,460,46006,0,1,0,5.50004e+13,1707,1,18087,5.50004e+13,5,5,5,5.50004e+13,5.50004e+13,5.50004e+13,5.50004e+13,268.475349,5.50003e+13,23.347387,0,0,0,5.50004e+13,5.50004e+13,5,5.50004e+13,5.50004e+13,0,1,89.092102,91.611763,1.70701e+13,0,0,0,0,0.0067,3.9248,3.9248,-9998,40652,41184,40652,0.055399,0.096031,0,0,0,A,1707,0.001034,18087,5.50004e+13,5,5,5,5.50004e+13,5.50004e+13,5.50004e+13,5.50004e+13,268.475349,5.50003e+13,23.347387,0,0,0,5.50004e+13,5.50004e+13,5,5.50004e+13,5.50004e+13,0,1,89.092102,91.611763,1.70701e+13,0,0,0,0,0.0067,3.9248,3.9248,-9998,40652,41184,40652,0.055399,0.096031,0,0,0,A,1707,NA,NA,43,0.631658385,0.058146444,,,
44,-121.94505,45.787436,2004,941,61,Point,0,6,1/4/18,2,1522756,Martha Creek,0.096031,1.70701e+13,1,NA,460,46006,0,1,0,5.50004e+13,1707,1,18087,5.50004e+13,5,5,5,5.50004e+13,5.50004e+13,5.50004e+13,5.50004e+13,268.475349,5.50003e+13,23.347387,0,0,0,5.50004e+13,5.50004e+13,5,5.50004e+13,5.50004e+13,0,1,89.092102,91.611763,1.70701e+13,0,0,0,0,0.0067,3.9248,3.9248,-9998,40652,41184,40652,0.055399,0.096031,0,0,0,A,1707,0.001034,18087,5.50004e+13,5,5,5,5.50004e+13,5.50004e+13,5.50004e+13,5.50004e+13,268.475349,5.50003e+13,23.347387,0,0,0,5.50004e+13,5.50004e+13,5,5.50004e+13,5.50004e+13,0,1,89.092102,91.611763,1.70701e+13,0,0,0,0,0.0067,3.9248,3.9248,-9998,40652,41184,40652,0.055399,0.096031,0,0,0,A,1707,NA,NA,44,0.632193862,0.10268941,,,
45,-121.944804,45.787425,2004,942,62,Point,0,6,1/4/18,2,1522756,Martha Creek,0.096031,1.70701e+13,1,NA,460,46006,0,1,0,5.50004e+13,1707,1,18087,5.50004e+13,5,5,5,5.50004e+13,5.50004e+13,5.50004e+13,5.50004e+13,268.475349,5.50003e+13,23.347387,0,0,0,5.50004e+13,5.50004e+13,5,5.50004e+13,5.50004e+13,0,1,89.092102,91.611763,1.70701e+13,0,0,0,0,0.0067,3.9248,3.9248,-9998,40652,41184,40652,0.055399,0.096031,0,0,0,A,1707,0.001034,18087,5.50004e+13,5,5,5,5.50004e+13,5.50004e+13,5.50004e+13,5.50004e+13,268.475349,5.50003e+13,23.347387,0,0,0,5.50004e+13,5.50004e+13,5,5.50004e+13,5.50004e+13,0,1,89.092102,91.611763,1.70701e+13,0,0,0,0,0.0067,3.9248,3.9248,-9998,40652,41184,40652,0.055399,0.096031,0,0,0,A,1707,NA,NA,45,0.632637076,0.091530518,,,
46,-121.944655,45.787607,2004,943,63,Point,0,6,1/4/18,2,1522756,Martha Creek,0.096031,1.70701e+13,1,NA,460,46006,0,1,0,5.50004e+13,1707,1,18087,5.50004e+13,5,5,5,5.50004e+13,5.50004e+13,5.50004e+13,5.50004e+13,268.475349,5.50003e+13,23.347387,0,0,0,5.50004e+13,5.50004e+13,5,5.50004e+13,5.50004e+13,0,1,89.092102,91.611763,1.70701e+13,0,0,0,0,0.0067,3.9248,3.9248,-9998,40652,41184,40652,0.055399,0.096031,0,0,0,A,1707,0.001034,18087,5.50004e+13,5,5,5,5.50004e+13,5.50004e+13,5.50004e+13,5.50004e+13,268.475349,5.50003e+13,23.347387,0,0,0,5.50004e+13,5.50004e+13,5,5.50004e+13,5.50004e+13,0,1,89.092102,91.611763,1.70701e+13,0,0,0,0,0.0067,3.9248,3.9248,-9998,40652,41184,40652,0.055399,0.096031,0,0,0,A,1707,NA,NA,46,0.63317611,0.088858511,,,
47,-121.944653,45.787609,2004,944,64,Point,0,6,1/4/18,2,1522756,Martha Creek,0.096031,1.70701e+13,1,NA,460,46006,0,1,0,5.50004e+13,1707,1,18087,5.50004e+13,5,5,5,5.50004e+13,5.50004e+13,5.50004e+13,5.50004e+13,268.475349,5.50003e+13,23.347387,0,0,0,5.50004e+13,5.50004e+13,5,5.50004e+13,5.50004e+13,0,1,89.092102,91.611763,1.70701e+13,0,0,0,0,0.0067,3.9248,3.9248,-9998,40652,41184,40652,0.055399,0.096031,0,0,0,A,1707,0.001034,18087,5.50004e+13,5,5,5,5.50004e+13,5.50004e+13,5.50004e+13,5.50004e+13,268.475349,5.50003e+13,23.347387,0,0,0,5.50004e+13,5.50004e+13,5,5.50004e+13,5.50004e+13,0,1,89.092102,91.611763,1.70701e+13,0,0,0,0,0.0067,3.9248,3.9248,-9998,40652,41184,40652,0.055399,0.096031,0,0,0,A,1707,NA,NA,47,0.633182384,0.088858511,,,
48,-121.933523,45.790826,2005,29,70,Point,0,10,1/4/18,2,1522756,Martha Creek,0.009221,1.70701e+13,1,NA,460,46006,0,1,0,5.50004e+13,1707,1,130591,5.50004e+13,5,5,5,5.50004e+13,5.50004e+13,5.50004e+13,5.50004e+13,267.348093,5.50003e+13,36.816547,0,0,0,5.50004e+13,5.50004e+13,5,5.50004e+13,5.50004e+13,0,1,59.520168,59.7621,1.70701e+13,0,0,0,0,0.0014,6.1585,6.1585,-9998,36141,36329,36178,0.163752,0.009221,0,0,0,A,1707,0.000104,130591,5.50004e+13,5,5,5,5.50004e+13,5.50004e+13,5.50004e+13,5.50004e+13,267.348093,5.50003e+13,36.816547,0,0,0,5.50004e+13,5.50004e+13,5,5.50004e+13,5.50004e+13,0,1,59.520168,59.7621,1.70701e+13,0,0,0,0,0.0014,6.1585,6.1585,-9998,36141,36329,36178,0.163752,0.009221,0,0,0,A,1707,NA,NA,48,0.949512303,0.063672496,,,
49,-121.933434,45.790882,2005,30,71,Point,0,10,1/4/18,2,1522756,Martha Creek,0.009221,1.70701e+13,1,NA,460,46006,0,1,0,5.50004e+13,1707,1,130591,5.50004e+13,5,5,5,5.50004e+13,5.50004e+13,5.50004e+13,5.50004e+13,267.348093,5.50003e+13,36.816547,0,0,0,5.50004e+13,5.50004e+13,5,5.50004e+13,5.50004e+13,0,1,59.520168,59.7621,1.70701e+13,0,0,0,0,0.0014,6.1585,6.1585,-9998,36141,36329,36178,0.163752,0.009221,0,0,0,A,1707,0.000104,130591,5.50004e+13,5,5,5,5.50004e+13,5.50004e+13,5.50004e+13,5.50004e+13,267.348093,5.50003e+13,36.816547,0,0,0,5.50004e+13,5.50004e+13,5,5.50004e+13,5.50004e+13,0,1,59.520168,59.7621,1.70701e+13,0,0,0,0,0.0014,6.1585,6.1585,-9998,36141,36329,36178,0.163752,0.009221,0,0,0,A,1707,NA,NA,49,0.949942601,0.063672496,,,
50,-121.963466,45.793894,2006,352,80,Point,0,13,1/4/18,2,NA,NA,0.527957,1.70701e+13,1,NA,460,46003,0,1,0,5.50004e+13,1707,1,69396,5.50004e+13,7,1,1,5.50004e+13,5.50004e+13,5.50004e+13,5.50004e+13,270.372202,5.50003e+13,0.527957,0,1,0,0,0,6,5.50004e+13,5.50004e+13,0,1,0,100,1.70701e+13,0,0,0,0,0.0572,0.0572,0.0572,68496,62944,68496,62944,0.129733,0.427957,1,0,0.0221,A,1707,0.005721,69396,5.50004e+13,7,1,1,5.50004e+13,5.50004e+13,5.50004e+13,5.50004e+13,270.372202,5.50003e+13,0.527957,0,1,0,0,0,6,5.50004e+13,5.50004e+13,0,1,0,100,1.70701e+13,0,0,0,0,0.0572,0.0572,0.0572,68496,62944,68496,62944,0.129733,0.427957,1,0,0.0221,A,1707,NA,NA,50,0.008790356,0.596611777,,,
51,-121.963318,45.793699,2006,353,81,Point,0,13,1/4/18,2,NA,NA,0.527957,1.70701e+13,1,NA,460,46003,0,1,0,5.50004e+13,1707,1,69396,5.50004e+13,7,1,1,5.50004e+13,5.50004e+13,5.50004e+13,5.50004e+13,270.372202,5.50003e+13,0.527957,0,1,0,0,0,6,5.50004e+13,5.50004e+13,0,1,0,100,1.70701e+13,0,0,0,0,0.0572,0.0572,0.0572,68496,62944,68496,62944,0.129733,0.427957,1,0,0.0221,A,1707,0.005721,69396,5.50004e+13,7,1,1,5.50004e+13,5.50004e+13,5.50004e+13,5.50004e+13,270.372202,5.50003e+13,0.527957,0,1,0,0,0,6,5.50004e+13,5.50004e+13,0,1,0,100,1.70701e+13,0,0,0,0,0.0572,0.0572,0.0572,68496,62944,68496,62944,0.129733,0.427957,1,0,0.0221,A,1707,NA,NA,51,0.009213215,0.577625402,,,
52,-121.963125,45.79353,2006,354,82,Point,0,13,1/4/18,2,NA,NA,0.527957,1.70701e+13,1,NA,460,46003,0,1,0,5.50004e+13,1707,1,69396,5.50004e+13,7,1,1,5.50004e+13,5.50004e+13,5.50004e+13,5.50004e+13,270.372202,5.50003e+13,0.527957,0,1,0,0,0,6,5.50004e+13,5.50004e+13,0,1,0,100,1.70701e+13,0,0,0,0,0.0572,0.0572,0.0572,68496,62944,68496,62944,0.129733,0.427957,1,0,0.0221,A,1707,0.005721,69396,5.50004e+13,7,1,1,5.50004e+13,5.50004e+13,5.50004e+13,5.50004e+13,270.372202,5.50003e+13,0.527957,0,1,0,0,0,6,5.50004e+13,5.50004e+13,0,1,0,100,1.70701e+13,0,0,0,0,0.0572,0.0572,0.0572,68496,62944,68496,62944,0.129733,0.427957,1,0,0.0221,A,1707,NA,NA,52,0.009627508,0.569158388,,,
53,-121.962915,45.79338,2006,355,83,Point,0,13,1/4/18,2,NA,NA,0.527957,1.70701e+13,1,NA,460,46003,0,1,0,5.50004e+13,1707,1,69396,5.50004e+13,7,1,1,5.50004e+13,5.50004e+13,5.50004e+13,5.50004e+13,270.372202,5.50003e+13,0.527957,0,1,0,0,0,6,5.50004e+13,5.50004e+13,0,1,0,100,1.70701e+13,0,0,0,0,0.0572,0.0572,0.0572,68496,62944,68496,62944,0.129733,0.427957,1,0,0.0221,A,1707,0.005721,69396,5.50004e+13,7,1,1,5.50004e+13,5.50004e+13,5.50004e+13,5.50004e+13,270.372202,5.50003e+13,0.527957,0,1,0,0,0,6,5.50004e+13,5.50004e+13,0,1,0,100,1.70701e+13,0,0,0,0,0.0572,0.0572,0.0572,68496,62944,68496,62944,0.129733,0.427957,1,0,0.0221,A,1707,NA,NA,53,0.010029631,0.464704125,,,
54,-121.962844,45.793143,2006,356,84,Point,0,13,1/4/18,2,NA,NA,0.527957,1.70701e+13,1,NA,460,46003,0,1,0,5.50004e+13,1707,1,69396,5.50004e+13,7,1,1,5.50004e+13,5.50004e+13,5.50004e+13,5.50004e+13,270.372202,5.50003e+13,0.527957,0,1,0,0,0,6,5.50004e+13,5.50004e+13,0,1,0,100,1.70701e+13,0,0,0,0,0.0572,0.0572,0.0572,68496,62944,68496,62944,0.129733,0.427957,1,0,0.0221,A,1707,0.005721,69396,5.50004e+13,7,1,1,5.50004e+13,5.50004e+13,5.50004e+13,5.50004e+13,270.372202,5.50003e+13,0.527957,0,1,0,0,0,6,5.50004e+13,5.50004e+13,0,1,0,100,1.70701e+13,0,0,0,0,0.0572,0.0572,0.0572,68496,62944,68496,62944,0.129733,0.427957,1,0,0.0221,A,1707,NA,NA,54,0.010493418,0.375155576,,,
55,-121.962723,45.792928,2006,357,85,Point,0,13,1/4/18,2,NA,NA,0.527957,1.70701e+13,1,NA,460,46003,0,1,0,5.50004e+13,1707,1,69396,5.50004e+13,7,1,1,5.50004e+13,5.50004e+13,5.50004e+13,5.50004e+13,270.372202,5.50003e+13,0.527957,0,1,0,0,0,6,5.50004e+13,5.50004e+13,0,1,0,100,1.70701e+13,0,0,0,0,0.0572,0.0572,0.0572,68496,62944,68496,62944,0.129733,0.427957,1,0,0.0221,A,1707,0.005721,69396,5.50004e+13,7,1,1,5.50004e+13,5.50004e+13,5.50004e+13,5.50004e+13,270.372202,5.50003e+13,0.527957,0,1,0,0,0,6,5.50004e+13,5.50004e+13,0,1,0,100,1.70701e+13,0,0,0,0,0.0572,0.0572,0.0572,68496,62944,68496,62944,0.129733,0.427957,1,0,0.0221,A,1707,NA,NA,55,0.010935971,0.370492168,,,
56,-121.962588,45.792729,2006,358,86,Point,0,13,1/4/18,2,NA,NA,0.527957,1.70701e+13,1,NA,460,46003,0,1,0,5.50004e+13,1707,1,69396,5.50004e+13,7,1,1,5.50004e+13,5.50004e+13,5.50004e+13,5.50004e+13,270.372202,5.50003e+13,0.527957,0,1,0,0,0,6,5.50004e+13,5.50004e+13,0,1,0,100,1.70701e+13,0,0,0,0,0.0572,0.0572,0.0572,68496,62944,68496,62944,0.129733,0.427957,1,0,0.0221,A,1707,0.005721,69396,5.50004e+13,7,1,1,5.50004e+13,5.50004e+13,5.50004e+13,5.50004e+13,270.372202,5.50003e+13,0.527957,0,1,0,0,0,6,5.50004e+13,5.50004e+13,0,1,0,100,1.70701e+13,0,0,0,0,0.0572,0.0572,0.0572,68496,62944,68496,62944,0.129733,0.427957,1,0,0.0221,A,1707,NA,NA,56,0.011357858,0.316655383,,,
57,-121.962629,45.792494,2006,359,87,Point,0,13,1/4/18,2,NA,NA,0.527957,1.70701e+13,1,NA,460,46003,0,1,0,5.50004e+13,1707,1,69396,5.50004e+13,7,1,1,5.50004e+13,5.50004e+13,5.50004e+13,5.50004e+13,270.372202,5.50003e+13,0.527957,0,1,0,0,0,6,5.50004e+13,5.50004e+13,0,1,0,100,1.70701e+13,0,0,0,0,0.0572,0.0572,0.0572,68496,62944,68496,62944,0.129733,0.427957,1,0,0.0221,A,1707,0.005721,69396,5.50004e+13,7,1,1,5.50004e+13,5.50004e+13,5.50004e+13,5.50004e+13,270.372202,5.50003e+13,0.527957,0,1,0,0,0,6,5.50004e+13,5.50004e+13,0,1,0,100,1.70701e+13,0,0,0,0,0.0572,0.0572,0.0572,68496,62944,68496,62944,0.129733,0.427957,1,0,0.0221,A,1707,NA,NA,57,0.011811294,0.23111204,,,
58,-121.962433,45.792359,2006,360,88,Point,0,13,1/4/18,2,NA,NA,0.527957,1.70701e+13,1,NA,460,46003,0,1,0,5.50004e+13,1707,1,69396,5.50004e+13,7,1,1,5.50004e+13,5.50004e+13,5.50004e+13,5.50004e+13,270.372202,5.50003e+13,0.527957,0,1,0,0,0,6,5.50004e+13,5.50004e+13,0,1,0,100,1.70701e+13,0,0,0,0,0.0572,0.0572,0.0572,68496,62944,68496,62944,0.129733,0.427957,1,0,0.0221,A,1707,0.005721,69396,5.50004e+13,7,1,1,5.50004e+13,5.50004e+13,5.50004e+13,5.50004e+13,270.372202,5.50003e+13,0.527957,0,1,0,0,0,6,5.50004e+13,5.50004e+13,0,1,0,100,1.70701e+13,0,0,0,0,0.0572,0.0572,0.0572,68496,62944,68496,62944,0.129733,0.427957,1,0,0.0221,A,1707,NA,NA,58,0.012179831,0.201435388,,,
59,-121.962331,45.792143,2006,361,89,Point,0,13,1/4/18,2,NA,NA,0.527957,1.70701e+13,1,NA,460,46003,0,1,0,5.50004e+13,1707,1,69396,5.50004e+13,7,1,1,5.50004e+13,5.50004e+13,5.50004e+13,5.50004e+13,270.372202,5.50003e+13,0.527957,0,1,0,0,0,6,5.50004e+13,5.50004e+13,0,1,0,100,1.70701e+13,0,0,0,0,0.0572,0.0572,0.0572,68496,62944,68496,62944,0.129733,0.427957,1,0,0.0221,A,1707,0.005721,69396,5.50004e+13,7,1,1,5.50004e+13,5.50004e+13,5.50004e+13,5.50004e+13,270.372202,5.50003e+13,0.527957,0,1,0,0,0,6,5.50004e+13,5.50004e+13,0,1,0,100,1.70701e+13,0,0,0,0,0.0572,0.0572,0.0572,68496,62944,68496,62944,0.129733,0.427957,1,0,0.0221,A,1707,NA,NA,59,0.012615525,0.120076309,,,
60,-121.962154,45.791978,2006,362,90,Point,0,13,1/4/18,2,NA,NA,0.527957,1.70701e+13,1,NA,460,46003,0,1,0,5.50004e+13,1707,1,69396,5.50004e+13,7,1,1,5.50004e+13,5.50004e+13,5.50004e+13,5.50004e+13,270.372202,5.50003e+13,0.527957,0,1,0,0,0,6,5.50004e+13,5.50004e+13,0,1,0,100,1.70701e+13,0,0,0,0,0.0572,0.0572,0.0572,68496,62944,68496,62944,0.129733,0.427957,1,0,0.0221,A,1707,0.005721,69396,5.50004e+13,7,1,1,5.50004e+13,5.50004e+13,5.50004e+13,5.50004e+13,270.372202,5.50003e+13,0.527957,0,1,0,0,0,6,5.50004e+13,5.50004e+13,0,1,0,100,1.70701e+13,0,0,0,0,0.0572,0.0572,0.0572,68496,62944,68496,62944,0.129733,0.427957,1,0,0.0221,A,1707,NA,NA,60,0.013010637,0.083511672,,,
61,-121.961896,45.791975,2006,363,91,Point,0,13,1/4/18,2,NA,NA,0.527957,1.70701e+13,1,NA,460,46003,0,1,0,5.50004e+13,1707,1,69396,5.50004e+13,7,1,1,5.50004e+13,5.50004e+13,5.50004e+13,5.50004e+13,270.372202,5.50003e+13,0.527957,0,1,0,0,0,6,5.50004e+13,5.50004e+13,0,1,0,100,1.70701e+13,0,0,0,0,0.0572,0.0572,0.0572,68496,62944,68496,62944,0.129733,0.427957,1,0,0.0221,A,1707,0.005721,69396,5.50004e+13,7,1,1,5.50004e+13,5.50004e+13,5.50004e+13,5.50004e+13,270.372202,5.50003e+13,0.527957,0,1,0,0,0,6,5.50004e+13,5.50004e+13,0,1,0,100,1.70701e+13,0,0,0,0,0.0572,0.0572,0.0572,68496,62944,68496,62944,0.129733,0.427957,1,0,0.0221,A,1707,NA,NA,61,0.013356366,0.082658198,,,
62,-121.961641,45.791953,2006,364,92,Point,0,13,1/4/18,2,NA,NA,0.527957,1.70701e+13,1,NA,460,46003,0,1,0,5.50004e+13,1707,1,69396,5.50004e+13,7,1,1,5.50004e+13,5.50004e+13,5.50004e+13,5.50004e+13,270.372202,5.50003e+13,0.527957,0,1,0,0,0,6,5.50004e+13,5.50004e+13,0,1,0,100,1.70701e+13,0,0,0,0,0.0572,0.0572,0.0572,68496,62944,68496,62944,0.129733,0.427957,1,0,0.0221,A,1707,0.005721,69396,5.50004e+13,7,1,1,5.50004e+13,5.50004e+13,5.50004e+13,5.50004e+13,270.372202,5.50003e+13,0.527957,0,1,0,0,0,6,5.50004e+13,5.50004e+13,0,1,0,100,1.70701e+13,0,0,0,0,0.0572,0.0572,0.0572,68496,62944,68496,62944,0.129733,0.427957,1,0,0.0221,A,1707,NA,NA,62,0.013700616,0.082658198,,,
63,-121.961446,45.791824,2006,365,93,Point,0,13,1/4/18,2,NA,NA,0.527957,1.70701e+13,1,NA,460,46003,0,1,0,5.50004e+13,1707,1,69396,5.50004e+13,7,1,1,5.50004e+13,5.50004e+13,5.50004e+13,5.50004e+13,270.372202,5.50003e+13,0.527957,0,1,0,0,0,6,5.50004e+13,5.50004e+13,0,1,0,100,1.70701e+13,0,0,0,0,0.0572,0.0572,0.0572,68496,62944,68496,62944,0.129733,0.427957,1,0,0.0221,A,1707,0.005721,69396,5.50004e+13,7,1,1,5.50004e+13,5.50004e+13,5.50004e+13,5.50004e+13,270.372202,5.50003e+13,0.527957,0,1,0,0,0,6,5.50004e+13,5.50004e+13,0,1,0,100,1.70701e+13,0,0,0,0,0.0572,0.0572,0.0572,68496,62944,68496,62944,0.129733,0.427957,1,0,0.0221,A,1707,NA,NA,63,0.014060211,0.083217293,,,
64,-121.961199,45.79176,2006,366,94,Point,0,13,1/4/18,2,NA,NA,0.527957,1.70701e+13,1,NA,460,46003,0,1,0,5.50004e+13,1707,1,69396,5.50004e+13,7,1,1,5.50004e+13,5.50004e+13,5.50004e+13,5.50004e+13,270.372202,5.50003e+13,0.527957,0,1,0,0,0,6,5.50004e+13,5.50004e+13,0,1,0,100,1.70701e+13,0,0,0,0,0.0572,0.0572,0.0572,68496,62944,68496,62944,0.129733,0.427957,1,0,0.0221,A,1707,0.005721,69396,5.50004e+13,7,1,1,5.50004e+13,5.50004e+13,5.50004e+13,5.50004e+13,270.372202,5.50003e+13,0.527957,0,1,0,0,0,6,5.50004e+13,5.50004e+13,0,1,0,100,1.70701e+13,0,0,0,0,0.0572,0.0572,0.0572,68496,62944,68496,62944,0.129733,0.427957,1,0,0.0221,A,1707,NA,NA,64,0.014413127,0.090812979,,,
65,-121.960991,45.791633,2006,367,95,Point,0,13,1/4/18,2,NA,NA,0.527957,1.70701e+13,1,NA,460,46003,0,1,0,5.50004e+13,1707,1,69396,5.50004e+13,7,1,1,5.50004e+13,5.50004e+13,5.50004e+13,5.50004e+13,270.372202,5.50003e+13,0.527957,0,1,0,0,0,6,5.50004e+13,5.50004e+13,0,1,0,100,1.70701e+13,0,0,0,0,0.0572,0.0572,0.0572,68496,62944,68496,62944,0.129733,0.427957,1,0,0.0221,A,1707,0.005721,69396,5.50004e+13,7,1,1,5.50004e+13,5.50004e+13,5.50004e+13,5.50004e+13,270.372202,5.50003e+13,0.527957,0,1,0,0,0,6,5.50004e+13,5.50004e+13,0,1,0,100,1.70701e+13,0,0,0,0,0.0572,0.0572,0.0572,68496,62944,68496,62944,0.129733,0.427957,1,0,0.0221,A,1707,NA,NA,65,0.01478304,0.099797736,,,
66,-121.960906,45.791412,2006,368,96,Point,0,13,1/4/18,2,NA,NA,0.527957,1.70701e+13,1,NA,460,46003,0,1,0,5.50004e+13,1707,1,69396,5.50004e+13,7,1,1,5.50004e+13,5.50004e+13,5.50004e+13,5.50004e+13,270.372202,5.50003e+13,0.527957,0,1,0,0,0,6,5.50004e+13,5.50004e+13,0,1,0,100,1.70701e+13,0,0,0,0,0.0572,0.0572,0.0572,68496,62944,68496,62944,0.129733,0.427957,1,0,0.0221,A,1707,0.005721,69396,5.50004e+13,7,1,1,5.50004e+13,5.50004e+13,5.50004e+13,5.50004e+13,270.372202,5.50003e+13,0.527957,0,1,0,0,0,6,5.50004e+13,5.50004e+13,0,1,0,100,1.70701e+13,0,0,0,0,0.0572,0.0572,0.0572,68496,62944,68496,62944,0.129733,0.427957,1,0,0.0221,A,1707,NA,NA,66,0.015221375,0.100323201,,,
67,-121.960712,45.791251,2006,369,97,Point,0,13,1/4/18,2,NA,NA,0.527957,1.70701e+13,1,NA,460,46003,0,1,0,5.50004e+13,1707,1,69396,5.50004e+13,7,1,1,5.50004e+13,5.50004e+13,5.50004e+13,5.50004e+13,270.372202,5.50003e+13,0.527957,0,1,0,0,0,6,5.50004e+13,5.50004e+13,0,1,0,100,1.70701e+13,0,0,0,0,0.0572,0.0572,0.0572,68496,62944,68496,62944,0.129733,0.427957,1,0,0.0221,A,1707,0.005721,69396,5.50004e+13,7,1,1,5.50004e+13,5.50004e+13,5.50004e+13,5.50004e+13,270.372202,5.50003e+13,0.527957,0,1,0,0,0,6,5.50004e+13,5.50004e+13,0,1,0,100,1.70701e+13,0,0,0,0,0.0572,0.0572,0.0572,68496,62944,68496,62944,0.129733,0.427957,1,0,0.0221,A,1707,NA,NA,67,0.015624679,0.10558448,,,
68,-121.960498,45.79111,2006,370,98,Point,0,13,1/4/18,2,NA,NA,0.527957,1.70701e+13,1,NA,460,46003,0,1,0,5.50004e+13,1707,1,69396,5.50004e+13,7,1,1,5.50004e+13,5.50004e+13,5.50004e+13,5.50004e+13,270.372202,5.50003e+13,0.527957,0,1,0,0,0,6,5.50004e+13,5.50004e+13,0,1,0,100,1.70701e+13,0,0,0,0,0.0572,0.0572,0.0572,68496,62944,68496,62944,0.129733,0.427957,1,0,0.0221,A,1707,0.005721,69396,5.50004e+13,7,1,1,5.50004e+13,5.50004e+13,5.50004e+13,5.50004e+13,270.372202,5.50003e+13,0.527957,0,1,0,0,0,6,5.50004e+13,5.50004e+13,0,1,0,100,1.70701e+13,0,0,0,0,0.0572,0.0572,0.0572,68496,62944,68496,62944,0.129733,0.427957,1,0,0.0221,A,1707,NA,NA,68,0.016018565,0.100806692,,,
69,-121.96028,45.790975,2006,371,99,Point,0,13,1/4/18,2,NA,NA,0.527957,1.70701e+13,1,NA,460,46003,0,1,0,5.50004e+13,1707,1,69396,5.50004e+13,7,1,1,5.50004e+13,5.50004e+13,5.50004e+13,5.50004e+13,270.372202,5.50003e+13,0.527957,0,1,0,0,0,6,5.50004e+13,5.50004e+13,0,1,0,100,1.70701e+13,0,0,0,0,0.0572,0.0572,0.0572,68496,62944,68496,62944,0.129733,0.427957,1,0,0.0221,A,1707,0.005721,69396,5.50004e+13,7,1,1,5.50004e+13,5.50004e+13,5.50004e+13,5.50004e+13,270.372202,5.50003e+13,0.527957,0,1,0,0,0,6,5.50004e+13,5.50004e+13,0,1,0,100,1.70701e+13,0,0,0,0,0.0572,0.0572,0.0572,68496,62944,68496,62944,0.129733,0.427957,1,0,0.0221,A,1707,NA,NA,69,0.01640866,0.100806692,,,
70,-121.960047,45.790873,2006,372,100,Point,0,13,1/4/18,2,NA,NA,0.527957,1.70701e+13,1,NA,460,46003,0,1,0,5.50004e+13,1707,1,69396,5.50004e+13,7,1,1,5.50004e+13,5.50004e+13,5.50004e+13,5.50004e+13,270.372202,5.50003e+13,0.527957,0,1,0,0,0,6,5.50004e+13,5.50004e+13,0,1,0,100,1.70701e+13,0,0,0,0,0.0572,0.0572,0.0572,68496,62944,68496,62944,0.129733,0.427957,1,0,0.0221,A,1707,0.005721,69396,5.50004e+13,7,1,1,5.50004e+13,5.50004e+13,5.50004e+13,5.50004e+13,270.372202,5.50003e+13,0.527957,0,1,0,0,0,6,5.50004e+13,5.50004e+13,0,1,0,100,1.70701e+13,0,0,0,0,0.0572,0.0572,0.0572,68496,62944,68496,62944,0.129733,0.427957,1,0,0.0221,A,1707,NA,NA,70,0.016776939,0.126673455,,,
71,-121.959842,45.790729,2006,373,101,Point,0,13,1/4/18,2,NA,NA,0.527957,1.70701e+13,1,NA,460,46003,0,1,0,5.50004e+13,1707,1,69396,5.50004e+13,7,1,1,5.50004e+13,5.50004e+13,5.50004e+13,5.50004e+13,270.372202,5.50003e+13,0.527957,0,1,0,0,0,6,5.50004e+13,5.50004e+13,0,1,0,100,1.70701e+13,0,0,0,0,0.0572,0.0572,0.0572,68496,62944,68496,62944,0.129733,0.427957,1,0,0.0221,A,1707,0.005721,69396,5.50004e+13,7,1,1,5.50004e+13,5.50004e+13,5.50004e+13,5.50004e+13,270.372202,5.50003e+13,0.527957,0,1,0,0,0,6,5.50004e+13,5.50004e+13,0,1,0,100,1.70701e+13,0,0,0,0,0.0572,0.0572,0.0572,68496,62944,68496,62944,0.129733,0.427957,1,0,0.0221,A,1707,NA,NA,71,0.017166187,0.154183392,,,
72,-121.959594,45.790678,2006,374,102,Point,0,13,1/4/18,2,NA,NA,0.527957,1.70701e+13,1,NA,460,46003,0,1,0,5.50004e+13,1707,1,69396,5.50004e+13,7,1,1,5.50004e+13,5.50004e+13,5.50004e+13,5.50004e+13,270.372202,5.50003e+13,0.527957,0,1,0,0,0,6,5.50004e+13,5.50004e+13,0,1,0,100,1.70701e+13,0,0,0,0,0.0572,0.0572,0.0572,68496,62944,68496,62944,0.129733,0.427957,1,0,0.0221,A,1707,0.005721,69396,5.50004e+13,7,1,1,5.50004e+13,5.50004e+13,5.50004e+13,5.50004e+13,270.372202,5.50003e+13,0.527957,0,1,0,0,0,6,5.50004e+13,5.50004e+13,0,1,0,100,1.70701e+13,0,0,0,0,0.0572,0.0572,0.0572,68496,62944,68496,62944,0.129733,0.427957,1,0,0.0221,A,1707,NA,NA,72,0.017512537,0.170430609,,,
73,-121.959554,45.790656,2006,375,103,Point,0,13,1/4/18,2,NA,NA,0.527957,1.70701e+13,1,NA,460,46003,0,1,0,5.50004e+13,1707,1,69396,5.50004e+13,7,1,1,5.50004e+13,5.50004e+13,5.50004e+13,5.50004e+13,270.372202,5.50003e+13,0.527957,0,1,0,0,0,6,5.50004e+13,5.50004e+13,0,1,0,100,1.70701e+13,0,0,0,0,0.0572,0.0572,0.0572,68496,62944,68496,62944,0.129733,0.427957,1,0,0.0221,A,1707,0.005721,69396,5.50004e+13,7,1,1,5.50004e+13,5.50004e+13,5.50004e+13,5.50004e+13,270.372202,5.50003e+13,0.527957,0,1,0,0,0,6,5.50004e+13,5.50004e+13,0,1,0,100,1.70701e+13,0,0,0,0,0.0572,0.0572,0.0572,68496,62944,68496,62944,0.129733,0.427957,1,0,0.0221,A,1707,NA,NA,73,0.017580713,0.177117558,,,
74,-121.957571,45.785493,2007,498,109,Point,0,15,1/4/18,2,NA,NA,0.418743,1.70701e+13,1,NA,460,46003,0,1,0,5.50004e+13,1707,1,87315,5.50004e+13,7,3,3,5.50004e+13,5.50004e+13,5.50004e+13,5.50004e+13,269.398577,5.50003e+13,4.581212,0,0,0,5.50004e+13,5.50004e+13,6,5.50004e+13,5.50004e+13,0,1,0,23.44734,1.70701e+13,0,0,0,0,0.0507,0.8206,0.8206,-9998,50725,57448,51052,0.152743,0.418743,1,0,0,A,1707,0.00499,87315,5.50004e+13,7,3,3,5.50004e+13,5.50004e+13,5.50004e+13,5.50004e+13,269.398577,5.50003e+13,4.581212,0,0,0,5.50004e+13,5.50004e+13,6,5.50004e+13,5.50004e+13,0,1,0,23.44734,1.70701e+13,0,0,0,0,0.0507,0.8206,0.8206,-9998,50725,57448,51052,0.152743,0.418743,1,0,0,A,1707,NA,NA,74,0.089132992,0.253512089,,,
75,-121.957357,45.785379,2007,499,110,Point,0,15,1/4/18,2,NA,NA,0.418743,1.70701e+13,1,NA,460,46003,0,1,0,5.50004e+13,1707,1,87315,5.50004e+13,7,3,3,5.50004e+13,5.50004e+13,5.50004e+13,5.50004e+13,269.398577,5.50003e+13,4.581212,0,0,0,5.50004e+13,5.50004e+13,6,5.50004e+13,5.50004e+13,0,1,0,23.44734,1.70701e+13,0,0,0,0,0.0507,0.8206,0.8206,-9998,50725,57448,51052,0.152743,0.418743,1,0,0,A,1707,0.00499,87315,5.50004e+13,7,3,3,5.50004e+13,5.50004e+13,5.50004e+13,5.50004e+13,269.398577,5.50003e+13,4.581212,0,0,0,5.50004e+13,5.50004e+13,6,5.50004e+13,5.50004e+13,0,1,0,23.44734,1.70701e+13,0,0,0,0,0.0507,0.8206,0.8206,-9998,50725,57448,51052,0.152743,0.418743,1,0,0,A,1707,NA,NA,75,0.089954119,0.252486396,,,
76,-121.957145,45.785269,2007,500,111,Point,0,15,1/4/18,2,NA,NA,0.418743,1.70701e+13,1,NA,460,46003,0,1,0,5.50004e+13,1707,1,87315,5.50004e+13,7,3,3,5.50004e+13,5.50004e+13,5.50004e+13,5.50004e+13,269.398577,5.50003e+13,4.581212,0,0,0,5.50004e+13,5.50004e+13,6,5.50004e+13,5.50004e+13,0,1,0,23.44734,1.70701e+13,0,0,0,0,0.0507,0.8206,0.8206,-9998,50725,57448,51052,0.152743,0.418743,1,0,0,A,1707,0.00499,87315,5.50004e+13,7,3,3,5.50004e+13,5.50004e+13,5.50004e+13,5.50004e+13,269.398577,5.50003e+13,4.581212,0,0,0,5.50004e+13,5.50004e+13,6,5.50004e+13,5.50004e+13,0,1,0,23.44734,1.70701e+13,0,0,0,0,0.0507,0.8206,0.8206,-9998,50725,57448,51052,0.152743,0.418743,1,0,0,A,1707,NA,NA,76,0.090759881,0.216663874,,,
77,-121.956923,45.785153,2007,501,112,Point,0,15,1/4/18,2,NA,NA,0.418743,1.70701e+13,1,NA,460,46003,0,1,0,5.50004e+13,1707,1,87315,5.50004e+13,7,3,3,5.50004e+13,5.50004e+13,5.50004e+13,5.50004e+13,269.398577,5.50003e+13,4.581212,0,0,0,5.50004e+13,5.50004e+13,6,5.50004e+13,5.50004e+13,0,1,0,23.44734,1.70701e+13,0,0,0,0,0.0507,0.8206,0.8206,-9998,50725,57448,51052,0.152743,0.418743,1,0,0,A,1707,0.00499,87315,5.50004e+13,7,3,3,5.50004e+13,5.50004e+13,5.50004e+13,5.50004e+13,269.398577,5.50003e+13,4.581212,0,0,0,5.50004e+13,5.50004e+13,6,5.50004e+13,5.50004e+13,0,1,0,23.44734,1.70701e+13,0,0,0,0,0.0507,0.8206,0.8206,-9998,50725,57448,51052,0.152743,0.418743,1,0,0,A,1707,NA,NA,77,0.091605764,0.216663874,,,
78,-121.956703,45.785022,2007,502,113,Point,0,15,1/4/18,2,NA,NA,0.418743,1.70701e+13,1,NA,460,46003,0,1,0,5.50004e+13,1707,1,87315,5.50004e+13,7,3,3,5.50004e+13,5.50004e+13,5.50004e+13,5.50004e+13,269.398577,5.50003e+13,4.581212,0,0,0,5.50004e+13,5.50004e+13,6,5.50004e+13,5.50004e+13,0,1,0,23.44734,1.70701e+13,0,0,0,0,0.0507,0.8206,0.8206,-9998,50725,57448,51052,0.152743,0.418743,1,0,0,A,1707,0.00499,87315,5.50004e+13,7,3,3,5.50004e+13,5.50004e+13,5.50004e+13,5.50004e+13,269.398577,5.50003e+13,4.581212,0,0,0,5.50004e+13,5.50004e+13,6,5.50004e+13,5.50004e+13,0,1,0,23.44734,1.70701e+13,0,0,0,0,0.0507,0.8206,0.8206,-9998,50725,57448,51052,0.152743,0.418743,1,0,0,A,1707,NA,NA,78,0.092487708,0.216498545,,,
79,-121.956541,45.78486,2007,503,114,Point,0,15,1/4/18,2,NA,NA,0.418743,1.70701e+13,1,NA,460,46003,0,1,0,5.50004e+13,1707,1,87315,5.50004e+13,7,3,3,5.50004e+13,5.50004e+13,5.50004e+13,5.50004e+13,269.398577,5.50003e+13,4.581212,0,0,0,5.50004e+13,5.50004e+13,6,5.50004e+13,5.50004e+13,0,1,0,23.44734,1.70701e+13,0,0,0,0,0.0507,0.8206,0.8206,-9998,50725,57448,51052,0.152743,0.418743,1,0,0,A,1707,0.00499,87315,5.50004e+13,7,3,3,5.50004e+13,5.50004e+13,5.50004e+13,5.50004e+13,269.398577,5.50003e+13,4.581212,0,0,0,5.50004e+13,5.50004e+13,6,5.50004e+13,5.50004e+13,0,1,0,23.44734,1.70701e+13,0,0,0,0,0.0507,0.8206,0.8206,-9998,50725,57448,51052,0.152743,0.418743,1,0,0,A,1707,NA,NA,79,0.093350421,0.19570922,,,
80,-121.956296,45.784807,2007,504,115,Point,0,15,1/4/18,2,NA,NA,0.418743,1.70701e+13,1,NA,460,46003,0,1,0,5.50004e+13,1707,1,87315,5.50004e+13,7,3,3,5.50004e+13,5.50004e+13,5.50004e+13,5.50004e+13,269.398577,5.50003e+13,4.581212,0,0,0,5.50004e+13,5.50004e+13,6,5.50004e+13,5.50004e+13,0,1,0,23.44734,1.70701e+13,0,0,0,0,0.0507,0.8206,0.8206,-9998,50725,57448,51052,0.152743,0.418743,1,0,0,A,1707,0.00499,87315,5.50004e+13,7,3,3,5.50004e+13,5.50004e+13,5.50004e+13,5.50004e+13,269.398577,5.50003e+13,4.581212,0,0,0,5.50004e+13,5.50004e+13,6,5.50004e+13,5.50004e+13,0,1,0,23.44734,1.70701e+13,0,0,0,0,0.0507,0.8206,0.8206,-9998,50725,57448,51052,0.152743,0.418743,1,0,0,A,1707,NA,NA,80,0.094133309,0.228524098,,,
81,-121.95605,45.784778,2007,505,116,Point,0,15,1/4/18,2,NA,NA,0.418743,1.70701e+13,1,NA,460,46003,0,1,0,5.50004e+13,1707,1,87315,5.50004e+13,7,3,3,5.50004e+13,5.50004e+13,5.50004e+13,5.50004e+13,269.398577,5.50003e+13,4.581212,0,0,0,5.50004e+13,5.50004e+13,6,5.50004e+13,5.50004e+13,0,1,0,23.44734,1.70701e+13,0,0,0,0,0.0507,0.8206,0.8206,-9998,50725,57448,51052,0.152743,0.418743,1,0,0,A,1707,0.00499,87315,5.50004e+13,7,3,3,5.50004e+13,5.50004e+13,5.50004e+13,5.50004e+13,269.398577,5.50003e+13,4.581212,0,0,0,5.50004e+13,5.50004e+13,6,5.50004e+13,5.50004e+13,0,1,0,23.44734,1.70701e+13,0,0,0,0,0.0507,0.8206,0.8206,-9998,50725,57448,51052,0.152743,0.418743,1,0,0,A,1707,NA,NA,81,0.094894899,0.237939319,,,
82,-121.9558,45.784731,2007,506,117,Point,0,15,1/4/18,2,NA,NA,0.418743,1.70701e+13,1,NA,460,46003,0,1,0,5.50004e+13,1707,1,87315,5.50004e+13,7,3,3,5.50004e+13,5.50004e+13,5.50004e+13,5.50004e+13,269.398577,5.50003e+13,4.581212,0,0,0,5.50004e+13,5.50004e+13,6,5.50004e+13,5.50004e+13,0,1,0,23.44734,1.70701e+13,0,0,0,0,0.0507,0.8206,0.8206,-9998,50725,57448,51052,0.152743,0.418743,1,0,0,A,1707,0.00499,87315,5.50004e+13,7,3,3,5.50004e+13,5.50004e+13,5.50004e+13,5.50004e+13,269.398577,5.50003e+13,4.581212,0,0,0,5.50004e+13,5.50004e+13,6,5.50004e+13,5.50004e+13,0,1,0,23.44734,1.70701e+13,0,0,0,0,0.0507,0.8206,0.8206,-9998,50725,57448,51052,0.152743,0.418743,1,0,0,A,1707,NA,NA,82,0.095685188,0.237939319,,,
83,-121.955551,45.784719,2007,507,118,Point,0,15,1/4/18,2,NA,NA,0.418743,1.70701e+13,1,NA,460,46003,0,1,0,5.50004e+13,1707,1,87315,5.50004e+13,7,3,3,5.50004e+13,5.50004e+13,5.50004e+13,5.50004e+13,269.398577,5.50003e+13,4.581212,0,0,0,5.50004e+13,5.50004e+13,6,5.50004e+13,5.50004e+13,0,1,0,23.44734,1.70701e+13,0,0,0,0,0.0507,0.8206,0.8206,-9998,50725,57448,51052,0.152743,0.418743,1,0,0,A,1707,0.00499,87315,5.50004e+13,7,3,3,5.50004e+13,5.50004e+13,5.50004e+13,5.50004e+13,269.398577,5.50003e+13,4.581212,0,0,0,5.50004e+13,5.50004e+13,6,5.50004e+13,5.50004e+13,0,1,0,23.44734,1.70701e+13,0,0,0,0,0.0507,0.8206,0.8206,-9998,50725,57448,51052,0.152743,0.418743,1,0,0,A,1707,NA,NA,83,0.096447153,0.264361075,,,
84,-121.955296,45.784716,2007,508,119,Point,0,15,1/4/18,2,NA,NA,0.418743,1.70701e+13,1,NA,460,46003,0,1,0,5.50004e+13,1707,1,87315,5.50004e+13,7,3,3,5.50004e+13,5.50004e+13,5.50004e+13,5.50004e+13,269.398577,5.50003e+13,4.581212,0,0,0,5.50004e+13,5.50004e+13,6,5.50004e+13,5.50004e+13,0,1,0,23.44734,1.70701e+13,0,0,0,0,0.0507,0.8206,0.8206,-9998,50725,57448,51052,0.152743,0.418743,1,0,0,A,1707,0.00499,87315,5.50004e+13,7,3,3,5.50004e+13,5.50004e+13,5.50004e+13,5.50004e+13,269.398577,5.50003e+13,4.581212,0,0,0,5.50004e+13,5.50004e+13,6,5.50004e+13,5.50004e+13,0,1,0,23.44734,1.70701e+13,0,0,0,0,0.0507,0.8206,0.8206,-9998,50725,57448,51052,0.152743,0.418743,1,0,0,A,1707,NA,NA,84,0.097225744,0.318566588,,,
85,-121.955042,45.784699,2007,509,120,Point,0,15,1/4/18,2,NA,NA,0.418743,1.70701e+13,1,NA,460,46003,0,1,0,5.50004e+13,1707,1,87315,5.50004e+13,7,3,3,5.50004e+13,5.50004e+13,5.50004e+13,5.50004e+13,269.398577,5.50003e+13,4.581212,0,0,0,5.50004e+13,5.50004e+13,6,5.50004e+13,5.50004e+13,0,1,0,23.44734,1.70701e+13,0,0,0,0,0.0507,0.8206,0.8206,-9998,50725,57448,51052,0.152743,0.418743,1,0,0,A,1707,0.00499,87315,5.50004e+13,7,3,3,5.50004e+13,5.50004e+13,5.50004e+13,5.50004e+13,269.398577,5.50003e+13,4.581212,0,0,0,5.50004e+13,5.50004e+13,6,5.50004e+13,5.50004e+13,0,1,0,23.44734,1.70701e+13,0,0,0,0,0.0507,0.8206,0.8206,-9998,50725,57448,51052,0.152743,0.418743,1,0,0,A,1707,NA,NA,85,0.098004712,0.345223008,,,
86,-121.954788,45.784702,2007,510,121,Point,0,15,1/4/18,2,NA,NA,0.418743,1.70701e+13,1,NA,460,46003,0,1,0,5.50004e+13,1707,1,87315,5.50004e+13,7,3,3,5.50004e+13,5.50004e+13,5.50004e+13,5.50004e+13,269.398577,5.50003e+13,4.581212,0,0,0,5.50004e+13,5.50004e+13,6,5.50004e+13,5.50004e+13,0,1,0,23.44734,1.70701e+13,0,0,0,0,0.0507,0.8206,0.8206,-9998,50725,57448,51052,0.152743,0.418743,1,0,0,A,1707,0.00499,87315,5.50004e+13,7,3,3,5.50004e+13,5.50004e+13,5.50004e+13,5.50004e+13,269.398577,5.50003e+13,4.581212,0,0,0,5.50004e+13,5.50004e+13,6,5.50004e+13,5.50004e+13,0,1,0,23.44734,1.70701e+13,0,0,0,0,0.0507,0.8206,0.8206,-9998,50725,57448,51052,0.152743,0.418743,1,0,0,A,1707,NA,NA,86,0.098780251,0.290487177,,,
87,-121.954531,45.784694,2007,511,122,Point,0,15,1/4/18,2,NA,NA,0.418743,1.70701e+13,1,NA,460,46003,0,1,0,5.50004e+13,1707,1,87315,5.50004e+13,7,3,3,5.50004e+13,5.50004e+13,5.50004e+13,5.50004e+13,269.398577,5.50003e+13,4.581212,0,0,0,5.50004e+13,5.50004e+13,6,5.50004e+13,5.50004e+13,0,1,0,23.44734,1.70701e+13,0,0,0,0,0.0507,0.8206,0.8206,-9998,50725,57448,51052,0.152743,0.418743,1,0,0,A,1707,0.00499,87315,5.50004e+13,7,3,3,5.50004e+13,5.50004e+13,5.50004e+13,5.50004e+13,269.398577,5.50003e+13,4.581212,0,0,0,5.50004e+13,5.50004e+13,6,5.50004e+13,5.50004e+13,0,1,0,23.44734,1.70701e+13,0,0,0,0,0.0507,0.8206,0.8206,-9998,50725,57448,51052,0.152743,0.418743,1,0,0,A,1707,NA,NA,87,0.099565614,0.216513403,,,
88,-121.954288,45.784707,2007,512,123,Point,0,15,1/4/18,2,NA,NA,0.418743,1.70701e+13,1,NA,460,46003,0,1,0,5.50004e+13,1707,1,87315,5.50004e+13,7,3,3,5.50004e+13,5.50004e+13,5.50004e+13,5.50004e+13,269.398577,5.50003e+13,4.581212,0,0,0,5.50004e+13,5.50004e+13,6,5.50004e+13,5.50004e+13,0,1,0,23.44734,1.70701e+13,0,0,0,0,0.0507,0.8206,0.8206,-9998,50725,57448,51052,0.152743,0.418743,1,0,0,A,1707,0.00499,87315,5.50004e+13,7,3,3,5.50004e+13,5.50004e+13,5.50004e+13,5.50004e+13,269.398577,5.50003e+13,4.581212,0,0,0,5.50004e+13,5.50004e+13,6,5.50004e+13,5.50004e+13,0,1,0,23.44734,1.70701e+13,0,0,0,0,0.0507,0.8206,0.8206,-9998,50725,57448,51052,0.152743,0.418743,1,0,0,A,1707,NA,NA,88,0.100309626,0.197757779,,,
89,-121.954054,45.784799,2007,513,124,Point,0,15,1/4/18,2,NA,NA,0.418743,1.70701e+13,1,NA,460,46003,0,1,0,5.50004e+13,1707,1,87315,5.50004e+13,7,3,3,5.50004e+13,5.50004e+13,5.50004e+13,5.50004e+13,269.398577,5.50003e+13,4.581212,0,0,0,5.50004e+13,5.50004e+13,6,5.50004e+13,5.50004e+13,0,1,0,23.44734,1.70701e+13,0,0,0,0,0.0507,0.8206,0.8206,-9998,50725,57448,51052,0.152743,0.418743,1,0,0,A,1707,0.00499,87315,5.50004e+13,7,3,3,5.50004e+13,5.50004e+13,5.50004e+13,5.50004e+13,269.398577,5.50003e+13,4.581212,0,0,0,5.50004e+13,5.50004e+13,6,5.50004e+13,5.50004e+13,0,1,0,23.44734,1.70701e+13,0,0,0,0,0.0507,0.8206,0.8206,-9998,50725,57448,51052,0.152743,0.418743,1,0,0,A,1707,NA,NA,89,0.101129064,0.177383869,,,
90,-121.953815,45.784867,2007,514,125,Point,0,15,1/4/18,2,NA,NA,0.418743,1.70701e+13,1,NA,460,46003,0,1,0,5.50004e+13,1707,1,87315,5.50004e+13,7,3,3,5.50004e+13,5.50004e+13,5.50004e+13,5.50004e+13,269.398577,5.50003e+13,4.581212,0,0,0,5.50004e+13,5.50004e+13,6,5.50004e+13,5.50004e+13,0,1,0,23.44734,1.70701e+13,0,0,0,0,0.0507,0.8206,0.8206,-9998,50725,57448,51052,0.152743,0.418743,1,0,0,A,1707,0.00499,87315,5.50004e+13,7,3,3,5.50004e+13,5.50004e+13,5.50004e+13,5.50004e+13,269.398577,5.50003e+13,4.581212,0,0,0,5.50004e+13,5.50004e+13,6,5.50004e+13,5.50004e+13,0,1,0,23.44734,1.70701e+13,0,0,0,0,0.0507,0.8206,0.8206,-9998,50725,57448,51052,0.152743,0.418743,1,0,0,A,1707,NA,NA,90,0.101916722,0.175622117,,,
91,-121.953579,45.784953,2007,515,126,Point,0,15,1/4/18,2,NA,NA,0.418743,1.70701e+13,1,NA,460,46003,0,1,0,5.50004e+13,1707,1,87315,5.50004e+13,7,3,3,5.50004e+13,5.50004e+13,5.50004e+13,5.50004e+13,269.398577,5.50003e+13,4.581212,0,0,0,5.50004e+13,5.50004e+13,6,5.50004e+13,5.50004e+13,0,1,0,23.44734,1.70701e+13,0,0,0,0,0.0507,0.8206,0.8206,-9998,50725,57448,51052,0.152743,0.418743,1,0,0,A,1707,0.00499,87315,5.50004e+13,7,3,3,5.50004e+13,5.50004e+13,5.50004e+13,5.50004e+13,269.398577,5.50003e+13,4.581212,0,0,0,5.50004e+13,5.50004e+13,6,5.50004e+13,5.50004e+13,0,1,0,23.44734,1.70701e+13,0,0,0,0,0.0507,0.8206,0.8206,-9998,50725,57448,51052,0.152743,0.418743,1,0,0,A,1707,NA,NA,91,0.102729065,0.175622117,,,
92,-121.953364,45.785093,2007,516,127,Point,0,15,1/4/18,2,NA,NA,0.418743,1.70701e+13,1,NA,460,46003,0,1,0,5.50004e+13,1707,1,87315,5.50004e+13,7,3,3,5.50004e+13,5.50004e+13,5.50004e+13,5.50004e+13,269.398577,5.50003e+13,4.581212,0,0,0,5.50004e+13,5.50004e+13,6,5.50004e+13,5.50004e+13,0,1,0,23.44734,1.70701e+13,0,0,0,0,0.0507,0.8206,0.8206,-9998,50725,57448,51052,0.152743,0.418743,1,0,0,A,1707,0.00499,87315,5.50004e+13,7,3,3,5.50004e+13,5.50004e+13,5.50004e+13,5.50004e+13,269.398577,5.50003e+13,4.581212,0,0,0,5.50004e+13,5.50004e+13,6,5.50004e+13,5.50004e+13,0,1,0,23.44734,1.70701e+13,0,0,0,0,0.0507,0.8206,0.8206,-9998,50725,57448,51052,0.152743,0.418743,1,0,0,A,1707,NA,NA,92,0.103625722,0.138535521,,,
93,-121.953161,45.785208,2007,517,128,Point,0,15,1/4/18,2,NA,NA,0.418743,1.70701e+13,1,NA,460,46003,0,1,0,5.50004e+13,1707,1,87315,5.50004e+13,7,3,3,5.50004e+13,5.50004e+13,5.50004e+13,5.50004e+13,269.398577,5.50003e+13,4.581212,0,0,0,5.50004e+13,5.50004e+13,6,5.50004e+13,5.50004e+13,0,1,0,23.44734,1.70701e+13,0,0,0,0,0.0507,0.8206,0.8206,-9998,50725,57448,51052,0.152743,0.418743,1,0,0,A,1707,0.00499,87315,5.50004e+13,7,3,3,5.50004e+13,5.50004e+13,5.50004e+13,5.50004e+13,269.398577,5.50003e+13,4.581212,0,0,0,5.50004e+13,5.50004e+13,6,5.50004e+13,5.50004e+13,0,1,0,23.44734,1.70701e+13,0,0,0,0,0.0507,0.8206,0.8206,-9998,50725,57448,51052,0.152743,0.418743,1,0,0,A,1707,NA,NA,93,0.104423133,0.149737551,,,
94,-121.953081,45.785245,2007,518,129,Point,0,15,1/4/18,2,NA,NA,0.418743,1.70701e+13,1,NA,460,46003,0,1,0,5.50004e+13,1707,1,87315,5.50004e+13,7,3,3,5.50004e+13,5.50004e+13,5.50004e+13,5.50004e+13,269.398577,5.50003e+13,4.581212,0,0,0,5.50004e+13,5.50004e+13,6,5.50004e+13,5.50004e+13,0,1,0,23.44734,1.70701e+13,0,0,0,0,0.0507,0.8206,0.8206,-9998,50725,57448,51052,0.152743,0.418743,1,0,0,A,1707,0.00499,87315,5.50004e+13,7,3,3,5.50004e+13,5.50004e+13,5.50004e+13,5.50004e+13,269.398577,5.50003e+13,4.581212,0,0,0,5.50004e+13,5.50004e+13,6,5.50004e+13,5.50004e+13,0,1,0,23.44734,1.70701e+13,0,0,0,0,0.0507,0.8206,0.8206,-9998,50725,57448,51052,0.152743,0.418743,1,0,0,A,1707,NA,NA,94,0.104715899,0.149737551,,,
95,-121.946364,45.793883,2008,494,148,Point,0,20,1/4/18,2,NA,NA,0.048203,1.70701e+13,1,NA,460,46003,0,1,0,5.50004e+13,1707,1,189700,5.50004e+13,6,3,3,5.50004e+13,5.50004e+13,5.50004e+13,5.50004e+13,268.913053,5.50003e+13,3.127104,0,0,0,5.50004e+13,5.50004e+13,6,5.50004e+13,5.50004e+13,0,1,80.521393,88.826134,1.70701e+13,0,0,0,0,0.0032,0.7726,0.7726,-9998,47390,48214,47581,0.131319,0.048203,0,0,0,A,1707,0.000596,189700,5.50004e+13,6,3,3,5.50004e+13,5.50004e+13,5.50004e+13,5.50004e+13,268.913053,5.50003e+13,3.127104,0,0,0,5.50004e+13,5.50004e+13,6,5.50004e+13,5.50004e+13,0,1,80.521393,88.826134,1.70701e+13,0,0,0,0,0.0032,0.7726,0.7726,-9998,47390,48214,47581,0.131319,0.048203,0,0,0,A,1707,NA,-121.94636445.793883,95,0.144702797,0.212557807,,,
96,-121.946106,45.79387,2008,495,149,Point,0,20,1/4/18,2,NA,NA,0.048203,1.70701e+13,1,NA,460,46003,0,1,0,5.50004e+13,1707,1,189700,5.50004e+13,6,3,3,5.50004e+13,5.50004e+13,5.50004e+13,5.50004e+13,268.913053,5.50003e+13,3.127104,0,0,0,5.50004e+13,5.50004e+13,6,5.50004e+13,5.50004e+13,0,1,80.521393,88.826134,1.70701e+13,0,0,0,0,0.0032,0.7726,0.7726,-9998,47390,48214,47581,0.131319,0.048203,0,0,0,A,1707,0.000596,189700,5.50004e+13,6,3,3,5.50004e+13,5.50004e+13,5.50004e+13,5.50004e+13,268.913053,5.50003e+13,3.127104,0,0,0,5.50004e+13,5.50004e+13,6,5.50004e+13,5.50004e+13,0,1,80.521393,88.826134,1.70701e+13,0,0,0,0,0.0032,0.7726,0.7726,-9998,47390,48214,47581,0.131319,0.048203,0,0,0,A,1707,NA,-121.94610645.79387,96,0.145134892,0.17304092,,,
97,-121.945863,45.793824,2008,496,150,Point,0,20,1/4/18,2,NA,NA,0.048203,1.70701e+13,1,NA,460,46003,0,1,0,5.50004e+13,1707,1,189700,5.50004e+13,6,3,3,5.50004e+13,5.50004e+13,5.50004e+13,5.50004e+13,268.913053,5.50003e+13,3.127104,0,0,0,5.50004e+13,5.50004e+13,6,5.50004e+13,5.50004e+13,0,1,80.521393,88.826134,1.70701e+13,0,0,0,0,0.0032,0.7726,0.7726,-9998,47390,48214,47581,0.131319,0.048203,0,0,0,A,1707,0.000596,189700,5.50004e+13,6,3,3,5.50004e+13,5.50004e+13,5.50004e+13,5.50004e+13,268.913053,5.50003e+13,3.127104,0,0,0,5.50004e+13,5.50004e+13,6,5.50004e+13,5.50004e+13,0,1,80.521393,88.826134,1.70701e+13,0,0,0,0,0.0032,0.7726,0.7726,-9998,47390,48214,47581,0.131319,0.048203,0,0,0,A,1707,NA,-121.94586345.793824,97,0.145555414,0.110077984,,,
98,-121.945794,45.793798,2008,497,151,Point,0,20,1/4/18,2,NA,NA,0.048203,1.70701e+13,1,NA,460,46003,0,1,0,5.50004e+13,1707,1,189700,5.50004e+13,6,3,3,5.50004e+13,5.50004e+13,5.50004e+13,5.50004e+13,268.913053,5.50003e+13,3.127104,0,0,0,5.50004e+13,5.50004e+13,6,5.50004e+13,5.50004e+13,0,1,80.521393,88.826134,1.70701e+13,0,0,0,0,0.0032,0.7726,0.7726,-9998,47390,48214,47581,0.131319,0.048203,0,0,0,A,1707,0.000596,189700,5.50004e+13,6,3,3,5.50004e+13,5.50004e+13,5.50004e+13,5.50004e+13,268.913053,5.50003e+13,3.127104,0,0,0,5.50004e+13,5.50004e+13,6,5.50004e+13,5.50004e+13,0,1,80.521393,88.826134,1.70701e+13,0,0,0,0,0.0032,0.7726,0.7726,-9998,47390,48214,47581,0.131319,0.048203,0,0,0,A,1707,NA,-121.94579445.793798,98,0.145686334,0.110077984,,,
99,-121.954279,45.780082,2009,534,160,Point,0,22,1/4/18,2,1522756,Martha Creek,0.095335,1.70701e+13,1,NA,460,46003,0,1,0,5.50004e+13,1707,1,17934,5.50004e+13,5,3,3,5.50004e+13,5.50004e+13,5.50004e+13,5.50004e+13,269.719369,5.50003e+13,1.882768,0,0,0,5.50004e+13,5.50004e+13,5,5.50004e+13,5.50004e+13,0,1,57.439831,64.049316,1.70701e+13,0,0,0,0,0.0163,0.3538,0.3538,-9998,57742,60250,58228,0.212094,0.095335,0,0,0,A,1707,0.001182,17934,5.50004e+13,5,3,3,5.50004e+13,5.50004e+13,5.50004e+13,5.50004e+13,269.719369,5.50003e+13,1.882768,0,0,0,5.50004e+13,5.50004e+13,5,5.50004e+13,5.50004e+13,0,1,57.439831,64.049316,1.70701e+13,0,0,0,0,0.0163,0.3538,0.3538,-9998,57742,60250,58228,0.212094,0.095335,0,0,0,A,1707,NA,NA,99,0.045580777,0.283585345,,,
100,-121.95405,45.780174,2009,535,161,Point,0,22,1/4/18,2,1522756,Martha Creek,0.095335,1.70701e+13,1,NA,460,46003,0,1,0,5.50004e+13,1707,1,17934,5.50004e+13,5,3,3,5.50004e+13,5.50004e+13,5.50004e+13,5.50004e+13,269.719369,5.50003e+13,1.882768,0,0,0,5.50004e+13,5.50004e+13,5,5.50004e+13,5.50004e+13,0,1,57.439831,64.049316,1.70701e+13,0,0,0,0,0.0163,0.3538,0.3538,-9998,57742,60250,58228,0.212094,0.095335,0,0,0,A,1707,0.001182,17934,5.50004e+13,5,3,3,5.50004e+13,5.50004e+13,5.50004e+13,5.50004e+13,269.719369,5.50003e+13,1.882768,0,0,0,5.50004e+13,5.50004e+13,5,5.50004e+13,5.50004e+13,0,1,57.439831,64.049316,1.70701e+13,0,0,0,0,0.0163,0.3538,0.3538,-9998,57742,60250,58228,0.212094,0.095335,0,0,0,A,1707,NA,NA,100,0.046696954,0.208268744,,,
101,-121.953796,45.780216,2009,536,162,Point,0,22,1/4/18,2,1522756,Martha Creek,0.095335,1.70701e+13,1,NA,460,46003,0,1,0,5.50004e+13,1707,1,17934,5.50004e+13,5,3,3,5.50004e+13,5.50004e+13,5.50004e+13,5.50004e+13,269.719369,5.50003e+13,1.882768,0,0,0,5.50004e+13,5.50004e+13,5,5.50004e+13,5.50004e+13,0,1,57.439831,64.049316,1.70701e+13,0,0,0,0,0.0163,0.3538,0.3538,-9998,57742,60250,58228,0.212094,0.095335,0,0,0,A,1707,0.001182,17934,5.50004e+13,5,3,3,5.50004e+13,5.50004e+13,5.50004e+13,5.50004e+13,269.719369,5.50003e+13,1.882768,0,0,0,5.50004e+13,5.50004e+13,5,5.50004e+13,5.50004e+13,0,1,57.439831,64.049316,1.70701e+13,0,0,0,0,0.0163,0.3538,0.3538,-9998,57742,60250,58228,0.212094,0.095335,0,0,0,A,1707,NA,NA,101,0.047800166,0.331781205,,,
102,-121.953541,45.780253,2009,537,163,Point,0,22,1/4/18,2,1522756,Martha Creek,0.095335,1.70701e+13,1,NA,460,46003,0,1,0,5.50004e+13,1707,1,17934,5.50004e+13,5,3,3,5.50004e+13,5.50004e+13,5.50004e+13,5.50004e+13,269.719369,5.50003e+13,1.882768,0,0,0,5.50004e+13,5.50004e+13,5,5.50004e+13,5.50004e+13,0,1,57.439831,64.049316,1.70701e+13,0,0,0,0,0.0163,0.3538,0.3538,-9998,57742,60250,58228,0.212094,0.095335,0,0,0,A,1707,0.001182,17934,5.50004e+13,5,3,3,5.50004e+13,5.50004e+13,5.50004e+13,5.50004e+13,269.719369,5.50003e+13,1.882768,0,0,0,5.50004e+13,5.50004e+13,5,5.50004e+13,5.50004e+13,0,1,57.439831,64.049316,1.70701e+13,0,0,0,0,0.0163,0.3538,0.3538,-9998,57742,60250,58228,0.212094,0.095335,0,0,0,A,1707,NA,NA,102,0.048900963,0.479258742,,,
103,-121.953287,45.78028,2009,538,164,Point,0,22,1/4/18,2,1522756,Martha Creek,0.095335,1.70701e+13,1,NA,460,46003,0,1,0,5.50004e+13,1707,1,17934,5.50004e+13,5,3,3,5.50004e+13,5.50004e+13,5.50004e+13,5.50004e+13,269.719369,5.50003e+13,1.882768,0,0,0,5.50004e+13,5.50004e+13,5,5.50004e+13,5.50004e+13,0,1,57.439831,64.049316,1.70701e+13,0,0,0,0,0.0163,0.3538,0.3538,-9998,57742,60250,58228,0.212094,0.095335,0,0,0,A,1707,0.001182,17934,5.50004e+13,5,3,3,5.50004e+13,5.50004e+13,5.50004e+13,5.50004e+13,269.719369,5.50003e+13,1.882768,0,0,0,5.50004e+13,5.50004e+13,5,5.50004e+13,5.50004e+13,0,1,57.439831,64.049316,1.70701e+13,0,0,0,0,0.0163,0.3538,0.3538,-9998,57742,60250,58228,0.212094,0.095335,0,0,0,A,1707,NA,NA,103,0.04998692,0.367166249,,,
104,-121.953148,45.780303,2009,539,165,Point,0,22,1/4/18,2,1522756,Martha Creek,0.095335,1.70701e+13,1,NA,460,46003,0,1,0,5.50004e+13,1707,1,17934,5.50004e+13,5,3,3,5.50004e+13,5.50004e+13,5.50004e+13,5.50004e+13,269.719369,5.50003e+13,1.882768,0,0,0,5.50004e+13,5.50004e+13,5,5.50004e+13,5.50004e+13,0,1,57.439831,64.049316,1.70701e+13,0,0,0,0,0.0163,0.3538,0.3538,-9998,57742,60250,58228,0.212094,0.095335,0,0,0,A,1707,0.001182,17934,5.50004e+13,5,3,3,5.50004e+13,5.50004e+13,5.50004e+13,5.50004e+13,269.719369,5.50003e+13,1.882768,0,0,0,5.50004e+13,5.50004e+13,5,5.50004e+13,5.50004e+13,0,1,57.439831,64.049316,1.70701e+13,0,0,0,0,0.0163,0.3538,0.3538,-9998,57742,60250,58228,0.212094,0.095335,0,0,0,A,1707,NA,NA,104,0.050590667,0.367166249,,,
105,-121.940772,45.788591,2010,924,173,Point,0,24,1/4/18,2,1522756,Martha Creek,0.123207,1.70701e+13,1,NA,460,46006,0,1,0,5.50004e+13,1707,1,243025,5.50004e+13,5,5,5,5.50004e+13,5.50004e+13,5.50004e+13,5.50004e+13,267.992314,5.50003e+13,27.156263,0,0,0,5.50004e+13,5.50004e+13,5,5.50004e+13,5.50004e+13,0,1,76.420677,79.652878,1.70701e+13,0,0,0,0,0.0287,4.462,4.462,-9998,39512,40352,39512,0.068178,0.123207,0,0,0,A,1707,0.001434,243025,5.50004e+13,5,5,5,5.50004e+13,5.50004e+13,5.50004e+13,5.50004e+13,267.992314,5.50003e+13,27.156263,0,0,0,5.50004e+13,5.50004e+13,5,5.50004e+13,5.50004e+13,0,1,76.420677,79.652878,1.70701e+13,0,0,0,0,0.0287,4.462,4.462,-9998,39512,40352,39512,0.068178,0.123207,0,0,0,A,1707,NA,NA,105,0.706455849,0.066750615,,,
106,-121.940516,45.788584,2010,925,174,Point,0,24,1/4/18,2,1522756,Martha Creek,0.123207,1.70701e+13,1,NA,460,46006,0,1,0,5.50004e+13,1707,1,243025,5.50004e+13,5,5,5,5.50004e+13,5.50004e+13,5.50004e+13,5.50004e+13,267.992314,5.50003e+13,27.156263,0,0,0,5.50004e+13,5.50004e+13,5,5.50004e+13,5.50004e+13,0,1,76.420677,79.652878,1.70701e+13,0,0,0,0,0.0287,4.462,4.462,-9998,39512,40352,39512,0.068178,0.123207,0,0,0,A,1707,0.001434,243025,5.50004e+13,5,5,5,5.50004e+13,5.50004e+13,5.50004e+13,5.50004e+13,267.992314,5.50003e+13,27.156263,0,0,0,5.50004e+13,5.50004e+13,5,5.50004e+13,5.50004e+13,0,1,76.420677,79.652878,1.70701e+13,0,0,0,0,0.0287,4.462,4.462,-9998,39512,40352,39512,0.068178,0.123207,0,0,0,A,1707,NA,NA,106,0.707978004,0.076750615,,,
107,-121.940267,45.788634,2010,926,175,Point,0,24,1/4/18,2,1522756,Martha Creek,0.123207,1.70701e+13,1,NA,460,46006,0,1,0,5.50004e+13,1707,1,243025,5.50004e+13,5,5,5,5.50004e+13,5.50004e+13,5.50004e+13,5.50004e+13,267.992314,5.50003e+13,27.156263,0,0,0,5.50004e+13,5.50004e+13,5,5.50004e+13,5.50004e+13,0,1,76.420677,79.652878,1.70701e+13,0,0,0,0,0.0287,4.462,4.462,-9998,39512,40352,39512,0.068178,0.123207,0,0,0,A,1707,0.001434,243025,5.50004e+13,5,5,5,5.50004e+13,5.50004e+13,5.50004e+13,5.50004e+13,267.992314,5.50003e+13,27.156263,0,0,0,5.50004e+13,5.50004e+13,5,5.50004e+13,5.50004e+13,0,1,76.420677,79.652878,1.70701e+13,0,0,0,0,0.0287,4.462,4.462,-9998,39512,40352,39512,0.068178,0.123207,0,0,0,A,1707,NA,NA,107,0.709517142,0.063026437,,,
108,-121.940043,45.788734,2010,927,176,Point,0,24,1/4/18,2,1522756,Martha Creek,0.123207,1.70701e+13,1,NA,460,46006,0,1,0,5.50004e+13,1707,1,243025,5.50004e+13,5,5,5,5.50004e+13,5.50004e+13,5.50004e+13,5.50004e+13,267.992314,5.50003e+13,27.156263,0,0,0,5.50004e+13,5.50004e+13,5,5.50004e+13,5.50004e+13,0,1,76.420677,79.652878,1.70701e+13,0,0,0,0,0.0287,4.462,4.462,-9998,39512,40352,39512,0.068178,0.123207,0,0,0,A,1707,0.001434,243025,5.50004e+13,5,5,5,5.50004e+13,5.50004e+13,5.50004e+13,5.50004e+13,267.992314,5.50003e+13,27.156263,0,0,0,5.50004e+13,5.50004e+13,5,5.50004e+13,5.50004e+13,0,1,76.420677,79.652878,1.70701e+13,0,0,0,0,0.0287,4.462,4.462,-9998,39512,40352,39512,0.068178,0.123207,0,0,0,A,1707,NA,NA,108,0.711095892,0.088437272,,,
109,-121.939822,45.788867,2010,928,177,Point,0,24,1/4/18,2,1522756,Martha Creek,0.123207,1.70701e+13,1,NA,460,46006,0,1,0,5.50004e+13,1707,1,243025,5.50004e+13,5,5,5,5.50004e+13,5.50004e+13,5.50004e+13,5.50004e+13,267.992314,5.50003e+13,27.156263,0,0,0,5.50004e+13,5.50004e+13,5,5.50004e+13,5.50004e+13,0,1,76.420677,79.652878,1.70701e+13,0,0,0,0,0.0287,4.462,4.462,-9998,39512,40352,39512,0.068178,0.123207,0,0,0,A,1707,0.001434,243025,5.50004e+13,5,5,5,5.50004e+13,5.50004e+13,5.50004e+13,5.50004e+13,267.992314,5.50003e+13,27.156263,0,0,0,5.50004e+13,5.50004e+13,5,5.50004e+13,5.50004e+13,0,1,76.420677,79.652878,1.70701e+13,0,0,0,0,0.0287,4.462,4.462,-9998,39512,40352,39512,0.068178,0.123207,0,0,0,A,1707,NA,NA,109,0.71282791,0.06829646,,,
110,-121.939753,45.789044,2010,929,178,Point,0,24,1/4/18,2,1522756,Martha Creek,0.123207,1.70701e+13,1,NA,460,46006,0,1,0,5.50004e+13,1707,1,243025,5.50004e+13,5,5,5,5.50004e+13,5.50004e+13,5.50004e+13,5.50004e+13,267.992314,5.50003e+13,27.156263,0,0,0,5.50004e+13,5.50004e+13,5,5.50004e+13,5.50004e+13,0,1,76.420677,79.652878,1.70701e+13,0,0,0,0,0.0287,4.462,4.462,-9998,39512,40352,39512,0.068178,0.123207,0,0,0,A,1707,0.001434,243025,5.50004e+13,5,5,5,5.50004e+13,5.50004e+13,5.50004e+13,5.50004e+13,267.992314,5.50003e+13,27.156263,0,0,0,5.50004e+13,5.50004e+13,5,5.50004e+13,5.50004e+13,0,1,76.420677,79.652878,1.70701e+13,0,0,0,0,0.0287,4.462,4.462,-9998,39512,40352,39512,0.068178,0.123207,0,0,0,A,1707,NA,NA,110,0.714386004,0.037559816,,,
111,-121.939631,45.789105,2010,930,179,Point,0,24,1/4/18,2,1522756,Martha Creek,0.123207,1.70701e+13,1,NA,460,46006,0,1,0,5.50004e+13,1707,1,243025,5.50004e+13,5,5,5,5.50004e+13,5.50004e+13,5.50004e+13,5.50004e+13,267.992314,5.50003e+13,27.156263,0,0,0,5.50004e+13,5.50004e+13,5,5.50004e+13,5.50004e+13,0,1,76.420677,79.652878,1.70701e+13,0,0,0,0,0.0287,4.462,4.462,-9998,39512,40352,39512,0.068178,0.123207,0,0,0,A,1707,0.001434,243025,5.50004e+13,5,5,5,5.50004e+13,5.50004e+13,5.50004e+13,5.50004e+13,267.992314,5.50003e+13,27.156263,0,0,0,5.50004e+13,5.50004e+13,5,5.50004e+13,5.50004e+13,0,1,76.420677,79.652878,1.70701e+13,0,0,0,0,0.0287,4.462,4.462,-9998,39512,40352,39512,0.068178,0.123207,0,0,0,A,1707,NA,NA,111,0.715276943,0.029539556,,,
112,-121.959127,45.779352,2011,803,180,Point,0,25,1/4/18,2,NA,NA,0.342549,1.70701e+13,1,NA,460,46003,0,1,0,5.50004e+13,1707,1,216701,5.50004e+13,6,1,1,5.50004e+13,5.50004e+13,5.50004e+13,5.50004e+13,269.884361,5.50003e+13,0.342549,0,1,0,0,0,5,5.50004e+13,5.50004e+13,0,1,0,100,1.70701e+13,0,0,0,0,0.0726,0.0726,0.0726,72359,61619,72359,61619,0.442797,0.242549,1,0,0.0171,A,1707,0.004298,216701,5.50004e+13,6,1,1,5.50004e+13,5.50004e+13,5.50004e+13,5.50004e+13,269.884361,5.50003e+13,0.342549,0,1,0,0,0,5,5.50004e+13,5.50004e+13,0,1,0,100,1.70701e+13,0,0,0,0,0.0726,0.0726,0.0726,72359,61619,72359,61619,0.442797,0.242549,1,0,0.0171,A,1707,NA,NA,112,0.011156994,0.514085897,,,
113,-121.95887,45.779372,2011,804,181,Point,0,25,1/4/18,2,NA,NA,0.342549,1.70701e+13,1,NA,460,46003,0,1,0,5.50004e+13,1707,1,216701,5.50004e+13,6,1,1,5.50004e+13,5.50004e+13,5.50004e+13,5.50004e+13,269.884361,5.50003e+13,0.342549,0,1,0,0,0,5,5.50004e+13,5.50004e+13,0,1,0,100,1.70701e+13,0,0,0,0,0.0726,0.0726,0.0726,72359,61619,72359,61619,0.442797,0.242549,1,0,0.0171,A,1707,0.004298,216701,5.50004e+13,6,1,1,5.50004e+13,5.50004e+13,5.50004e+13,5.50004e+13,269.884361,5.50003e+13,0.342549,0,1,0,0,0,5,5.50004e+13,5.50004e+13,0,1,0,100,1.70701e+13,0,0,0,0,0.0726,0.0726,0.0726,72359,61619,72359,61619,0.442797,0.242549,1,0,0.0171,A,1707,NA,NA,113,0.011825486,0.514085897,,,
114,-121.958617,45.779422,2011,805,182,Point,0,25,1/4/18,2,NA,NA,0.342549,1.70701e+13,1,NA,460,46003,0,1,0,5.50004e+13,1707,1,216701,5.50004e+13,6,1,1,5.50004e+13,5.50004e+13,5.50004e+13,5.50004e+13,269.884361,5.50003e+13,0.342549,0,1,0,0,0,5,5.50004e+13,5.50004e+13,0,1,0,100,1.70701e+13,0,0,0,0,0.0726,0.0726,0.0726,72359,61619,72359,61619,0.442797,0.242549,1,0,0.0171,A,1707,0.004298,216701,5.50004e+13,6,1,1,5.50004e+13,5.50004e+13,5.50004e+13,5.50004e+13,269.884361,5.50003e+13,0.342549,0,1,0,0,0,5,5.50004e+13,5.50004e+13,0,1,0,100,1.70701e+13,0,0,0,0,0.0726,0.0726,0.0726,72359,61619,72359,61619,0.442797,0.242549,1,0,0.0171,A,1707,NA,NA,114,0.012505129,0.563206787,,,
115,-121.958374,45.779496,2011,806,183,Point,0,25,1/4/18,2,NA,NA,0.342549,1.70701e+13,1,NA,460,46003,0,1,0,5.50004e+13,1707,1,216701,5.50004e+13,6,1,1,5.50004e+13,5.50004e+13,5.50004e+13,5.50004e+13,269.884361,5.50003e+13,0.342549,0,1,0,0,0,5,5.50004e+13,5.50004e+13,0,1,0,100,1.70701e+13,0,0,0,0,0.0726,0.0726,0.0726,72359,61619,72359,61619,0.442797,0.242549,1,0,0.0171,A,1707,0.004298,216701,5.50004e+13,6,1,1,5.50004e+13,5.50004e+13,5.50004e+13,5.50004e+13,269.884361,5.50003e+13,0.342549,0,1,0,0,0,5,5.50004e+13,5.50004e+13,0,1,0,100,1.70701e+13,0,0,0,0,0.0726,0.0726,0.0726,72359,61619,72359,61619,0.442797,0.242549,1,0,0.0171,A,1707,NA,NA,115,0.013190248,0.545673207,,,
116,-121.95815,45.779567,2011,807,184,Point,0,25,1/4/18,2,NA,NA,0.342549,1.70701e+13,1,NA,460,46003,0,1,0,5.50004e+13,1707,1,216701,5.50004e+13,6,1,1,5.50004e+13,5.50004e+13,5.50004e+13,5.50004e+13,269.884361,5.50003e+13,0.342549,0,1,0,0,0,5,5.50004e+13,5.50004e+13,0,1,0,100,1.70701e+13,0,0,0,0,0.0726,0.0726,0.0726,72359,61619,72359,61619,0.442797,0.242549,1,0,0.0171,A,1707,0.004298,216701,5.50004e+13,6,1,1,5.50004e+13,5.50004e+13,5.50004e+13,5.50004e+13,269.884361,5.50003e+13,0.342549,0,1,0,0,0,5,5.50004e+13,5.50004e+13,0,1,0,100,1.70701e+13,0,0,0,0,0.0726,0.0726,0.0726,72359,61619,72359,61619,0.442797,0.242549,1,0,0.0171,A,1707,NA,NA,116,0.013825976,0.360739909,,,
117,-121.957907,45.779506,2011,808,185,Point,0,25,1/4/18,2,NA,NA,0.342549,1.70701e+13,1,NA,460,46003,0,1,0,5.50004e+13,1707,1,216701,5.50004e+13,6,1,1,5.50004e+13,5.50004e+13,5.50004e+13,5.50004e+13,269.884361,5.50003e+13,0.342549,0,1,0,0,0,5,5.50004e+13,5.50004e+13,0,1,0,100,1.70701e+13,0,0,0,0,0.0726,0.0726,0.0726,72359,61619,72359,61619,0.442797,0.242549,1,0,0.0171,A,1707,0.004298,216701,5.50004e+13,6,1,1,5.50004e+13,5.50004e+13,5.50004e+13,5.50004e+13,269.884361,5.50003e+13,0.342549,0,1,0,0,0,5,5.50004e+13,5.50004e+13,0,1,0,100,1.70701e+13,0,0,0,0,0.0726,0.0726,0.0726,72359,61619,72359,61619,0.442797,0.242549,1,0,0.0171,A,1707,NA,NA,117,0.014493381,0.440250673,,,
118,-121.957663,45.779432,2011,809,186,Point,0,25,1/4/18,2,NA,NA,0.342549,1.70701e+13,1,NA,460,46003,0,1,0,5.50004e+13,1707,1,216701,5.50004e+13,6,1,1,5.50004e+13,5.50004e+13,5.50004e+13,5.50004e+13,269.884361,5.50003e+13,0.342549,0,1,0,0,0,5,5.50004e+13,5.50004e+13,0,1,0,100,1.70701e+13,0,0,0,0,0.0726,0.0726,0.0726,72359,61619,72359,61619,0.442797,0.242549,1,0,0.0171,A,1707,0.004298,216701,5.50004e+13,6,1,1,5.50004e+13,5.50004e+13,5.50004e+13,5.50004e+13,269.884361,5.50003e+13,0.342549,0,1,0,0,0,5,5.50004e+13,5.50004e+13,0,1,0,100,1.70701e+13,0,0,0,0,0.0726,0.0726,0.0726,72359,61619,72359,61619,0.442797,0.242549,1,0,0.0171,A,1707,NA,NA,118,0.015180872,0.459686994,,,
119,-121.95741,45.779458,2011,810,187,Point,0,25,1/4/18,2,NA,NA,0.342549,1.70701e+13,1,NA,460,46003,0,1,0,5.50004e+13,1707,1,216701,5.50004e+13,6,1,1,5.50004e+13,5.50004e+13,5.50004e+13,5.50004e+13,269.884361,5.50003e+13,0.342549,0,1,0,0,0,5,5.50004e+13,5.50004e+13,0,1,0,100,1.70701e+13,0,0,0,0,0.0726,0.0726,0.0726,72359,61619,72359,61619,0.442797,0.242549,1,0,0.0171,A,1707,0.004298,216701,5.50004e+13,6,1,1,5.50004e+13,5.50004e+13,5.50004e+13,5.50004e+13,269.884361,5.50003e+13,0.342549,0,1,0,0,0,5,5.50004e+13,5.50004e+13,0,1,0,100,1.70701e+13,0,0,0,0,0.0726,0.0726,0.0726,72359,61619,72359,61619,0.442797,0.242549,1,0,0.0171,A,1707,NA,NA,119,0.015841942,0.507154374,,,
120,-121.957153,45.779475,2011,811,188,Point,0,25,1/4/18,2,NA,NA,0.342549,1.70701e+13,1,NA,460,46003,0,1,0,5.50004e+13,1707,1,216701,5.50004e+13,6,1,1,5.50004e+13,5.50004e+13,5.50004e+13,5.50004e+13,269.884361,5.50003e+13,0.342549,0,1,0,0,0,5,5.50004e+13,5.50004e+13,0,1,0,100,1.70701e+13,0,0,0,0,0.0726,0.0726,0.0726,72359,61619,72359,61619,0.442797,0.242549,1,0,0.0171,A,1707,0.004298,216701,5.50004e+13,6,1,1,5.50004e+13,5.50004e+13,5.50004e+13,5.50004e+13,269.884361,5.50003e+13,0.342549,0,1,0,0,0,5,5.50004e+13,5.50004e+13,0,1,0,100,1.70701e+13,0,0,0,0,0.0726,0.0726,0.0726,72359,61619,72359,61619,0.442797,0.242549,1,0,0.0171,A,1707,NA,NA,120,0.016509299,0.536730982,,,
121,-121.956897,45.779503,2011,812,189,Point,0,25,1/4/18,2,NA,NA,0.342549,1.70701e+13,1,NA,460,46003,0,1,0,5.50004e+13,1707,1,216701,5.50004e+13,6,1,1,5.50004e+13,5.50004e+13,5.50004e+13,5.50004e+13,269.884361,5.50003e+13,0.342549,0,1,0,0,0,5,5.50004e+13,5.50004e+13,0,1,0,100,1.70701e+13,0,0,0,0,0.0726,0.0726,0.0726,72359,61619,72359,61619,0.442797,0.242549,1,0,0.0171,A,1707,0.004298,216701,5.50004e+13,6,1,1,5.50004e+13,5.50004e+13,5.50004e+13,5.50004e+13,269.884361,5.50003e+13,0.342549,0,1,0,0,0,5,5.50004e+13,5.50004e+13,0,1,0,100,1.70701e+13,0,0,0,0,0.0726,0.0726,0.0726,72359,61619,72359,61619,0.442797,0.242549,1,0,0.0171,A,1707,NA,NA,121,0.017179145,0.554957365,,,
122,-121.956643,45.779538,2011,813,190,Point,0,25,1/4/18,2,NA,NA,0.342549,1.70701e+13,1,NA,460,46003,0,1,0,5.50004e+13,1707,1,216701,5.50004e+13,6,1,1,5.50004e+13,5.50004e+13,5.50004e+13,5.50004e+13,269.884361,5.50003e+13,0.342549,0,1,0,0,0,5,5.50004e+13,5.50004e+13,0,1,0,100,1.70701e+13,0,0,0,0,0.0726,0.0726,0.0726,72359,61619,72359,61619,0.442797,0.242549,1,0,0.0171,A,1707,0.004298,216701,5.50004e+13,6,1,1,5.50004e+13,5.50004e+13,5.50004e+13,5.50004e+13,269.884361,5.50003e+13,0.342549,0,1,0,0,0,5,5.50004e+13,5.50004e+13,0,1,0,100,1.70701e+13,0,0,0,0,0.0726,0.0726,0.0726,72359,61619,72359,61619,0.442797,0.242549,1,0,0.0171,A,1707,NA,NA,122,0.017848395,0.554957365,,,
123,-121.956388,45.779571,2011,814,191,Point,0,25,1/4/18,2,NA,NA,0.342549,1.70701e+13,1,NA,460,46003,0,1,0,5.50004e+13,1707,1,216701,5.50004e+13,6,1,1,5.50004e+13,5.50004e+13,5.50004e+13,5.50004e+13,269.884361,5.50003e+13,0.342549,0,1,0,0,0,5,5.50004e+13,5.50004e+13,0,1,0,100,1.70701e+13,0,0,0,0,0.0726,0.0726,0.0726,72359,61619,72359,61619,0.442797,0.242549,1,0,0.0171,A,1707,0.004298,216701,5.50004e+13,6,1,1,5.50004e+13,5.50004e+13,5.50004e+13,5.50004e+13,269.884361,5.50003e+13,0.342549,0,1,0,0,0,5,5.50004e+13,5.50004e+13,0,1,0,100,1.70701e+13,0,0,0,0,0.0726,0.0726,0.0726,72359,61619,72359,61619,0.442797,0.242549,1,0,0.0171,A,1707,NA,NA,123,0.018518799,0.430629077,,,
124,-121.956134,45.779617,2011,815,192,Point,0,25,1/4/18,2,NA,NA,0.342549,1.70701e+13,1,NA,460,46003,0,1,0,5.50004e+13,1707,1,216701,5.50004e+13,6,1,1,5.50004e+13,5.50004e+13,5.50004e+13,5.50004e+13,269.884361,5.50003e+13,0.342549,0,1,0,0,0,5,5.50004e+13,5.50004e+13,0,1,0,100,1.70701e+13,0,0,0,0,0.0726,0.0726,0.0726,72359,61619,72359,61619,0.442797,0.242549,1,0,0.0171,A,1707,0.004298,216701,5.50004e+13,6,1,1,5.50004e+13,5.50004e+13,5.50004e+13,5.50004e+13,269.884361,5.50003e+13,0.342549,0,1,0,0,0,5,5.50004e+13,5.50004e+13,0,1,0,100,1.70701e+13,0,0,0,0,0.0726,0.0726,0.0726,72359,61619,72359,61619,0.442797,0.242549,1,0,0.0171,A,1707,NA,NA,124,0.019197074,0.444369709,,,
125,-121.955889,45.779681,2011,816,193,Point,0,25,1/4/18,2,NA,NA,0.342549,1.70701e+13,1,NA,460,46003,0,1,0,5.50004e+13,1707,1,216701,5.50004e+13,6,1,1,5.50004e+13,5.50004e+13,5.50004e+13,5.50004e+13,269.884361,5.50003e+13,0.342549,0,1,0,0,0,5,5.50004e+13,5.50004e+13,0,1,0,100,1.70701e+13,0,0,0,0,0.0726,0.0726,0.0726,72359,61619,72359,61619,0.442797,0.242549,1,0,0.0171,A,1707,0.004298,216701,5.50004e+13,6,1,1,5.50004e+13,5.50004e+13,5.50004e+13,5.50004e+13,269.884361,5.50003e+13,0.342549,0,1,0,0,0,5,5.50004e+13,5.50004e+13,0,1,0,100,1.70701e+13,0,0,0,0,0.0726,0.0726,0.0726,72359,61619,72359,61619,0.442797,0.242549,1,0,0.0171,A,1707,NA,NA,125,0.019873144,0.414300856,,,
126,-121.955632,45.779695,2011,817,194,Point,0,25,1/4/18,2,NA,NA,0.342549,1.70701e+13,1,NA,460,46003,0,1,0,5.50004e+13,1707,1,216701,5.50004e+13,6,1,1,5.50004e+13,5.50004e+13,5.50004e+13,5.50004e+13,269.884361,5.50003e+13,0.342549,0,1,0,0,0,5,5.50004e+13,5.50004e+13,0,1,0,100,1.70701e+13,0,0,0,0,0.0726,0.0726,0.0726,72359,61619,72359,61619,0.442797,0.242549,1,0,0.0171,A,1707,0.004298,216701,5.50004e+13,6,1,1,5.50004e+13,5.50004e+13,5.50004e+13,5.50004e+13,269.884361,5.50003e+13,0.342549,0,1,0,0,0,5,5.50004e+13,5.50004e+13,0,1,0,100,1.70701e+13,0,0,0,0,0.0726,0.0726,0.0726,72359,61619,72359,61619,0.442797,0.242549,1,0,0.0171,A,1707,NA,NA,126,0.020539546,0.375899109,,,
127,-121.955374,45.779702,2011,818,195,Point,0,25,1/4/18,2,NA,NA,0.342549,1.70701e+13,1,NA,460,46003,0,1,0,5.50004e+13,1707,1,216701,5.50004e+13,6,1,1,5.50004e+13,5.50004e+13,5.50004e+13,5.50004e+13,269.884361,5.50003e+13,0.342549,0,1,0,0,0,5,5.50004e+13,5.50004e+13,0,1,0,100,1.70701e+13,0,0,0,0,0.0726,0.0726,0.0726,72359,61619,72359,61619,0.442797,0.242549,1,0,0.0171,A,1707,0.004298,216701,5.50004e+13,6,1,1,5.50004e+13,5.50004e+13,5.50004e+13,5.50004e+13,269.884361,5.50003e+13,0.342549,0,1,0,0,0,5,5.50004e+13,5.50004e+13,0,1,0,100,1.70701e+13,0,0,0,0,0.0726,0.0726,0.0726,72359,61619,72359,61619,0.442797,0.242549,1,0,0.0171,A,1707,NA,NA,127,0.021207025,0.320494582,,,
128,-121.955121,45.779734,2011,819,196,Point,0,25,1/4/18,2,NA,NA,0.342549,1.70701e+13,1,NA,460,46003,0,1,0,5.50004e+13,1707,1,216701,5.50004e+13,6,1,1,5.50004e+13,5.50004e+13,5.50004e+13,5.50004e+13,269.884361,5.50003e+13,0.342549,0,1,0,0,0,5,5.50004e+13,5.50004e+13,0,1,0,100,1.70701e+13,0,0,0,0,0.0726,0.0726,0.0726,72359,61619,72359,61619,0.442797,0.242549,1,0,0.0171,A,1707,0.004298,216701,5.50004e+13,6,1,1,5.50004e+13,5.50004e+13,5.50004e+13,5.50004e+13,269.884361,5.50003e+13,0.342549,0,1,0,0,0,5,5.50004e+13,5.50004e+13,0,1,0,100,1.70701e+13,0,0,0,0,0.0726,0.0726,0.0726,72359,61619,72359,61619,0.442797,0.242549,1,0,0.0171,A,1707,NA,NA,128,0.021871675,0.236265455,,,
129,-121.95495,45.77973,2011,820,197,Point,0,25,1/4/18,2,NA,NA,0.342549,1.70701e+13,1,NA,460,46003,0,1,0,5.50004e+13,1707,1,216701,5.50004e+13,6,1,1,5.50004e+13,5.50004e+13,5.50004e+13,5.50004e+13,269.884361,5.50003e+13,0.342549,0,1,0,0,0,5,5.50004e+13,5.50004e+13,0,1,0,100,1.70701e+13,0,0,0,0,0.0726,0.0726,0.0726,72359,61619,72359,61619,0.442797,0.242549,1,0,0.0171,A,1707,0.004298,216701,5.50004e+13,6,1,1,5.50004e+13,5.50004e+13,5.50004e+13,5.50004e+13,269.884361,5.50003e+13,0.342549,0,1,0,0,0,5,5.50004e+13,5.50004e+13,0,1,0,100,1.70701e+13,0,0,0,0,0.0726,0.0726,0.0726,72359,61619,72359,61619,0.442797,0.242549,1,0,0.0171,A,1707,NA,NA,129,0.022313988,0.288941401,,,
130,-121.941936,45.788365,2012,229,198,Point,0,26,1/4/18,2,1522756,Martha Creek,0.113992,1.70701e+13,1,NA,460,46006,0,1,0,5.50004e+13,1707,1,260655,5.50004e+13,5,5,5,5.50004e+13,5.50004e+13,5.50004e+13,5.50004e+13,268.115521,5.50003e+13,26.835932,0,0,0,5.50004e+13,5.50004e+13,5,5.50004e+13,5.50004e+13,0,1,79.652878,82.643303,1.70701e+13,0,0,0,0,0.0093,4.4173,4.4173,-9998,39638,40352,40352,1e-05,0.113992,0,0,0,A,1707,0.001336,260655,5.50004e+13,5,5,5,5.50004e+13,5.50004e+13,5.50004e+13,5.50004e+13,268.115521,5.50003e+13,26.835932,0,0,0,5.50004e+13,5.50004e+13,5,5.50004e+13,5.50004e+13,0,1,79.652878,82.643303,1.70701e+13,0,0,0,0,0.0093,4.4173,4.4173,-9998,39638,40352,40352,1e-05,0.113992,0,0,0,A,1707,NA,NA,130,0.703597446,0.063399372,,,
131,-121.941685,45.788384,2012,230,199,Point,0,26,1/4/18,2,1522756,Martha Creek,0.113992,1.70701e+13,1,NA,460,46006,0,1,0,5.50004e+13,1707,1,260655,5.50004e+13,5,5,5,5.50004e+13,5.50004e+13,5.50004e+13,5.50004e+13,268.115521,5.50003e+13,26.835932,0,0,0,5.50004e+13,5.50004e+13,5,5.50004e+13,5.50004e+13,0,1,79.652878,82.643303,1.70701e+13,0,0,0,0,0.0093,4.4173,4.4173,-9998,39638,40352,40352,1e-05,0.113992,0,0,0,A,1707,0.001336,260655,5.50004e+13,5,5,5,5.50004e+13,5.50004e+13,5.50004e+13,5.50004e+13,268.115521,5.50003e+13,26.835932,0,0,0,5.50004e+13,5.50004e+13,5,5.50004e+13,5.50004e+13,0,1,79.652878,82.643303,1.70701e+13,0,0,0,0,0.0093,4.4173,4.4173,-9998,39638,40352,40352,1e-05,0.113992,0,0,0,A,1707,NA,NA,131,0.704115182,0.060928476,,,
132,-121.941459,45.788501,2012,231,200,Point,0,26,1/4/18,2,1522756,Martha Creek,0.113992,1.70701e+13,1,NA,460,46006,0,1,0,5.50004e+13,1707,1,260655,5.50004e+13,5,5,5,5.50004e+13,5.50004e+13,5.50004e+13,5.50004e+13,268.115521,5.50003e+13,26.835932,0,0,0,5.50004e+13,5.50004e+13,5,5.50004e+13,5.50004e+13,0,1,79.652878,82.643303,1.70701e+13,0,0,0,0,0.0093,4.4173,4.4173,-9998,39638,40352,40352,1e-05,0.113992,0,0,0,A,1707,0.001336,260655,5.50004e+13,5,5,5,5.50004e+13,5.50004e+13,5.50004e+13,5.50004e+13,268.115521,5.50003e+13,26.835932,0,0,0,5.50004e+13,5.50004e+13,5,5.50004e+13,5.50004e+13,0,1,79.652878,82.643303,1.70701e+13,0,0,0,0,0.0093,4.4173,4.4173,-9998,39638,40352,40352,1e-05,0.113992,0,0,0,A,1707,NA,NA,132,0.704691741,0.068736705,,,
133,-121.94129,45.788675,2012,232,201,Point,0,26,1/4/18,2,1522756,Martha Creek,0.113992,1.70701e+13,1,NA,460,46006,0,1,0,5.50004e+13,1707,1,260655,5.50004e+13,5,5,5,5.50004e+13,5.50004e+13,5.50004e+13,5.50004e+13,268.115521,5.50003e+13,26.835932,0,0,0,5.50004e+13,5.50004e+13,5,5.50004e+13,5.50004e+13,0,1,79.652878,82.643303,1.70701e+13,0,0,0,0,0.0093,4.4173,4.4173,-9998,39638,40352,40352,1e-05,0.113992,0,0,0,A,1707,0.001336,260655,5.50004e+13,5,5,5,5.50004e+13,5.50004e+13,5.50004e+13,5.50004e+13,268.115521,5.50003e+13,26.835932,0,0,0,5.50004e+13,5.50004e+13,5,5.50004e+13,5.50004e+13,0,1,79.652878,82.643303,1.70701e+13,0,0,0,0,0.0093,4.4173,4.4173,-9998,39638,40352,40352,1e-05,0.113992,0,0,0,A,1707,NA,NA,133,0.705308392,0.075334538,,,
134,-121.94104,45.78868,2012,233,202,Point,0,26,1/4/18,2,1522756,Martha Creek,0.113992,1.70701e+13,1,NA,460,46006,0,1,0,5.50004e+13,1707,1,260655,5.50004e+13,5,5,5,5.50004e+13,5.50004e+13,5.50004e+13,5.50004e+13,268.115521,5.50003e+13,26.835932,0,0,0,5.50004e+13,5.50004e+13,5,5.50004e+13,5.50004e+13,0,1,79.652878,82.643303,1.70701e+13,0,0,0,0,0.0093,4.4173,4.4173,-9998,39638,40352,40352,1e-05,0.113992,0,0,0,A,1707,0.001336,260655,5.50004e+13,5,5,5,5.50004e+13,5.50004e+13,5.50004e+13,5.50004e+13,268.115521,5.50003e+13,26.835932,0,0,0,5.50004e+13,5.50004e+13,5,5.50004e+13,5.50004e+13,0,1,79.652878,82.643303,1.70701e+13,0,0,0,0,0.0093,4.4173,4.4173,-9998,39638,40352,40352,1e-05,0.113992,0,0,0,A,1707,NA,NA,134,0.705821279,0.066985503,,,
135,-121.9408,45.788626,2012,234,203,Point,0,26,1/4/18,2,1522756,Martha Creek,0.113992,1.70701e+13,1,NA,460,46006,0,1,0,5.50004e+13,1707,1,260655,5.50004e+13,5,5,5,5.50004e+13,5.50004e+13,5.50004e+13,5.50004e+13,268.115521,5.50003e+13,26.835932,0,0,0,5.50004e+13,5.50004e+13,5,5.50004e+13,5.50004e+13,0,1,79.652878,82.643303,1.70701e+13,0,0,0,0,0.0093,4.4173,4.4173,-9998,39638,40352,40352,1e-05,0.113992,0,0,0,A,1707,0.001336,260655,5.50004e+13,5,5,5,5.50004e+13,5.50004e+13,5.50004e+13,5.50004e+13,268.115521,5.50003e+13,26.835932,0,0,0,5.50004e+13,5.50004e+13,5,5.50004e+13,5.50004e+13,0,1,79.652878,82.643303,1.70701e+13,0,0,0,0,0.0093,4.4173,4.4173,-9998,39638,40352,40352,1e-05,0.113992,0,0,0,A,1707,NA,NA,135,0.706338279,0.08869855,,,
136,-121.940772,45.788591,2012,235,204,Point,0,26,1/4/18,2,1522756,Martha Creek,0.113992,1.70701e+13,1,NA,460,46006,0,1,0,5.50004e+13,1707,1,260655,5.50004e+13,5,5,5,5.50004e+13,5.50004e+13,5.50004e+13,5.50004e+13,268.115521,5.50003e+13,26.835932,0,0,0,5.50004e+13,5.50004e+13,5,5.50004e+13,5.50004e+13,0,1,79.652878,82.643303,1.70701e+13,0,0,0,0,0.0093,4.4173,4.4173,-9998,39638,40352,40352,1e-05,0.113992,0,0,0,A,1707,0.001336,260655,5.50004e+13,5,5,5,5.50004e+13,5.50004e+13,5.50004e+13,5.50004e+13,268.115521,5.50003e+13,26.835932,0,0,0,5.50004e+13,5.50004e+13,5,5.50004e+13,5.50004e+13,0,1,79.652878,82.643303,1.70701e+13,0,0,0,0,0.0093,4.4173,4.4173,-9998,39638,40352,40352,1e-05,0.113992,0,0,0,A,1707,NA,NA,136,0.706455849,0.056750615,,,
137,-121.946228,45.788887,2013,248,205,Point,0,27,1/4/18,2,NA,NA,0.083814,1.70701e+13,1,NA,460,46003,0,1,0,5.50004e+13,1707,1,18478,5.50004e+13,6,2,2,5.50004e+13,5.50004e+13,5.50004e+13,5.50004e+13,268.594935,5.50003e+13,1.657,0,0,0,5.50004e+13,5.50004e+13,6,5.50004e+13,5.50004e+13,0,1,58.788971,100,1.70701e+13,0,0,0,0,0.0061,0.1977,0.1977,-9998,41345,42337,41617,0.085904,0.083814,0,0,0,A,1707,0.000856,18478,5.50004e+13,6,2,2,5.50004e+13,5.50004e+13,5.50004e+13,5.50004e+13,268.594935,5.50003e+13,1.657,0,0,0,5.50004e+13,5.50004e+13,6,5.50004e+13,5.50004e+13,0,1,58.788971,100,1.70701e+13,0,0,0,0,0.0061,0.1977,0.1977,-9998,41345,42337,41617,0.085904,0.083814,0,0,0,A,1707,NA,NA,137,0.050621396,0.188742855,,,
138,-121.946049,45.788705,2013,249,206,Point,0,27,1/4/18,2,NA,NA,0.083814,1.70701e+13,1,NA,460,46003,0,1,0,5.50004e+13,1707,1,18478,5.50004e+13,6,2,2,5.50004e+13,5.50004e+13,5.50004e+13,5.50004e+13,268.594935,5.50003e+13,1.657,0,0,0,5.50004e+13,5.50004e+13,6,5.50004e+13,5.50004e+13,0,1,58.788971,100,1.70701e+13,0,0,0,0,0.0061,0.1977,0.1977,-9998,41345,42337,41617,0.085904,0.083814,0,0,0,A,1707,0.000856,18478,5.50004e+13,6,2,2,5.50004e+13,5.50004e+13,5.50004e+13,5.50004e+13,268.594935,5.50003e+13,1.657,0,0,0,5.50004e+13,5.50004e+13,6,5.50004e+13,5.50004e+13,0,1,58.788971,100,1.70701e+13,0,0,0,0,0.0061,0.1977,0.1977,-9998,41345,42337,41617,0.085904,0.083814,0,0,0,A,1707,NA,NA,138,0.051185023,0.130473159,,,
139,-121.945945,45.788478,2013,250,207,Point,0,27,1/4/18,2,NA,NA,0.083814,1.70701e+13,1,NA,460,46003,0,1,0,5.50004e+13,1707,1,18478,5.50004e+13,6,2,2,5.50004e+13,5.50004e+13,5.50004e+13,5.50004e+13,268.594935,5.50003e+13,1.657,0,0,0,5.50004e+13,5.50004e+13,6,5.50004e+13,5.50004e+13,0,1,58.788971,100,1.70701e+13,0,0,0,0,0.0061,0.1977,0.1977,-9998,41345,42337,41617,0.085904,0.083814,0,0,0,A,1707,0.000856,18478,5.50004e+13,6,2,2,5.50004e+13,5.50004e+13,5.50004e+13,5.50004e+13,268.594935,5.50003e+13,1.657,0,0,0,5.50004e+13,5.50004e+13,6,5.50004e+13,5.50004e+13,0,1,58.788971,100,1.70701e+13,0,0,0,0,0.0061,0.1977,0.1977,-9998,41345,42337,41617,0.085904,0.083814,0,0,0,A,1707,NA,NA,139,0.051793182,0.130473159,,,
140,-121.945785,45.788296,2013,251,208,Point,0,27,1/4/18,2,NA,NA,0.083814,1.70701e+13,1,NA,460,46003,0,1,0,5.50004e+13,1707,1,18478,5.50004e+13,6,2,2,5.50004e+13,5.50004e+13,5.50004e+13,5.50004e+13,268.594935,5.50003e+13,1.657,0,0,0,5.50004e+13,5.50004e+13,6,5.50004e+13,5.50004e+13,0,1,58.788971,100,1.70701e+13,0,0,0,0,0.0061,0.1977,0.1977,-9998,41345,42337,41617,0.085904,0.083814,0,0,0,A,1707,0.000856,18478,5.50004e+13,6,2,2,5.50004e+13,5.50004e+13,5.50004e+13,5.50004e+13,268.594935,5.50003e+13,1.657,0,0,0,5.50004e+13,5.50004e+13,6,5.50004e+13,5.50004e+13,0,1,58.788971,100,1.70701e+13,0,0,0,0,0.0061,0.1977,0.1977,-9998,41345,42337,41617,0.085904,0.083814,0,0,0,A,1707,NA,NA,140,0.052338303,0.081071735,,,
141,-121.945712,45.788261,2013,252,209,Point,0,27,1/4/18,2,NA,NA,0.083814,1.70701e+13,1,NA,460,46003,0,1,0,5.50004e+13,1707,1,18478,5.50004e+13,6,2,2,5.50004e+13,5.50004e+13,5.50004e+13,5.50004e+13,268.594935,5.50003e+13,1.657,0,0,0,5.50004e+13,5.50004e+13,6,5.50004e+13,5.50004e+13,0,1,58.788971,100,1.70701e+13,0,0,0,0,0.0061,0.1977,0.1977,-9998,41345,42337,41617,0.085904,0.083814,0,0,0,A,1707,0.000856,18478,5.50004e+13,6,2,2,5.50004e+13,5.50004e+13,5.50004e+13,5.50004e+13,268.594935,5.50003e+13,1.657,0,0,0,5.50004e+13,5.50004e+13,6,5.50004e+13,5.50004e+13,0,1,58.788971,100,1.70701e+13,0,0,0,0,0.0061,0.1977,0.1977,-9998,41345,42337,41617,0.085904,0.083814,0,0,0,A,1707,NA,NA,141,0.05249626,0.081071735,,,
142,-121.941042,45.792925,2014,734,242,Point,0,33,1/4/18,2,NA,NA,0.60123,1.70701e+13,1,NA,460,46003,0,1,0,5.50004e+13,1707,1,13518,5.50004e+13,6,1,1,5.50004e+13,5.50004e+13,5.50004e+13,5.50004e+13,267.824513,5.50003e+13,0.60123,0,1,0,0,0,6,5.50004e+13,5.50004e+13,0,1,35.47821,100,1.70701e+13,0,0,0,0,0.0909,0.0909,0.0909,47343,38813,47343,39387,0.15873,0.50123,0,0,0.0266,A,1707,0.005149,13518,5.50004e+13,6,1,1,5.50004e+13,5.50004e+13,5.50004e+13,5.50004e+13,267.824513,5.50003e+13,0.60123,0,1,0,0,0,6,5.50004e+13,5.50004e+13,0,1,35.47821,100,1.70701e+13,0,0,0,0,0.0909,0.0909,0.0909,47343,38813,47343,39387,0.15873,0.50123,0,0,0.0266,A,1707,NA,NA,142,0.013969292,0.441761235,,,
143,-121.941108,45.792707,2014,735,243,Point,0,33,1/4/18,2,NA,NA,0.60123,1.70701e+13,1,NA,460,46003,0,1,0,5.50004e+13,1707,1,13518,5.50004e+13,6,1,1,5.50004e+13,5.50004e+13,5.50004e+13,5.50004e+13,267.824513,5.50003e+13,0.60123,0,1,0,0,0,6,5.50004e+13,5.50004e+13,0,1,35.47821,100,1.70701e+13,0,0,0,0,0.0909,0.0909,0.0909,47343,38813,47343,39387,0.15873,0.50123,0,0,0.0266,A,1707,0.005149,13518,5.50004e+13,6,1,1,5.50004e+13,5.50004e+13,5.50004e+13,5.50004e+13,267.824513,5.50003e+13,0.60123,0,1,0,0,0,6,5.50004e+13,5.50004e+13,0,1,35.47821,100,1.70701e+13,0,0,0,0,0.0909,0.0909,0.0909,47343,38813,47343,39387,0.15873,0.50123,0,0,0.0266,A,1707,NA,NA,143,0.014750169,0.482516567,,,
144,-121.941146,45.792466,2014,736,244,Point,0,33,1/4/18,2,NA,NA,0.60123,1.70701e+13,1,NA,460,46003,0,1,0,5.50004e+13,1707,1,13518,5.50004e+13,6,1,1,5.50004e+13,5.50004e+13,5.50004e+13,5.50004e+13,267.824513,5.50003e+13,0.60123,0,1,0,0,0,6,5.50004e+13,5.50004e+13,0,1,35.47821,100,1.70701e+13,0,0,0,0,0.0909,0.0909,0.0909,47343,38813,47343,39387,0.15873,0.50123,0,0,0.0266,A,1707,0.005149,13518,5.50004e+13,6,1,1,5.50004e+13,5.50004e+13,5.50004e+13,5.50004e+13,267.824513,5.50003e+13,0.60123,0,1,0,0,0,6,5.50004e+13,5.50004e+13,0,1,35.47821,100,1.70701e+13,0,0,0,0,0.0909,0.0909,0.0909,47343,38813,47343,39387,0.15873,0.50123,0,0,0.0266,A,1707,NA,NA,144,0.015599822,0.420866133,,,
145,-121.941025,45.792259,2014,737,245,Point,0,33,1/4/18,2,NA,NA,0.60123,1.70701e+13,1,NA,460,46003,0,1,0,5.50004e+13,1707,1,13518,5.50004e+13,6,1,1,5.50004e+13,5.50004e+13,5.50004e+13,5.50004e+13,267.824513,5.50003e+13,0.60123,0,1,0,0,0,6,5.50004e+13,5.50004e+13,0,1,35.47821,100,1.70701e+13,0,0,0,0,0.0909,0.0909,0.0909,47343,38813,47343,39387,0.15873,0.50123,0,0,0.0266,A,1707,0.005149,13518,5.50004e+13,6,1,1,5.50004e+13,5.50004e+13,5.50004e+13,5.50004e+13,267.824513,5.50003e+13,0.60123,0,1,0,0,0,6,5.50004e+13,5.50004e+13,0,1,35.47821,100,1.70701e+13,0,0,0,0,0.0909,0.0909,0.0909,47343,38813,47343,39387,0.15873,0.50123,0,0,0.0266,A,1707,NA,NA,145,0.01638351,0.321003839,,,
146,-121.940913,45.792039,2014,738,246,Point,0,33,1/4/18,2,NA,NA,0.60123,1.70701e+13,1,NA,460,46003,0,1,0,5.50004e+13,1707,1,13518,5.50004e+13,6,1,1,5.50004e+13,5.50004e+13,5.50004e+13,5.50004e+13,267.824513,5.50003e+13,0.60123,0,1,0,0,0,6,5.50004e+13,5.50004e+13,0,1,35.47821,100,1.70701e+13,0,0,0,0,0.0909,0.0909,0.0909,47343,38813,47343,39387,0.15873,0.50123,0,0,0.0266,A,1707,0.005149,13518,5.50004e+13,6,1,1,5.50004e+13,5.50004e+13,5.50004e+13,5.50004e+13,267.824513,5.50003e+13,0.60123,0,1,0,0,0,6,5.50004e+13,5.50004e+13,0,1,35.47821,100,1.70701e+13,0,0,0,0,0.0909,0.0909,0.0909,47343,38813,47343,39387,0.15873,0.50123,0,0,0.0266,A,1707,NA,NA,146,0.017201881,0.243145514,,,
147,-121.940763,45.791842,2014,739,247,Point,0,33,1/4/18,2,NA,NA,0.60123,1.70701e+13,1,NA,460,46003,0,1,0,5.50004e+13,1707,1,13518,5.50004e+13,6,1,1,5.50004e+13,5.50004e+13,5.50004e+13,5.50004e+13,267.824513,5.50003e+13,0.60123,0,1,0,0,0,6,5.50004e+13,5.50004e+13,0,1,35.47821,100,1.70701e+13,0,0,0,0,0.0909,0.0909,0.0909,47343,38813,47343,39387,0.15873,0.50123,0,0,0.0266,A,1707,0.005149,13518,5.50004e+13,6,1,1,5.50004e+13,5.50004e+13,5.50004e+13,5.50004e+13,267.824513,5.50003e+13,0.60123,0,1,0,0,0,6,5.50004e+13,5.50004e+13,0,1,35.47821,100,1.70701e+13,0,0,0,0,0.0909,0.0909,0.0909,47343,38813,47343,39387,0.15873,0.50123,0,0,0.0266,A,1707,NA,NA,147,0.017984048,0.251214956,,,
148,-121.940596,45.791654,2014,740,248,Point,0,33,1/4/18,2,NA,NA,0.60123,1.70701e+13,1,NA,460,46003,0,1,0,5.50004e+13,1707,1,13518,5.50004e+13,6,1,1,5.50004e+13,5.50004e+13,5.50004e+13,5.50004e+13,267.824513,5.50003e+13,0.60123,0,1,0,0,0,6,5.50004e+13,5.50004e+13,0,1,35.47821,100,1.70701e+13,0,0,0,0,0.0909,0.0909,0.0909,47343,38813,47343,39387,0.15873,0.50123,0,0,0.0266,A,1707,0.005149,13518,5.50004e+13,6,1,1,5.50004e+13,5.50004e+13,5.50004e+13,5.50004e+13,267.824513,5.50003e+13,0.60123,0,1,0,0,0,6,5.50004e+13,5.50004e+13,0,1,35.47821,100,1.70701e+13,0,0,0,0,0.0909,0.0909,0.0909,47343,38813,47343,39387,0.15873,0.50123,0,0,0.0266,A,1707,NA,NA,148,0.01875969,0.191953732,,,
149,-121.940405,45.791485,2014,741,249,Point,0,33,1/4/18,2,NA,NA,0.60123,1.70701e+13,1,NA,460,46003,0,1,0,5.50004e+13,1707,1,13518,5.50004e+13,6,1,1,5.50004e+13,5.50004e+13,5.50004e+13,5.50004e+13,267.824513,5.50003e+13,0.60123,0,1,0,0,0,6,5.50004e+13,5.50004e+13,0,1,35.47821,100,1.70701e+13,0,0,0,0,0.0909,0.0909,0.0909,47343,38813,47343,39387,0.15873,0.50123,0,0,0.0266,A,1707,0.005149,13518,5.50004e+13,6,1,1,5.50004e+13,5.50004e+13,5.50004e+13,5.50004e+13,267.824513,5.50003e+13,0.60123,0,1,0,0,0,6,5.50004e+13,5.50004e+13,0,1,35.47821,100,1.70701e+13,0,0,0,0,0.0909,0.0909,0.0909,47343,38813,47343,39387,0.15873,0.50123,0,0,0.0266,A,1707,NA,NA,149,0.019514648,0.165383003,,,
150,-121.940182,45.791363,2014,742,250,Point,0,33,1/4/18,2,NA,NA,0.60123,1.70701e+13,1,NA,460,46003,0,1,0,5.50004e+13,1707,1,13518,5.50004e+13,6,1,1,5.50004e+13,5.50004e+13,5.50004e+13,5.50004e+13,267.824513,5.50003e+13,0.60123,0,1,0,0,0,6,5.50004e+13,5.50004e+13,0,1,35.47821,100,1.70701e+13,0,0,0,0,0.0909,0.0909,0.0909,47343,38813,47343,39387,0.15873,0.50123,0,0,0.0266,A,1707,0.005149,13518,5.50004e+13,6,1,1,5.50004e+13,5.50004e+13,5.50004e+13,5.50004e+13,267.824513,5.50003e+13,0.60123,0,1,0,0,0,6,5.50004e+13,5.50004e+13,0,1,35.47821,100,1.70701e+13,0,0,0,0,0.0909,0.0909,0.0909,47343,38813,47343,39387,0.15873,0.50123,0,0,0.0266,A,1707,NA,NA,150,0.02020864,0.16794213,,,
151,-121.940072,45.791153,2014,743,251,Point,0,33,1/4/18,2,NA,NA,0.60123,1.70701e+13,1,NA,460,46003,0,1,0,5.50004e+13,1707,1,13518,5.50004e+13,6,1,1,5.50004e+13,5.50004e+13,5.50004e+13,5.50004e+13,267.824513,5.50003e+13,0.60123,0,1,0,0,0,6,5.50004e+13,5.50004e+13,0,1,35.47821,100,1.70701e+13,0,0,0,0,0.0909,0.0909,0.0909,47343,38813,47343,39387,0.15873,0.50123,0,0,0.0266,A,1707,0.005149,13518,5.50004e+13,6,1,1,5.50004e+13,5.50004e+13,5.50004e+13,5.50004e+13,267.824513,5.50003e+13,0.60123,0,1,0,0,0,6,5.50004e+13,5.50004e+13,0,1,35.47821,100,1.70701e+13,0,0,0,0,0.0909,0.0909,0.0909,47343,38813,47343,39387,0.15873,0.50123,0,0,0.0266,A,1707,NA,NA,151,0.020992388,0.143596187,,,
152,-121.939862,45.79102,2014,744,252,Point,0,33,1/4/18,2,NA,NA,0.60123,1.70701e+13,1,NA,460,46003,0,1,0,5.50004e+13,1707,1,13518,5.50004e+13,6,1,1,5.50004e+13,5.50004e+13,5.50004e+13,5.50004e+13,267.824513,5.50003e+13,0.60123,0,1,0,0,0,6,5.50004e+13,5.50004e+13,0,1,35.47821,100,1.70701e+13,0,0,0,0,0.0909,0.0909,0.0909,47343,38813,47343,39387,0.15873,0.50123,0,0,0.0266,A,1707,0.005149,13518,5.50004e+13,6,1,1,5.50004e+13,5.50004e+13,5.50004e+13,5.50004e+13,267.824513,5.50003e+13,0.60123,0,1,0,0,0,6,5.50004e+13,5.50004e+13,0,1,35.47821,100,1.70701e+13,0,0,0,0,0.0909,0.0909,0.0909,47343,38813,47343,39387,0.15873,0.50123,0,0,0.0266,A,1707,NA,NA,152,0.021686827,0.137547118,,,
153,-121.939647,45.790887,2014,745,253,Point,0,33,1/4/18,2,NA,NA,0.60123,1.70701e+13,1,NA,460,46003,0,1,0,5.50004e+13,1707,1,13518,5.50004e+13,6,1,1,5.50004e+13,5.50004e+13,5.50004e+13,5.50004e+13,267.824513,5.50003e+13,0.60123,0,1,0,0,0,6,5.50004e+13,5.50004e+13,0,1,35.47821,100,1.70701e+13,0,0,0,0,0.0909,0.0909,0.0909,47343,38813,47343,39387,0.15873,0.50123,0,0,0.0266,A,1707,0.005149,13518,5.50004e+13,6,1,1,5.50004e+13,5.50004e+13,5.50004e+13,5.50004e+13,267.824513,5.50003e+13,0.60123,0,1,0,0,0,6,5.50004e+13,5.50004e+13,0,1,35.47821,100,1.70701e+13,0,0,0,0,0.0909,0.0909,0.0909,47343,38813,47343,39387,0.15873,0.50123,0,0,0.0266,A,1707,NA,NA,153,0.022390401,0.11957722,,,
154,-121.939396,45.790868,2014,746,254,Point,0,33,1/4/18,2,NA,NA,0.60123,1.70701e+13,1,NA,460,46003,0,1,0,5.50004e+13,1707,1,13518,5.50004e+13,6,1,1,5.50004e+13,5.50004e+13,5.50004e+13,5.50004e+13,267.824513,5.50003e+13,0.60123,0,1,0,0,0,6,5.50004e+13,5.50004e+13,0,1,35.47821,100,1.70701e+13,0,0,0,0,0.0909,0.0909,0.0909,47343,38813,47343,39387,0.15873,0.50123,0,0,0.0266,A,1707,0.005149,13518,5.50004e+13,6,1,1,5.50004e+13,5.50004e+13,5.50004e+13,5.50004e+13,267.824513,5.50003e+13,0.60123,0,1,0,0,0,6,5.50004e+13,5.50004e+13,0,1,35.47821,100,1.70701e+13,0,0,0,0,0.0909,0.0909,0.0909,47343,38813,47343,39387,0.15873,0.50123,0,0,0.0266,A,1707,NA,NA,154,0.02300931,0.11957722,,,
155,-121.939153,45.790838,2014,747,255,Point,0,33,1/4/18,2,NA,NA,0.60123,1.70701e+13,1,NA,460,46003,0,1,0,5.50004e+13,1707,1,13518,5.50004e+13,6,1,1,5.50004e+13,5.50004e+13,5.50004e+13,5.50004e+13,267.824513,5.50003e+13,0.60123,0,1,0,0,0,6,5.50004e+13,5.50004e+13,0,1,35.47821,100,1.70701e+13,0,0,0,0,0.0909,0.0909,0.0909,47343,38813,47343,39387,0.15873,0.50123,0,0,0.0266,A,1707,0.005149,13518,5.50004e+13,6,1,1,5.50004e+13,5.50004e+13,5.50004e+13,5.50004e+13,267.824513,5.50003e+13,0.60123,0,1,0,0,0,6,5.50004e+13,5.50004e+13,0,1,35.47821,100,1.70701e+13,0,0,0,0,0.0909,0.0909,0.0909,47343,38813,47343,39387,0.15873,0.50123,0,0,0.0266,A,1707,NA,NA,155,0.023614222,0.113410958,,,
156,-121.93893,45.790724,2014,748,256,Point,0,33,1/4/18,2,NA,NA,0.60123,1.70701e+13,1,NA,460,46003,0,1,0,5.50004e+13,1707,1,13518,5.50004e+13,6,1,1,5.50004e+13,5.50004e+13,5.50004e+13,5.50004e+13,267.824513,5.50003e+13,0.60123,0,1,0,0,0,6,5.50004e+13,5.50004e+13,0,1,35.47821,100,1.70701e+13,0,0,0,0,0.0909,0.0909,0.0909,47343,38813,47343,39387,0.15873,0.50123,0,0,0.0266,A,1707,0.005149,13518,5.50004e+13,6,1,1,5.50004e+13,5.50004e+13,5.50004e+13,5.50004e+13,267.824513,5.50003e+13,0.60123,0,1,0,0,0,6,5.50004e+13,5.50004e+13,0,1,35.47821,100,1.70701e+13,0,0,0,0,0.0909,0.0909,0.0909,47343,38813,47343,39387,0.15873,0.50123,0,0,0.0266,A,1707,NA,NA,156,0.024291309,0.106241234,,,
157,-121.93875,45.790746,2014,749,257,Point,0,33,1/4/18,2,NA,NA,0.60123,1.70701e+13,1,NA,460,46003,0,1,0,5.50004e+13,1707,1,13518,5.50004e+13,6,1,1,5.50004e+13,5.50004e+13,5.50004e+13,5.50004e+13,267.824513,5.50003e+13,0.60123,0,1,0,0,0,6,5.50004e+13,5.50004e+13,0,1,35.47821,100,1.70701e+13,0,0,0,0,0.0909,0.0909,0.0909,47343,38813,47343,39387,0.15873,0.50123,0,0,0.0266,A,1707,0.005149,13518,5.50004e+13,6,1,1,5.50004e+13,5.50004e+13,5.50004e+13,5.50004e+13,267.824513,5.50003e+13,0.60123,0,1,0,0,0,6,5.50004e+13,5.50004e+13,0,1,35.47821,100,1.70701e+13,0,0,0,0,0.0909,0.0909,0.0909,47343,38813,47343,39387,0.15873,0.50123,0,0,0.0266,A,1707,NA,NA,157,0.024739257,0.099339039,,,
158,-121.938583,45.790912,2014,750,258,Point,0,33,1/4/18,2,NA,NA,0.60123,1.70701e+13,1,NA,460,46003,0,1,0,5.50004e+13,1707,1,13518,5.50004e+13,6,1,1,5.50004e+13,5.50004e+13,5.50004e+13,5.50004e+13,267.824513,5.50003e+13,0.60123,0,1,0,0,0,6,5.50004e+13,5.50004e+13,0,1,35.47821,100,1.70701e+13,0,0,0,0,0.0909,0.0909,0.0909,47343,38813,47343,39387,0.15873,0.50123,0,0,0.0266,A,1707,0.005149,13518,5.50004e+13,6,1,1,5.50004e+13,5.50004e+13,5.50004e+13,5.50004e+13,267.824513,5.50003e+13,0.60123,0,1,0,0,0,6,5.50004e+13,5.50004e+13,0,1,35.47821,100,1.70701e+13,0,0,0,0,0.0909,0.0909,0.0909,47343,38813,47343,39387,0.15873,0.50123,0,0,0.0266,A,1707,NA,NA,158,0.025450587,0.099339039,,,
159,-121.93836,45.790866,2014,751,259,Point,0,33,1/4/18,2,NA,NA,0.60123,1.70701e+13,1,NA,460,46003,0,1,0,5.50004e+13,1707,1,13518,5.50004e+13,6,1,1,5.50004e+13,5.50004e+13,5.50004e+13,5.50004e+13,267.824513,5.50003e+13,0.60123,0,1,0,0,0,6,5.50004e+13,5.50004e+13,0,1,35.47821,100,1.70701e+13,0,0,0,0,0.0909,0.0909,0.0909,47343,38813,47343,39387,0.15873,0.50123,0,0,0.0266,A,1707,0.005149,13518,5.50004e+13,6,1,1,5.50004e+13,5.50004e+13,5.50004e+13,5.50004e+13,267.824513,5.50003e+13,0.60123,0,1,0,0,0,6,5.50004e+13,5.50004e+13,0,1,35.47821,100,1.70701e+13,0,0,0,0,0.0909,0.0909,0.0909,47343,38813,47343,39387,0.15873,0.50123,0,0,0.0266,A,1707,NA,NA,159,0.026020534,0.093474094,,,
160,-121.938123,45.790802,2014,752,260,Point,0,33,1/4/18,2,NA,NA,0.60123,1.70701e+13,1,NA,460,46003,0,1,0,5.50004e+13,1707,1,13518,5.50004e+13,6,1,1,5.50004e+13,5.50004e+13,5.50004e+13,5.50004e+13,267.824513,5.50003e+13,0.60123,0,1,0,0,0,6,5.50004e+13,5.50004e+13,0,1,35.47821,100,1.70701e+13,0,0,0,0,0.0909,0.0909,0.0909,47343,38813,47343,39387,0.15873,0.50123,0,0,0.0266,A,1707,0.005149,13518,5.50004e+13,6,1,1,5.50004e+13,5.50004e+13,5.50004e+13,5.50004e+13,267.824513,5.50003e+13,0.60123,0,1,0,0,0,6,5.50004e+13,5.50004e+13,0,1,35.47821,100,1.70701e+13,0,0,0,0,0.0909,0.0909,0.0909,47343,38813,47343,39387,0.15873,0.50123,0,0,0.0266,A,1707,NA,NA,160,0.026643316,0.092011373,,,
161,-121.937938,45.790881,2014,753,261,Point,0,33,1/4/18,2,NA,NA,0.60123,1.70701e+13,1,NA,460,46003,0,1,0,5.50004e+13,1707,1,13518,5.50004e+13,6,1,1,5.50004e+13,5.50004e+13,5.50004e+13,5.50004e+13,267.824513,5.50003e+13,0.60123,0,1,0,0,0,6,5.50004e+13,5.50004e+13,0,1,35.47821,100,1.70701e+13,0,0,0,0,0.0909,0.0909,0.0909,47343,38813,47343,39387,0.15873,0.50123,0,0,0.0266,A,1707,0.005149,13518,5.50004e+13,6,1,1,5.50004e+13,5.50004e+13,5.50004e+13,5.50004e+13,267.824513,5.50003e+13,0.60123,0,1,0,0,0,6,5.50004e+13,5.50004e+13,0,1,35.47821,100,1.70701e+13,0,0,0,0,0.0909,0.0909,0.0909,47343,38813,47343,39387,0.15873,0.50123,0,0,0.0266,A,1707,NA,NA,161,0.027174655,0.093045397,,,
162,-121.937832,45.791086,2014,754,262,Point,0,33,1/4/18,2,NA,NA,0.60123,1.70701e+13,1,NA,460,46003,0,1,0,5.50004e+13,1707,1,13518,5.50004e+13,6,1,1,5.50004e+13,5.50004e+13,5.50004e+13,5.50004e+13,267.824513,5.50003e+13,0.60123,0,1,0,0,0,6,5.50004e+13,5.50004e+13,0,1,35.47821,100,1.70701e+13,0,0,0,0,0.0909,0.0909,0.0909,47343,38813,47343,39387,0.15873,0.50123,0,0,0.0266,A,1707,0.005149,13518,5.50004e+13,6,1,1,5.50004e+13,5.50004e+13,5.50004e+13,5.50004e+13,267.824513,5.50003e+13,0.60123,0,1,0,0,0,6,5.50004e+13,5.50004e+13,0,1,35.47821,100,1.70701e+13,0,0,0,0,0.0909,0.0909,0.0909,47343,38813,47343,39387,0.15873,0.50123,0,0,0.0266,A,1707,NA,NA,162,0.027938585,0.10377232,,,
163,-121.946163,45.794776,2015,122,266,Point,0,35,1/4/18,2,NA,NA,0.065962,1.70701e+13,1,NA,460,46003,0,1,0,5.50004e+13,1707,1,136237,5.50004e+13,7,2,2,5.50004e+13,5.50004e+13,5.50004e+13,5.50004e+13,269.01237,5.50003e+13,0.541924,0,0,0,5.50004e+13,5.50004e+13,6,5.50004e+13,5.50004e+13,0,1,0,19.127239,1.70701e+13,0,0,0,0,0.0031,0.0653,0.0653,-9998,48464,49659,48464,0.181166,0.065962,1,0,0,A,1707,0.000676,136237,5.50004e+13,7,2,2,5.50004e+13,5.50004e+13,5.50004e+13,5.50004e+13,269.01237,5.50003e+13,0.541924,0,0,0,5.50004e+13,5.50004e+13,6,5.50004e+13,5.50004e+13,0,1,0,19.127239,1.70701e+13,0,0,0,0,0.0031,0.0653,0.0653,-9998,48464,49659,48464,0.181166,0.065962,1,0,0,A,1707,NA,NA,163,0.019117488,0.219193127,,,
164,-121.94616,45.794519,2015,123,267,Point,0,35,1/4/18,2,NA,NA,0.065962,1.70701e+13,1,NA,460,46003,0,1,0,5.50004e+13,1707,1,136237,5.50004e+13,7,2,2,5.50004e+13,5.50004e+13,5.50004e+13,5.50004e+13,269.01237,5.50003e+13,0.541924,0,0,0,5.50004e+13,5.50004e+13,6,5.50004e+13,5.50004e+13,0,1,0,19.127239,1.70701e+13,0,0,0,0,0.0031,0.0653,0.0653,-9998,48464,49659,48464,0.181166,0.065962,1,0,0,A,1707,0.000676,136237,5.50004e+13,7,2,2,5.50004e+13,5.50004e+13,5.50004e+13,5.50004e+13,269.01237,5.50003e+13,0.541924,0,0,0,5.50004e+13,5.50004e+13,6,5.50004e+13,5.50004e+13,0,1,0,19.127239,1.70701e+13,0,0,0,0,0.0031,0.0653,0.0653,-9998,48464,49659,48464,0.181166,0.065962,1,0,0,A,1707,NA,NA,164,0.019534726,0.188930761,,,
165,-121.946375,45.79439,2015,124,268,Point,0,35,1/4/18,2,NA,NA,0.065962,1.70701e+13,1,NA,460,46003,0,1,0,5.50004e+13,1707,1,136237,5.50004e+13,7,2,2,5.50004e+13,5.50004e+13,5.50004e+13,5.50004e+13,269.01237,5.50003e+13,0.541924,0,0,0,5.50004e+13,5.50004e+13,6,5.50004e+13,5.50004e+13,0,1,0,19.127239,1.70701e+13,0,0,0,0,0.0031,0.0653,0.0653,-9998,48464,49659,48464,0.181166,0.065962,1,0,0,A,1707,0.000676,136237,5.50004e+13,7,2,2,5.50004e+13,5.50004e+13,5.50004e+13,5.50004e+13,269.01237,5.50003e+13,0.541924,0,0,0,5.50004e+13,5.50004e+13,6,5.50004e+13,5.50004e+13,0,1,0,19.127239,1.70701e+13,0,0,0,0,0.0031,0.0653,0.0653,-9998,48464,49659,48464,0.181166,0.065962,1,0,0,A,1707,NA,NA,165,0.019856396,0.138024721,,,
166,-121.946504,45.794294,2015,125,269,Point,0,35,1/4/18,2,NA,NA,0.065962,1.70701e+13,1,NA,460,46003,0,1,0,5.50004e+13,1707,1,136237,5.50004e+13,7,2,2,5.50004e+13,5.50004e+13,5.50004e+13,5.50004e+13,269.01237,5.50003e+13,0.541924,0,0,0,5.50004e+13,5.50004e+13,6,5.50004e+13,5.50004e+13,0,1,0,19.127239,1.70701e+13,0,0,0,0,0.0031,0.0653,0.0653,-9998,48464,49659,48464,0.181166,0.065962,1,0,0,A,1707,0.000676,136237,5.50004e+13,7,2,2,5.50004e+13,5.50004e+13,5.50004e+13,5.50004e+13,269.01237,5.50003e+13,0.541924,0,0,0,5.50004e+13,5.50004e+13,6,5.50004e+13,5.50004e+13,0,1,0,19.127239,1.70701e+13,0,0,0,0,0.0031,0.0653,0.0653,-9998,48464,49659,48464,0.181166,0.065962,1,0,0,A,1707,NA,NA,166,0.020070289,0.138024721,,,
167,-121.958166,45.781522,2016,324,280,Point,0,38,1/4/18,2,NA,NA,0.237578,1.70701e+13,1,NA,460,46003,0,1,0,5.50004e+13,1707,1,95379,5.50004e+13,7,1,1,5.50004e+13,5.50004e+13,5.50004e+13,5.50004e+13,269.950857,5.50003e+13,0.237578,0,1,0,0,0,6,5.50004e+13,5.50004e+13,0,1,0,100,1.70701e+13,0,0,0,0,0.0488,0.0488,0.0488,64114,59381,64114,59381,0.344024,0.137578,1,0,0.0186,A,1707,0.002345,95379,5.50004e+13,7,1,1,5.50004e+13,5.50004e+13,5.50004e+13,5.50004e+13,269.950857,5.50003e+13,0.237578,0,1,0,0,0,6,5.50004e+13,5.50004e+13,0,1,0,100,1.70701e+13,0,0,0,0,0.0488,0.0488,0.0488,64114,59381,64114,59381,0.344024,0.137578,1,0,0.0186,A,1707,NA,NA,167,0.007499466,0.566100134,,,
168,-121.958023,45.781729,2016,325,281,Point,0,38,1/4/18,2,NA,NA,0.237578,1.70701e+13,1,NA,460,46003,0,1,0,5.50004e+13,1707,1,95379,5.50004e+13,7,1,1,5.50004e+13,5.50004e+13,5.50004e+13,5.50004e+13,269.950857,5.50003e+13,0.237578,0,1,0,0,0,6,5.50004e+13,5.50004e+13,0,1,0,100,1.70701e+13,0,0,0,0,0.0488,0.0488,0.0488,64114,59381,64114,59381,0.344024,0.137578,1,0,0.0186,A,1707,0.002345,95379,5.50004e+13,7,1,1,5.50004e+13,5.50004e+13,5.50004e+13,5.50004e+13,269.950857,5.50003e+13,0.237578,0,1,0,0,0,6,5.50004e+13,5.50004e+13,0,1,0,100,1.70701e+13,0,0,0,0,0.0488,0.0488,0.0488,64114,59381,64114,59381,0.344024,0.137578,1,0,0.0186,A,1707,NA,NA,168,0.008324412,0.566100134,,,
169,-121.957891,45.781941,2016,326,282,Point,0,38,1/4/18,2,NA,NA,0.237578,1.70701e+13,1,NA,460,46003,0,1,0,5.50004e+13,1707,1,95379,5.50004e+13,7,1,1,5.50004e+13,5.50004e+13,5.50004e+13,5.50004e+13,269.950857,5.50003e+13,0.237578,0,1,0,0,0,6,5.50004e+13,5.50004e+13,0,1,0,100,1.70701e+13,0,0,0,0,0.0488,0.0488,0.0488,64114,59381,64114,59381,0.344024,0.137578,1,0,0.0186,A,1707,0.002345,95379,5.50004e+13,7,1,1,5.50004e+13,5.50004e+13,5.50004e+13,5.50004e+13,269.950857,5.50003e+13,0.237578,0,1,0,0,0,6,5.50004e+13,5.50004e+13,0,1,0,100,1.70701e+13,0,0,0,0,0.0488,0.0488,0.0488,64114,59381,64114,59381,0.344024,0.137578,1,0,0.0186,A,1707,NA,NA,169,0.009154136,0.476945635,,,
170,-121.95788,45.782196,2016,327,283,Point,0,38,1/4/18,2,NA,NA,0.237578,1.70701e+13,1,NA,460,46003,0,1,0,5.50004e+13,1707,1,95379,5.50004e+13,7,1,1,5.50004e+13,5.50004e+13,5.50004e+13,5.50004e+13,269.950857,5.50003e+13,0.237578,0,1,0,0,0,6,5.50004e+13,5.50004e+13,0,1,0,100,1.70701e+13,0,0,0,0,0.0488,0.0488,0.0488,64114,59381,64114,59381,0.344024,0.137578,1,0,0.0186,A,1707,0.002345,95379,5.50004e+13,7,1,1,5.50004e+13,5.50004e+13,5.50004e+13,5.50004e+13,269.950857,5.50003e+13,0.237578,0,1,0,0,0,6,5.50004e+13,5.50004e+13,0,1,0,100,1.70701e+13,0,0,0,0,0.0488,0.0488,0.0488,64114,59381,64114,59381,0.344024,0.137578,1,0,0.0186,A,1707,NA,NA,170,0.010069513,0.444048541,,,
171,-121.95771,45.782383,2016,328,284,Point,0,38,1/4/18,2,NA,NA,0.237578,1.70701e+13,1,NA,460,46003,0,1,0,5.50004e+13,1707,1,95379,5.50004e+13,7,1,1,5.50004e+13,5.50004e+13,5.50004e+13,5.50004e+13,269.950857,5.50003e+13,0.237578,0,1,0,0,0,6,5.50004e+13,5.50004e+13,0,1,0,100,1.70701e+13,0,0,0,0,0.0488,0.0488,0.0488,64114,59381,64114,59381,0.344024,0.137578,1,0,0.0186,A,1707,0.002345,95379,5.50004e+13,7,1,1,5.50004e+13,5.50004e+13,5.50004e+13,5.50004e+13,269.950857,5.50003e+13,0.237578,0,1,0,0,0,6,5.50004e+13,5.50004e+13,0,1,0,100,1.70701e+13,0,0,0,0,0.0488,0.0488,0.0488,64114,59381,64114,59381,0.344024,0.137578,1,0,0.0186,A,1707,NA,NA,171,0.010864715,0.465337992,,,
172,-121.957477,45.782487,2016,329,285,Point,0,38,1/4/18,2,NA,NA,0.237578,1.70701e+13,1,NA,460,46003,0,1,0,5.50004e+13,1707,1,95379,5.50004e+13,7,1,1,5.50004e+13,5.50004e+13,5.50004e+13,5.50004e+13,269.950857,5.50003e+13,0.237578,0,1,0,0,0,6,5.50004e+13,5.50004e+13,0,1,0,100,1.70701e+13,0,0,0,0,0.0488,0.0488,0.0488,64114,59381,64114,59381,0.344024,0.137578,1,0,0.0186,A,1707,0.002345,95379,5.50004e+13,7,1,1,5.50004e+13,5.50004e+13,5.50004e+13,5.50004e+13,269.950857,5.50003e+13,0.237578,0,1,0,0,0,6,5.50004e+13,5.50004e+13,0,1,0,100,1.70701e+13,0,0,0,0,0.0488,0.0488,0.0488,64114,59381,64114,59381,0.344024,0.137578,1,0,0.0186,A,1707,NA,NA,172,0.011558549,0.465337992,,,
173,-121.957314,45.782675,2016,330,286,Point,0,38,1/4/18,2,NA,NA,0.237578,1.70701e+13,1,NA,460,46003,0,1,0,5.50004e+13,1707,1,95379,5.50004e+13,7,1,1,5.50004e+13,5.50004e+13,5.50004e+13,5.50004e+13,269.950857,5.50003e+13,0.237578,0,1,0,0,0,6,5.50004e+13,5.50004e+13,0,1,0,100,1.70701e+13,0,0,0,0,0.0488,0.0488,0.0488,64114,59381,64114,59381,0.344024,0.137578,1,0,0.0186,A,1707,0.002345,95379,5.50004e+13,7,1,1,5.50004e+13,5.50004e+13,5.50004e+13,5.50004e+13,269.950857,5.50003e+13,0.237578,0,1,0,0,0,6,5.50004e+13,5.50004e+13,0,1,0,100,1.70701e+13,0,0,0,0,0.0488,0.0488,0.0488,64114,59381,64114,59381,0.344024,0.137578,1,0,0.0186,A,1707,NA,NA,173,0.012347523,0.436560042,,,
174,-121.957227,45.782903,2016,331,287,Point,0,38,1/4/18,2,NA,NA,0.237578,1.70701e+13,1,NA,460,46003,0,1,0,5.50004e+13,1707,1,95379,5.50004e+13,7,1,1,5.50004e+13,5.50004e+13,5.50004e+13,5.50004e+13,269.950857,5.50003e+13,0.237578,0,1,0,0,0,6,5.50004e+13,5.50004e+13,0,1,0,100,1.70701e+13,0,0,0,0,0.0488,0.0488,0.0488,64114,59381,64114,59381,0.344024,0.137578,1,0,0.0186,A,1707,0.002345,95379,5.50004e+13,7,1,1,5.50004e+13,5.50004e+13,5.50004e+13,5.50004e+13,269.950857,5.50003e+13,0.237578,0,1,0,0,0,6,5.50004e+13,5.50004e+13,0,1,0,100,1.70701e+13,0,0,0,0,0.0488,0.0488,0.0488,64114,59381,64114,59381,0.344024,0.137578,1,0,0.0186,A,1707,NA,NA,174,0.01319426,0.40574902,,,
175,-121.957267,45.783143,2016,332,288,Point,0,38,1/4/18,2,NA,NA,0.237578,1.70701e+13,1,NA,460,46003,0,1,0,5.50004e+13,1707,1,95379,5.50004e+13,7,1,1,5.50004e+13,5.50004e+13,5.50004e+13,5.50004e+13,269.950857,5.50003e+13,0.237578,0,1,0,0,0,6,5.50004e+13,5.50004e+13,0,1,0,100,1.70701e+13,0,0,0,0,0.0488,0.0488,0.0488,64114,59381,64114,59381,0.344024,0.137578,1,0,0.0186,A,1707,0.002345,95379,5.50004e+13,7,1,1,5.50004e+13,5.50004e+13,5.50004e+13,5.50004e+13,269.950857,5.50003e+13,0.237578,0,1,0,0,0,6,5.50004e+13,5.50004e+13,0,1,0,100,1.70701e+13,0,0,0,0,0.0488,0.0488,0.0488,64114,59381,64114,59381,0.344024,0.137578,1,0,0.0186,A,1707,NA,NA,175,0.014061235,0.40574902,,,
176,-121.957288,45.783381,2016,333,289,Point,0,38,1/4/18,2,NA,NA,0.237578,1.70701e+13,1,NA,460,46003,0,1,0,5.50004e+13,1707,1,95379,5.50004e+13,7,1,1,5.50004e+13,5.50004e+13,5.50004e+13,5.50004e+13,269.950857,5.50003e+13,0.237578,0,1,0,0,0,6,5.50004e+13,5.50004e+13,0,1,0,100,1.70701e+13,0,0,0,0,0.0488,0.0488,0.0488,64114,59381,64114,59381,0.344024,0.137578,1,0,0.0186,A,1707,0.002345,95379,5.50004e+13,7,1,1,5.50004e+13,5.50004e+13,5.50004e+13,5.50004e+13,269.950857,5.50003e+13,0.237578,0,1,0,0,0,6,5.50004e+13,5.50004e+13,0,1,0,100,1.70701e+13,0,0,0,0,0.0488,0.0488,0.0488,64114,59381,64114,59381,0.344024,0.137578,1,0,0.0186,A,1707,NA,NA,176,0.014916825,0.353636742,,,
177,-121.957279,45.783403,2016,334,290,Point,0,38,1/4/18,2,NA,NA,0.237578,1.70701e+13,1,NA,460,46003,0,1,0,5.50004e+13,1707,1,95379,5.50004e+13,7,1,1,5.50004e+13,5.50004e+13,5.50004e+13,5.50004e+13,269.950857,5.50003e+13,0.237578,0,1,0,0,0,6,5.50004e+13,5.50004e+13,0,1,0,100,1.70701e+13,0,0,0,0,0.0488,0.0488,0.0488,64114,59381,64114,59381,0.344024,0.137578,1,0,0.0186,A,1707,0.002345,95379,5.50004e+13,7,1,1,5.50004e+13,5.50004e+13,5.50004e+13,5.50004e+13,269.950857,5.50003e+13,0.237578,0,1,0,0,0,6,5.50004e+13,5.50004e+13,0,1,0,100,1.70701e+13,0,0,0,0,0.0488,0.0488,0.0488,64114,59381,64114,59381,0.344024,0.137578,1,0,0.0186,A,1707,NA,NA,177,0.014998932,0.353636742,,,
178,-121.964186,45.791674,2017,87,291,Point,0,39,1/4/18,2,NA,NA,0.078832,1.70701e+13,1,NA,460,46003,0,1,0,5.50004e+13,1707,1,225113,5.50004e+13,7,2,2,5.50004e+13,5.50004e+13,5.50004e+13,5.50004e+13,270.668914,5.50003e+13,0.992144,0,0,0,5.50004e+13,5.50004e+13,7,5.50004e+13,5.50004e+13,0,1,71.639664,76.084442,1.70701e+13,0,0,0,0,0.0063,0.1839,0.1839,-9998,65512,66776,65608,0.148163,0.078832,0,0,0,A,1707,0.000962,225113,5.50004e+13,7,2,2,5.50004e+13,5.50004e+13,5.50004e+13,5.50004e+13,270.668914,5.50003e+13,0.992144,0,0,0,5.50004e+13,5.50004e+13,7,5.50004e+13,5.50004e+13,0,1,71.639664,76.084442,1.70701e+13,0,0,0,0,0.0063,0.1839,0.1839,-9998,65512,66776,65608,0.148163,0.078832,0,0,0,A,1707,NA,NA,178,0.029782719,0.226294597,,,
179,-121.963943,45.791675,2017,88,292,Point,0,39,1/4/18,2,NA,NA,0.078832,1.70701e+13,1,NA,460,46003,0,1,0,5.50004e+13,1707,1,225113,5.50004e+13,7,2,2,5.50004e+13,5.50004e+13,5.50004e+13,5.50004e+13,270.668914,5.50003e+13,0.992144,0,0,0,5.50004e+13,5.50004e+13,7,5.50004e+13,5.50004e+13,0,1,71.639664,76.084442,1.70701e+13,0,0,0,0,0.0063,0.1839,0.1839,-9998,65512,66776,65608,0.148163,0.078832,0,0,0,A,1707,0.000962,225113,5.50004e+13,7,2,2,5.50004e+13,5.50004e+13,5.50004e+13,5.50004e+13,270.668914,5.50003e+13,0.992144,0,0,0,5.50004e+13,5.50004e+13,7,5.50004e+13,5.50004e+13,0,1,71.639664,76.084442,1.70701e+13,0,0,0,0,0.0063,0.1839,0.1839,-9998,65512,66776,65608,0.148163,0.078832,0,0,0,A,1707,NA,NA,179,0.030282477,0.199628318,,,
180,-121.963705,45.791611,2017,89,293,Point,0,39,1/4/18,2,NA,NA,0.078832,1.70701e+13,1,NA,460,46003,0,1,0,5.50004e+13,1707,1,225113,5.50004e+13,7,2,2,5.50004e+13,5.50004e+13,5.50004e+13,5.50004e+13,270.668914,5.50003e+13,0.992144,0,0,0,5.50004e+13,5.50004e+13,7,5.50004e+13,5.50004e+13,0,1,71.639664,76.084442,1.70701e+13,0,0,0,0,0.0063,0.1839,0.1839,-9998,65512,66776,65608,0.148163,0.078832,0,0,0,A,1707,0.000962,225113,5.50004e+13,7,2,2,5.50004e+13,5.50004e+13,5.50004e+13,5.50004e+13,270.668914,5.50003e+13,0.992144,0,0,0,5.50004e+13,5.50004e+13,7,5.50004e+13,5.50004e+13,0,1,71.639664,76.084442,1.70701e+13,0,0,0,0,0.0063,0.1839,0.1839,-9998,65512,66776,65608,0.148163,0.078832,0,0,0,A,1707,NA,NA,180,0.030806862,0.156676489,,,
181,-121.963462,45.79155,2017,90,294,Point,0,39,1/4/18,2,NA,NA,0.078832,1.70701e+13,1,NA,460,46003,0,1,0,5.50004e+13,1707,1,225113,5.50004e+13,7,2,2,5.50004e+13,5.50004e+13,5.50004e+13,5.50004e+13,270.668914,5.50003e+13,0.992144,0,0,0,5.50004e+13,5.50004e+13,7,5.50004e+13,5.50004e+13,0,1,71.639664,76.084442,1.70701e+13,0,0,0,0,0.0063,0.1839,0.1839,-9998,65512,66776,65608,0.148163,0.078832,0,0,0,A,1707,0.000962,225113,5.50004e+13,7,2,2,5.50004e+13,5.50004e+13,5.50004e+13,5.50004e+13,270.668914,5.50003e+13,0.992144,0,0,0,5.50004e+13,5.50004e+13,7,5.50004e+13,5.50004e+13,0,1,71.639664,76.084442,1.70701e+13,0,0,0,0,0.0063,0.1839,0.1839,-9998,65512,66776,65608,0.148163,0.078832,0,0,0,A,1707,NA,NA,181,0.031337814,0.11641657,,,
182,-121.963282,45.791581,2017,91,295,Point,0,39,1/4/18,2,NA,NA,0.078832,1.70701e+13,1,NA,460,46003,0,1,0,5.50004e+13,1707,1,225113,5.50004e+13,7,2,2,5.50004e+13,5.50004e+13,5.50004e+13,5.50004e+13,270.668914,5.50003e+13,0.992144,0,0,0,5.50004e+13,5.50004e+13,7,5.50004e+13,5.50004e+13,0,1,71.639664,76.084442,1.70701e+13,0,0,0,0,0.0063,0.1839,0.1839,-9998,65512,66776,65608,0.148163,0.078832,0,0,0,A,1707,0.000962,225113,5.50004e+13,7,2,2,5.50004e+13,5.50004e+13,5.50004e+13,5.50004e+13,270.668914,5.50003e+13,0.992144,0,0,0,5.50004e+13,5.50004e+13,7,5.50004e+13,5.50004e+13,0,1,71.639664,76.084442,1.70701e+13,0,0,0,0,0.0063,0.1839,0.1839,-9998,65512,66776,65608,0.148163,0.078832,0,0,0,A,1707,NA,NA,182,0.031719053,0.094205804,,,
183,-121.948528,45.796497,2018,166,296,Point,0,40,1/4/18,2,NA,NA,0.13676,1.70701e+13,1,NA,460,46003,0,1,0,5.50004e+13,1707,1,55086,5.50004e+13,6,2,2,5.50004e+13,5.50004e+13,5.50004e+13,5.50004e+13,269.235022,5.50003e+13,0.85397,0,0,0,5.50004e+13,5.50004e+13,6,5.50004e+13,5.50004e+13,0,1,25.406969,42.04208,1.70701e+13,0,0,0,0,0.0675,0.2717,0.2717,-9998,52964,56441,53434,0.219874,0.13676,0,0,0,A,1707,0.001284,55086,5.50004e+13,6,2,2,5.50004e+13,5.50004e+13,5.50004e+13,5.50004e+13,269.235022,5.50003e+13,0.85397,0,0,0,5.50004e+13,5.50004e+13,6,5.50004e+13,5.50004e+13,0,1,25.406969,42.04208,1.70701e+13,0,0,0,0,0.0675,0.2717,0.2717,-9998,52964,56441,53434,0.219874,0.13676,0,0,0,A,1707,NA,NA,183,0.010373232,0.22867307,,,
184,-121.948541,45.796243,2018,167,297,Point,0,40,1/4/18,2,NA,NA,0.13676,1.70701e+13,1,NA,460,46003,0,1,0,5.50004e+13,1707,1,55086,5.50004e+13,6,2,2,5.50004e+13,5.50004e+13,5.50004e+13,5.50004e+13,269.235022,5.50003e+13,0.85397,0,0,0,5.50004e+13,5.50004e+13,6,5.50004e+13,5.50004e+13,0,1,25.406969,42.04208,1.70701e+13,0,0,0,0,0.0675,0.2717,0.2717,-9998,52964,56441,53434,0.219874,0.13676,0,0,0,A,1707,0.001284,55086,5.50004e+13,6,2,2,5.50004e+13,5.50004e+13,5.50004e+13,5.50004e+13,269.235022,5.50003e+13,0.85397,0,0,0,5.50004e+13,5.50004e+13,6,5.50004e+13,5.50004e+13,0,1,25.406969,42.04208,1.70701e+13,0,0,0,0,0.0675,0.2717,0.2717,-9998,52964,56441,53434,0.219874,0.13676,0,0,0,A,1707,NA,NA,184,0.012555798,0.22867307,,,
185,-121.948498,45.796001,2018,168,298,Point,0,40,1/4/18,2,NA,NA,0.13676,1.70701e+13,1,NA,460,46003,0,1,0,5.50004e+13,1707,1,55086,5.50004e+13,6,2,2,5.50004e+13,5.50004e+13,5.50004e+13,5.50004e+13,269.235022,5.50003e+13,0.85397,0,0,0,5.50004e+13,5.50004e+13,6,5.50004e+13,5.50004e+13,0,1,25.406969,42.04208,1.70701e+13,0,0,0,0,0.0675,0.2717,0.2717,-9998,52964,56441,53434,0.219874,0.13676,0,0,0,A,1707,0.001284,55086,5.50004e+13,6,2,2,5.50004e+13,5.50004e+13,5.50004e+13,5.50004e+13,269.235022,5.50003e+13,0.85397,0,0,0,5.50004e+13,5.50004e+13,6,5.50004e+13,5.50004e+13,0,1,25.406969,42.04208,1.70701e+13,0,0,0,0,0.0675,0.2717,0.2717,-9998,52964,56441,53434,0.219874,0.13676,0,0,0,A,1707,NA,NA,185,0.01464991,0.249257628,,,
186,-121.948376,45.795794,2018,169,299,Point,0,40,1/4/18,2,NA,NA,0.13676,1.70701e+13,1,NA,460,46003,0,1,0,5.50004e+13,1707,1,55086,5.50004e+13,6,2,2,5.50004e+13,5.50004e+13,5.50004e+13,5.50004e+13,269.235022,5.50003e+13,0.85397,0,0,0,5.50004e+13,5.50004e+13,6,5.50004e+13,5.50004e+13,0,1,25.406969,42.04208,1.70701e+13,0,0,0,0,0.0675,0.2717,0.2717,-9998,52964,56441,53434,0.219874,0.13676,0,0,0,A,1707,0.001284,55086,5.50004e+13,6,2,2,5.50004e+13,5.50004e+13,5.50004e+13,5.50004e+13,269.235022,5.50003e+13,0.85397,0,0,0,5.50004e+13,5.50004e+13,6,5.50004e+13,5.50004e+13,0,1,25.406969,42.04208,1.70701e+13,0,0,0,0,0.0675,0.2717,0.2717,-9998,52964,56441,53434,0.219874,0.13676,0,0,0,A,1707,NA,NA,186,0.016572612,0.275963869,,,
187,-121.948251,45.795578,2018,170,300,Point,0,40,1/4/18,2,NA,NA,0.13676,1.70701e+13,1,NA,460,46003,0,1,0,5.50004e+13,1707,1,55086,5.50004e+13,6,2,2,5.50004e+13,5.50004e+13,5.50004e+13,5.50004e+13,269.235022,5.50003e+13,0.85397,0,0,0,5.50004e+13,5.50004e+13,6,5.50004e+13,5.50004e+13,0,1,25.406969,42.04208,1.70701e+13,0,0,0,0,0.0675,0.2717,0.2717,-9998,52964,56441,53434,0.219874,0.13676,0,0,0,A,1707,0.001284,55086,5.50004e+13,6,2,2,5.50004e+13,5.50004e+13,5.50004e+13,5.50004e+13,269.235022,5.50003e+13,0.85397,0,0,0,5.50004e+13,5.50004e+13,6,5.50004e+13,5.50004e+13,0,1,25.406969,42.04208,1.70701e+13,0,0,0,0,0.0675,0.2717,0.2717,-9998,52964,56441,53434,0.219874,0.13676,0,0,0,A,1707,NA,NA,187,0.018573676,0.256185955,,,
188,-121.948246,45.795325,2018,171,301,Point,0,40,1/4/18,2,NA,NA,0.13676,1.70701e+13,1,NA,460,46003,0,1,0,5.50004e+13,1707,1,55086,5.50004e+13,6,2,2,5.50004e+13,5.50004e+13,5.50004e+13,5.50004e+13,269.235022,5.50003e+13,0.85397,0,0,0,5.50004e+13,5.50004e+13,6,5.50004e+13,5.50004e+13,0,1,25.406969,42.04208,1.70701e+13,0,0,0,0,0.0675,0.2717,0.2717,-9998,52964,56441,53434,0.219874,0.13676,0,0,0,A,1707,0.001284,55086,5.50004e+13,6,2,2,5.50004e+13,5.50004e+13,5.50004e+13,5.50004e+13,269.235022,5.50003e+13,0.85397,0,0,0,5.50004e+13,5.50004e+13,6,5.50004e+13,5.50004e+13,0,1,25.406969,42.04208,1.70701e+13,0,0,0,0,0.0675,0.2717,0.2717,-9998,52964,56441,53434,0.219874,0.13676,0,0,0,A,1707,NA,NA,188,0.020746465,0.243894375,,,
189,-121.956844,45.778294,2019,902,302,Point,0,42,1/4/18,2,NA,NA,0.082188,1.70701e+13,1,NA,460,46003,0,1,0,5.50004e+13,1707,1,236019,5.50004e+13,6,2,2,5.50004e+13,5.50004e+13,5.50004e+13,5.50004e+13,270.046304,5.50003e+13,0.262578,0,0,0,5.50004e+13,5.50004e+13,5,5.50004e+13,5.50004e+13,0,1,0,100,1.70701e+13,0,0,0,0,0.0125,0.0397,0.0397,-9998,67930,73013,67940,0.617241,0.082188,1,0,0,A,1707,0.001012,236019,5.50004e+13,6,2,2,5.50004e+13,5.50004e+13,5.50004e+13,5.50004e+13,270.046304,5.50003e+13,0.262578,0,0,0,5.50004e+13,5.50004e+13,5,5.50004e+13,5.50004e+13,0,1,0,100,1.70701e+13,0,0,0,0,0.0125,0.0397,0.0397,-9998,67930,73013,67940,0.617241,0.082188,1,0,0,A,1707,NA,NA,189,0.00192097,0.498509742,,,
190,-121.956586,45.77829,2019,903,303,Point,0,42,1/4/18,2,NA,NA,0.082188,1.70701e+13,1,NA,460,46003,0,1,0,5.50004e+13,1707,1,236019,5.50004e+13,6,2,2,5.50004e+13,5.50004e+13,5.50004e+13,5.50004e+13,270.046304,5.50003e+13,0.262578,0,0,0,5.50004e+13,5.50004e+13,5,5.50004e+13,5.50004e+13,0,1,0,100,1.70701e+13,0,0,0,0,0.0125,0.0397,0.0397,-9998,67930,73013,67940,0.617241,0.082188,1,0,0,A,1707,0.001012,236019,5.50004e+13,6,2,2,5.50004e+13,5.50004e+13,5.50004e+13,5.50004e+13,270.046304,5.50003e+13,0.262578,0,0,0,5.50004e+13,5.50004e+13,5,5.50004e+13,5.50004e+13,0,1,0,100,1.70701e+13,0,0,0,0,0.0125,0.0397,0.0397,-9998,67930,73013,67940,0.617241,0.082188,1,0,0,A,1707,NA,NA,190,0.002399938,0.497116454,,,
191,-121.956348,45.778374,2019,904,304,Point,0,42,1/4/18,2,NA,NA,0.082188,1.70701e+13,1,NA,460,46003,0,1,0,5.50004e+13,1707,1,236019,5.50004e+13,6,2,2,5.50004e+13,5.50004e+13,5.50004e+13,5.50004e+13,270.046304,5.50003e+13,0.262578,0,0,0,5.50004e+13,5.50004e+13,5,5.50004e+13,5.50004e+13,0,1,0,100,1.70701e+13,0,0,0,0,0.0125,0.0397,0.0397,-9998,67930,73013,67940,0.617241,0.082188,1,0,0,A,1707,0.001012,236019,5.50004e+13,6,2,2,5.50004e+13,5.50004e+13,5.50004e+13,5.50004e+13,270.046304,5.50003e+13,0.262578,0,0,0,5.50004e+13,5.50004e+13,5,5.50004e+13,5.50004e+13,0,1,0,100,1.70701e+13,0,0,0,0,0.0125,0.0397,0.0397,-9998,67930,73013,67940,0.617241,0.082188,1,0,0,A,1707,NA,NA,191,0.002894681,0.507226418,,,
192,-121.956104,45.778442,2019,905,305,Point,0,42,1/4/18,2,NA,NA,0.082188,1.70701e+13,1,NA,460,46003,0,1,0,5.50004e+13,1707,1,236019,5.50004e+13,6,2,2,5.50004e+13,5.50004e+13,5.50004e+13,5.50004e+13,270.046304,5.50003e+13,0.262578,0,0,0,5.50004e+13,5.50004e+13,5,5.50004e+13,5.50004e+13,0,1,0,100,1.70701e+13,0,0,0,0,0.0125,0.0397,0.0397,-9998,67930,73013,67940,0.617241,0.082188,1,0,0,A,1707,0.001012,236019,5.50004e+13,6,2,2,5.50004e+13,5.50004e+13,5.50004e+13,5.50004e+13,270.046304,5.50003e+13,0.262578,0,0,0,5.50004e+13,5.50004e+13,5,5.50004e+13,5.50004e+13,0,1,0,100,1.70701e+13,0,0,0,0,0.0125,0.0397,0.0397,-9998,67930,73013,67940,0.617241,0.082188,1,0,0,A,1707,NA,NA,192,0.003382144,0.539728426,,,
193,-121.955878,45.778513,2019,906,306,Point,0,42,1/4/18,2,NA,NA,0.082188,1.70701e+13,1,NA,460,46003,0,1,0,5.50004e+13,1707,1,236019,5.50004e+13,6,2,2,5.50004e+13,5.50004e+13,5.50004e+13,5.50004e+13,270.046304,5.50003e+13,0.262578,0,0,0,5.50004e+13,5.50004e+13,5,5.50004e+13,5.50004e+13,0,1,0,100,1.70701e+13,0,0,0,0,0.0125,0.0397,0.0397,-9998,67930,73013,67940,0.617241,0.082188,1,0,0,A,1707,0.001012,236019,5.50004e+13,6,2,2,5.50004e+13,5.50004e+13,5.50004e+13,5.50004e+13,270.046304,5.50003e+13,0.262578,0,0,0,5.50004e+13,5.50004e+13,5,5.50004e+13,5.50004e+13,0,1,0,100,1.70701e+13,0,0,0,0,0.0125,0.0397,0.0397,-9998,67930,73013,67940,0.617241,0.082188,1,0,0,A,1707,NA,NA,193,0.00384194,0.435140229,,,
194,-121.966826,45.793144,2020,42,307,Point,0,43,1/4/18,2,NA,NA,0.307528,1.70701e+13,1,NA,460,46003,0,1,0,5.50004e+13,1707,1,39318,5.50004e+13,8,1,1,5.50004e+13,5.50004e+13,5.50004e+13,5.50004e+13,270.747746,5.50003e+13,0.307528,0,1,0,0,0,7,5.50004e+13,5.50004e+13,0,1,0,100,1.70701e+13,0,0,0,0,0.0717,0.0717,0.0717,72080,66776,72080,66776,0.25558,0.207528,1,0,0.0315,A,1707,0.003438,39318,5.50004e+13,8,1,1,5.50004e+13,5.50004e+13,5.50004e+13,5.50004e+13,270.747746,5.50003e+13,0.307528,0,1,0,0,0,7,5.50004e+13,5.50004e+13,0,1,0,100,1.70701e+13,0,0,0,0,0.0717,0.0717,0.0717,72080,66776,72080,66776,0.25558,0.207528,1,0,0.0315,A,1707,NA,NA,194,0.011018684,0.433415525,,,
195,-121.966633,45.792985,2020,43,308,Point,0,43,1/4/18,2,NA,NA,0.307528,1.70701e+13,1,NA,460,46003,0,1,0,5.50004e+13,1707,1,39318,5.50004e+13,8,1,1,5.50004e+13,5.50004e+13,5.50004e+13,5.50004e+13,270.747746,5.50003e+13,0.307528,0,1,0,0,0,7,5.50004e+13,5.50004e+13,0,1,0,100,1.70701e+13,0,0,0,0,0.0717,0.0717,0.0717,72080,66776,72080,66776,0.25558,0.207528,1,0,0.0315,A,1707,0.003438,39318,5.50004e+13,8,1,1,5.50004e+13,5.50004e+13,5.50004e+13,5.50004e+13,270.747746,5.50003e+13,0.307528,0,1,0,0,0,7,5.50004e+13,5.50004e+13,0,1,0,100,1.70701e+13,0,0,0,0,0.0717,0.0717,0.0717,72080,66776,72080,66776,0.25558,0.207528,1,0,0.0315,A,1707,NA,NA,195,0.011879428,0.464083827,,,
196,-121.966492,45.792796,2020,44,309,Point,0,43,1/4/18,2,NA,NA,0.307528,1.70701e+13,1,NA,460,46003,0,1,0,5.50004e+13,1707,1,39318,5.50004e+13,8,1,1,5.50004e+13,5.50004e+13,5.50004e+13,5.50004e+13,270.747746,5.50003e+13,0.307528,0,1,0,0,0,7,5.50004e+13,5.50004e+13,0,1,0,100,1.70701e+13,0,0,0,0,0.0717,0.0717,0.0717,72080,66776,72080,66776,0.25558,0.207528,1,0,0.0315,A,1707,0.003438,39318,5.50004e+13,8,1,1,5.50004e+13,5.50004e+13,5.50004e+13,5.50004e+13,270.747746,5.50003e+13,0.307528,0,1,0,0,0,7,5.50004e+13,5.50004e+13,0,1,0,100,1.70701e+13,0,0,0,0,0.0717,0.0717,0.0717,72080,66776,72080,66776,0.25558,0.207528,1,0,0.0315,A,1707,NA,NA,196,0.012759162,0.443365214,,,
197,-121.966435,45.792553,2020,45,310,Point,0,43,1/4/18,2,NA,NA,0.307528,1.70701e+13,1,NA,460,46003,0,1,0,5.50004e+13,1707,1,39318,5.50004e+13,8,1,1,5.50004e+13,5.50004e+13,5.50004e+13,5.50004e+13,270.747746,5.50003e+13,0.307528,0,1,0,0,0,7,5.50004e+13,5.50004e+13,0,1,0,100,1.70701e+13,0,0,0,0,0.0717,0.0717,0.0717,72080,66776,72080,66776,0.25558,0.207528,1,0,0.0315,A,1707,0.003438,39318,5.50004e+13,8,1,1,5.50004e+13,5.50004e+13,5.50004e+13,5.50004e+13,270.747746,5.50003e+13,0.307528,0,1,0,0,0,7,5.50004e+13,5.50004e+13,0,1,0,100,1.70701e+13,0,0,0,0,0.0717,0.0717,0.0717,72080,66776,72080,66776,0.25558,0.207528,1,0,0.0315,A,1707,NA,NA,197,0.013775319,0.42528811,,,
198,-121.96631,45.792342,2020,46,311,Point,0,43,1/4/18,2,NA,NA,0.307528,1.70701e+13,1,NA,460,46003,0,1,0,5.50004e+13,1707,1,39318,5.50004e+13,8,1,1,5.50004e+13,5.50004e+13,5.50004e+13,5.50004e+13,270.747746,5.50003e+13,0.307528,0,1,0,0,0,7,5.50004e+13,5.50004e+13,0,1,0,100,1.70701e+13,0,0,0,0,0.0717,0.0717,0.0717,72080,66776,72080,66776,0.25558,0.207528,1,0,0.0315,A,1707,0.003438,39318,5.50004e+13,8,1,1,5.50004e+13,5.50004e+13,5.50004e+13,5.50004e+13,270.747746,5.50003e+13,0.307528,0,1,0,0,0,7,5.50004e+13,5.50004e+13,0,1,0,100,1.70701e+13,0,0,0,0,0.0717,0.0717,0.0717,72080,66776,72080,66776,0.25558,0.207528,1,0,0.0315,A,1707,NA,NA,198,0.014717825,0.411286709,,,
199,-121.966142,45.792159,2020,47,312,Point,0,43,1/4/18,2,NA,NA,0.307528,1.70701e+13,1,NA,460,46003,0,1,0,5.50004e+13,1707,1,39318,5.50004e+13,8,1,1,5.50004e+13,5.50004e+13,5.50004e+13,5.50004e+13,270.747746,5.50003e+13,0.307528,0,1,0,0,0,7,5.50004e+13,5.50004e+13,0,1,0,100,1.70701e+13,0,0,0,0,0.0717,0.0717,0.0717,72080,66776,72080,66776,0.25558,0.207528,1,0,0.0315,A,1707,0.003438,39318,5.50004e+13,8,1,1,5.50004e+13,5.50004e+13,5.50004e+13,5.50004e+13,270.747746,5.50003e+13,0.307528,0,1,0,0,0,7,5.50004e+13,5.50004e+13,0,1,0,100,1.70701e+13,0,0,0,0,0.0717,0.0717,0.0717,72080,66776,72080,66776,0.25558,0.207528,1,0,0.0315,A,1707,NA,NA,199,0.015615294,0.412247917,,,
200,-121.965937,45.792004,2020,48,313,Point,0,43,1/4/18,2,NA,NA,0.307528,1.70701e+13,1,NA,460,46003,0,1,0,5.50004e+13,1707,1,39318,5.50004e+13,8,1,1,5.50004e+13,5.50004e+13,5.50004e+13,5.50004e+13,270.747746,5.50003e+13,0.307528,0,1,0,0,0,7,5.50004e+13,5.50004e+13,0,1,0,100,1.70701e+13,0,0,0,0,0.0717,0.0717,0.0717,72080,66776,72080,66776,0.25558,0.207528,1,0,0.0315,A,1707,0.003438,39318,5.50004e+13,8,1,1,5.50004e+13,5.50004e+13,5.50004e+13,5.50004e+13,270.747746,5.50003e+13,0.307528,0,1,0,0,0,7,5.50004e+13,5.50004e+13,0,1,0,100,1.70701e+13,0,0,0,0,0.0717,0.0717,0.0717,72080,66776,72080,66776,0.25558,0.207528,1,0,0.0315,A,1707,NA,NA,200,0.016486673,0.401836712,,,
201,-121.965749,45.791839,2020,49,314,Point,0,43,1/4/18,2,NA,NA,0.307528,1.70701e+13,1,NA,460,46003,0,1,0,5.50004e+13,1707,1,39318,5.50004e+13,8,1,1,5.50004e+13,5.50004e+13,5.50004e+13,5.50004e+13,270.747746,5.50003e+13,0.307528,0,1,0,0,0,7,5.50004e+13,5.50004e+13,0,1,0,100,1.70701e+13,0,0,0,0,0.0717,0.0717,0.0717,72080,66776,72080,66776,0.25558,0.207528,1,0,0.0315,A,1707,0.003438,39318,5.50004e+13,8,1,1,5.50004e+13,5.50004e+13,5.50004e+13,5.50004e+13,270.747746,5.50003e+13,0.307528,0,1,0,0,0,7,5.50004e+13,5.50004e+13,0,1,0,100,1.70701e+13,0,0,0,0,0.0717,0.0717,0.0717,72080,66776,72080,66776,0.25558,0.207528,1,0,0.0315,A,1707,NA,NA,201,0.017357374,0.342721448,,,
202,-121.965501,45.791829,2020,50,315,Point,0,43,1/4/18,2,NA,NA,0.307528,1.70701e+13,1,NA,460,46003,0,1,0,5.50004e+13,1707,1,39318,5.50004e+13,8,1,1,5.50004e+13,5.50004e+13,5.50004e+13,5.50004e+13,270.747746,5.50003e+13,0.307528,0,1,0,0,0,7,5.50004e+13,5.50004e+13,0,1,0,100,1.70701e+13,0,0,0,0,0.0717,0.0717,0.0717,72080,66776,72080,66776,0.25558,0.207528,1,0,0.0315,A,1707,0.003438,39318,5.50004e+13,8,1,1,5.50004e+13,5.50004e+13,5.50004e+13,5.50004e+13,270.747746,5.50003e+13,0.307528,0,1,0,0,0,7,5.50004e+13,5.50004e+13,0,1,0,100,1.70701e+13,0,0,0,0,0.0717,0.0717,0.0717,72080,66776,72080,66776,0.25558,0.207528,1,0,0.0315,A,1707,NA,NA,202,0.01807447,0.29775474,,,
203,-121.965246,45.791824,2020,51,316,Point,0,43,1/4/18,2,NA,NA,0.307528,1.70701e+13,1,NA,460,46003,0,1,0,5.50004e+13,1707,1,39318,5.50004e+13,8,1,1,5.50004e+13,5.50004e+13,5.50004e+13,5.50004e+13,270.747746,5.50003e+13,0.307528,0,1,0,0,0,7,5.50004e+13,5.50004e+13,0,1,0,100,1.70701e+13,0,0,0,0,0.0717,0.0717,0.0717,72080,66776,72080,66776,0.25558,0.207528,1,0,0.0315,A,1707,0.003438,39318,5.50004e+13,8,1,1,5.50004e+13,5.50004e+13,5.50004e+13,5.50004e+13,270.747746,5.50003e+13,0.307528,0,1,0,0,0,7,5.50004e+13,5.50004e+13,0,1,0,100,1.70701e+13,0,0,0,0,0.0717,0.0717,0.0717,72080,66776,72080,66776,0.25558,0.207528,1,0,0.0315,A,1707,NA,NA,203,0.018810873,0.281698707,,,
204,-121.965003,45.791856,2020,52,317,Point,0,43,1/4/18,2,NA,NA,0.307528,1.70701e+13,1,NA,460,46003,0,1,0,5.50004e+13,1707,1,39318,5.50004e+13,8,1,1,5.50004e+13,5.50004e+13,5.50004e+13,5.50004e+13,270.747746,5.50003e+13,0.307528,0,1,0,0,0,7,5.50004e+13,5.50004e+13,0,1,0,100,1.70701e+13,0,0,0,0,0.0717,0.0717,0.0717,72080,66776,72080,66776,0.25558,0.207528,1,0,0.0315,A,1707,0.003438,39318,5.50004e+13,8,1,1,5.50004e+13,5.50004e+13,5.50004e+13,5.50004e+13,270.747746,5.50003e+13,0.307528,0,1,0,0,0,7,5.50004e+13,5.50004e+13,0,1,0,100,1.70701e+13,0,0,0,0,0.0717,0.0717,0.0717,72080,66776,72080,66776,0.25558,0.207528,1,0,0.0315,A,1707,NA,NA,204,0.019524667,0.281698707,,,
205,-121.96476,45.79179,2020,53,318,Point,0,43,1/4/18,2,NA,NA,0.307528,1.70701e+13,1,NA,460,46003,0,1,0,5.50004e+13,1707,1,39318,5.50004e+13,8,1,1,5.50004e+13,5.50004e+13,5.50004e+13,5.50004e+13,270.747746,5.50003e+13,0.307528,0,1,0,0,0,7,5.50004e+13,5.50004e+13,0,1,0,100,1.70701e+13,0,0,0,0,0.0717,0.0717,0.0717,72080,66776,72080,66776,0.25558,0.207528,1,0,0.0315,A,1707,0.003438,39318,5.50004e+13,8,1,1,5.50004e+13,5.50004e+13,5.50004e+13,5.50004e+13,270.747746,5.50003e+13,0.307528,0,1,0,0,0,7,5.50004e+13,5.50004e+13,0,1,0,100,1.70701e+13,0,0,0,0,0.0717,0.0717,0.0717,72080,66776,72080,66776,0.25558,0.207528,1,0,0.0315,A,1707,NA,NA,205,0.020277156,0.282318014,,,
206,-121.964505,45.791767,2020,54,319,Point,0,43,1/4/18,2,NA,NA,0.307528,1.70701e+13,1,NA,460,46003,0,1,0,5.50004e+13,1707,1,39318,5.50004e+13,8,1,1,5.50004e+13,5.50004e+13,5.50004e+13,5.50004e+13,270.747746,5.50003e+13,0.307528,0,1,0,0,0,7,5.50004e+13,5.50004e+13,0,1,0,100,1.70701e+13,0,0,0,0,0.0717,0.0717,0.0717,72080,66776,72080,66776,0.25558,0.207528,1,0,0.0315,A,1707,0.003438,39318,5.50004e+13,8,1,1,5.50004e+13,5.50004e+13,5.50004e+13,5.50004e+13,270.747746,5.50003e+13,0.307528,0,1,0,0,0,7,5.50004e+13,5.50004e+13,0,1,0,100,1.70701e+13,0,0,0,0,0.0717,0.0717,0.0717,72080,66776,72080,66776,0.25558,0.207528,1,0,0.0315,A,1707,NA,NA,206,0.021019364,0.244946239,,,
207,-121.96427,45.791676,2020,55,320,Point,0,43,1/4/18,2,NA,NA,0.307528,1.70701e+13,1,NA,460,46003,0,1,0,5.50004e+13,1707,1,39318,5.50004e+13,8,1,1,5.50004e+13,5.50004e+13,5.50004e+13,5.50004e+13,270.747746,5.50003e+13,0.307528,0,1,0,0,0,7,5.50004e+13,5.50004e+13,0,1,0,100,1.70701e+13,0,0,0,0,0.0717,0.0717,0.0717,72080,66776,72080,66776,0.25558,0.207528,1,0,0.0315,A,1707,0.003438,39318,5.50004e+13,8,1,1,5.50004e+13,5.50004e+13,5.50004e+13,5.50004e+13,270.747746,5.50003e+13,0.307528,0,1,0,0,0,7,5.50004e+13,5.50004e+13,0,1,0,100,1.70701e+13,0,0,0,0,0.0717,0.0717,0.0717,72080,66776,72080,66776,0.25558,0.207528,1,0,0.0315,A,1707,NA,NA,207,0.021794743,0.226294597,,,
208,-121.964186,45.791674,2020,56,321,Point,0,43,1/4/18,2,NA,NA,0.307528,1.70701e+13,1,NA,460,46003,0,1,0,5.50004e+13,1707,1,39318,5.50004e+13,8,1,1,5.50004e+13,5.50004e+13,5.50004e+13,5.50004e+13,270.747746,5.50003e+13,0.307528,0,1,0,0,0,7,5.50004e+13,5.50004e+13,0,1,0,100,1.70701e+13,0,0,0,0,0.0717,0.0717,0.0717,72080,66776,72080,66776,0.25558,0.207528,1,0,0.0315,A,1707,0.003438,39318,5.50004e+13,8,1,1,5.50004e+13,5.50004e+13,5.50004e+13,5.50004e+13,270.747746,5.50003e+13,0.307528,0,1,0,0,0,7,5.50004e+13,5.50004e+13,0,1,0,100,1.70701e+13,0,0,0,0,0.0717,0.0717,0.0717,72080,66776,72080,66776,0.25558,0.207528,1,0,0.0315,A,1707,NA,NA,208,0.022037369,0.226294597,,,
209,-121.952064,45.778622,2021,276,365,Point,0,47,1/4/18,2,NA,NA,0.225295,1.70701e+13,1,NA,460,46003,0,1,0,5.50004e+13,1707,1,13521,5.50004e+13,6,2,2,5.50004e+13,5.50004e+13,5.50004e+13,5.50004e+13,269.719369,5.50003e+13,0.499134,0,0,0,5.50004e+13,5.50004e+13,5,5.50004e+13,5.50004e+13,0,1,0,55.37167,1.70701e+13,0,0,0,0,0.034,0.0792,0.0792,-9998,58228,65431,58228,0.319714,0.225295,1,0,0,A,1707,0.002285,13521,5.50004e+13,6,2,2,5.50004e+13,5.50004e+13,5.50004e+13,5.50004e+13,269.719369,5.50003e+13,0.499134,0,0,0,5.50004e+13,5.50004e+13,5,5.50004e+13,5.50004e+13,0,1,0,55.37167,1.70701e+13,0,0,0,0,0.034,0.0792,0.0792,-9998,58228,65431,58228,0.319714,0.225295,1,0,0,A,1707,NA,NA,209,0.005225038,0.503107698,,,
210,-121.952212,45.778812,2021,277,366,Point,0,47,1/4/18,2,NA,NA,0.225295,1.70701e+13,1,NA,460,46003,0,1,0,5.50004e+13,1707,1,13521,5.50004e+13,6,2,2,5.50004e+13,5.50004e+13,5.50004e+13,5.50004e+13,269.719369,5.50003e+13,0.499134,0,0,0,5.50004e+13,5.50004e+13,5,5.50004e+13,5.50004e+13,0,1,0,55.37167,1.70701e+13,0,0,0,0,0.034,0.0792,0.0792,-9998,58228,65431,58228,0.319714,0.225295,1,0,0,A,1707,0.002285,13521,5.50004e+13,6,2,2,5.50004e+13,5.50004e+13,5.50004e+13,5.50004e+13,269.719369,5.50003e+13,0.499134,0,0,0,5.50004e+13,5.50004e+13,5,5.50004e+13,5.50004e+13,0,1,0,55.37167,1.70701e+13,0,0,0,0,0.034,0.0792,0.0792,-9998,58228,65431,58228,0.319714,0.225295,1,0,0,A,1707,NA,NA,210,0.005815021,0.512821296,,,
211,-121.95238,45.778978,2021,278,367,Point,0,47,1/4/18,2,NA,NA,0.225295,1.70701e+13,1,NA,460,46003,0,1,0,5.50004e+13,1707,1,13521,5.50004e+13,6,2,2,5.50004e+13,5.50004e+13,5.50004e+13,5.50004e+13,269.719369,5.50003e+13,0.499134,0,0,0,5.50004e+13,5.50004e+13,5,5.50004e+13,5.50004e+13,0,1,0,55.37167,1.70701e+13,0,0,0,0,0.034,0.0792,0.0792,-9998,58228,65431,58228,0.319714,0.225295,1,0,0,A,1707,0.002285,13521,5.50004e+13,6,2,2,5.50004e+13,5.50004e+13,5.50004e+13,5.50004e+13,269.719369,5.50003e+13,0.499134,0,0,0,5.50004e+13,5.50004e+13,5,5.50004e+13,5.50004e+13,0,1,0,55.37167,1.70701e+13,0,0,0,0,0.034,0.0792,0.0792,-9998,58228,65431,58228,0.319714,0.225295,1,0,0,A,1707,NA,NA,211,0.006369609,0.512821296,,,
212,-121.952497,45.779176,2021,279,368,Point,0,47,1/4/18,2,NA,NA,0.225295,1.70701e+13,1,NA,460,46003,0,1,0,5.50004e+13,1707,1,13521,5.50004e+13,6,2,2,5.50004e+13,5.50004e+13,5.50004e+13,5.50004e+13,269.719369,5.50003e+13,0.499134,0,0,0,5.50004e+13,5.50004e+13,5,5.50004e+13,5.50004e+13,0,1,0,55.37167,1.70701e+13,0,0,0,0,0.034,0.0792,0.0792,-9998,58228,65431,58228,0.319714,0.225295,1,0,0,A,1707,0.002285,13521,5.50004e+13,6,2,2,5.50004e+13,5.50004e+13,5.50004e+13,5.50004e+13,269.719369,5.50003e+13,0.499134,0,0,0,5.50004e+13,5.50004e+13,5,5.50004e+13,5.50004e+13,0,1,0,55.37167,1.70701e+13,0,0,0,0,0.034,0.0792,0.0792,-9998,58228,65431,58228,0.319714,0.225295,1,0,0,A,1707,NA,NA,212,0.006953779,0.509597941,,,
213,-121.952667,45.779337,2021,280,369,Point,0,47,1/4/18,2,NA,NA,0.225295,1.70701e+13,1,NA,460,46003,0,1,0,5.50004e+13,1707,1,13521,5.50004e+13,6,2,2,5.50004e+13,5.50004e+13,5.50004e+13,5.50004e+13,269.719369,5.50003e+13,0.499134,0,0,0,5.50004e+13,5.50004e+13,5,5.50004e+13,5.50004e+13,0,1,0,55.37167,1.70701e+13,0,0,0,0,0.034,0.0792,0.0792,-9998,58228,65431,58228,0.319714,0.225295,1,0,0,A,1707,0.002285,13521,5.50004e+13,6,2,2,5.50004e+13,5.50004e+13,5.50004e+13,5.50004e+13,269.719369,5.50003e+13,0.499134,0,0,0,5.50004e+13,5.50004e+13,5,5.50004e+13,5.50004e+13,0,1,0,55.37167,1.70701e+13,0,0,0,0,0.034,0.0792,0.0792,-9998,58228,65431,58228,0.319714,0.225295,1,0,0,A,1707,NA,NA,213,0.007499556,0.38850159,,,
214,-121.95277,45.77956,2021,281,370,Point,0,47,1/4/18,2,NA,NA,0.225295,1.70701e+13,1,NA,460,46003,0,1,0,5.50004e+13,1707,1,13521,5.50004e+13,6,2,2,5.50004e+13,5.50004e+13,5.50004e+13,5.50004e+13,269.719369,5.50003e+13,0.499134,0,0,0,5.50004e+13,5.50004e+13,5,5.50004e+13,5.50004e+13,0,1,0,55.37167,1.70701e+13,0,0,0,0,0.034,0.0792,0.0792,-9998,58228,65431,58228,0.319714,0.225295,1,0,0,A,1707,0.002285,13521,5.50004e+13,6,2,2,5.50004e+13,5.50004e+13,5.50004e+13,5.50004e+13,269.719369,5.50003e+13,0.499134,0,0,0,5.50004e+13,5.50004e+13,5,5.50004e+13,5.50004e+13,0,1,0,55.37167,1.70701e+13,0,0,0,0,0.034,0.0792,0.0792,-9998,58228,65431,58228,0.319714,0.225295,1,0,0,A,1707,NA,NA,214,0.008138528,0.395294474,,,
215,-121.952989,45.779694,2021,282,371,Point,0,47,1/4/18,2,NA,NA,0.225295,1.70701e+13,1,NA,460,46003,0,1,0,5.50004e+13,1707,1,13521,5.50004e+13,6,2,2,5.50004e+13,5.50004e+13,5.50004e+13,5.50004e+13,269.719369,5.50003e+13,0.499134,0,0,0,5.50004e+13,5.50004e+13,5,5.50004e+13,5.50004e+13,0,1,0,55.37167,1.70701e+13,0,0,0,0,0.034,0.0792,0.0792,-9998,58228,65431,58228,0.319714,0.225295,1,0,0,A,1707,0.002285,13521,5.50004e+13,6,2,2,5.50004e+13,5.50004e+13,5.50004e+13,5.50004e+13,269.719369,5.50003e+13,0.499134,0,0,0,5.50004e+13,5.50004e+13,5,5.50004e+13,5.50004e+13,0,1,0,55.37167,1.70701e+13,0,0,0,0,0.034,0.0792,0.0792,-9998,58228,65431,58228,0.319714,0.225295,1,0,0,A,1707,NA,NA,215,0.008693536,0.395294474,,,
216,-121.953141,45.779888,2021,283,372,Point,0,47,1/4/18,2,NA,NA,0.225295,1.70701e+13,1,NA,460,46003,0,1,0,5.50004e+13,1707,1,13521,5.50004e+13,6,2,2,5.50004e+13,5.50004e+13,5.50004e+13,5.50004e+13,269.719369,5.50003e+13,0.499134,0,0,0,5.50004e+13,5.50004e+13,5,5.50004e+13,5.50004e+13,0,1,0,55.37167,1.70701e+13,0,0,0,0,0.034,0.0792,0.0792,-9998,58228,65431,58228,0.319714,0.225295,1,0,0,A,1707,0.002285,13521,5.50004e+13,6,2,2,5.50004e+13,5.50004e+13,5.50004e+13,5.50004e+13,269.719369,5.50003e+13,0.499134,0,0,0,5.50004e+13,5.50004e+13,5,5.50004e+13,5.50004e+13,0,1,0,55.37167,1.70701e+13,0,0,0,0,0.034,0.0792,0.0792,-9998,58228,65431,58228,0.319714,0.225295,1,0,0,A,1707,NA,NA,216,0.009296746,0.423738043,,,
217,-121.953203,45.7801,2021,284,373,Point,0,47,1/4/18,2,NA,NA,0.225295,1.70701e+13,1,NA,460,46003,0,1,0,5.50004e+13,1707,1,13521,5.50004e+13,6,2,2,5.50004e+13,5.50004e+13,5.50004e+13,5.50004e+13,269.719369,5.50003e+13,0.499134,0,0,0,5.50004e+13,5.50004e+13,5,5.50004e+13,5.50004e+13,0,1,0,55.37167,1.70701e+13,0,0,0,0,0.034,0.0792,0.0792,-9998,58228,65431,58228,0.319714,0.225295,1,0,0,A,1707,0.002285,13521,5.50004e+13,6,2,2,5.50004e+13,5.50004e+13,5.50004e+13,5.50004e+13,269.719369,5.50003e+13,0.499134,0,0,0,5.50004e+13,5.50004e+13,5,5.50004e+13,5.50004e+13,0,1,0,55.37167,1.70701e+13,0,0,0,0,0.034,0.0792,0.0792,-9998,58228,65431,58228,0.319714,0.225295,1,0,0,A,1707,NA,NA,217,0.00988674,0.423738043,,,
218,-121.953148,45.780303,2021,285,374,Point,0,47,1/4/18,2,NA,NA,0.225295,1.70701e+13,1,NA,460,46003,0,1,0,5.50004e+13,1707,1,13521,5.50004e+13,6,2,2,5.50004e+13,5.50004e+13,5.50004e+13,5.50004e+13,269.719369,5.50003e+13,0.499134,0,0,0,5.50004e+13,5.50004e+13,5,5.50004e+13,5.50004e+13,0,1,0,55.37167,1.70701e+13,0,0,0,0,0.034,0.0792,0.0792,-9998,58228,65431,58228,0.319714,0.225295,1,0,0,A,1707,0.002285,13521,5.50004e+13,6,2,2,5.50004e+13,5.50004e+13,5.50004e+13,5.50004e+13,269.719369,5.50003e+13,0.499134,0,0,0,5.50004e+13,5.50004e+13,5,5.50004e+13,5.50004e+13,0,1,0,55.37167,1.70701e+13,0,0,0,0,0.034,0.0792,0.0792,-9998,58228,65431,58228,0.319714,0.225295,1,0,0,A,1707,NA,NA,218,0.010450076,0.367166249,,,
219,-121.946521,45.783549,2022,791,379,Point,0,49,1/4/18,2,NA,NA,0.262071,1.70701e+13,1,NA,460,46003,0,1,0,5.50004e+13,1707,1,137149,5.50004e+13,6,3,3,5.50004e+13,5.50004e+13,5.50004e+13,5.50004e+13,268.83831,5.50003e+13,5.444797,0,0,0,5.50004e+13,5.50004e+13,5,5.50004e+13,5.50004e+13,0,1,0,100,1.70701e+13,0,0,0,0,0.0539,0.817,0.817,-9998,41821,44194,42052,0.081733,0.262071,1,0,0,A,1707,0.002669,137149,5.50004e+13,6,3,3,5.50004e+13,5.50004e+13,5.50004e+13,5.50004e+13,268.83831,5.50003e+13,5.444797,0,0,0,5.50004e+13,5.50004e+13,5,5.50004e+13,5.50004e+13,0,1,0,100,1.70701e+13,0,0,0,0,0.0539,0.817,0.817,-9998,41821,44194,42052,0.081733,0.262071,1,0,0,A,1707,NA,NA,219,0.092513905,0.291886694,,,
220,-121.946629,45.783739,2022,792,380,Point,0,49,1/4/18,2,NA,NA,0.262071,1.70701e+13,1,NA,460,46003,0,1,0,5.50004e+13,1707,1,137149,5.50004e+13,6,3,3,5.50004e+13,5.50004e+13,5.50004e+13,5.50004e+13,268.83831,5.50003e+13,5.444797,0,0,0,5.50004e+13,5.50004e+13,5,5.50004e+13,5.50004e+13,0,1,0,100,1.70701e+13,0,0,0,0,0.0539,0.817,0.817,-9998,41821,44194,42052,0.081733,0.262071,1,0,0,A,1707,0.002669,137149,5.50004e+13,6,3,3,5.50004e+13,5.50004e+13,5.50004e+13,5.50004e+13,268.83831,5.50003e+13,5.444797,0,0,0,5.50004e+13,5.50004e+13,5,5.50004e+13,5.50004e+13,0,1,0,100,1.70701e+13,0,0,0,0,0.0539,0.817,0.817,-9998,41821,44194,42052,0.081733,0.262071,1,0,0,A,1707,NA,NA,220,0.094046029,0.23456412,,,
221,-121.946785,45.783921,2022,793,381,Point,0,49,1/4/18,2,NA,NA,0.262071,1.70701e+13,1,NA,460,46003,0,1,0,5.50004e+13,1707,1,137149,5.50004e+13,6,3,3,5.50004e+13,5.50004e+13,5.50004e+13,5.50004e+13,268.83831,5.50003e+13,5.444797,0,0,0,5.50004e+13,5.50004e+13,5,5.50004e+13,5.50004e+13,0,1,0,100,1.70701e+13,0,0,0,0,0.0539,0.817,0.817,-9998,41821,44194,42052,0.081733,0.262071,1,0,0,A,1707,0.002669,137149,5.50004e+13,6,3,3,5.50004e+13,5.50004e+13,5.50004e+13,5.50004e+13,268.83831,5.50003e+13,5.444797,0,0,0,5.50004e+13,5.50004e+13,5,5.50004e+13,5.50004e+13,0,1,0,100,1.70701e+13,0,0,0,0,0.0539,0.817,0.817,-9998,41821,44194,42052,0.081733,0.262071,1,0,0,A,1707,NA,NA,221,0.095636183,0.23456412,,,
222,-121.946992,45.78406,2022,794,382,Point,0,49,1/4/18,2,NA,NA,0.262071,1.70701e+13,1,NA,460,46003,0,1,0,5.50004e+13,1707,1,137149,5.50004e+13,6,3,3,5.50004e+13,5.50004e+13,5.50004e+13,5.50004e+13,268.83831,5.50003e+13,5.444797,0,0,0,5.50004e+13,5.50004e+13,5,5.50004e+13,5.50004e+13,0,1,0,100,1.70701e+13,0,0,0,0,0.0539,0.817,0.817,-9998,41821,44194,42052,0.081733,0.262071,1,0,0,A,1707,0.002669,137149,5.50004e+13,6,3,3,5.50004e+13,5.50004e+13,5.50004e+13,5.50004e+13,268.83831,5.50003e+13,5.444797,0,0,0,5.50004e+13,5.50004e+13,5,5.50004e+13,5.50004e+13,0,1,0,100,1.70701e+13,0,0,0,0,0.0539,0.817,0.817,-9998,41821,44194,42052,0.081733,0.262071,1,0,0,A,1707,NA,NA,222,0.097140317,0.189027288,,,
223,-121.947174,45.784242,2022,795,383,Point,0,49,1/4/18,2,NA,NA,0.262071,1.70701e+13,1,NA,460,46003,0,1,0,5.50004e+13,1707,1,137149,5.50004e+13,6,3,3,5.50004e+13,5.50004e+13,5.50004e+13,5.50004e+13,268.83831,5.50003e+13,5.444797,0,0,0,5.50004e+13,5.50004e+13,5,5.50004e+13,5.50004e+13,0,1,0,100,1.70701e+13,0,0,0,0,0.0539,0.817,0.817,-9998,41821,44194,42052,0.081733,0.262071,1,0,0,A,1707,0.002669,137149,5.50004e+13,6,3,3,5.50004e+13,5.50004e+13,5.50004e+13,5.50004e+13,268.83831,5.50003e+13,5.444797,0,0,0,5.50004e+13,5.50004e+13,5,5.50004e+13,5.50004e+13,0,1,0,100,1.70701e+13,0,0,0,0,0.0539,0.817,0.817,-9998,41821,44194,42052,0.081733,0.262071,1,0,0,A,1707,NA,NA,223,0.09880468,0.189027288,,,
224,-121.947289,45.784455,2022,796,384,Point,0,49,1/4/18,2,NA,NA,0.262071,1.70701e+13,1,NA,460,46003,0,1,0,5.50004e+13,1707,1,137149,5.50004e+13,6,3,3,5.50004e+13,5.50004e+13,5.50004e+13,5.50004e+13,268.83831,5.50003e+13,5.444797,0,0,0,5.50004e+13,5.50004e+13,5,5.50004e+13,5.50004e+13,0,1,0,100,1.70701e+13,0,0,0,0,0.0539,0.817,0.817,-9998,41821,44194,42052,0.081733,0.262071,1,0,0,A,1707,0.002669,137149,5.50004e+13,6,3,3,5.50004e+13,5.50004e+13,5.50004e+13,5.50004e+13,268.83831,5.50003e+13,5.444797,0,0,0,5.50004e+13,5.50004e+13,5,5.50004e+13,5.50004e+13,0,1,0,100,1.70701e+13,0,0,0,0,0.0539,0.817,0.817,-9998,41821,44194,42052,0.081733,0.262071,1,0,0,A,1707,NA,NA,224,0.100510759,0.130667626,,,
225,-121.947455,45.784606,2022,797,385,Point,0,49,1/4/18,2,NA,NA,0.262071,1.70701e+13,1,NA,460,46003,0,1,0,5.50004e+13,1707,1,137149,5.50004e+13,6,3,3,5.50004e+13,5.50004e+13,5.50004e+13,5.50004e+13,268.83831,5.50003e+13,5.444797,0,0,0,5.50004e+13,5.50004e+13,5,5.50004e+13,5.50004e+13,0,1,0,100,1.70701e+13,0,0,0,0,0.0539,0.817,0.817,-9998,41821,44194,42052,0.081733,0.262071,1,0,0,A,1707,0.002669,137149,5.50004e+13,6,3,3,5.50004e+13,5.50004e+13,5.50004e+13,5.50004e+13,268.83831,5.50003e+13,5.444797,0,0,0,5.50004e+13,5.50004e+13,5,5.50004e+13,5.50004e+13,0,1,0,100,1.70701e+13,0,0,0,0,0.0539,0.817,0.817,-9998,41821,44194,42052,0.081733,0.262071,1,0,0,A,1707,NA,NA,225,0.101938163,0.092351256,,,
226,-121.947605,45.784799,2022,798,386,Point,0,49,1/4/18,2,NA,NA,0.262071,1.70701e+13,1,NA,460,46003,0,1,0,5.50004e+13,1707,1,137149,5.50004e+13,6,3,3,5.50004e+13,5.50004e+13,5.50004e+13,5.50004e+13,268.83831,5.50003e+13,5.444797,0,0,0,5.50004e+13,5.50004e+13,5,5.50004e+13,5.50004e+13,0,1,0,100,1.70701e+13,0,0,0,0,0.0539,0.817,0.817,-9998,41821,44194,42052,0.081733,0.262071,1,0,0,A,1707,0.002669,137149,5.50004e+13,6,3,3,5.50004e+13,5.50004e+13,5.50004e+13,5.50004e+13,268.83831,5.50003e+13,5.444797,0,0,0,5.50004e+13,5.50004e+13,5,5.50004e+13,5.50004e+13,0,1,0,100,1.70701e+13,0,0,0,0,0.0539,0.817,0.817,-9998,41821,44194,42052,0.081733,0.262071,1,0,0,A,1707,NA,NA,226,0.103584282,0.087878678,,,
227,-121.947541,45.785026,2022,799,387,Point,0,49,1/4/18,2,NA,NA,0.262071,1.70701e+13,1,NA,460,46003,0,1,0,5.50004e+13,1707,1,137149,5.50004e+13,6,3,3,5.50004e+13,5.50004e+13,5.50004e+13,5.50004e+13,268.83831,5.50003e+13,5.444797,0,0,0,5.50004e+13,5.50004e+13,5,5.50004e+13,5.50004e+13,0,1,0,100,1.70701e+13,0,0,0,0,0.0539,0.817,0.817,-9998,41821,44194,42052,0.081733,0.262071,1,0,0,A,1707,0.002669,137149,5.50004e+13,6,3,3,5.50004e+13,5.50004e+13,5.50004e+13,5.50004e+13,268.83831,5.50003e+13,5.444797,0,0,0,5.50004e+13,5.50004e+13,5,5.50004e+13,5.50004e+13,0,1,0,100,1.70701e+13,0,0,0,0,0.0539,0.817,0.817,-9998,41821,44194,42052,0.081733,0.262071,1,0,0,A,1707,NA,NA,227,0.105317966,0.048920782,,,
228,-121.947517,45.78523,2022,800,388,Point,0,49,1/4/18,2,NA,NA,0.262071,1.70701e+13,1,NA,460,46003,0,1,0,5.50004e+13,1707,1,137149,5.50004e+13,6,3,3,5.50004e+13,5.50004e+13,5.50004e+13,5.50004e+13,268.83831,5.50003e+13,5.444797,0,0,0,5.50004e+13,5.50004e+13,5,5.50004e+13,5.50004e+13,0,1,0,100,1.70701e+13,0,0,0,0,0.0539,0.817,0.817,-9998,41821,44194,42052,0.081733,0.262071,1,0,0,A,1707,0.002669,137149,5.50004e+13,6,3,3,5.50004e+13,5.50004e+13,5.50004e+13,5.50004e+13,268.83831,5.50003e+13,5.444797,0,0,0,5.50004e+13,5.50004e+13,5,5.50004e+13,5.50004e+13,0,1,0,100,1.70701e+13,0,0,0,0,0.0539,0.817,0.817,-9998,41821,44194,42052,0.081733,0.262071,1,0,0,A,1707,NA,NA,228,0.106851706,0.097989973,,,
229,-121.947387,45.785429,2022,801,389,Point,0,49,1/4/18,2,NA,NA,0.262071,1.70701e+13,1,NA,460,46003,0,1,0,5.50004e+13,1707,1,137149,5.50004e+13,6,3,3,5.50004e+13,5.50004e+13,5.50004e+13,5.50004e+13,268.83831,5.50003e+13,5.444797,0,0,0,5.50004e+13,5.50004e+13,5,5.50004e+13,5.50004e+13,0,1,0,100,1.70701e+13,0,0,0,0,0.0539,0.817,0.817,-9998,41821,44194,42052,0.081733,0.262071,1,0,0,A,1707,0.002669,137149,5.50004e+13,6,3,3,5.50004e+13,5.50004e+13,5.50004e+13,5.50004e+13,268.83831,5.50003e+13,5.444797,0,0,0,5.50004e+13,5.50004e+13,5,5.50004e+13,5.50004e+13,0,1,0,100,1.70701e+13,0,0,0,0,0.0539,0.817,0.817,-9998,41821,44194,42052,0.081733,0.262071,1,0,0,A,1707,NA,NA,229,0.108491171,0.129167134,,,
230,-121.947425,45.785503,2022,802,390,Point,0,49,1/4/18,2,NA,NA,0.262071,1.70701e+13,1,NA,460,46003,0,1,0,5.50004e+13,1707,1,137149,5.50004e+13,6,3,3,5.50004e+13,5.50004e+13,5.50004e+13,5.50004e+13,268.83831,5.50003e+13,5.444797,0,0,0,5.50004e+13,5.50004e+13,5,5.50004e+13,5.50004e+13,0,1,0,100,1.70701e+13,0,0,0,0,0.0539,0.817,0.817,-9998,41821,44194,42052,0.081733,0.262071,1,0,0,A,1707,0.002669,137149,5.50004e+13,6,3,3,5.50004e+13,5.50004e+13,5.50004e+13,5.50004e+13,268.83831,5.50003e+13,5.444797,0,0,0,5.50004e+13,5.50004e+13,5,5.50004e+13,5.50004e+13,0,1,0,100,1.70701e+13,0,0,0,0,0.0539,0.817,0.817,-9998,41821,44194,42052,0.081733,0.262071,1,0,0,A,1707,NA,NA,230,0.109080352,0.129167134,,,
231,-121.944063,45.780623,2034,891,606,Point,0,78,1/4/18,2,NA,NA,0.258703,1.70701e+13,1,NA,460,46003,0,1,0,5.50004e+13,1707,1,236020,5.50004e+13,6,3,3,5.50004e+13,5.50004e+13,5.50004e+13,5.50004e+13,269.27025,5.50003e+13,4.078458,0,0,0,5.50004e+13,5.50004e+13,6,5.50004e+13,5.50004e+13,0,1,0,100,1.70701e+13,0,0,0,0,0.032,0.5541,0.5541,-9998,48465,54040,49680,0.168533,0.258703,0,0,0,A,1707,0.002568,236020,5.50004e+13,6,3,3,5.50004e+13,5.50004e+13,5.50004e+13,5.50004e+13,269.27025,5.50003e+13,4.078458,0,0,0,5.50004e+13,5.50004e+13,6,5.50004e+13,5.50004e+13,0,1,0,100,1.70701e+13,0,0,0,0,0.032,0.5541,0.5541,-9998,48465,54040,49680,0.168533,0.258703,0,0,0,A,1707,NA,NA,231,0.01844131,0.266050196,,,
232,-121.928018,45.792519,2024,971,402,Point,0,56,1/4/18,2,1522756,Martha Creek,0.895384,1.70701e+13,1,NA,460,46006,0,1,0,5.50004e+13,1707,1,182838,5.50004e+13,5,5,5,5.50004e+13,5.50004e+13,5.50004e+13,5.50004e+13,265.893742,5.50003e+13,47.234225,0,0,0,5.50004e+13,5.50004e+13,5,5.50004e+13,5.50004e+13,0,1,21.36533,44.856209,1.70701e+13,0,0,0,0,0.2049,7.692,7.692,-9998,32864,34621,32864,0.019623,0.895384,0,0,0,A,1707,0.001247,182838,5.50004e+13,5,5,5,5.50004e+13,5.50004e+13,5.50004e+13,5.50004e+13,265.893742,5.50003e+13,47.234225,0,0,0,5.50004e+13,5.50004e+13,5,5.50004e+13,5.50004e+13,0,1,21.36533,44.856209,1.70701e+13,0,0,0,0,0.2049,7.692,7.692,-9998,32864,34621,32864,0.019623,0.895384,0,0,0,A,1707,NA,NA,232,0.993740712,0.038272692,,,
233,-121.927818,45.792673,2024,972,403,Point,0,56,1/4/18,2,1522756,Martha Creek,0.895384,1.70701e+13,1,NA,460,46006,0,1,0,5.50004e+13,1707,1,182838,5.50004e+13,5,5,5,5.50004e+13,5.50004e+13,5.50004e+13,5.50004e+13,265.893742,5.50003e+13,47.234225,0,0,0,5.50004e+13,5.50004e+13,5,5.50004e+13,5.50004e+13,0,1,21.36533,44.856209,1.70701e+13,0,0,0,0,0.2049,7.692,7.692,-9998,32864,34621,32864,0.019623,0.895384,0,0,0,A,1707,0.001247,182838,5.50004e+13,5,5,5,5.50004e+13,5.50004e+13,5.50004e+13,5.50004e+13,265.893742,5.50003e+13,47.234225,0,0,0,5.50004e+13,5.50004e+13,5,5.50004e+13,5.50004e+13,0,1,21.36533,44.856209,1.70701e+13,0,0,0,0,0.2049,7.692,7.692,-9998,32864,34621,32864,0.019623,0.895384,0,0,0,A,1707,NA,NA,233,0.993955142,0.038323165,,,
234,-121.927694,45.79288,2024,973,404,Point,0,56,1/4/18,2,1522756,Martha Creek,0.895384,1.70701e+13,1,NA,460,46006,0,1,0,5.50004e+13,1707,1,182838,5.50004e+13,5,5,5,5.50004e+13,5.50004e+13,5.50004e+13,5.50004e+13,265.893742,5.50003e+13,47.234225,0,0,0,5.50004e+13,5.50004e+13,5,5.50004e+13,5.50004e+13,0,1,21.36533,44.856209,1.70701e+13,0,0,0,0,0.2049,7.692,7.692,-9998,32864,34621,32864,0.019623,0.895384,0,0,0,A,1707,0.001247,182838,5.50004e+13,5,5,5,5.50004e+13,5.50004e+13,5.50004e+13,5.50004e+13,265.893742,5.50003e+13,47.234225,0,0,0,5.50004e+13,5.50004e+13,5,5.50004e+13,5.50004e+13,0,1,21.36533,44.856209,1.70701e+13,0,0,0,0,0.2049,7.692,7.692,-9998,32864,34621,32864,0.019623,0.895384,0,0,0,A,1707,NA,NA,234,0.99418645,0.039764494,,,
235,-121.927476,45.792969,2024,974,405,Point,0,56,1/4/18,2,1522756,Martha Creek,0.895384,1.70701e+13,1,NA,460,46006,0,1,0,5.50004e+13,1707,1,182838,5.50004e+13,5,5,5,5.50004e+13,5.50004e+13,5.50004e+13,5.50004e+13,265.893742,5.50003e+13,47.234225,0,0,0,5.50004e+13,5.50004e+13,5,5.50004e+13,5.50004e+13,0,1,21.36533,44.856209,1.70701e+13,0,0,0,0,0.2049,7.692,7.692,-9998,32864,34621,32864,0.019623,0.895384,0,0,0,A,1707,0.001247,182838,5.50004e+13,5,5,5,5.50004e+13,5.50004e+13,5.50004e+13,5.50004e+13,265.893742,5.50003e+13,47.234225,0,0,0,5.50004e+13,5.50004e+13,5,5.50004e+13,5.50004e+13,0,1,21.36533,44.856209,1.70701e+13,0,0,0,0,0.2049,7.692,7.692,-9998,32864,34621,32864,0.019623,0.895384,0,0,0,A,1707,NA,NA,235,0.994368423,0.036404929,,,
236,-121.927231,45.792973,2024,975,406,Point,0,56,1/4/18,2,1522756,Martha Creek,0.895384,1.70701e+13,1,NA,460,46006,0,1,0,5.50004e+13,1707,1,182838,5.50004e+13,5,5,5,5.50004e+13,5.50004e+13,5.50004e+13,5.50004e+13,265.893742,5.50003e+13,47.234225,0,0,0,5.50004e+13,5.50004e+13,5,5.50004e+13,5.50004e+13,0,1,21.36533,44.856209,1.70701e+13,0,0,0,0,0.2049,7.692,7.692,-9998,32864,34621,32864,0.019623,0.895384,0,0,0,A,1707,0.001247,182838,5.50004e+13,5,5,5,5.50004e+13,5.50004e+13,5.50004e+13,5.50004e+13,265.893742,5.50003e+13,47.234225,0,0,0,5.50004e+13,5.50004e+13,5,5.50004e+13,5.50004e+13,0,1,21.36533,44.856209,1.70701e+13,0,0,0,0,0.2049,7.692,7.692,-9998,32864,34621,32864,0.019623,0.895384,0,0,0,A,1707,NA,NA,236,0.994545102,0.036519872,,,
237,-121.927042,45.793069,2024,976,407,Point,0,56,1/4/18,2,1522756,Martha Creek,0.895384,1.70701e+13,1,NA,460,46006,0,1,0,5.50004e+13,1707,1,182838,5.50004e+13,5,5,5,5.50004e+13,5.50004e+13,5.50004e+13,5.50004e+13,265.893742,5.50003e+13,47.234225,0,0,0,5.50004e+13,5.50004e+13,5,5.50004e+13,5.50004e+13,0,1,21.36533,44.856209,1.70701e+13,0,0,0,0,0.2049,7.692,7.692,-9998,32864,34621,32864,0.019623,0.895384,0,0,0,A,1707,0.001247,182838,5.50004e+13,5,5,5,5.50004e+13,5.50004e+13,5.50004e+13,5.50004e+13,265.893742,5.50003e+13,47.234225,0,0,0,5.50004e+13,5.50004e+13,5,5.50004e+13,5.50004e+13,0,1,21.36533,44.856209,1.70701e+13,0,0,0,0,0.2049,7.692,7.692,-9998,32864,34621,32864,0.019623,0.895384,0,0,0,A,1707,NA,NA,237,0.994713491,0.029648617,,,
238,-121.948775,45.784777,2025,997,408,Point,0,57,1/4/18,2,NA,NA,0.096078,1.70701e+13,1,NA,460,46006,0,1,0,5.50004e+13,1707,1,43638,5.50004e+13,6,4,4,5.50004e+13,5.50004e+13,5.50004e+13,5.50004e+13,268.891087,5.50003e+13,11.160099,0,0,0,5.50004e+13,5.50004e+13,5,5.50004e+13,5.50004e+13,0,1,0,18.933479,1.70701e+13,0,0,0,0,0.0062,1.8292,1.8292,-9998,42265,43024,42265,0.078998,0.096078,1,0,0,A,1707,0.001094,43638,5.50004e+13,6,4,4,5.50004e+13,5.50004e+13,5.50004e+13,5.50004e+13,268.891087,5.50003e+13,11.160099,0,0,0,5.50004e+13,5.50004e+13,5,5.50004e+13,5.50004e+13,0,1,0,18.933479,1.70701e+13,0,0,0,0,0.0062,1.8292,1.8292,-9998,42265,43024,42265,0.078998,0.096078,1,0,0,A,1707,NA,NA,238,0.270779893,0.146965697,,,
239,-121.948576,45.784936,2025,998,409,Point,0,57,1/4/18,2,NA,NA,0.096078,1.70701e+13,1,NA,460,46006,0,1,0,5.50004e+13,1707,1,43638,5.50004e+13,6,4,4,5.50004e+13,5.50004e+13,5.50004e+13,5.50004e+13,268.891087,5.50003e+13,11.160099,0,0,0,5.50004e+13,5.50004e+13,5,5.50004e+13,5.50004e+13,0,1,0,18.933479,1.70701e+13,0,0,0,0,0.0062,1.8292,1.8292,-9998,42265,43024,42265,0.078998,0.096078,1,0,0,A,1707,0.001094,43638,5.50004e+13,6,4,4,5.50004e+13,5.50004e+13,5.50004e+13,5.50004e+13,268.891087,5.50003e+13,11.160099,0,0,0,5.50004e+13,5.50004e+13,5,5.50004e+13,5.50004e+13,0,1,0,18.933479,1.70701e+13,0,0,0,0,0.0062,1.8292,1.8292,-9998,42265,43024,42265,0.078998,0.096078,1,0,0,A,1707,NA,NA,239,0.271286432,0.422485903,,,
240,-121.948343,45.784963,2025,999,410,Point,0,57,1/4/18,2,NA,NA,0.096078,1.70701e+13,1,NA,460,46006,0,1,0,5.50004e+13,1707,1,43638,5.50004e+13,6,4,4,5.50004e+13,5.50004e+13,5.50004e+13,5.50004e+13,268.891087,5.50003e+13,11.160099,0,0,0,5.50004e+13,5.50004e+13,5,5.50004e+13,5.50004e+13,0,1,0,18.933479,1.70701e+13,0,0,0,0,0.0062,1.8292,1.8292,-9998,42265,43024,42265,0.078998,0.096078,1,0,0,A,1707,0.001094,43638,5.50004e+13,6,4,4,5.50004e+13,5.50004e+13,5.50004e+13,5.50004e+13,268.891087,5.50003e+13,11.160099,0,0,0,5.50004e+13,5.50004e+13,5,5.50004e+13,5.50004e+13,0,1,0,18.933479,1.70701e+13,0,0,0,0,0.0062,1.8292,1.8292,-9998,42265,43024,42265,0.078998,0.096078,1,0,0,A,1707,NA,NA,240,0.271682467,0.272768321,,,
241,-121.948114,45.78506,2025,1000,411,Point,0,57,1/4/18,2,NA,NA,0.096078,1.70701e+13,1,NA,460,46006,0,1,0,5.50004e+13,1707,1,43638,5.50004e+13,6,4,4,5.50004e+13,5.50004e+13,5.50004e+13,5.50004e+13,268.891087,5.50003e+13,11.160099,0,0,0,5.50004e+13,5.50004e+13,5,5.50004e+13,5.50004e+13,0,1,0,18.933479,1.70701e+13,0,0,0,0,0.0062,1.8292,1.8292,-9998,42265,43024,42265,0.078998,0.096078,1,0,0,A,1707,0.001094,43638,5.50004e+13,6,4,4,5.50004e+13,5.50004e+13,5.50004e+13,5.50004e+13,268.891087,5.50003e+13,11.160099,0,0,0,5.50004e+13,5.50004e+13,5,5.50004e+13,5.50004e+13,0,1,0,18.933479,1.70701e+13,0,0,0,0,0.0062,1.8292,1.8292,-9998,42265,43024,42265,0.078998,0.096078,1,0,0,A,1707,NA,NA,241,0.272131365,0.157989443,,,
242,-121.947892,45.785142,2025,1001,412,Point,0,57,1/4/18,2,NA,NA,0.096078,1.70701e+13,1,NA,460,46006,0,1,0,5.50004e+13,1707,1,43638,5.50004e+13,6,4,4,5.50004e+13,5.50004e+13,5.50004e+13,5.50004e+13,268.891087,5.50003e+13,11.160099,0,0,0,5.50004e+13,5.50004e+13,5,5.50004e+13,5.50004e+13,0,1,0,18.933479,1.70701e+13,0,0,0,0,0.0062,1.8292,1.8292,-9998,42265,43024,42265,0.078998,0.096078,1,0,0,A,1707,0.001094,43638,5.50004e+13,6,4,4,5.50004e+13,5.50004e+13,5.50004e+13,5.50004e+13,268.891087,5.50003e+13,11.160099,0,0,0,5.50004e+13,5.50004e+13,5,5.50004e+13,5.50004e+13,0,1,0,18.933479,1.70701e+13,0,0,0,0,0.0062,1.8292,1.8292,-9998,42265,43024,42265,0.078998,0.096078,1,0,0,A,1707,NA,NA,242,0.272552325,0.197565532,,,
243,-121.947852,45.78519,2025,1002,413,Point,0,57,1/4/18,2,NA,NA,0.096078,1.70701e+13,1,NA,460,46006,0,1,0,5.50004e+13,1707,1,43638,5.50004e+13,6,4,4,5.50004e+13,5.50004e+13,5.50004e+13,5.50004e+13,268.891087,5.50003e+13,11.160099,0,0,0,5.50004e+13,5.50004e+13,5,5.50004e+13,5.50004e+13,0,1,0,18.933479,1.70701e+13,0,0,0,0,0.0062,1.8292,1.8292,-9998,42265,43024,42265,0.078998,0.096078,1,0,0,A,1707,0.001094,43638,5.50004e+13,6,4,4,5.50004e+13,5.50004e+13,5.50004e+13,5.50004e+13,268.891087,5.50003e+13,11.160099,0,0,0,5.50004e+13,5.50004e+13,5,5.50004e+13,5.50004e+13,0,1,0,18.933479,1.70701e+13,0,0,0,0,0.0062,1.8292,1.8292,-9998,42265,43024,42265,0.078998,0.096078,1,0,0,A,1707,NA,NA,243,0.272685495,0.197565532,,,
244,-121.945447,45.79344,2026,293,419,Point,0,59,1/4/18,2,NA,NA,0.136714,1.70701e+13,1,NA,460,46003,0,1,0,5.50004e+13,1707,1,256891,5.50004e+13,6,3,3,5.50004e+13,5.50004e+13,5.50004e+13,5.50004e+13,268.727066,5.50003e+13,3.534719,0,0,0,5.50004e+13,5.50004e+13,6,5.50004e+13,5.50004e+13,0,1,48.46352,72.029343,1.70701e+13,0,0,0,0,0.0206,0.8273,0.8273,-9998,45758,47096,46049,0.076583,0.136714,0,0,0,A,1707,0.001327,256891,5.50004e+13,6,3,3,5.50004e+13,5.50004e+13,5.50004e+13,5.50004e+13,268.727066,5.50003e+13,3.534719,0,0,0,5.50004e+13,5.50004e+13,6,5.50004e+13,5.50004e+13,0,1,48.46352,72.029343,1.70701e+13,0,0,0,0,0.0206,0.8273,0.8273,-9998,45758,47096,46049,0.076583,0.136714,0,0,0,A,1707,NA,-121.94544745.79344,244,0.146854281,0.128063517,,,
245,-121.945365,45.793203,2026,294,420,Point,0,59,1/4/18,2,NA,NA,0.136714,1.70701e+13,1,NA,460,46003,0,1,0,5.50004e+13,1707,1,256891,5.50004e+13,6,3,3,5.50004e+13,5.50004e+13,5.50004e+13,5.50004e+13,268.727066,5.50003e+13,3.534719,0,0,0,5.50004e+13,5.50004e+13,6,5.50004e+13,5.50004e+13,0,1,48.46352,72.029343,1.70701e+13,0,0,0,0,0.0206,0.8273,0.8273,-9998,45758,47096,46049,0.076583,0.136714,0,0,0,A,1707,0.001327,256891,5.50004e+13,6,3,3,5.50004e+13,5.50004e+13,5.50004e+13,5.50004e+13,268.727066,5.50003e+13,3.534719,0,0,0,5.50004e+13,5.50004e+13,6,5.50004e+13,5.50004e+13,0,1,48.46352,72.029343,1.70701e+13,0,0,0,0,0.0206,0.8273,0.8273,-9998,45758,47096,46049,0.076583,0.136714,0,0,0,A,1707,NA,-121.94536545.793203,245,0.148177272,0.128063517,,,
246,-121.945306,45.792975,2026,295,421,Point,0,59,1/4/18,2,NA,NA,0.136714,1.70701e+13,1,NA,460,46003,0,1,0,5.50004e+13,1707,1,256891,5.50004e+13,6,3,3,5.50004e+13,5.50004e+13,5.50004e+13,5.50004e+13,268.727066,5.50003e+13,3.534719,0,0,0,5.50004e+13,5.50004e+13,6,5.50004e+13,5.50004e+13,0,1,48.46352,72.029343,1.70701e+13,0,0,0,0,0.0206,0.8273,0.8273,-9998,45758,47096,46049,0.076583,0.136714,0,0,0,A,1707,0.001327,256891,5.50004e+13,6,3,3,5.50004e+13,5.50004e+13,5.50004e+13,5.50004e+13,268.727066,5.50003e+13,3.534719,0,0,0,5.50004e+13,5.50004e+13,6,5.50004e+13,5.50004e+13,0,1,48.46352,72.029343,1.70701e+13,0,0,0,0,0.0206,0.8273,0.8273,-9998,45758,47096,46049,0.076583,0.136714,0,0,0,A,1707,NA,-121.94530645.792975,246,0.149434411,0.101688196,,,
247,-121.945291,45.792748,2026,296,422,Point,0,59,1/4/18,2,NA,NA,0.136714,1.70701e+13,1,NA,460,46003,0,1,0,5.50004e+13,1707,1,256891,5.50004e+13,6,3,3,5.50004e+13,5.50004e+13,5.50004e+13,5.50004e+13,268.727066,5.50003e+13,3.534719,0,0,0,5.50004e+13,5.50004e+13,6,5.50004e+13,5.50004e+13,0,1,48.46352,72.029343,1.70701e+13,0,0,0,0,0.0206,0.8273,0.8273,-9998,45758,47096,46049,0.076583,0.136714,0,0,0,A,1707,0.001327,256891,5.50004e+13,6,3,3,5.50004e+13,5.50004e+13,5.50004e+13,5.50004e+13,268.727066,5.50003e+13,3.534719,0,0,0,5.50004e+13,5.50004e+13,6,5.50004e+13,5.50004e+13,0,1,48.46352,72.029343,1.70701e+13,0,0,0,0,0.0206,0.8273,0.8273,-9998,45758,47096,46049,0.076583,0.136714,0,0,0,A,1707,NA,-121.94529145.792748,247,0.150667334,0.094202873,,,
248,-121.945141,45.792553,2026,297,423,Point,0,59,1/4/18,2,NA,NA,0.136714,1.70701e+13,1,NA,460,46003,0,1,0,5.50004e+13,1707,1,256891,5.50004e+13,6,3,3,5.50004e+13,5.50004e+13,5.50004e+13,5.50004e+13,268.727066,5.50003e+13,3.534719,0,0,0,5.50004e+13,5.50004e+13,6,5.50004e+13,5.50004e+13,0,1,48.46352,72.029343,1.70701e+13,0,0,0,0,0.0206,0.8273,0.8273,-9998,45758,47096,46049,0.076583,0.136714,0,0,0,A,1707,0.001327,256891,5.50004e+13,6,3,3,5.50004e+13,5.50004e+13,5.50004e+13,5.50004e+13,268.727066,5.50003e+13,3.534719,0,0,0,5.50004e+13,5.50004e+13,6,5.50004e+13,5.50004e+13,0,1,48.46352,72.029343,1.70701e+13,0,0,0,0,0.0206,0.8273,0.8273,-9998,45758,47096,46049,0.076583,0.136714,0,0,0,A,1707,NA,-121.94514145.792553,248,0.151868775,0.132591362,,,
249,-121.945059,45.79235,2026,298,424,Point,0,59,1/4/18,2,NA,NA,0.136714,1.70701e+13,1,NA,460,46003,0,1,0,5.50004e+13,1707,1,256891,5.50004e+13,6,3,3,5.50004e+13,5.50004e+13,5.50004e+13,5.50004e+13,268.727066,5.50003e+13,3.534719,0,0,0,5.50004e+13,5.50004e+13,6,5.50004e+13,5.50004e+13,0,1,48.46352,72.029343,1.70701e+13,0,0,0,0,0.0206,0.8273,0.8273,-9998,45758,47096,46049,0.076583,0.136714,0,0,0,A,1707,0.001327,256891,5.50004e+13,6,3,3,5.50004e+13,5.50004e+13,5.50004e+13,5.50004e+13,268.727066,5.50003e+13,3.534719,0,0,0,5.50004e+13,5.50004e+13,6,5.50004e+13,5.50004e+13,0,1,48.46352,72.029343,1.70701e+13,0,0,0,0,0.0206,0.8273,0.8273,-9998,45758,47096,46049,0.076583,0.136714,0,0,0,A,1707,NA,-121.94505945.79235,249,0.153013298,0.132591362,,,
250,-121.945035,45.792323,2026,299,425,Point,0,59,1/4/18,2,NA,NA,0.136714,1.70701e+13,1,NA,460,46003,0,1,0,5.50004e+13,1707,1,256891,5.50004e+13,6,3,3,5.50004e+13,5.50004e+13,5.50004e+13,5.50004e+13,268.727066,5.50003e+13,3.534719,0,0,0,5.50004e+13,5.50004e+13,6,5.50004e+13,5.50004e+13,0,1,48.46352,72.029343,1.70701e+13,0,0,0,0,0.0206,0.8273,0.8273,-9998,45758,47096,46049,0.076583,0.136714,0,0,0,A,1707,0.001327,256891,5.50004e+13,6,3,3,5.50004e+13,5.50004e+13,5.50004e+13,5.50004e+13,268.727066,5.50003e+13,3.534719,0,0,0,5.50004e+13,5.50004e+13,6,5.50004e+13,5.50004e+13,0,1,48.46352,72.029343,1.70701e+13,0,0,0,0,0.0206,0.8273,0.8273,-9998,45758,47096,46049,0.076583,0.136714,0,0,0,A,1707,NA,-121.94503545.792323,250,0.1531858,0.146596885,,,
251,-121.948127,45.7777,2027,842,426,Point,0,60,1/4/18,2,NA,NA,0.71486,1.70701e+13,1,NA,460,46003,0,1,0,5.50004e+13,1707,1,213775,5.50004e+13,7,1,1,5.50004e+13,5.50004e+13,5.50004e+13,5.50004e+13,269.100382,5.50003e+13,0.71486,0,1,0,0,0,6,5.50004e+13,5.50004e+13,0,1,0,100,1.70701e+13,0,0,0,0,0.1377,0.1377,0.1377,70435,44194,70435,44194,0.42678,0.61486,1,0,0.0278,A,1707,0.006896,213775,5.50004e+13,7,1,1,5.50004e+13,5.50004e+13,5.50004e+13,5.50004e+13,269.100382,5.50003e+13,0.71486,0,1,0,0,0,6,5.50004e+13,5.50004e+13,0,1,0,100,1.70701e+13,0,0,0,0,0.1377,0.1377,0.1377,70435,44194,70435,44194,0.42678,0.61486,1,0,0.0278,A,1707,NA,NA,251,0.021161403,0.566741947,,,
252,-121.948053,45.777929,2027,843,427,Point,0,60,1/4/18,2,NA,NA,0.71486,1.70701e+13,1,NA,460,46003,0,1,0,5.50004e+13,1707,1,213775,5.50004e+13,7,1,1,5.50004e+13,5.50004e+13,5.50004e+13,5.50004e+13,269.100382,5.50003e+13,0.71486,0,1,0,0,0,6,5.50004e+13,5.50004e+13,0,1,0,100,1.70701e+13,0,0,0,0,0.1377,0.1377,0.1377,70435,44194,70435,44194,0.42678,0.61486,1,0,0.0278,A,1707,0.006896,213775,5.50004e+13,7,1,1,5.50004e+13,5.50004e+13,5.50004e+13,5.50004e+13,269.100382,5.50003e+13,0.71486,0,1,0,0,0,6,5.50004e+13,5.50004e+13,0,1,0,100,1.70701e+13,0,0,0,0,0.1377,0.1377,0.1377,70435,44194,70435,44194,0.42678,0.61486,1,0,0.0278,A,1707,NA,NA,252,0.021954572,0.562208122,,,
253,-121.948059,45.778186,2027,844,428,Point,0,60,1/4/18,2,NA,NA,0.71486,1.70701e+13,1,NA,460,46003,0,1,0,5.50004e+13,1707,1,213775,5.50004e+13,7,1,1,5.50004e+13,5.50004e+13,5.50004e+13,5.50004e+13,269.100382,5.50003e+13,0.71486,0,1,0,0,0,6,5.50004e+13,5.50004e+13,0,1,0,100,1.70701e+13,0,0,0,0,0.1377,0.1377,0.1377,70435,44194,70435,44194,0.42678,0.61486,1,0,0.0278,A,1707,0.006896,213775,5.50004e+13,7,1,1,5.50004e+13,5.50004e+13,5.50004e+13,5.50004e+13,269.100382,5.50003e+13,0.71486,0,1,0,0,0,6,5.50004e+13,5.50004e+13,0,1,0,100,1.70701e+13,0,0,0,0,0.1377,0.1377,0.1377,70435,44194,70435,44194,0.42678,0.61486,1,0,0.0278,A,1707,NA,NA,253,0.022822919,0.564900579,,,
254,-121.948058,45.778441,2027,845,429,Point,0,60,1/4/18,2,NA,NA,0.71486,1.70701e+13,1,NA,460,46003,0,1,0,5.50004e+13,1707,1,213775,5.50004e+13,7,1,1,5.50004e+13,5.50004e+13,5.50004e+13,5.50004e+13,269.100382,5.50003e+13,0.71486,0,1,0,0,0,6,5.50004e+13,5.50004e+13,0,1,0,100,1.70701e+13,0,0,0,0,0.1377,0.1377,0.1377,70435,44194,70435,44194,0.42678,0.61486,1,0,0.0278,A,1707,0.006896,213775,5.50004e+13,7,1,1,5.50004e+13,5.50004e+13,5.50004e+13,5.50004e+13,269.100382,5.50003e+13,0.71486,0,1,0,0,0,6,5.50004e+13,5.50004e+13,0,1,0,100,1.70701e+13,0,0,0,0,0.1377,0.1377,0.1377,70435,44194,70435,44194,0.42678,0.61486,1,0,0.0278,A,1707,NA,NA,254,0.023684398,0.611408901,,,
255,-121.948068,45.778686,2027,846,430,Point,0,60,1/4/18,2,NA,NA,0.71486,1.70701e+13,1,NA,460,46003,0,1,0,5.50004e+13,1707,1,213775,5.50004e+13,7,1,1,5.50004e+13,5.50004e+13,5.50004e+13,5.50004e+13,269.100382,5.50003e+13,0.71486,0,1,0,0,0,6,5.50004e+13,5.50004e+13,0,1,0,100,1.70701e+13,0,0,0,0,0.1377,0.1377,0.1377,70435,44194,70435,44194,0.42678,0.61486,1,0,0.0278,A,1707,0.006896,213775,5.50004e+13,7,1,1,5.50004e+13,5.50004e+13,5.50004e+13,5.50004e+13,269.100382,5.50003e+13,0.71486,0,1,0,0,0,6,5.50004e+13,5.50004e+13,0,1,0,100,1.70701e+13,0,0,0,0,0.1377,0.1377,0.1377,70435,44194,70435,44194,0.42678,0.61486,1,0,0.0278,A,1707,NA,NA,255,0.024512427,0.611408901,,,
256,-121.94795,45.778901,2027,847,431,Point,0,60,1/4/18,2,NA,NA,0.71486,1.70701e+13,1,NA,460,46003,0,1,0,5.50004e+13,1707,1,213775,5.50004e+13,7,1,1,5.50004e+13,5.50004e+13,5.50004e+13,5.50004e+13,269.100382,5.50003e+13,0.71486,0,1,0,0,0,6,5.50004e+13,5.50004e+13,0,1,0,100,1.70701e+13,0,0,0,0,0.1377,0.1377,0.1377,70435,44194,70435,44194,0.42678,0.61486,1,0,0.0278,A,1707,0.006896,213775,5.50004e+13,7,1,1,5.50004e+13,5.50004e+13,5.50004e+13,5.50004e+13,269.100382,5.50003e+13,0.71486,0,1,0,0,0,6,5.50004e+13,5.50004e+13,0,1,0,100,1.70701e+13,0,0,0,0,0.1377,0.1377,0.1377,70435,44194,70435,44194,0.42678,0.61486,1,0,0.0278,A,1707,NA,NA,256,0.025290487,0.656540707,,,
257,-121.947847,45.779124,2027,848,432,Point,0,60,1/4/18,2,NA,NA,0.71486,1.70701e+13,1,NA,460,46003,0,1,0,5.50004e+13,1707,1,213775,5.50004e+13,7,1,1,5.50004e+13,5.50004e+13,5.50004e+13,5.50004e+13,269.100382,5.50003e+13,0.71486,0,1,0,0,0,6,5.50004e+13,5.50004e+13,0,1,0,100,1.70701e+13,0,0,0,0,0.1377,0.1377,0.1377,70435,44194,70435,44194,0.42678,0.61486,1,0,0.0278,A,1707,0.006896,213775,5.50004e+13,7,1,1,5.50004e+13,5.50004e+13,5.50004e+13,5.50004e+13,269.100382,5.50003e+13,0.71486,0,1,0,0,0,6,5.50004e+13,5.50004e+13,0,1,0,100,1.70701e+13,0,0,0,0,0.1377,0.1377,0.1377,70435,44194,70435,44194,0.42678,0.61486,1,0,0.0278,A,1707,NA,NA,257,0.026082223,0.585754493,,,
258,-121.94774,45.779343,2027,849,433,Point,0,60,1/4/18,2,NA,NA,0.71486,1.70701e+13,1,NA,460,46003,0,1,0,5.50004e+13,1707,1,213775,5.50004e+13,7,1,1,5.50004e+13,5.50004e+13,5.50004e+13,5.50004e+13,269.100382,5.50003e+13,0.71486,0,1,0,0,0,6,5.50004e+13,5.50004e+13,0,1,0,100,1.70701e+13,0,0,0,0,0.1377,0.1377,0.1377,70435,44194,70435,44194,0.42678,0.61486,1,0,0.0278,A,1707,0.006896,213775,5.50004e+13,7,1,1,5.50004e+13,5.50004e+13,5.50004e+13,5.50004e+13,269.100382,5.50003e+13,0.71486,0,1,0,0,0,6,5.50004e+13,5.50004e+13,0,1,0,100,1.70701e+13,0,0,0,0,0.1377,0.1377,0.1377,70435,44194,70435,44194,0.42678,0.61486,1,0,0.0278,A,1707,NA,NA,258,0.026864118,0.530937629,,,
259,-121.94767,45.779575,2027,850,434,Point,0,60,1/4/18,2,NA,NA,0.71486,1.70701e+13,1,NA,460,46003,0,1,0,5.50004e+13,1707,1,213775,5.50004e+13,7,1,1,5.50004e+13,5.50004e+13,5.50004e+13,5.50004e+13,269.100382,5.50003e+13,0.71486,0,1,0,0,0,6,5.50004e+13,5.50004e+13,0,1,0,100,1.70701e+13,0,0,0,0,0.1377,0.1377,0.1377,70435,44194,70435,44194,0.42678,0.61486,1,0,0.0278,A,1707,0.006896,213775,5.50004e+13,7,1,1,5.50004e+13,5.50004e+13,5.50004e+13,5.50004e+13,269.100382,5.50003e+13,0.71486,0,1,0,0,0,6,5.50004e+13,5.50004e+13,0,1,0,100,1.70701e+13,0,0,0,0,0.1377,0.1377,0.1377,70435,44194,70435,44194,0.42678,0.61486,1,0,0.0278,A,1707,NA,NA,259,0.027665168,0.430112353,,,
260,-121.94751,45.779761,2027,851,435,Point,0,60,1/4/18,2,NA,NA,0.71486,1.70701e+13,1,NA,460,46003,0,1,0,5.50004e+13,1707,1,213775,5.50004e+13,7,1,1,5.50004e+13,5.50004e+13,5.50004e+13,5.50004e+13,269.100382,5.50003e+13,0.71486,0,1,0,0,0,6,5.50004e+13,5.50004e+13,0,1,0,100,1.70701e+13,0,0,0,0,0.1377,0.1377,0.1377,70435,44194,70435,44194,0.42678,0.61486,1,0,0.0278,A,1707,0.006896,213775,5.50004e+13,7,1,1,5.50004e+13,5.50004e+13,5.50004e+13,5.50004e+13,269.100382,5.50003e+13,0.71486,0,1,0,0,0,6,5.50004e+13,5.50004e+13,0,1,0,100,1.70701e+13,0,0,0,0,0.1377,0.1377,0.1377,70435,44194,70435,44194,0.42678,0.61486,1,0,0.0278,A,1707,NA,NA,260,0.028398582,0.430112353,,,
261,-121.947343,45.779947,2027,852,436,Point,0,60,1/4/18,2,NA,NA,0.71486,1.70701e+13,1,NA,460,46003,0,1,0,5.50004e+13,1707,1,213775,5.50004e+13,7,1,1,5.50004e+13,5.50004e+13,5.50004e+13,5.50004e+13,269.100382,5.50003e+13,0.71486,0,1,0,0,0,6,5.50004e+13,5.50004e+13,0,1,0,100,1.70701e+13,0,0,0,0,0.1377,0.1377,0.1377,70435,44194,70435,44194,0.42678,0.61486,1,0,0.0278,A,1707,0.006896,213775,5.50004e+13,7,1,1,5.50004e+13,5.50004e+13,5.50004e+13,5.50004e+13,269.100382,5.50003e+13,0.71486,0,1,0,0,0,6,5.50004e+13,5.50004e+13,0,1,0,100,1.70701e+13,0,0,0,0,0.1377,0.1377,0.1377,70435,44194,70435,44194,0.42678,0.61486,1,0,0.0278,A,1707,NA,NA,261,0.029140663,0.462977297,,,
262,-121.947251,45.780143,2027,853,437,Point,0,60,1/4/18,2,NA,NA,0.71486,1.70701e+13,1,NA,460,46003,0,1,0,5.50004e+13,1707,1,213775,5.50004e+13,7,1,1,5.50004e+13,5.50004e+13,5.50004e+13,5.50004e+13,269.100382,5.50003e+13,0.71486,0,1,0,0,0,6,5.50004e+13,5.50004e+13,0,1,0,100,1.70701e+13,0,0,0,0,0.1377,0.1377,0.1377,70435,44194,70435,44194,0.42678,0.61486,1,0,0.0278,A,1707,0.006896,213775,5.50004e+13,7,1,1,5.50004e+13,5.50004e+13,5.50004e+13,5.50004e+13,269.100382,5.50003e+13,0.71486,0,1,0,0,0,6,5.50004e+13,5.50004e+13,0,1,0,100,1.70701e+13,0,0,0,0,0.1377,0.1377,0.1377,70435,44194,70435,44194,0.42678,0.61486,1,0,0.0278,A,1707,NA,NA,262,0.029837614,0.493824886,,,
263,-121.947095,45.780334,2027,854,438,Point,0,60,1/4/18,2,NA,NA,0.71486,1.70701e+13,1,NA,460,46003,0,1,0,5.50004e+13,1707,1,213775,5.50004e+13,7,1,1,5.50004e+13,5.50004e+13,5.50004e+13,5.50004e+13,269.100382,5.50003e+13,0.71486,0,1,0,0,0,6,5.50004e+13,5.50004e+13,0,1,0,100,1.70701e+13,0,0,0,0,0.1377,0.1377,0.1377,70435,44194,70435,44194,0.42678,0.61486,1,0,0.0278,A,1707,0.006896,213775,5.50004e+13,7,1,1,5.50004e+13,5.50004e+13,5.50004e+13,5.50004e+13,269.100382,5.50003e+13,0.71486,0,1,0,0,0,6,5.50004e+13,5.50004e+13,0,1,0,100,1.70701e+13,0,0,0,0,0.1377,0.1377,0.1377,70435,44194,70435,44194,0.42678,0.61486,1,0,0.0278,A,1707,NA,NA,263,0.030580812,0.585866723,,,
264,-121.946862,45.780433,2027,855,439,Point,0,60,1/4/18,2,NA,NA,0.71486,1.70701e+13,1,NA,460,46003,0,1,0,5.50004e+13,1707,1,213775,5.50004e+13,7,1,1,5.50004e+13,5.50004e+13,5.50004e+13,5.50004e+13,269.100382,5.50003e+13,0.71486,0,1,0,0,0,6,5.50004e+13,5.50004e+13,0,1,0,100,1.70701e+13,0,0,0,0,0.1377,0.1377,0.1377,70435,44194,70435,44194,0.42678,0.61486,1,0,0.0278,A,1707,0.006896,213775,5.50004e+13,7,1,1,5.50004e+13,5.50004e+13,5.50004e+13,5.50004e+13,269.100382,5.50003e+13,0.71486,0,1,0,0,0,6,5.50004e+13,5.50004e+13,0,1,0,100,1.70701e+13,0,0,0,0,0.1377,0.1377,0.1377,70435,44194,70435,44194,0.42678,0.61486,1,0,0.0278,A,1707,NA,NA,264,0.031225176,0.62150766,,,
265,-121.946648,45.780558,2027,856,440,Point,0,60,1/4/18,2,NA,NA,0.71486,1.70701e+13,1,NA,460,46003,0,1,0,5.50004e+13,1707,1,213775,5.50004e+13,7,1,1,5.50004e+13,5.50004e+13,5.50004e+13,5.50004e+13,269.100382,5.50003e+13,0.71486,0,1,0,0,0,6,5.50004e+13,5.50004e+13,0,1,0,100,1.70701e+13,0,0,0,0,0.1377,0.1377,0.1377,70435,44194,70435,44194,0.42678,0.61486,1,0,0.0278,A,1707,0.006896,213775,5.50004e+13,7,1,1,5.50004e+13,5.50004e+13,5.50004e+13,5.50004e+13,269.100382,5.50003e+13,0.71486,0,1,0,0,0,6,5.50004e+13,5.50004e+13,0,1,0,100,1.70701e+13,0,0,0,0,0.1377,0.1377,0.1377,70435,44194,70435,44194,0.42678,0.61486,1,0,0.0278,A,1707,NA,NA,265,0.031884129,0.62150766,,,
266,-121.946606,45.780806,2027,857,441,Point,0,60,1/4/18,2,NA,NA,0.71486,1.70701e+13,1,NA,460,46003,0,1,0,5.50004e+13,1707,1,213775,5.50004e+13,7,1,1,5.50004e+13,5.50004e+13,5.50004e+13,5.50004e+13,269.100382,5.50003e+13,0.71486,0,1,0,0,0,6,5.50004e+13,5.50004e+13,0,1,0,100,1.70701e+13,0,0,0,0,0.1377,0.1377,0.1377,70435,44194,70435,44194,0.42678,0.61486,1,0,0.0278,A,1707,0.006896,213775,5.50004e+13,7,1,1,5.50004e+13,5.50004e+13,5.50004e+13,5.50004e+13,269.100382,5.50003e+13,0.71486,0,1,0,0,0,6,5.50004e+13,5.50004e+13,0,1,0,100,1.70701e+13,0,0,0,0,0.1377,0.1377,0.1377,70435,44194,70435,44194,0.42678,0.61486,1,0,0.0278,A,1707,NA,NA,266,0.032727817,0.50595819,,,
267,-121.94662,45.781063,2027,858,442,Point,0,60,1/4/18,2,NA,NA,0.71486,1.70701e+13,1,NA,460,46003,0,1,0,5.50004e+13,1707,1,213775,5.50004e+13,7,1,1,5.50004e+13,5.50004e+13,5.50004e+13,5.50004e+13,269.100382,5.50003e+13,0.71486,0,1,0,0,0,6,5.50004e+13,5.50004e+13,0,1,0,100,1.70701e+13,0,0,0,0,0.1377,0.1377,0.1377,70435,44194,70435,44194,0.42678,0.61486,1,0,0.0278,A,1707,0.006896,213775,5.50004e+13,7,1,1,5.50004e+13,5.50004e+13,5.50004e+13,5.50004e+13,269.100382,5.50003e+13,0.71486,0,1,0,0,0,6,5.50004e+13,5.50004e+13,0,1,0,100,1.70701e+13,0,0,0,0,0.1377,0.1377,0.1377,70435,44194,70435,44194,0.42678,0.61486,1,0,0.0278,A,1707,NA,NA,267,0.03359668,0.397889232,,,
268,-121.94663,45.781321,2027,859,443,Point,0,60,1/4/18,2,NA,NA,0.71486,1.70701e+13,1,NA,460,46003,0,1,0,5.50004e+13,1707,1,213775,5.50004e+13,7,1,1,5.50004e+13,5.50004e+13,5.50004e+13,5.50004e+13,269.100382,5.50003e+13,0.71486,0,1,0,0,0,6,5.50004e+13,5.50004e+13,0,1,0,100,1.70701e+13,0,0,0,0,0.1377,0.1377,0.1377,70435,44194,70435,44194,0.42678,0.61486,1,0,0.0278,A,1707,0.006896,213775,5.50004e+13,7,1,1,5.50004e+13,5.50004e+13,5.50004e+13,5.50004e+13,269.100382,5.50003e+13,0.71486,0,1,0,0,0,6,5.50004e+13,5.50004e+13,0,1,0,100,1.70701e+13,0,0,0,0,0.1377,0.1377,0.1377,70435,44194,70435,44194,0.42678,0.61486,1,0,0.0278,A,1707,NA,NA,268,0.034468611,0.499016654,,,
269,-121.946661,45.781571,2027,860,444,Point,0,60,1/4/18,2,NA,NA,0.71486,1.70701e+13,1,NA,460,46003,0,1,0,5.50004e+13,1707,1,213775,5.50004e+13,7,1,1,5.50004e+13,5.50004e+13,5.50004e+13,5.50004e+13,269.100382,5.50003e+13,0.71486,0,1,0,0,0,6,5.50004e+13,5.50004e+13,0,1,0,100,1.70701e+13,0,0,0,0,0.1377,0.1377,0.1377,70435,44194,70435,44194,0.42678,0.61486,1,0,0.0278,A,1707,0.006896,213775,5.50004e+13,7,1,1,5.50004e+13,5.50004e+13,5.50004e+13,5.50004e+13,269.100382,5.50003e+13,0.71486,0,1,0,0,0,6,5.50004e+13,5.50004e+13,0,1,0,100,1.70701e+13,0,0,0,0,0.1377,0.1377,0.1377,70435,44194,70435,44194,0.42678,0.61486,1,0,0.0278,A,1707,NA,NA,269,0.035316367,0.43620418,,,
270,-121.946817,45.781768,2027,861,445,Point,0,60,1/4/18,2,NA,NA,0.71486,1.70701e+13,1,NA,460,46003,0,1,0,5.50004e+13,1707,1,213775,5.50004e+13,7,1,1,5.50004e+13,5.50004e+13,5.50004e+13,5.50004e+13,269.100382,5.50003e+13,0.71486,0,1,0,0,0,6,5.50004e+13,5.50004e+13,0,1,0,100,1.70701e+13,0,0,0,0,0.1377,0.1377,0.1377,70435,44194,70435,44194,0.42678,0.61486,1,0,0.0278,A,1707,0.006896,213775,5.50004e+13,7,1,1,5.50004e+13,5.50004e+13,5.50004e+13,5.50004e+13,269.100382,5.50003e+13,0.71486,0,1,0,0,0,6,5.50004e+13,5.50004e+13,0,1,0,100,1.70701e+13,0,0,0,0,0.1377,0.1377,0.1377,70435,44194,70435,44194,0.42678,0.61486,1,0,0.0278,A,1707,NA,NA,270,0.036077226,0.43620418,,,
271,-121.946888,45.782004,2027,862,446,Point,0,60,1/4/18,2,NA,NA,0.71486,1.70701e+13,1,NA,460,46003,0,1,0,5.50004e+13,1707,1,213775,5.50004e+13,7,1,1,5.50004e+13,5.50004e+13,5.50004e+13,5.50004e+13,269.100382,5.50003e+13,0.71486,0,1,0,0,0,6,5.50004e+13,5.50004e+13,0,1,0,100,1.70701e+13,0,0,0,0,0.1377,0.1377,0.1377,70435,44194,70435,44194,0.42678,0.61486,1,0,0.0278,A,1707,0.006896,213775,5.50004e+13,7,1,1,5.50004e+13,5.50004e+13,5.50004e+13,5.50004e+13,269.100382,5.50003e+13,0.71486,0,1,0,0,0,6,5.50004e+13,5.50004e+13,0,1,0,100,1.70701e+13,0,0,0,0,0.1377,0.1377,0.1377,70435,44194,70435,44194,0.42678,0.61486,1,0,0.0278,A,1707,NA,NA,271,0.036891985,0.367557647,,,
272,-121.946975,45.782233,2027,863,447,Point,0,60,1/4/18,2,NA,NA,0.71486,1.70701e+13,1,NA,460,46003,0,1,0,5.50004e+13,1707,1,213775,5.50004e+13,7,1,1,5.50004e+13,5.50004e+13,5.50004e+13,5.50004e+13,269.100382,5.50003e+13,0.71486,0,1,0,0,0,6,5.50004e+13,5.50004e+13,0,1,0,100,1.70701e+13,0,0,0,0,0.1377,0.1377,0.1377,70435,44194,70435,44194,0.42678,0.61486,1,0,0.0278,A,1707,0.006896,213775,5.50004e+13,7,1,1,5.50004e+13,5.50004e+13,5.50004e+13,5.50004e+13,269.100382,5.50003e+13,0.71486,0,1,0,0,0,6,5.50004e+13,5.50004e+13,0,1,0,100,1.70701e+13,0,0,0,0,0.1377,0.1377,0.1377,70435,44194,70435,44194,0.42678,0.61486,1,0,0.0278,A,1707,NA,NA,272,0.037692489,0.368006831,,,
273,-121.946958,45.782487,2027,864,448,Point,0,60,1/4/18,2,NA,NA,0.71486,1.70701e+13,1,NA,460,46003,0,1,0,5.50004e+13,1707,1,213775,5.50004e+13,7,1,1,5.50004e+13,5.50004e+13,5.50004e+13,5.50004e+13,269.100382,5.50003e+13,0.71486,0,1,0,0,0,6,5.50004e+13,5.50004e+13,0,1,0,100,1.70701e+13,0,0,0,0,0.1377,0.1377,0.1377,70435,44194,70435,44194,0.42678,0.61486,1,0,0.0278,A,1707,0.006896,213775,5.50004e+13,7,1,1,5.50004e+13,5.50004e+13,5.50004e+13,5.50004e+13,269.100382,5.50003e+13,0.71486,0,1,0,0,0,6,5.50004e+13,5.50004e+13,0,1,0,100,1.70701e+13,0,0,0,0,0.1377,0.1377,0.1377,70435,44194,70435,44194,0.42678,0.61486,1,0,0.0278,A,1707,NA,NA,273,0.038551527,0.312342136,,,
274,-121.946872,45.782718,2027,865,449,Point,0,60,1/4/18,2,NA,NA,0.71486,1.70701e+13,1,NA,460,46003,0,1,0,5.50004e+13,1707,1,213775,5.50004e+13,7,1,1,5.50004e+13,5.50004e+13,5.50004e+13,5.50004e+13,269.100382,5.50003e+13,0.71486,0,1,0,0,0,6,5.50004e+13,5.50004e+13,0,1,0,100,1.70701e+13,0,0,0,0,0.1377,0.1377,0.1377,70435,44194,70435,44194,0.42678,0.61486,1,0,0.0278,A,1707,0.006896,213775,5.50004e+13,7,1,1,5.50004e+13,5.50004e+13,5.50004e+13,5.50004e+13,269.100382,5.50003e+13,0.71486,0,1,0,0,0,6,5.50004e+13,5.50004e+13,0,1,0,100,1.70701e+13,0,0,0,0,0.1377,0.1377,0.1377,70435,44194,70435,44194,0.42678,0.61486,1,0,0.0278,A,1707,NA,NA,274,0.039357963,0.297062187,,,
275,-121.946769,45.782939,2027,866,450,Point,0,60,1/4/18,2,NA,NA,0.71486,1.70701e+13,1,NA,460,46003,0,1,0,5.50004e+13,1707,1,213775,5.50004e+13,7,1,1,5.50004e+13,5.50004e+13,5.50004e+13,5.50004e+13,269.100382,5.50003e+13,0.71486,0,1,0,0,0,6,5.50004e+13,5.50004e+13,0,1,0,100,1.70701e+13,0,0,0,0,0.1377,0.1377,0.1377,70435,44194,70435,44194,0.42678,0.61486,1,0,0.0278,A,1707,0.006896,213775,5.50004e+13,7,1,1,5.50004e+13,5.50004e+13,5.50004e+13,5.50004e+13,269.100382,5.50003e+13,0.71486,0,1,0,0,0,6,5.50004e+13,5.50004e+13,0,1,0,100,1.70701e+13,0,0,0,0,0.1377,0.1377,0.1377,70435,44194,70435,44194,0.42678,0.61486,1,0,0.0278,A,1707,NA,NA,275,0.040143268,0.334094269,,,
276,-121.946751,45.783188,2027,867,451,Point,0,60,1/4/18,2,NA,NA,0.71486,1.70701e+13,1,NA,460,46003,0,1,0,5.50004e+13,1707,1,213775,5.50004e+13,7,1,1,5.50004e+13,5.50004e+13,5.50004e+13,5.50004e+13,269.100382,5.50003e+13,0.71486,0,1,0,0,0,6,5.50004e+13,5.50004e+13,0,1,0,100,1.70701e+13,0,0,0,0,0.1377,0.1377,0.1377,70435,44194,70435,44194,0.42678,0.61486,1,0,0.0278,A,1707,0.006896,213775,5.50004e+13,7,1,1,5.50004e+13,5.50004e+13,5.50004e+13,5.50004e+13,269.100382,5.50003e+13,0.71486,0,1,0,0,0,6,5.50004e+13,5.50004e+13,0,1,0,100,1.70701e+13,0,0,0,0,0.1377,0.1377,0.1377,70435,44194,70435,44194,0.42678,0.61486,1,0,0.0278,A,1707,NA,NA,276,0.040985549,0.350658447,,,
277,-121.946632,45.783401,2027,868,452,Point,0,60,1/4/18,2,NA,NA,0.71486,1.70701e+13,1,NA,460,46003,0,1,0,5.50004e+13,1707,1,213775,5.50004e+13,7,1,1,5.50004e+13,5.50004e+13,5.50004e+13,5.50004e+13,269.100382,5.50003e+13,0.71486,0,1,0,0,0,6,5.50004e+13,5.50004e+13,0,1,0,100,1.70701e+13,0,0,0,0,0.1377,0.1377,0.1377,70435,44194,70435,44194,0.42678,0.61486,1,0,0.0278,A,1707,0.006896,213775,5.50004e+13,7,1,1,5.50004e+13,5.50004e+13,5.50004e+13,5.50004e+13,269.100382,5.50003e+13,0.71486,0,1,0,0,0,6,5.50004e+13,5.50004e+13,0,1,0,100,1.70701e+13,0,0,0,0,0.1377,0.1377,0.1377,70435,44194,70435,44194,0.42678,0.61486,1,0,0.0278,A,1707,NA,NA,277,0.041758155,0.350658447,,,
278,-121.946521,45.783549,2027,869,453,Point,0,60,1/4/18,2,NA,NA,0.71486,1.70701e+13,1,NA,460,46003,0,1,0,5.50004e+13,1707,1,213775,5.50004e+13,7,1,1,5.50004e+13,5.50004e+13,5.50004e+13,5.50004e+13,269.100382,5.50003e+13,0.71486,0,1,0,0,0,6,5.50004e+13,5.50004e+13,0,1,0,100,1.70701e+13,0,0,0,0,0.1377,0.1377,0.1377,70435,44194,70435,44194,0.42678,0.61486,1,0,0.0278,A,1707,0.006896,213775,5.50004e+13,7,1,1,5.50004e+13,5.50004e+13,5.50004e+13,5.50004e+13,269.100382,5.50003e+13,0.71486,0,1,0,0,0,6,5.50004e+13,5.50004e+13,0,1,0,100,1.70701e+13,0,0,0,0,0.1377,0.1377,0.1377,70435,44194,70435,44194,0.42678,0.61486,1,0,0.0278,A,1707,NA,NA,278,0.042322807,0.291886694,,,
279,-121.949123,45.795841,2028,116,454,Point,0,61,1/4/18,2,NA,NA,0.097211,1.70701e+13,1,NA,460,46003,0,1,0,5.50004e+13,1707,1,84017,5.50004e+13,7,1,1,5.50004e+13,5.50004e+13,5.50004e+13,5.50004e+13,269.235022,5.50003e+13,0.097211,0,1,0,0,0,6,5.50004e+13,5.50004e+13,0,1,0,100,1.70701e+13,0,0,0,0,0.0024,0.0024,0.0024,-9998,53434,53434,53434,1e-05,0.006667,1,0,0,A,1707,0.001098,84017,5.50004e+13,7,1,1,5.50004e+13,5.50004e+13,5.50004e+13,5.50004e+13,269.235022,5.50003e+13,0.097211,0,1,0,0,0,6,5.50004e+13,5.50004e+13,0,1,0,100,1.70701e+13,0,0,0,0,0.0024,0.0024,0.0024,-9998,53434,53434,53434,1e-05,0.006667,1,0,0,A,1707,NA,NA,279,0.000368826,0.414529294,,,
280,-121.948899,45.795722,2028,117,455,Point,0,61,1/4/18,2,NA,NA,0.097211,1.70701e+13,1,NA,460,46003,0,1,0,5.50004e+13,1707,1,84017,5.50004e+13,7,1,1,5.50004e+13,5.50004e+13,5.50004e+13,5.50004e+13,269.235022,5.50003e+13,0.097211,0,1,0,0,0,6,5.50004e+13,5.50004e+13,0,1,0,100,1.70701e+13,0,0,0,0,0.0024,0.0024,0.0024,-9998,53434,53434,53434,1e-05,0.006667,1,0,0,A,1707,0.001098,84017,5.50004e+13,7,1,1,5.50004e+13,5.50004e+13,5.50004e+13,5.50004e+13,269.235022,5.50003e+13,0.097211,0,1,0,0,0,6,5.50004e+13,5.50004e+13,0,1,0,100,1.70701e+13,0,0,0,0,0.0024,0.0024,0.0024,-9998,53434,53434,53434,1e-05,0.006667,1,0,0,A,1707,NA,NA,280,0.000455642,0.414529294,,,
281,-121.948683,45.795606,2028,118,456,Point,0,61,1/4/18,2,NA,NA,0.097211,1.70701e+13,1,NA,460,46003,0,1,0,5.50004e+13,1707,1,84017,5.50004e+13,7,1,1,5.50004e+13,5.50004e+13,5.50004e+13,5.50004e+13,269.235022,5.50003e+13,0.097211,0,1,0,0,0,6,5.50004e+13,5.50004e+13,0,1,0,100,1.70701e+13,0,0,0,0,0.0024,0.0024,0.0024,-9998,53434,53434,53434,1e-05,0.006667,1,0,0,A,1707,0.001098,84017,5.50004e+13,7,1,1,5.50004e+13,5.50004e+13,5.50004e+13,5.50004e+13,269.235022,5.50003e+13,0.097211,0,1,0,0,0,6,5.50004e+13,5.50004e+13,0,1,0,100,1.70701e+13,0,0,0,0,0.0024,0.0024,0.0024,-9998,53434,53434,53434,1e-05,0.006667,1,0,0,A,1707,NA,NA,281,0.000539693,0.386010853,,,
282,-121.94855,45.795412,2028,119,457,Point,0,61,1/4/18,2,NA,NA,0.097211,1.70701e+13,1,NA,460,46003,0,1,0,5.50004e+13,1707,1,84017,5.50004e+13,7,1,1,5.50004e+13,5.50004e+13,5.50004e+13,5.50004e+13,269.235022,5.50003e+13,0.097211,0,1,0,0,0,6,5.50004e+13,5.50004e+13,0,1,0,100,1.70701e+13,0,0,0,0,0.0024,0.0024,0.0024,-9998,53434,53434,53434,1e-05,0.006667,1,0,0,A,1707,0.001098,84017,5.50004e+13,7,1,1,5.50004e+13,5.50004e+13,5.50004e+13,5.50004e+13,269.235022,5.50003e+13,0.097211,0,1,0,0,0,6,5.50004e+13,5.50004e+13,0,1,0,100,1.70701e+13,0,0,0,0,0.0024,0.0024,0.0024,-9998,53434,53434,53434,1e-05,0.006667,1,0,0,A,1707,NA,NA,282,0.000634628,0.273874024,,,
283,-121.948303,45.79536,2028,120,458,Point,0,61,1/4/18,2,NA,NA,0.097211,1.70701e+13,1,NA,460,46003,0,1,0,5.50004e+13,1707,1,84017,5.50004e+13,7,1,1,5.50004e+13,5.50004e+13,5.50004e+13,5.50004e+13,269.235022,5.50003e+13,0.097211,0,1,0,0,0,6,5.50004e+13,5.50004e+13,0,1,0,100,1.70701e+13,0,0,0,0,0.0024,0.0024,0.0024,-9998,53434,53434,53434,1e-05,0.006667,1,0,0,A,1707,0.001098,84017,5.50004e+13,7,1,1,5.50004e+13,5.50004e+13,5.50004e+13,5.50004e+13,269.235022,5.50003e+13,0.097211,0,1,0,0,0,6,5.50004e+13,5.50004e+13,0,1,0,100,1.70701e+13,0,0,0,0,0.0024,0.0024,0.0024,-9998,53434,53434,53434,1e-05,0.006667,1,0,0,A,1707,NA,NA,283,0.000714243,0.343796102,,,
284,-121.948246,45.795325,2028,121,459,Point,0,61,1/4/18,2,NA,NA,0.097211,1.70701e+13,1,NA,460,46003,0,1,0,5.50004e+13,1707,1,84017,5.50004e+13,7,1,1,5.50004e+13,5.50004e+13,5.50004e+13,5.50004e+13,269.235022,5.50003e+13,0.097211,0,1,0,0,0,6,5.50004e+13,5.50004e+13,0,1,0,100,1.70701e+13,0,0,0,0,0.0024,0.0024,0.0024,-9998,53434,53434,53434,1e-05,0.006667,1,0,0,A,1707,0.001098,84017,5.50004e+13,7,1,1,5.50004e+13,5.50004e+13,5.50004e+13,5.50004e+13,269.235022,5.50003e+13,0.097211,0,1,0,0,0,6,5.50004e+13,5.50004e+13,0,1,0,100,1.70701e+13,0,0,0,0,0.0024,0.0024,0.0024,-9998,53434,53434,53434,1e-05,0.006667,1,0,0,A,1707,NA,NA,284,0.000737652,0.243894375,,,
285,-121.936143,45.789892,2029,390,502,Point,0,64,1/4/18,2,1522756,Martha Creek,0.06207,1.70701e+13,1,NA,460,46006,0,1,0,5.50004e+13,1707,1,181902,5.50004e+13,5,5,5,5.50004e+13,5.50004e+13,5.50004e+13,5.50004e+13,267.578397,5.50003e+13,33.207458,0,0,0,5.50004e+13,5.50004e+13,5,5.50004e+13,5.50004e+13,0,1,65.561829,67.190453,1.70701e+13,0,0,0,0,0.007,5.5857,5.5857,-9998,37046,37878,37751,0.020461,0.06207,0,0,0,A,1707,0.000664,181902,5.50004e+13,5,5,5,5.50004e+13,5.50004e+13,5.50004e+13,5.50004e+13,267.578397,5.50003e+13,33.207458,0,0,0,5.50004e+13,5.50004e+13,5,5.50004e+13,5.50004e+13,0,1,65.561829,67.190453,1.70701e+13,0,0,0,0,0.007,5.5857,5.5857,-9998,37046,37878,37751,0.020461,0.06207,0,0,0,A,1707,NA,NA,285,0.91140026,0.056628889,,,
286,-121.935908,45.789978,2029,391,503,Point,0,64,1/4/18,2,1522756,Martha Creek,0.06207,1.70701e+13,1,NA,460,46006,0,1,0,5.50004e+13,1707,1,181902,5.50004e+13,5,5,5,5.50004e+13,5.50004e+13,5.50004e+13,5.50004e+13,267.578397,5.50003e+13,33.207458,0,0,0,5.50004e+13,5.50004e+13,5,5.50004e+13,5.50004e+13,0,1,65.561829,67.190453,1.70701e+13,0,0,0,0,0.007,5.5857,5.5857,-9998,37046,37878,37751,0.020461,0.06207,0,0,0,A,1707,0.000664,181902,5.50004e+13,5,5,5,5.50004e+13,5.50004e+13,5.50004e+13,5.50004e+13,267.578397,5.50003e+13,33.207458,0,0,0,5.50004e+13,5.50004e+13,5,5.50004e+13,5.50004e+13,0,1,65.561829,67.190453,1.70701e+13,0,0,0,0,0.007,5.5857,5.5857,-9998,37046,37878,37751,0.020461,0.06207,0,0,0,A,1707,NA,NA,286,0.912148335,0.055183168,,,
287,-121.935737,45.790155,2029,392,504,Point,0,64,1/4/18,2,1522756,Martha Creek,0.06207,1.70701e+13,1,NA,460,46006,0,1,0,5.50004e+13,1707,1,181902,5.50004e+13,5,5,5,5.50004e+13,5.50004e+13,5.50004e+13,5.50004e+13,267.578397,5.50003e+13,33.207458,0,0,0,5.50004e+13,5.50004e+13,5,5.50004e+13,5.50004e+13,0,1,65.561829,67.190453,1.70701e+13,0,0,0,0,0.007,5.5857,5.5857,-9998,37046,37878,37751,0.020461,0.06207,0,0,0,A,1707,0.000664,181902,5.50004e+13,5,5,5,5.50004e+13,5.50004e+13,5.50004e+13,5.50004e+13,267.578397,5.50003e+13,33.207458,0,0,0,5.50004e+13,5.50004e+13,5,5.50004e+13,5.50004e+13,0,1,65.561829,67.190453,1.70701e+13,0,0,0,0,0.007,5.5857,5.5857,-9998,37046,37878,37751,0.020461,0.06207,0,0,0,A,1707,NA,NA,287,0.913009705,0.085423102,,,
288,-121.935709,45.790288,2029,393,505,Point,0,64,1/4/18,2,1522756,Martha Creek,0.06207,1.70701e+13,1,NA,460,46006,0,1,0,5.50004e+13,1707,1,181902,5.50004e+13,5,5,5,5.50004e+13,5.50004e+13,5.50004e+13,5.50004e+13,267.578397,5.50003e+13,33.207458,0,0,0,5.50004e+13,5.50004e+13,5,5.50004e+13,5.50004e+13,0,1,65.561829,67.190453,1.70701e+13,0,0,0,0,0.007,5.5857,5.5857,-9998,37046,37878,37751,0.020461,0.06207,0,0,0,A,1707,0.000664,181902,5.50004e+13,5,5,5,5.50004e+13,5.50004e+13,5.50004e+13,5.50004e+13,267.578397,5.50003e+13,33.207458,0,0,0,5.50004e+13,5.50004e+13,5,5.50004e+13,5.50004e+13,0,1,65.561829,67.190453,1.70701e+13,0,0,0,0,0.007,5.5857,5.5857,-9998,37046,37878,37751,0.020461,0.06207,0,0,0,A,1707,NA,NA,288,0.913551743,0.085423102,,,
289,-121.95754,45.792924,2030,335,511,Point,0,67,1/4/18,2,NA,NA,0.377014,1.70701e+13,1,NA,460,46003,0,1,0,5.50004e+13,1707,1,166583,5.50004e+13,7,1,1,5.50004e+13,5.50004e+13,5.50004e+13,5.50004e+13,270.333547,5.50003e+13,0.377014,0,1,0,0,0,6,5.50004e+13,5.50004e+13,0,1,0,100,1.70701e+13,0,0,0,0,0.0512,0.0512,0.0512,65251,61406,65251,62070,0.114832,0.277014,1,0,0.0066,A,1707,0.003935,166583,5.50004e+13,7,1,1,5.50004e+13,5.50004e+13,5.50004e+13,5.50004e+13,270.333547,5.50003e+13,0.377014,0,1,0,0,0,6,5.50004e+13,5.50004e+13,0,1,0,100,1.70701e+13,0,0,0,0,0.0512,0.0512,0.0512,65251,61406,65251,62070,0.114832,0.277014,1,0,0.0066,A,1707,NA,NA,289,0.007868294,0.425692337,,,
290,-121.957784,45.792858,2030,336,512,Point,0,67,1/4/18,2,NA,NA,0.377014,1.70701e+13,1,NA,460,46003,0,1,0,5.50004e+13,1707,1,166583,5.50004e+13,7,1,1,5.50004e+13,5.50004e+13,5.50004e+13,5.50004e+13,270.333547,5.50003e+13,0.377014,0,1,0,0,0,6,5.50004e+13,5.50004e+13,0,1,0,100,1.70701e+13,0,0,0,0,0.0512,0.0512,0.0512,65251,61406,65251,62070,0.114832,0.277014,1,0,0.0066,A,1707,0.003935,166583,5.50004e+13,7,1,1,5.50004e+13,5.50004e+13,5.50004e+13,5.50004e+13,270.333547,5.50003e+13,0.377014,0,1,0,0,0,6,5.50004e+13,5.50004e+13,0,1,0,100,1.70701e+13,0,0,0,0,0.0512,0.0512,0.0512,65251,61406,65251,62070,0.114832,0.277014,1,0,0.0066,A,1707,NA,NA,290,0.008326003,0.356143266,,,
291,-121.958031,45.792804,2030,337,513,Point,0,67,1/4/18,2,NA,NA,0.377014,1.70701e+13,1,NA,460,46003,0,1,0,5.50004e+13,1707,1,166583,5.50004e+13,7,1,1,5.50004e+13,5.50004e+13,5.50004e+13,5.50004e+13,270.333547,5.50003e+13,0.377014,0,1,0,0,0,6,5.50004e+13,5.50004e+13,0,1,0,100,1.70701e+13,0,0,0,0,0.0512,0.0512,0.0512,65251,61406,65251,62070,0.114832,0.277014,1,0,0.0066,A,1707,0.003935,166583,5.50004e+13,7,1,1,5.50004e+13,5.50004e+13,5.50004e+13,5.50004e+13,270.333547,5.50003e+13,0.377014,0,1,0,0,0,6,5.50004e+13,5.50004e+13,0,1,0,100,1.70701e+13,0,0,0,0,0.0512,0.0512,0.0512,65251,61406,65251,62070,0.114832,0.277014,1,0,0.0066,A,1707,NA,NA,291,0.008778772,0.339531297,,,
292,-121.95826,45.792719,2030,338,514,Point,0,67,1/4/18,2,NA,NA,0.377014,1.70701e+13,1,NA,460,46003,0,1,0,5.50004e+13,1707,1,166583,5.50004e+13,7,1,1,5.50004e+13,5.50004e+13,5.50004e+13,5.50004e+13,270.333547,5.50003e+13,0.377014,0,1,0,0,0,6,5.50004e+13,5.50004e+13,0,1,0,100,1.70701e+13,0,0,0,0,0.0512,0.0512,0.0512,65251,61406,65251,62070,0.114832,0.277014,1,0,0.0066,A,1707,0.003935,166583,5.50004e+13,7,1,1,5.50004e+13,5.50004e+13,5.50004e+13,5.50004e+13,270.333547,5.50003e+13,0.377014,0,1,0,0,0,6,5.50004e+13,5.50004e+13,0,1,0,100,1.70701e+13,0,0,0,0,0.0512,0.0512,0.0512,65251,61406,65251,62070,0.114832,0.277014,1,0,0.0066,A,1707,NA,NA,292,0.009232343,0.339531297,,,
293,-121.958475,45.792608,2030,339,515,Point,0,67,1/4/18,2,NA,NA,0.377014,1.70701e+13,1,NA,460,46003,0,1,0,5.50004e+13,1707,1,166583,5.50004e+13,7,1,1,5.50004e+13,5.50004e+13,5.50004e+13,5.50004e+13,270.333547,5.50003e+13,0.377014,0,1,0,0,0,6,5.50004e+13,5.50004e+13,0,1,0,100,1.70701e+13,0,0,0,0,0.0512,0.0512,0.0512,65251,61406,65251,62070,0.114832,0.277014,1,0,0.0066,A,1707,0.003935,166583,5.50004e+13,7,1,1,5.50004e+13,5.50004e+13,5.50004e+13,5.50004e+13,270.333547,5.50003e+13,0.377014,0,1,0,0,0,6,5.50004e+13,5.50004e+13,0,1,0,100,1.70701e+13,0,0,0,0,0.0512,0.0512,0.0512,65251,61406,65251,62070,0.114832,0.277014,1,0,0.0066,A,1707,NA,NA,293,0.009699865,0.294356814,,,
294,-121.95857,45.792386,2030,340,516,Point,0,67,1/4/18,2,NA,NA,0.377014,1.70701e+13,1,NA,460,46003,0,1,0,5.50004e+13,1707,1,166583,5.50004e+13,7,1,1,5.50004e+13,5.50004e+13,5.50004e+13,5.50004e+13,270.333547,5.50003e+13,0.377014,0,1,0,0,0,6,5.50004e+13,5.50004e+13,0,1,0,100,1.70701e+13,0,0,0,0,0.0512,0.0512,0.0512,65251,61406,65251,62070,0.114832,0.277014,1,0,0.0066,A,1707,0.003935,166583,5.50004e+13,7,1,1,5.50004e+13,5.50004e+13,5.50004e+13,5.50004e+13,270.333547,5.50003e+13,0.377014,0,1,0,0,0,6,5.50004e+13,5.50004e+13,0,1,0,100,1.70701e+13,0,0,0,0,0.0512,0.0512,0.0512,65251,61406,65251,62070,0.114832,0.277014,1,0,0.0066,A,1707,NA,NA,294,0.010279454,0.294356814,,,
295,-121.958739,45.792239,2030,341,517,Point,0,67,1/4/18,2,NA,NA,0.377014,1.70701e+13,1,NA,460,46003,0,1,0,5.50004e+13,1707,1,166583,5.50004e+13,7,1,1,5.50004e+13,5.50004e+13,5.50004e+13,5.50004e+13,270.333547,5.50003e+13,0.377014,0,1,0,0,0,6,5.50004e+13,5.50004e+13,0,1,0,100,1.70701e+13,0,0,0,0,0.0512,0.0512,0.0512,65251,61406,65251,62070,0.114832,0.277014,1,0,0.0066,A,1707,0.003935,166583,5.50004e+13,7,1,1,5.50004e+13,5.50004e+13,5.50004e+13,5.50004e+13,270.333547,5.50003e+13,0.377014,0,1,0,0,0,6,5.50004e+13,5.50004e+13,0,1,0,100,1.70701e+13,0,0,0,0,0.0512,0.0512,0.0512,65251,61406,65251,62070,0.114832,0.277014,1,0,0.0066,A,1707,NA,NA,295,0.010751266,0.237533583,,,
296,-121.958849,45.792053,2030,342,518,Point,0,67,1/4/18,2,NA,NA,0.377014,1.70701e+13,1,NA,460,46003,0,1,0,5.50004e+13,1707,1,166583,5.50004e+13,7,1,1,5.50004e+13,5.50004e+13,5.50004e+13,5.50004e+13,270.333547,5.50003e+13,0.377014,0,1,0,0,0,6,5.50004e+13,5.50004e+13,0,1,0,100,1.70701e+13,0,0,0,0,0.0512,0.0512,0.0512,65251,61406,65251,62070,0.114832,0.277014,1,0,0.0066,A,1707,0.003935,166583,5.50004e+13,7,1,1,5.50004e+13,5.50004e+13,5.50004e+13,5.50004e+13,270.333547,5.50003e+13,0.377014,0,1,0,0,0,6,5.50004e+13,5.50004e+13,0,1,0,100,1.70701e+13,0,0,0,0,0.0512,0.0512,0.0512,65251,61406,65251,62070,0.114832,0.277014,1,0,0.0066,A,1707,NA,NA,296,0.01125471,0.196270299,,,
297,-121.958925,45.791847,2030,343,519,Point,0,67,1/4/18,2,NA,NA,0.377014,1.70701e+13,1,NA,460,46003,0,1,0,5.50004e+13,1707,1,166583,5.50004e+13,7,1,1,5.50004e+13,5.50004e+13,5.50004e+13,5.50004e+13,270.333547,5.50003e+13,0.377014,0,1,0,0,0,6,5.50004e+13,5.50004e+13,0,1,0,100,1.70701e+13,0,0,0,0,0.0512,0.0512,0.0512,65251,61406,65251,62070,0.114832,0.277014,1,0,0.0066,A,1707,0.003935,166583,5.50004e+13,7,1,1,5.50004e+13,5.50004e+13,5.50004e+13,5.50004e+13,270.333547,5.50003e+13,0.377014,0,1,0,0,0,6,5.50004e+13,5.50004e+13,0,1,0,100,1.70701e+13,0,0,0,0,0.0512,0.0512,0.0512,65251,61406,65251,62070,0.114832,0.277014,1,0,0.0066,A,1707,NA,NA,297,0.01178682,0.16795831,,,
298,-121.958843,45.791617,2030,344,520,Point,0,67,1/4/18,2,NA,NA,0.377014,1.70701e+13,1,NA,460,46003,0,1,0,5.50004e+13,1707,1,166583,5.50004e+13,7,1,1,5.50004e+13,5.50004e+13,5.50004e+13,5.50004e+13,270.333547,5.50003e+13,0.377014,0,1,0,0,0,6,5.50004e+13,5.50004e+13,0,1,0,100,1.70701e+13,0,0,0,0,0.0512,0.0512,0.0512,65251,61406,65251,62070,0.114832,0.277014,1,0,0.0066,A,1707,0.003935,166583,5.50004e+13,7,1,1,5.50004e+13,5.50004e+13,5.50004e+13,5.50004e+13,270.333547,5.50003e+13,0.377014,0,1,0,0,0,6,5.50004e+13,5.50004e+13,0,1,0,100,1.70701e+13,0,0,0,0,0.0512,0.0512,0.0512,65251,61406,65251,62070,0.114832,0.277014,1,0,0.0066,A,1707,NA,NA,298,0.012379694,0.167480096,,,
299,-121.958761,45.791412,2030,345,521,Point,0,67,1/4/18,2,NA,NA,0.377014,1.70701e+13,1,NA,460,46003,0,1,0,5.50004e+13,1707,1,166583,5.50004e+13,7,1,1,5.50004e+13,5.50004e+13,5.50004e+13,5.50004e+13,270.333547,5.50003e+13,0.377014,0,1,0,0,0,6,5.50004e+13,5.50004e+13,0,1,0,100,1.70701e+13,0,0,0,0,0.0512,0.0512,0.0512,65251,61406,65251,62070,0.114832,0.277014,1,0,0.0066,A,1707,0.003935,166583,5.50004e+13,7,1,1,5.50004e+13,5.50004e+13,5.50004e+13,5.50004e+13,270.333547,5.50003e+13,0.377014,0,1,0,0,0,6,5.50004e+13,5.50004e+13,0,1,0,100,1.70701e+13,0,0,0,0,0.0512,0.0512,0.0512,65251,61406,65251,62070,0.114832,0.277014,1,0,0.0066,A,1707,NA,NA,299,0.012912114,0.159675669,,,
300,-121.958893,45.791215,2030,346,522,Point,0,67,1/4/18,2,NA,NA,0.377014,1.70701e+13,1,NA,460,46003,0,1,0,5.50004e+13,1707,1,166583,5.50004e+13,7,1,1,5.50004e+13,5.50004e+13,5.50004e+13,5.50004e+13,270.333547,5.50003e+13,0.377014,0,1,0,0,0,6,5.50004e+13,5.50004e+13,0,1,0,100,1.70701e+13,0,0,0,0,0.0512,0.0512,0.0512,65251,61406,65251,62070,0.114832,0.277014,1,0,0.0066,A,1707,0.003935,166583,5.50004e+13,7,1,1,5.50004e+13,5.50004e+13,5.50004e+13,5.50004e+13,270.333547,5.50003e+13,0.377014,0,1,0,0,0,6,5.50004e+13,5.50004e+13,0,1,0,100,1.70701e+13,0,0,0,0,0.0512,0.0512,0.0512,65251,61406,65251,62070,0.114832,0.277014,1,0,0.0066,A,1707,NA,NA,300,0.013456274,0.160548971,,,
301,-121.959003,45.791001,2030,347,523,Point,0,67,1/4/18,2,NA,NA,0.377014,1.70701e+13,1,NA,460,46003,0,1,0,5.50004e+13,1707,1,166583,5.50004e+13,7,1,1,5.50004e+13,5.50004e+13,5.50004e+13,5.50004e+13,270.333547,5.50003e+13,0.377014,0,1,0,0,0,6,5.50004e+13,5.50004e+13,0,1,0,100,1.70701e+13,0,0,0,0,0.0512,0.0512,0.0512,65251,61406,65251,62070,0.114832,0.277014,1,0,0.0066,A,1707,0.003935,166583,5.50004e+13,7,1,1,5.50004e+13,5.50004e+13,5.50004e+13,5.50004e+13,270.333547,5.50003e+13,0.377014,0,1,0,0,0,6,5.50004e+13,5.50004e+13,0,1,0,100,1.70701e+13,0,0,0,0,0.0512,0.0512,0.0512,65251,61406,65251,62070,0.114832,0.277014,1,0,0.0066,A,1707,NA,NA,301,0.014025061,0.160548971,,,
302,-121.959098,45.790824,2030,348,524,Point,0,67,1/4/18,2,NA,NA,0.377014,1.70701e+13,1,NA,460,46003,0,1,0,5.50004e+13,1707,1,166583,5.50004e+13,7,1,1,5.50004e+13,5.50004e+13,5.50004e+13,5.50004e+13,270.333547,5.50003e+13,0.377014,0,1,0,0,0,6,5.50004e+13,5.50004e+13,0,1,0,100,1.70701e+13,0,0,0,0,0.0512,0.0512,0.0512,65251,61406,65251,62070,0.114832,0.277014,1,0,0.0066,A,1707,0.003935,166583,5.50004e+13,7,1,1,5.50004e+13,5.50004e+13,5.50004e+13,5.50004e+13,270.333547,5.50003e+13,0.377014,0,1,0,0,0,6,5.50004e+13,5.50004e+13,0,1,0,100,1.70701e+13,0,0,0,0,0.0512,0.0512,0.0512,65251,61406,65251,62070,0.114832,0.277014,1,0,0.0066,A,1707,NA,NA,302,0.014497933,0.173821735,,,
303,-121.959155,45.790613,2030,349,525,Point,0,67,1/4/18,2,NA,NA,0.377014,1.70701e+13,1,NA,460,46003,0,1,0,5.50004e+13,1707,1,166583,5.50004e+13,7,1,1,5.50004e+13,5.50004e+13,5.50004e+13,5.50004e+13,270.333547,5.50003e+13,0.377014,0,1,0,0,0,6,5.50004e+13,5.50004e+13,0,1,0,100,1.70701e+13,0,0,0,0,0.0512,0.0512,0.0512,65251,61406,65251,62070,0.114832,0.277014,1,0,0.0066,A,1707,0.003935,166583,5.50004e+13,7,1,1,5.50004e+13,5.50004e+13,5.50004e+13,5.50004e+13,270.333547,5.50003e+13,0.377014,0,1,0,0,0,6,5.50004e+13,5.50004e+13,0,1,0,100,1.70701e+13,0,0,0,0,0.0512,0.0512,0.0512,65251,61406,65251,62070,0.114832,0.277014,1,0,0.0066,A,1707,NA,NA,303,0.015035006,0.18834249,,,
304,-121.959333,45.790436,2030,350,526,Point,0,67,1/4/18,2,NA,NA,0.377014,1.70701e+13,1,NA,460,46003,0,1,0,5.50004e+13,1707,1,166583,5.50004e+13,7,1,1,5.50004e+13,5.50004e+13,5.50004e+13,5.50004e+13,270.333547,5.50003e+13,0.377014,0,1,0,0,0,6,5.50004e+13,5.50004e+13,0,1,0,100,1.70701e+13,0,0,0,0,0.0512,0.0512,0.0512,65251,61406,65251,62070,0.114832,0.277014,1,0,0.0066,A,1707,0.003935,166583,5.50004e+13,7,1,1,5.50004e+13,5.50004e+13,5.50004e+13,5.50004e+13,270.333547,5.50003e+13,0.377014,0,1,0,0,0,6,5.50004e+13,5.50004e+13,0,1,0,100,1.70701e+13,0,0,0,0,0.0512,0.0512,0.0512,65251,61406,65251,62070,0.114832,0.277014,1,0,0.0066,A,1707,NA,NA,304,0.015576278,0.18834249,,,
305,-121.959338,45.790372,2030,351,527,Point,0,67,1/4/18,2,NA,NA,0.377014,1.70701e+13,1,NA,460,46003,0,1,0,5.50004e+13,1707,1,166583,5.50004e+13,7,1,1,5.50004e+13,5.50004e+13,5.50004e+13,5.50004e+13,270.333547,5.50003e+13,0.377014,0,1,0,0,0,6,5.50004e+13,5.50004e+13,0,1,0,100,1.70701e+13,0,0,0,0,0.0512,0.0512,0.0512,65251,61406,65251,62070,0.114832,0.277014,1,0,0.0066,A,1707,0.003935,166583,5.50004e+13,7,1,1,5.50004e+13,5.50004e+13,5.50004e+13,5.50004e+13,270.333547,5.50003e+13,0.377014,0,1,0,0,0,6,5.50004e+13,5.50004e+13,0,1,0,100,1.70701e+13,0,0,0,0,0.0512,0.0512,0.0512,65251,61406,65251,62070,0.114832,0.277014,1,0,0.0066,A,1707,NA,NA,305,0.015736588,0.210023837,,,
306,-121.963282,45.791581,2031,57,542,Point,0,70,1/4/18,2,NA,NA,0.497949,1.70701e+13,1,NA,460,46003,0,1,0,5.50004e+13,1707,1,174760,5.50004e+13,7,2,2,5.50004e+13,5.50004e+13,5.50004e+13,5.50004e+13,270.170965,5.50003e+13,1.750638,0,0,0,5.50004e+13,5.50004e+13,6,5.50004e+13,5.50004e+13,0,1,43.558392,71.639664,1.70701e+13,0,0,0,0,0.0887,0.3213,0.3213,-9998,60983,65608,60983,0.092881,0.497949,1,0,0,A,1707,0.005561,174760,5.50004e+13,7,2,2,5.50004e+13,5.50004e+13,5.50004e+13,5.50004e+13,270.170965,5.50003e+13,1.750638,0,0,0,5.50004e+13,5.50004e+13,6,5.50004e+13,5.50004e+13,0,1,43.558392,71.639664,1.70701e+13,0,0,0,0,0.0887,0.3213,0.3213,-9998,60983,65608,60983,0.092881,0.497949,1,0,0,A,1707,NA,NA,306,0.031719053,0.094205804,,,
307,-121.963087,45.791424,2031,58,543,Point,0,70,1/4/18,2,NA,NA,0.497949,1.70701e+13,1,NA,460,46003,0,1,0,5.50004e+13,1707,1,174760,5.50004e+13,7,2,2,5.50004e+13,5.50004e+13,5.50004e+13,5.50004e+13,270.170965,5.50003e+13,1.750638,0,0,0,5.50004e+13,5.50004e+13,6,5.50004e+13,5.50004e+13,0,1,43.558392,71.639664,1.70701e+13,0,0,0,0,0.0887,0.3213,0.3213,-9998,60983,65608,60983,0.092881,0.497949,1,0,0,A,1707,0.005561,174760,5.50004e+13,7,2,2,5.50004e+13,5.50004e+13,5.50004e+13,5.50004e+13,270.170965,5.50003e+13,1.750638,0,0,0,5.50004e+13,5.50004e+13,6,5.50004e+13,5.50004e+13,0,1,43.558392,71.639664,1.70701e+13,0,0,0,0,0.0887,0.3213,0.3213,-9998,60983,65608,60983,0.092881,0.497949,1,0,0,A,1707,NA,NA,307,0.033054876,0.0881122,,,
308,-121.962849,45.791373,2031,59,544,Point,0,70,1/4/18,2,NA,NA,0.497949,1.70701e+13,1,NA,460,46003,0,1,0,5.50004e+13,1707,1,174760,5.50004e+13,7,2,2,5.50004e+13,5.50004e+13,5.50004e+13,5.50004e+13,270.170965,5.50003e+13,1.750638,0,0,0,5.50004e+13,5.50004e+13,6,5.50004e+13,5.50004e+13,0,1,43.558392,71.639664,1.70701e+13,0,0,0,0,0.0887,0.3213,0.3213,-9998,60983,65608,60983,0.092881,0.497949,1,0,0,A,1707,0.005561,174760,5.50004e+13,7,2,2,5.50004e+13,5.50004e+13,5.50004e+13,5.50004e+13,270.170965,5.50003e+13,1.750638,0,0,0,5.50004e+13,5.50004e+13,6,5.50004e+13,5.50004e+13,0,1,43.558392,71.639664,1.70701e+13,0,0,0,0,0.0887,0.3213,0.3213,-9998,60983,65608,60983,0.092881,0.497949,1,0,0,A,1707,NA,NA,308,0.034173265,0.083128601,,,
309,-121.962598,45.791345,2031,60,545,Point,0,70,1/4/18,2,NA,NA,0.497949,1.70701e+13,1,NA,460,46003,0,1,0,5.50004e+13,1707,1,174760,5.50004e+13,7,2,2,5.50004e+13,5.50004e+13,5.50004e+13,5.50004e+13,270.170965,5.50003e+13,1.750638,0,0,0,5.50004e+13,5.50004e+13,6,5.50004e+13,5.50004e+13,0,1,43.558392,71.639664,1.70701e+13,0,0,0,0,0.0887,0.3213,0.3213,-9998,60983,65608,60983,0.092881,0.497949,1,0,0,A,1707,0.005561,174760,5.50004e+13,7,2,2,5.50004e+13,5.50004e+13,5.50004e+13,5.50004e+13,270.170965,5.50003e+13,1.750638,0,0,0,5.50004e+13,5.50004e+13,6,5.50004e+13,5.50004e+13,0,1,43.558392,71.639664,1.70701e+13,0,0,0,0,0.0887,0.3213,0.3213,-9998,60983,65608,60983,0.092881,0.497949,1,0,0,A,1707,NA,NA,309,0.035315269,0.075952679,,,
310,-121.962354,45.791414,2031,61,546,Point,0,70,1/4/18,2,NA,NA,0.497949,1.70701e+13,1,NA,460,46003,0,1,0,5.50004e+13,1707,1,174760,5.50004e+13,7,2,2,5.50004e+13,5.50004e+13,5.50004e+13,5.50004e+13,270.170965,5.50003e+13,1.750638,0,0,0,5.50004e+13,5.50004e+13,6,5.50004e+13,5.50004e+13,0,1,43.558392,71.639664,1.70701e+13,0,0,0,0,0.0887,0.3213,0.3213,-9998,60983,65608,60983,0.092881,0.497949,1,0,0,A,1707,0.005561,174760,5.50004e+13,7,2,2,5.50004e+13,5.50004e+13,5.50004e+13,5.50004e+13,270.170965,5.50003e+13,1.750638,0,0,0,5.50004e+13,5.50004e+13,6,5.50004e+13,5.50004e+13,0,1,43.558392,71.639664,1.70701e+13,0,0,0,0,0.0887,0.3213,0.3213,-9998,60983,65608,60983,0.092881,0.497949,1,0,0,A,1707,NA,NA,310,0.036497757,0.074618589,,,
311,-121.962103,45.791448,2031,62,547,Point,0,70,1/4/18,2,NA,NA,0.497949,1.70701e+13,1,NA,460,46003,0,1,0,5.50004e+13,1707,1,174760,5.50004e+13,7,2,2,5.50004e+13,5.50004e+13,5.50004e+13,5.50004e+13,270.170965,5.50003e+13,1.750638,0,0,0,5.50004e+13,5.50004e+13,6,5.50004e+13,5.50004e+13,0,1,43.558392,71.639664,1.70701e+13,0,0,0,0,0.0887,0.3213,0.3213,-9998,60983,65608,60983,0.092881,0.497949,1,0,0,A,1707,0.005561,174760,5.50004e+13,7,2,2,5.50004e+13,5.50004e+13,5.50004e+13,5.50004e+13,270.170965,5.50003e+13,1.750638,0,0,0,5.50004e+13,5.50004e+13,6,5.50004e+13,5.50004e+13,0,1,43.558392,71.639664,1.70701e+13,0,0,0,0,0.0887,0.3213,0.3213,-9998,60983,65608,60983,0.092881,0.497949,1,0,0,A,1707,NA,NA,311,0.037646458,0.077695887,,,
312,-121.961857,45.791399,2031,63,548,Point,0,70,1/4/18,2,NA,NA,0.497949,1.70701e+13,1,NA,460,46003,0,1,0,5.50004e+13,1707,1,174760,5.50004e+13,7,2,2,5.50004e+13,5.50004e+13,5.50004e+13,5.50004e+13,270.170965,5.50003e+13,1.750638,0,0,0,5.50004e+13,5.50004e+13,6,5.50004e+13,5.50004e+13,0,1,43.558392,71.639664,1.70701e+13,0,0,0,0,0.0887,0.3213,0.3213,-9998,60983,65608,60983,0.092881,0.497949,1,0,0,A,1707,0.005561,174760,5.50004e+13,7,2,2,5.50004e+13,5.50004e+13,5.50004e+13,5.50004e+13,270.170965,5.50003e+13,1.750638,0,0,0,5.50004e+13,5.50004e+13,6,5.50004e+13,5.50004e+13,0,1,43.558392,71.639664,1.70701e+13,0,0,0,0,0.0887,0.3213,0.3213,-9998,60983,65608,60983,0.092881,0.497949,1,0,0,A,1707,NA,NA,312,0.038795679,0.082073706,,,
313,-121.961636,45.791302,2031,64,549,Point,0,70,1/4/18,2,NA,NA,0.497949,1.70701e+13,1,NA,460,46003,0,1,0,5.50004e+13,1707,1,174760,5.50004e+13,7,2,2,5.50004e+13,5.50004e+13,5.50004e+13,5.50004e+13,270.170965,5.50003e+13,1.750638,0,0,0,5.50004e+13,5.50004e+13,6,5.50004e+13,5.50004e+13,0,1,43.558392,71.639664,1.70701e+13,0,0,0,0,0.0887,0.3213,0.3213,-9998,60983,65608,60983,0.092881,0.497949,1,0,0,A,1707,0.005561,174760,5.50004e+13,7,2,2,5.50004e+13,5.50004e+13,5.50004e+13,5.50004e+13,270.170965,5.50003e+13,1.750638,0,0,0,5.50004e+13,5.50004e+13,6,5.50004e+13,5.50004e+13,0,1,43.558392,71.639664,1.70701e+13,0,0,0,0,0.0887,0.3213,0.3213,-9998,60983,65608,60983,0.092881,0.497949,1,0,0,A,1707,NA,NA,313,0.039967902,0.082073706,,,
314,-121.961415,45.791171,2031,65,550,Point,0,70,1/4/18,2,NA,NA,0.497949,1.70701e+13,1,NA,460,46003,0,1,0,5.50004e+13,1707,1,174760,5.50004e+13,7,2,2,5.50004e+13,5.50004e+13,5.50004e+13,5.50004e+13,270.170965,5.50003e+13,1.750638,0,0,0,5.50004e+13,5.50004e+13,6,5.50004e+13,5.50004e+13,0,1,43.558392,71.639664,1.70701e+13,0,0,0,0,0.0887,0.3213,0.3213,-9998,60983,65608,60983,0.092881,0.497949,1,0,0,A,1707,0.005561,174760,5.50004e+13,7,2,2,5.50004e+13,5.50004e+13,5.50004e+13,5.50004e+13,270.170965,5.50003e+13,1.750638,0,0,0,5.50004e+13,5.50004e+13,6,5.50004e+13,5.50004e+13,0,1,43.558392,71.639664,1.70701e+13,0,0,0,0,0.0887,0.3213,0.3213,-9998,60983,65608,60983,0.092881,0.497949,1,0,0,A,1707,NA,NA,314,0.041269398,0.0918149,,,
315,-121.961217,45.791023,2031,66,551,Point,0,70,1/4/18,2,NA,NA,0.497949,1.70701e+13,1,NA,460,46003,0,1,0,5.50004e+13,1707,1,174760,5.50004e+13,7,2,2,5.50004e+13,5.50004e+13,5.50004e+13,5.50004e+13,270.170965,5.50003e+13,1.750638,0,0,0,5.50004e+13,5.50004e+13,6,5.50004e+13,5.50004e+13,0,1,43.558392,71.639664,1.70701e+13,0,0,0,0,0.0887,0.3213,0.3213,-9998,60983,65608,60983,0.092881,0.497949,1,0,0,A,1707,0.005561,174760,5.50004e+13,7,2,2,5.50004e+13,5.50004e+13,5.50004e+13,5.50004e+13,270.170965,5.50003e+13,1.750638,0,0,0,5.50004e+13,5.50004e+13,6,5.50004e+13,5.50004e+13,0,1,43.558392,71.639664,1.70701e+13,0,0,0,0,0.0887,0.3213,0.3213,-9998,60983,65608,60983,0.092881,0.497949,1,0,0,A,1707,NA,NA,315,0.04257132,0.093597834,,,
316,-121.960993,45.790919,2031,67,552,Point,0,70,1/4/18,2,NA,NA,0.497949,1.70701e+13,1,NA,460,46003,0,1,0,5.50004e+13,1707,1,174760,5.50004e+13,7,2,2,5.50004e+13,5.50004e+13,5.50004e+13,5.50004e+13,270.170965,5.50003e+13,1.750638,0,0,0,5.50004e+13,5.50004e+13,6,5.50004e+13,5.50004e+13,0,1,43.558392,71.639664,1.70701e+13,0,0,0,0,0.0887,0.3213,0.3213,-9998,60983,65608,60983,0.092881,0.497949,1,0,0,A,1707,0.005561,174760,5.50004e+13,7,2,2,5.50004e+13,5.50004e+13,5.50004e+13,5.50004e+13,270.170965,5.50003e+13,1.750638,0,0,0,5.50004e+13,5.50004e+13,6,5.50004e+13,5.50004e+13,0,1,43.558392,71.639664,1.70701e+13,0,0,0,0,0.0887,0.3213,0.3213,-9998,60983,65608,60983,0.092881,0.497949,1,0,0,A,1707,NA,NA,316,0.043779258,0.092069401,,,
317,-121.960746,45.790867,2031,68,553,Point,0,70,1/4/18,2,NA,NA,0.497949,1.70701e+13,1,NA,460,46003,0,1,0,5.50004e+13,1707,1,174760,5.50004e+13,7,2,2,5.50004e+13,5.50004e+13,5.50004e+13,5.50004e+13,270.170965,5.50003e+13,1.750638,0,0,0,5.50004e+13,5.50004e+13,6,5.50004e+13,5.50004e+13,0,1,43.558392,71.639664,1.70701e+13,0,0,0,0,0.0887,0.3213,0.3213,-9998,60983,65608,60983,0.092881,0.497949,1,0,0,A,1707,0.005561,174760,5.50004e+13,7,2,2,5.50004e+13,5.50004e+13,5.50004e+13,5.50004e+13,270.170965,5.50003e+13,1.750638,0,0,0,5.50004e+13,5.50004e+13,6,5.50004e+13,5.50004e+13,0,1,43.558392,71.639664,1.70701e+13,0,0,0,0,0.0887,0.3213,0.3213,-9998,60983,65608,60983,0.092881,0.497949,1,0,0,A,1707,NA,NA,317,0.044938215,0.095423788,,,
318,-121.960537,45.790732,2031,69,554,Point,0,70,1/4/18,2,NA,NA,0.497949,1.70701e+13,1,NA,460,46003,0,1,0,5.50004e+13,1707,1,174760,5.50004e+13,7,2,2,5.50004e+13,5.50004e+13,5.50004e+13,5.50004e+13,270.170965,5.50003e+13,1.750638,0,0,0,5.50004e+13,5.50004e+13,6,5.50004e+13,5.50004e+13,0,1,43.558392,71.639664,1.70701e+13,0,0,0,0,0.0887,0.3213,0.3213,-9998,60983,65608,60983,0.092881,0.497949,1,0,0,A,1707,0.005561,174760,5.50004e+13,7,2,2,5.50004e+13,5.50004e+13,5.50004e+13,5.50004e+13,270.170965,5.50003e+13,1.750638,0,0,0,5.50004e+13,5.50004e+13,6,5.50004e+13,5.50004e+13,0,1,43.558392,71.639664,1.70701e+13,0,0,0,0,0.0887,0.3213,0.3213,-9998,60983,65608,60983,0.092881,0.497949,1,0,0,A,1707,NA,NA,318,0.04621635,0.095423788,,,
319,-121.960416,45.790529,2031,70,555,Point,0,70,1/4/18,2,NA,NA,0.497949,1.70701e+13,1,NA,460,46003,0,1,0,5.50004e+13,1707,1,174760,5.50004e+13,7,2,2,5.50004e+13,5.50004e+13,5.50004e+13,5.50004e+13,270.170965,5.50003e+13,1.750638,0,0,0,5.50004e+13,5.50004e+13,6,5.50004e+13,5.50004e+13,0,1,43.558392,71.639664,1.70701e+13,0,0,0,0,0.0887,0.3213,0.3213,-9998,60983,65608,60983,0.092881,0.497949,1,0,0,A,1707,0.005561,174760,5.50004e+13,7,2,2,5.50004e+13,5.50004e+13,5.50004e+13,5.50004e+13,270.170965,5.50003e+13,1.750638,0,0,0,5.50004e+13,5.50004e+13,6,5.50004e+13,5.50004e+13,0,1,43.558392,71.639664,1.70701e+13,0,0,0,0,0.0887,0.3213,0.3213,-9998,60983,65608,60983,0.092881,0.497949,1,0,0,A,1707,NA,NA,319,0.047628967,0.119714515,,,
320,-121.960206,45.79039,2031,71,556,Point,0,70,1/4/18,2,NA,NA,0.497949,1.70701e+13,1,NA,460,46003,0,1,0,5.50004e+13,1707,1,174760,5.50004e+13,7,2,2,5.50004e+13,5.50004e+13,5.50004e+13,5.50004e+13,270.170965,5.50003e+13,1.750638,0,0,0,5.50004e+13,5.50004e+13,6,5.50004e+13,5.50004e+13,0,1,43.558392,71.639664,1.70701e+13,0,0,0,0,0.0887,0.3213,0.3213,-9998,60983,65608,60983,0.092881,0.497949,1,0,0,A,1707,0.005561,174760,5.50004e+13,7,2,2,5.50004e+13,5.50004e+13,5.50004e+13,5.50004e+13,270.170965,5.50003e+13,1.750638,0,0,0,5.50004e+13,5.50004e+13,6,5.50004e+13,5.50004e+13,0,1,43.558392,71.639664,1.70701e+13,0,0,0,0,0.0887,0.3213,0.3213,-9998,60983,65608,60983,0.092881,0.497949,1,0,0,A,1707,NA,NA,320,0.048927931,0.145253429,,,
321,-121.960107,45.79016,2031,72,557,Point,0,70,1/4/18,2,NA,NA,0.497949,1.70701e+13,1,NA,460,46003,0,1,0,5.50004e+13,1707,1,174760,5.50004e+13,7,2,2,5.50004e+13,5.50004e+13,5.50004e+13,5.50004e+13,270.170965,5.50003e+13,1.750638,0,0,0,5.50004e+13,5.50004e+13,6,5.50004e+13,5.50004e+13,0,1,43.558392,71.639664,1.70701e+13,0,0,0,0,0.0887,0.3213,0.3213,-9998,60983,65608,60983,0.092881,0.497949,1,0,0,A,1707,0.005561,174760,5.50004e+13,7,2,2,5.50004e+13,5.50004e+13,5.50004e+13,5.50004e+13,270.170965,5.50003e+13,1.750638,0,0,0,5.50004e+13,5.50004e+13,6,5.50004e+13,5.50004e+13,0,1,43.558392,71.639664,1.70701e+13,0,0,0,0,0.0887,0.3213,0.3213,-9998,60983,65608,60983,0.092881,0.497949,1,0,0,A,1707,NA,NA,321,0.05047067,0.154748204,,,
322,-121.959924,45.790002,2031,73,558,Point,0,70,1/4/18,2,NA,NA,0.497949,1.70701e+13,1,NA,460,46003,0,1,0,5.50004e+13,1707,1,174760,5.50004e+13,7,2,2,5.50004e+13,5.50004e+13,5.50004e+13,5.50004e+13,270.170965,5.50003e+13,1.750638,0,0,0,5.50004e+13,5.50004e+13,6,5.50004e+13,5.50004e+13,0,1,43.558392,71.639664,1.70701e+13,0,0,0,0,0.0887,0.3213,0.3213,-9998,60983,65608,60983,0.092881,0.497949,1,0,0,A,1707,0.005561,174760,5.50004e+13,7,2,2,5.50004e+13,5.50004e+13,5.50004e+13,5.50004e+13,270.170965,5.50003e+13,1.750638,0,0,0,5.50004e+13,5.50004e+13,6,5.50004e+13,5.50004e+13,0,1,43.558392,71.639664,1.70701e+13,0,0,0,0,0.0887,0.3213,0.3213,-9998,60983,65608,60983,0.092881,0.497949,1,0,0,A,1707,NA,NA,322,0.051776764,0.172976041,,,
323,-121.959773,45.789835,2031,74,559,Point,0,70,1/4/18,2,NA,NA,0.497949,1.70701e+13,1,NA,460,46003,0,1,0,5.50004e+13,1707,1,174760,5.50004e+13,7,2,2,5.50004e+13,5.50004e+13,5.50004e+13,5.50004e+13,270.170965,5.50003e+13,1.750638,0,0,0,5.50004e+13,5.50004e+13,6,5.50004e+13,5.50004e+13,0,1,43.558392,71.639664,1.70701e+13,0,0,0,0,0.0887,0.3213,0.3213,-9998,60983,65608,60983,0.092881,0.497949,1,0,0,A,1707,0.005561,174760,5.50004e+13,7,2,2,5.50004e+13,5.50004e+13,5.50004e+13,5.50004e+13,270.170965,5.50003e+13,1.750638,0,0,0,5.50004e+13,5.50004e+13,6,5.50004e+13,5.50004e+13,0,1,43.558392,71.639664,1.70701e+13,0,0,0,0,0.0887,0.3213,0.3213,-9998,60983,65608,60983,0.092881,0.497949,1,0,0,A,1707,NA,NA,323,0.053045925,0.172976041,,,
324,-121.959686,45.789618,2031,75,560,Point,0,70,1/4/18,2,NA,NA,0.497949,1.70701e+13,1,NA,460,46003,0,1,0,5.50004e+13,1707,1,174760,5.50004e+13,7,2,2,5.50004e+13,5.50004e+13,5.50004e+13,5.50004e+13,270.170965,5.50003e+13,1.750638,0,0,0,5.50004e+13,5.50004e+13,6,5.50004e+13,5.50004e+13,0,1,43.558392,71.639664,1.70701e+13,0,0,0,0,0.0887,0.3213,0.3213,-9998,60983,65608,60983,0.092881,0.497949,1,0,0,A,1707,0.005561,174760,5.50004e+13,7,2,2,5.50004e+13,5.50004e+13,5.50004e+13,5.50004e+13,270.170965,5.50003e+13,1.750638,0,0,0,5.50004e+13,5.50004e+13,6,5.50004e+13,5.50004e+13,0,1,43.558392,71.639664,1.70701e+13,0,0,0,0,0.0887,0.3213,0.3213,-9998,60983,65608,60983,0.092881,0.497949,1,0,0,A,1707,NA,NA,324,0.054493432,0.194759769,,,
325,-121.959574,45.789397,2031,76,561,Point,0,70,1/4/18,2,NA,NA,0.497949,1.70701e+13,1,NA,460,46003,0,1,0,5.50004e+13,1707,1,174760,5.50004e+13,7,2,2,5.50004e+13,5.50004e+13,5.50004e+13,5.50004e+13,270.170965,5.50003e+13,1.750638,0,0,0,5.50004e+13,5.50004e+13,6,5.50004e+13,5.50004e+13,0,1,43.558392,71.639664,1.70701e+13,0,0,0,0,0.0887,0.3213,0.3213,-9998,60983,65608,60983,0.092881,0.497949,1,0,0,A,1707,0.005561,174760,5.50004e+13,7,2,2,5.50004e+13,5.50004e+13,5.50004e+13,5.50004e+13,270.170965,5.50003e+13,1.750638,0,0,0,5.50004e+13,5.50004e+13,6,5.50004e+13,5.50004e+13,0,1,43.558392,71.639664,1.70701e+13,0,0,0,0,0.0887,0.3213,0.3213,-9998,60983,65608,60983,0.092881,0.497949,1,0,0,A,1707,NA,NA,325,0.055999417,0.172233033,,,
326,-121.9594,45.789249,2031,77,562,Point,0,70,1/4/18,2,NA,NA,0.497949,1.70701e+13,1,NA,460,46003,0,1,0,5.50004e+13,1707,1,174760,5.50004e+13,7,2,2,5.50004e+13,5.50004e+13,5.50004e+13,5.50004e+13,270.170965,5.50003e+13,1.750638,0,0,0,5.50004e+13,5.50004e+13,6,5.50004e+13,5.50004e+13,0,1,43.558392,71.639664,1.70701e+13,0,0,0,0,0.0887,0.3213,0.3213,-9998,60983,65608,60983,0.092881,0.497949,1,0,0,A,1707,0.005561,174760,5.50004e+13,7,2,2,5.50004e+13,5.50004e+13,5.50004e+13,5.50004e+13,270.170965,5.50003e+13,1.750638,0,0,0,5.50004e+13,5.50004e+13,6,5.50004e+13,5.50004e+13,0,1,43.558392,71.639664,1.70701e+13,0,0,0,0,0.0887,0.3213,0.3213,-9998,60983,65608,60983,0.092881,0.497949,1,0,0,A,1707,NA,NA,326,0.05723019,0.158813692,,,
327,-121.959148,45.789259,2031,78,563,Point,0,70,1/4/18,2,NA,NA,0.497949,1.70701e+13,1,NA,460,46003,0,1,0,5.50004e+13,1707,1,174760,5.50004e+13,7,2,2,5.50004e+13,5.50004e+13,5.50004e+13,5.50004e+13,270.170965,5.50003e+13,1.750638,0,0,0,5.50004e+13,5.50004e+13,6,5.50004e+13,5.50004e+13,0,1,43.558392,71.639664,1.70701e+13,0,0,0,0,0.0887,0.3213,0.3213,-9998,60983,65608,60983,0.092881,0.497949,1,0,0,A,1707,0.005561,174760,5.50004e+13,7,2,2,5.50004e+13,5.50004e+13,5.50004e+13,5.50004e+13,270.170965,5.50003e+13,1.750638,0,0,0,5.50004e+13,5.50004e+13,6,5.50004e+13,5.50004e+13,0,1,43.558392,71.639664,1.70701e+13,0,0,0,0,0.0887,0.3213,0.3213,-9998,60983,65608,60983,0.092881,0.497949,1,0,0,A,1707,NA,NA,327,0.058364302,0.158813692,,,
328,-121.959015,45.789235,2031,79,564,Point,0,70,1/4/18,2,NA,NA,0.497949,1.70701e+13,1,NA,460,46003,0,1,0,5.50004e+13,1707,1,174760,5.50004e+13,7,2,2,5.50004e+13,5.50004e+13,5.50004e+13,5.50004e+13,270.170965,5.50003e+13,1.750638,0,0,0,5.50004e+13,5.50004e+13,6,5.50004e+13,5.50004e+13,0,1,43.558392,71.639664,1.70701e+13,0,0,0,0,0.0887,0.3213,0.3213,-9998,60983,65608,60983,0.092881,0.497949,1,0,0,A,1707,0.005561,174760,5.50004e+13,7,2,2,5.50004e+13,5.50004e+13,5.50004e+13,5.50004e+13,270.170965,5.50003e+13,1.750638,0,0,0,5.50004e+13,5.50004e+13,6,5.50004e+13,5.50004e+13,0,1,43.558392,71.639664,1.70701e+13,0,0,0,0,0.0887,0.3213,0.3213,-9998,60983,65608,60983,0.092881,0.497949,1,0,0,A,1707,NA,NA,328,0.05898146,0.162782902,,,
329,-121.959338,45.790372,2032,108,570,Point,0,73,1/4/18,2,NA,NA,0.162582,1.70701e+13,1,NA,460,46003,0,1,0,5.50004e+13,1707,1,199606,5.50004e+13,6,2,2,5.50004e+13,5.50004e+13,5.50004e+13,5.50004e+13,270.170965,5.50003e+13,2.136756,0,0,0,5.50004e+13,5.50004e+13,6,5.50004e+13,5.50004e+13,0,1,0,25.168039,1.70701e+13,0,0,0,0,0.014,0.2707,0.2707,-9998,59931,62070,60983,0.066858,0.162582,0,0,0,A,1707,0.001672,199606,5.50004e+13,6,2,2,5.50004e+13,5.50004e+13,5.50004e+13,5.50004e+13,270.170965,5.50003e+13,2.136756,0,0,0,5.50004e+13,5.50004e+13,6,5.50004e+13,5.50004e+13,0,1,0,25.168039,1.70701e+13,0,0,0,0,0.014,0.2707,0.2707,-9998,59931,62070,60983,0.066858,0.162582,0,0,0,A,1707,NA,NA,329,0.055446872,0.210023837,,,
330,-121.959216,45.79016,2032,109,571,Point,0,73,1/4/18,2,NA,NA,0.162582,1.70701e+13,1,NA,460,46003,0,1,0,5.50004e+13,1707,1,199606,5.50004e+13,6,2,2,5.50004e+13,5.50004e+13,5.50004e+13,5.50004e+13,270.170965,5.50003e+13,2.136756,0,0,0,5.50004e+13,5.50004e+13,6,5.50004e+13,5.50004e+13,0,1,0,25.168039,1.70701e+13,0,0,0,0,0.014,0.2707,0.2707,-9998,59931,62070,60983,0.066858,0.162582,0,0,0,A,1707,0.001672,199606,5.50004e+13,6,2,2,5.50004e+13,5.50004e+13,5.50004e+13,5.50004e+13,270.170965,5.50003e+13,2.136756,0,0,0,5.50004e+13,5.50004e+13,6,5.50004e+13,5.50004e+13,0,1,0,25.168039,1.70701e+13,0,0,0,0,0.014,0.2707,0.2707,-9998,59931,62070,60983,0.066858,0.162582,0,0,0,A,1707,NA,NA,330,0.056175602,0.210023837,,,
331,-121.958967,45.790126,2032,110,572,Point,0,73,1/4/18,2,NA,NA,0.162582,1.70701e+13,1,NA,460,46003,0,1,0,5.50004e+13,1707,1,199606,5.50004e+13,6,2,2,5.50004e+13,5.50004e+13,5.50004e+13,5.50004e+13,270.170965,5.50003e+13,2.136756,0,0,0,5.50004e+13,5.50004e+13,6,5.50004e+13,5.50004e+13,0,1,0,25.168039,1.70701e+13,0,0,0,0,0.014,0.2707,0.2707,-9998,59931,62070,60983,0.066858,0.162582,0,0,0,A,1707,0.001672,199606,5.50004e+13,6,2,2,5.50004e+13,5.50004e+13,5.50004e+13,5.50004e+13,270.170965,5.50003e+13,2.136756,0,0,0,5.50004e+13,5.50004e+13,6,5.50004e+13,5.50004e+13,0,1,0,25.168039,1.70701e+13,0,0,0,0,0.014,0.2707,0.2707,-9998,59931,62070,60983,0.066858,0.162582,0,0,0,A,1707,NA,NA,331,0.056741535,0.205515943,,,
332,-121.958844,45.789939,2032,111,573,Point,0,73,1/4/18,2,NA,NA,0.162582,1.70701e+13,1,NA,460,46003,0,1,0,5.50004e+13,1707,1,199606,5.50004e+13,6,2,2,5.50004e+13,5.50004e+13,5.50004e+13,5.50004e+13,270.170965,5.50003e+13,2.136756,0,0,0,5.50004e+13,5.50004e+13,6,5.50004e+13,5.50004e+13,0,1,0,25.168039,1.70701e+13,0,0,0,0,0.014,0.2707,0.2707,-9998,59931,62070,60983,0.066858,0.162582,0,0,0,A,1707,0.001672,199606,5.50004e+13,6,2,2,5.50004e+13,5.50004e+13,5.50004e+13,5.50004e+13,270.170965,5.50003e+13,2.136756,0,0,0,5.50004e+13,5.50004e+13,6,5.50004e+13,5.50004e+13,0,1,0,25.168039,1.70701e+13,0,0,0,0,0.014,0.2707,0.2707,-9998,59931,62070,60983,0.066858,0.162582,0,0,0,A,1707,NA,NA,332,0.057397922,0.156436615,,,
333,-121.958817,45.789714,2032,112,574,Point,0,73,1/4/18,2,NA,NA,0.162582,1.70701e+13,1,NA,460,46003,0,1,0,5.50004e+13,1707,1,199606,5.50004e+13,6,2,2,5.50004e+13,5.50004e+13,5.50004e+13,5.50004e+13,270.170965,5.50003e+13,2.136756,0,0,0,5.50004e+13,5.50004e+13,6,5.50004e+13,5.50004e+13,0,1,0,25.168039,1.70701e+13,0,0,0,0,0.014,0.2707,0.2707,-9998,59931,62070,60983,0.066858,0.162582,0,0,0,A,1707,0.001672,199606,5.50004e+13,6,2,2,5.50004e+13,5.50004e+13,5.50004e+13,5.50004e+13,270.170965,5.50003e+13,2.136756,0,0,0,5.50004e+13,5.50004e+13,6,5.50004e+13,5.50004e+13,0,1,0,25.168039,1.70701e+13,0,0,0,0,0.014,0.2707,0.2707,-9998,59931,62070,60983,0.066858,0.162582,0,0,0,A,1707,NA,NA,333,0.058117903,0.138443734,,,
334,-121.958902,45.789514,2032,113,575,Point,0,73,1/4/18,2,NA,NA,0.162582,1.70701e+13,1,NA,460,46003,0,1,0,5.50004e+13,1707,1,199606,5.50004e+13,6,2,2,5.50004e+13,5.50004e+13,5.50004e+13,5.50004e+13,270.170965,5.50003e+13,2.136756,0,0,0,5.50004e+13,5.50004e+13,6,5.50004e+13,5.50004e+13,0,1,0,25.168039,1.70701e+13,0,0,0,0,0.014,0.2707,0.2707,-9998,59931,62070,60983,0.066858,0.162582,0,0,0,A,1707,0.001672,199606,5.50004e+13,6,2,2,5.50004e+13,5.50004e+13,5.50004e+13,5.50004e+13,270.170965,5.50003e+13,2.136756,0,0,0,5.50004e+13,5.50004e+13,6,5.50004e+13,5.50004e+13,0,1,0,25.168039,1.70701e+13,0,0,0,0,0.014,0.2707,0.2707,-9998,59931,62070,60983,0.066858,0.162582,0,0,0,A,1707,NA,NA,334,0.058783234,0.157063947,,,
335,-121.959036,45.789335,2032,114,576,Point,0,73,1/4/18,2,NA,NA,0.162582,1.70701e+13,1,NA,460,46003,0,1,0,5.50004e+13,1707,1,199606,5.50004e+13,6,2,2,5.50004e+13,5.50004e+13,5.50004e+13,5.50004e+13,270.170965,5.50003e+13,2.136756,0,0,0,5.50004e+13,5.50004e+13,6,5.50004e+13,5.50004e+13,0,1,0,25.168039,1.70701e+13,0,0,0,0,0.014,0.2707,0.2707,-9998,59931,62070,60983,0.066858,0.162582,0,0,0,A,1707,0.001672,199606,5.50004e+13,6,2,2,5.50004e+13,5.50004e+13,5.50004e+13,5.50004e+13,270.170965,5.50003e+13,2.136756,0,0,0,5.50004e+13,5.50004e+13,6,5.50004e+13,5.50004e+13,0,1,0,25.168039,1.70701e+13,0,0,0,0,0.014,0.2707,0.2707,-9998,59931,62070,60983,0.066858,0.162582,0,0,0,A,1707,NA,NA,335,0.059427549,0.157063947,,,
336,-121.959015,45.789235,2032,115,577,Point,0,73,1/4/18,2,NA,NA,0.162582,1.70701e+13,1,NA,460,46003,0,1,0,5.50004e+13,1707,1,199606,5.50004e+13,6,2,2,5.50004e+13,5.50004e+13,5.50004e+13,5.50004e+13,270.170965,5.50003e+13,2.136756,0,0,0,5.50004e+13,5.50004e+13,6,5.50004e+13,5.50004e+13,0,1,0,25.168039,1.70701e+13,0,0,0,0,0.014,0.2707,0.2707,-9998,59931,62070,60983,0.066858,0.162582,0,0,0,A,1707,0.001672,199606,5.50004e+13,6,2,2,5.50004e+13,5.50004e+13,5.50004e+13,5.50004e+13,270.170965,5.50003e+13,2.136756,0,0,0,5.50004e+13,5.50004e+13,6,5.50004e+13,5.50004e+13,0,1,0,25.168039,1.70701e+13,0,0,0,0,0.014,0.2707,0.2707,-9998,59931,62070,60983,0.066858,0.162582,0,0,0,A,1707,NA,NA,336,0.059749841,0.162782902,,,
337,-121.947852,45.78519,2033,945,589,Point,0,75,1/4/18,2,1522756,Martha Creek,0.052777,1.70701e+13,1,NA,460,46006,0,1,0,5.50004e+13,1707,1,57007,5.50004e+13,5,5,5,5.50004e+13,5.50004e+13,5.50004e+13,5.50004e+13,268.83831,5.50003e+13,16.861874,0,0,0,5.50004e+13,5.50004e+13,5,5.50004e+13,5.50004e+13,0,1,98.615288,100,1.70701e+13,0,0,0,0,0.0159,2.9023,2.9023,-9998,42052,42265,42052,0.040358,0.052777,0,0,0,A,1707,0.000581,57007,5.50004e+13,5,5,5,5.50004e+13,5.50004e+13,5.50004e+13,5.50004e+13,268.83831,5.50003e+13,16.861874,0,0,0,5.50004e+13,5.50004e+13,5,5.50004e+13,5.50004e+13,0,1,98.615288,100,1.70701e+13,0,0,0,0,0.0159,2.9023,2.9023,-9998,42052,42265,42052,0.040358,0.052777,0,0,0,A,1707,NA,NA,337,0.487096469,0.197565532,,,
338,-121.947689,45.785371,2033,946,590,Point,0,75,1/4/18,2,1522756,Martha Creek,0.052777,1.70701e+13,1,NA,460,46006,0,1,0,5.50004e+13,1707,1,57007,5.50004e+13,5,5,5,5.50004e+13,5.50004e+13,5.50004e+13,5.50004e+13,268.83831,5.50003e+13,16.861874,0,0,0,5.50004e+13,5.50004e+13,5,5.50004e+13,5.50004e+13,0,1,98.615288,100,1.70701e+13,0,0,0,0,0.0159,2.9023,2.9023,-9998,42052,42265,42052,0.040358,0.052777,0,0,0,A,1707,0.000581,57007,5.50004e+13,5,5,5,5.50004e+13,5.50004e+13,5.50004e+13,5.50004e+13,268.83831,5.50003e+13,16.861874,0,0,0,5.50004e+13,5.50004e+13,5,5.50004e+13,5.50004e+13,0,1,98.615288,100,1.70701e+13,0,0,0,0,0.0159,2.9023,2.9023,-9998,42052,42265,42052,0.040358,0.052777,0,0,0,A,1707,NA,NA,338,0.489416711,0.097989973,,,
339,-121.94749,45.785502,2033,947,591,Point,0,75,1/4/18,2,1522756,Martha Creek,0.052777,1.70701e+13,1,NA,460,46006,0,1,0,5.50004e+13,1707,1,57007,5.50004e+13,5,5,5,5.50004e+13,5.50004e+13,5.50004e+13,5.50004e+13,268.83831,5.50003e+13,16.861874,0,0,0,5.50004e+13,5.50004e+13,5,5.50004e+13,5.50004e+13,0,1,98.615288,100,1.70701e+13,0,0,0,0,0.0159,2.9023,2.9023,-9998,42052,42265,42052,0.040358,0.052777,0,0,0,A,1707,0.000581,57007,5.50004e+13,5,5,5,5.50004e+13,5.50004e+13,5.50004e+13,5.50004e+13,268.83831,5.50003e+13,16.861874,0,0,0,5.50004e+13,5.50004e+13,5,5.50004e+13,5.50004e+13,0,1,98.615288,100,1.70701e+13,0,0,0,0,0.0159,2.9023,2.9023,-9998,42052,42265,42052,0.040358,0.052777,0,0,0,A,1707,NA,NA,339,0.491490074,0.200004909,,,
340,-121.947425,45.785503,2033,948,592,Point,0,75,1/4/18,2,1522756,Martha Creek,0.052777,1.70701e+13,1,NA,460,46006,0,1,0,5.50004e+13,1707,1,57007,5.50004e+13,5,5,5,5.50004e+13,5.50004e+13,5.50004e+13,5.50004e+13,268.83831,5.50003e+13,16.861874,0,0,0,5.50004e+13,5.50004e+13,5,5.50004e+13,5.50004e+13,0,1,98.615288,100,1.70701e+13,0,0,0,0,0.0159,2.9023,2.9023,-9998,42052,42265,42052,0.040358,0.052777,0,0,0,A,1707,0.000581,57007,5.50004e+13,5,5,5,5.50004e+13,5.50004e+13,5.50004e+13,5.50004e+13,268.83831,5.50003e+13,16.861874,0,0,0,5.50004e+13,5.50004e+13,5,5.50004e+13,5.50004e+13,0,1,98.615288,100,1.70701e+13,0,0,0,0,0.0159,2.9023,2.9023,-9998,42052,42265,42052,0.040358,0.052777,0,0,0,A,1707,NA,NA,340,0.491983417,0.129167134,,,
341,-121.944147,45.780631,2034,891,606,Point,0,78,1/4/18,2,NA,NA,0.258703,1.70701e+13,1,NA,460,46003,0,1,0,5.50004e+13,1707,1,236020,5.50004e+13,6,3,3,5.50004e+13,5.50004e+13,5.50004e+13,5.50004e+13,269.27025,5.50003e+13,4.078458,0,0,0,5.50004e+13,5.50004e+13,6,5.50004e+13,5.50004e+13,0,1,0,100,1.70701e+13,0,0,0,0,0.032,0.5541,0.5541,-9998,48465,54040,49680,0.168533,0.258703,0,0,0,A,1707,0.002568,236020,5.50004e+13,6,3,3,5.50004e+13,5.50004e+13,5.50004e+13,5.50004e+13,269.27025,5.50003e+13,4.078458,0,0,0,5.50004e+13,5.50004e+13,6,5.50004e+13,5.50004e+13,0,1,0,100,1.70701e+13,0,0,0,0,0.032,0.5541,0.5541,-9998,48465,54040,49680,0.168533,0.258703,0,0,0,A,1707,NA,NA,341,0.018703193,0.362066336,,,
342,-121.944313,45.780766,2034,892,607,Point,0,78,1/4/18,2,NA,NA,0.258703,1.70701e+13,1,NA,460,46003,0,1,0,5.50004e+13,1707,1,236020,5.50004e+13,6,3,3,5.50004e+13,5.50004e+13,5.50004e+13,5.50004e+13,269.27025,5.50003e+13,4.078458,0,0,0,5.50004e+13,5.50004e+13,6,5.50004e+13,5.50004e+13,0,1,0,100,1.70701e+13,0,0,0,0,0.032,0.5541,0.5541,-9998,48465,54040,49680,0.168533,0.258703,0,0,0,A,1707,0.002568,236020,5.50004e+13,6,3,3,5.50004e+13,5.50004e+13,5.50004e+13,5.50004e+13,269.27025,5.50003e+13,4.078458,0,0,0,5.50004e+13,5.50004e+13,6,5.50004e+13,5.50004e+13,0,1,0,100,1.70701e+13,0,0,0,0,0.032,0.5541,0.5541,-9998,48465,54040,49680,0.168533,0.258703,0,0,0,A,1707,NA,NA,342,0.01948946,0.262732834,,,
343,-121.944515,45.780885,2034,893,608,Point,0,78,1/4/18,2,NA,NA,0.258703,1.70701e+13,1,NA,460,46003,0,1,0,5.50004e+13,1707,1,236020,5.50004e+13,6,3,3,5.50004e+13,5.50004e+13,5.50004e+13,5.50004e+13,269.27025,5.50003e+13,4.078458,0,0,0,5.50004e+13,5.50004e+13,6,5.50004e+13,5.50004e+13,0,1,0,100,1.70701e+13,0,0,0,0,0.032,0.5541,0.5541,-9998,48465,54040,49680,0.168533,0.258703,0,0,0,A,1707,0.002568,236020,5.50004e+13,6,3,3,5.50004e+13,5.50004e+13,5.50004e+13,5.50004e+13,269.27025,5.50003e+13,4.078458,0,0,0,5.50004e+13,5.50004e+13,6,5.50004e+13,5.50004e+13,0,1,0,100,1.70701e+13,0,0,0,0,0.032,0.5541,0.5541,-9998,48465,54040,49680,0.168533,0.258703,0,0,0,A,1707,NA,NA,343,0.020305193,0.432416476,,,
344,-121.944694,45.781042,2034,894,609,Point,0,78,1/4/18,2,NA,NA,0.258703,1.70701e+13,1,NA,460,46003,0,1,0,5.50004e+13,1707,1,236020,5.50004e+13,6,3,3,5.50004e+13,5.50004e+13,5.50004e+13,5.50004e+13,269.27025,5.50003e+13,4.078458,0,0,0,5.50004e+13,5.50004e+13,6,5.50004e+13,5.50004e+13,0,1,0,100,1.70701e+13,0,0,0,0,0.032,0.5541,0.5541,-9998,48465,54040,49680,0.168533,0.258703,0,0,0,A,1707,0.002568,236020,5.50004e+13,6,3,3,5.50004e+13,5.50004e+13,5.50004e+13,5.50004e+13,269.27025,5.50003e+13,4.078458,0,0,0,5.50004e+13,5.50004e+13,6,5.50004e+13,5.50004e+13,0,1,0,100,1.70701e+13,0,0,0,0,0.032,0.5541,0.5541,-9998,48465,54040,49680,0.168533,0.258703,0,0,0,A,1707,NA,NA,344,0.021191891,0.49391119,,,
345,-121.944837,45.781213,2034,895,610,Point,0,78,1/4/18,2,NA,NA,0.258703,1.70701e+13,1,NA,460,46003,0,1,0,5.50004e+13,1707,1,236020,5.50004e+13,6,3,3,5.50004e+13,5.50004e+13,5.50004e+13,5.50004e+13,269.27025,5.50003e+13,4.078458,0,0,0,5.50004e+13,5.50004e+13,6,5.50004e+13,5.50004e+13,0,1,0,100,1.70701e+13,0,0,0,0,0.032,0.5541,0.5541,-9998,48465,54040,49680,0.168533,0.258703,0,0,0,A,1707,0.002568,236020,5.50004e+13,6,3,3,5.50004e+13,5.50004e+13,5.50004e+13,5.50004e+13,269.27025,5.50003e+13,4.078458,0,0,0,5.50004e+13,5.50004e+13,6,5.50004e+13,5.50004e+13,0,1,0,100,1.70701e+13,0,0,0,0,0.032,0.5541,0.5541,-9998,48465,54040,49680,0.168533,0.258703,0,0,0,A,1707,NA,NA,345,0.022066602,0.312618265,,,
346,-121.944962,45.781406,2034,896,611,Point,0,78,1/4/18,2,NA,NA,0.258703,1.70701e+13,1,NA,460,46003,0,1,0,5.50004e+13,1707,1,236020,5.50004e+13,6,3,3,5.50004e+13,5.50004e+13,5.50004e+13,5.50004e+13,269.27025,5.50003e+13,4.078458,0,0,0,5.50004e+13,5.50004e+13,6,5.50004e+13,5.50004e+13,0,1,0,100,1.70701e+13,0,0,0,0,0.032,0.5541,0.5541,-9998,48465,54040,49680,0.168533,0.258703,0,0,0,A,1707,0.002568,236020,5.50004e+13,6,3,3,5.50004e+13,5.50004e+13,5.50004e+13,5.50004e+13,269.27025,5.50003e+13,4.078458,0,0,0,5.50004e+13,5.50004e+13,6,5.50004e+13,5.50004e+13,0,1,0,100,1.70701e+13,0,0,0,0,0.032,0.5541,0.5541,-9998,48465,54040,49680,0.168533,0.258703,0,0,0,A,1707,NA,NA,346,0.023002113,0.555000701,,,
347,-121.945007,45.781655,2034,897,612,Point,0,78,1/4/18,2,NA,NA,0.258703,1.70701e+13,1,NA,460,46003,0,1,0,5.50004e+13,1707,1,236020,5.50004e+13,6,3,3,5.50004e+13,5.50004e+13,5.50004e+13,5.50004e+13,269.27025,5.50003e+13,4.078458,0,0,0,5.50004e+13,5.50004e+13,6,5.50004e+13,5.50004e+13,0,1,0,100,1.70701e+13,0,0,0,0,0.032,0.5541,0.5541,-9998,48465,54040,49680,0.168533,0.258703,0,0,0,A,1707,0.002568,236020,5.50004e+13,6,3,3,5.50004e+13,5.50004e+13,5.50004e+13,5.50004e+13,269.27025,5.50003e+13,4.078458,0,0,0,5.50004e+13,5.50004e+13,6,5.50004e+13,5.50004e+13,0,1,0,100,1.70701e+13,0,0,0,0,0.032,0.5541,0.5541,-9998,48465,54040,49680,0.168533,0.258703,0,0,0,A,1707,NA,NA,347,0.02411021,0.405374242,,,
348,-121.945058,45.781893,2034,898,613,Point,0,78,1/4/18,2,NA,NA,0.258703,1.70701e+13,1,NA,460,46003,0,1,0,5.50004e+13,1707,1,236020,5.50004e+13,6,3,3,5.50004e+13,5.50004e+13,5.50004e+13,5.50004e+13,269.27025,5.50003e+13,4.078458,0,0,0,5.50004e+13,5.50004e+13,6,5.50004e+13,5.50004e+13,0,1,0,100,1.70701e+13,0,0,0,0,0.032,0.5541,0.5541,-9998,48465,54040,49680,0.168533,0.258703,0,0,0,A,1707,0.002568,236020,5.50004e+13,6,3,3,5.50004e+13,5.50004e+13,5.50004e+13,5.50004e+13,269.27025,5.50003e+13,4.078458,0,0,0,5.50004e+13,5.50004e+13,6,5.50004e+13,5.50004e+13,0,1,0,100,1.70701e+13,0,0,0,0,0.032,0.5541,0.5541,-9998,48465,54040,49680,0.168533,0.258703,0,0,0,A,1707,NA,NA,348,0.025172732,0.281496515,,,
349,-121.945016,45.782129,2034,899,614,Point,0,78,1/4/18,2,NA,NA,0.258703,1.70701e+13,1,NA,460,46003,0,1,0,5.50004e+13,1707,1,236020,5.50004e+13,6,3,3,5.50004e+13,5.50004e+13,5.50004e+13,5.50004e+13,269.27025,5.50003e+13,4.078458,0,0,0,5.50004e+13,5.50004e+13,6,5.50004e+13,5.50004e+13,0,1,0,100,1.70701e+13,0,0,0,0,0.032,0.5541,0.5541,-9998,48465,54040,49680,0.168533,0.258703,0,0,0,A,1707,0.002568,236020,5.50004e+13,6,3,3,5.50004e+13,5.50004e+13,5.50004e+13,5.50004e+13,269.27025,5.50003e+13,4.078458,0,0,0,5.50004e+13,5.50004e+13,6,5.50004e+13,5.50004e+13,0,1,0,100,1.70701e+13,0,0,0,0,0.032,0.5541,0.5541,-9998,48465,54040,49680,0.168533,0.258703,0,0,0,A,1707,NA,NA,349,0.026222726,0.214304011,,,
350,-121.944952,45.782369,2034,900,615,Point,0,78,1/4/18,2,NA,NA,0.258703,1.70701e+13,1,NA,460,46003,0,1,0,5.50004e+13,1707,1,236020,5.50004e+13,6,3,3,5.50004e+13,5.50004e+13,5.50004e+13,5.50004e+13,269.27025,5.50003e+13,4.078458,0,0,0,5.50004e+13,5.50004e+13,6,5.50004e+13,5.50004e+13,0,1,0,100,1.70701e+13,0,0,0,0,0.032,0.5541,0.5541,-9998,48465,54040,49680,0.168533,0.258703,0,0,0,A,1707,0.002568,236020,5.50004e+13,6,3,3,5.50004e+13,5.50004e+13,5.50004e+13,5.50004e+13,269.27025,5.50003e+13,4.078458,0,0,0,5.50004e+13,5.50004e+13,6,5.50004e+13,5.50004e+13,0,1,0,100,1.70701e+13,0,0,0,0,0.032,0.5541,0.5541,-9998,48465,54040,49680,0.168533,0.258703,0,0,0,A,1707,NA,NA,350,0.027300619,0.271970036,,,
351,-121.945055,45.782578,2034,901,616,Point,0,78,1/4/18,2,NA,NA,0.258703,1.70701e+13,1,NA,460,46003,0,1,0,5.50004e+13,1707,1,236020,5.50004e+13,6,3,3,5.50004e+13,5.50004e+13,5.50004e+13,5.50004e+13,269.27025,5.50003e+13,4.078458,0,0,0,5.50004e+13,5.50004e+13,6,5.50004e+13,5.50004e+13,0,1,0,100,1.70701e+13,0,0,0,0,0.032,0.5541,0.5541,-9998,48465,54040,49680,0.168533,0.258703,0,0,0,A,1707,0.002568,236020,5.50004e+13,6,3,3,5.50004e+13,5.50004e+13,5.50004e+13,5.50004e+13,269.27025,5.50003e+13,4.078458,0,0,0,5.50004e+13,5.50004e+13,6,5.50004e+13,5.50004e+13,0,1,0,100,1.70701e+13,0,0,0,0,0.032,0.5541,0.5541,-9998,48465,54040,49680,0.168533,0.258703,0,0,0,A,1707,NA,NA,351,0.028276675,0.190729654,,,
352,-121.945055,45.782578,2035,870,641,Point,0,82,1/4/18,2,NA,NA,0.169869,1.70701e+13,1,NA,460,46003,0,1,0,5.50004e+13,1707,1,79847,5.50004e+13,6,3,3,5.50004e+13,5.50004e+13,5.50004e+13,5.50004e+13,269.100382,5.50003e+13,4.467866,0,0,0,5.50004e+13,5.50004e+13,6,5.50004e+13,5.50004e+13,0,1,0,100,1.70701e+13,0,0,0,0,0.0275,0.6254,0.6254,-9998,43808,49680,44194,0.322955,0.169869,0,0,0,A,1707,0.001891,79847,5.50004e+13,6,3,3,5.50004e+13,5.50004e+13,5.50004e+13,5.50004e+13,269.100382,5.50003e+13,4.467866,0,0,0,5.50004e+13,5.50004e+13,6,5.50004e+13,5.50004e+13,0,1,0,100,1.70701e+13,0,0,0,0,0.0275,0.6254,0.6254,-9998,43808,49680,44194,0.322955,0.169869,0,0,0,A,1707,NA,NA,352,0.041738832,0.190729654,,,
353,-121.945262,45.782729,2035,871,642,Point,0,82,1/4/18,2,NA,NA,0.169869,1.70701e+13,1,NA,460,46003,0,1,0,5.50004e+13,1707,1,79847,5.50004e+13,6,3,3,5.50004e+13,5.50004e+13,5.50004e+13,5.50004e+13,269.100382,5.50003e+13,4.467866,0,0,0,5.50004e+13,5.50004e+13,6,5.50004e+13,5.50004e+13,0,1,0,100,1.70701e+13,0,0,0,0,0.0275,0.6254,0.6254,-9998,43808,49680,44194,0.322955,0.169869,0,0,0,A,1707,0.001891,79847,5.50004e+13,6,3,3,5.50004e+13,5.50004e+13,5.50004e+13,5.50004e+13,269.100382,5.50003e+13,4.467866,0,0,0,5.50004e+13,5.50004e+13,6,5.50004e+13,5.50004e+13,0,1,0,100,1.70701e+13,0,0,0,0,0.0275,0.6254,0.6254,-9998,43808,49680,44194,0.322955,0.169869,0,0,0,A,1707,NA,NA,353,0.042922253,0.190952129,,,
354,-121.945479,45.782868,2035,872,643,Point,0,82,1/4/18,2,NA,NA,0.169869,1.70701e+13,1,NA,460,46003,0,1,0,5.50004e+13,1707,1,79847,5.50004e+13,6,3,3,5.50004e+13,5.50004e+13,5.50004e+13,5.50004e+13,269.100382,5.50003e+13,4.467866,0,0,0,5.50004e+13,5.50004e+13,6,5.50004e+13,5.50004e+13,0,1,0,100,1.70701e+13,0,0,0,0,0.0275,0.6254,0.6254,-9998,43808,49680,44194,0.322955,0.169869,0,0,0,A,1707,0.001891,79847,5.50004e+13,6,3,3,5.50004e+13,5.50004e+13,5.50004e+13,5.50004e+13,269.100382,5.50003e+13,4.467866,0,0,0,5.50004e+13,5.50004e+13,6,5.50004e+13,5.50004e+13,0,1,0,100,1.70701e+13,0,0,0,0,0.0275,0.6254,0.6254,-9998,43808,49680,44194,0.322955,0.169869,0,0,0,A,1707,NA,NA,354,0.044086535,0.190952129,,,
355,-121.945705,45.782981,2035,873,644,Point,0,82,1/4/18,2,NA,NA,0.169869,1.70701e+13,1,NA,460,46003,0,1,0,5.50004e+13,1707,1,79847,5.50004e+13,6,3,3,5.50004e+13,5.50004e+13,5.50004e+13,5.50004e+13,269.100382,5.50003e+13,4.467866,0,0,0,5.50004e+13,5.50004e+13,6,5.50004e+13,5.50004e+13,0,1,0,100,1.70701e+13,0,0,0,0,0.0275,0.6254,0.6254,-9998,43808,49680,44194,0.322955,0.169869,0,0,0,A,1707,0.001891,79847,5.50004e+13,6,3,3,5.50004e+13,5.50004e+13,5.50004e+13,5.50004e+13,269.100382,5.50003e+13,4.467866,0,0,0,5.50004e+13,5.50004e+13,6,5.50004e+13,5.50004e+13,0,1,0,100,1.70701e+13,0,0,0,0,0.0275,0.6254,0.6254,-9998,43808,49680,44194,0.322955,0.169869,0,0,0,A,1707,NA,NA,355,0.0451858,0.174592253,,,
356,-121.94586,45.783176,2035,874,645,Point,0,82,1/4/18,2,NA,NA,0.169869,1.70701e+13,1,NA,460,46003,0,1,0,5.50004e+13,1707,1,79847,5.50004e+13,6,3,3,5.50004e+13,5.50004e+13,5.50004e+13,5.50004e+13,269.100382,5.50003e+13,4.467866,0,0,0,5.50004e+13,5.50004e+13,6,5.50004e+13,5.50004e+13,0,1,0,100,1.70701e+13,0,0,0,0,0.0275,0.6254,0.6254,-9998,43808,49680,44194,0.322955,0.169869,0,0,0,A,1707,0.001891,79847,5.50004e+13,6,3,3,5.50004e+13,5.50004e+13,5.50004e+13,5.50004e+13,269.100382,5.50003e+13,4.467866,0,0,0,5.50004e+13,5.50004e+13,6,5.50004e+13,5.50004e+13,0,1,0,100,1.70701e+13,0,0,0,0,0.0275,0.6254,0.6254,-9998,43808,49680,44194,0.322955,0.169869,0,0,0,A,1707,NA,NA,356,0.046447828,0.202058964,,,
357,-121.945961,45.783387,2035,875,646,Point,0,82,1/4/18,2,NA,NA,0.169869,1.70701e+13,1,NA,460,46003,0,1,0,5.50004e+13,1707,1,79847,5.50004e+13,6,3,3,5.50004e+13,5.50004e+13,5.50004e+13,5.50004e+13,269.100382,5.50003e+13,4.467866,0,0,0,5.50004e+13,5.50004e+13,6,5.50004e+13,5.50004e+13,0,1,0,100,1.70701e+13,0,0,0,0,0.0275,0.6254,0.6254,-9998,43808,49680,44194,0.322955,0.169869,0,0,0,A,1707,0.001891,79847,5.50004e+13,6,3,3,5.50004e+13,5.50004e+13,5.50004e+13,5.50004e+13,269.100382,5.50003e+13,4.467866,0,0,0,5.50004e+13,5.50004e+13,6,5.50004e+13,5.50004e+13,0,1,0,100,1.70701e+13,0,0,0,0,0.0275,0.6254,0.6254,-9998,43808,49680,44194,0.322955,0.169869,0,0,0,A,1707,NA,NA,357,0.047706414,0.202058964,,,
358,-121.946199,45.783481,2035,876,647,Point,0,82,1/4/18,2,NA,NA,0.169869,1.70701e+13,1,NA,460,46003,0,1,0,5.50004e+13,1707,1,79847,5.50004e+13,6,3,3,5.50004e+13,5.50004e+13,5.50004e+13,5.50004e+13,269.100382,5.50003e+13,4.467866,0,0,0,5.50004e+13,5.50004e+13,6,5.50004e+13,5.50004e+13,0,1,0,100,1.70701e+13,0,0,0,0,0.0275,0.6254,0.6254,-9998,43808,49680,44194,0.322955,0.169869,0,0,0,A,1707,0.001891,79847,5.50004e+13,6,3,3,5.50004e+13,5.50004e+13,5.50004e+13,5.50004e+13,269.100382,5.50003e+13,4.467866,0,0,0,5.50004e+13,5.50004e+13,6,5.50004e+13,5.50004e+13,0,1,0,100,1.70701e+13,0,0,0,0,0.0275,0.6254,0.6254,-9998,43808,49680,44194,0.322955,0.169869,0,0,0,A,1707,NA,NA,358,0.048787961,0.270012337,,,
359,-121.946455,45.783499,2035,877,648,Point,0,82,1/4/18,2,NA,NA,0.169869,1.70701e+13,1,NA,460,46003,0,1,0,5.50004e+13,1707,1,79847,5.50004e+13,6,3,3,5.50004e+13,5.50004e+13,5.50004e+13,5.50004e+13,269.100382,5.50003e+13,4.467866,0,0,0,5.50004e+13,5.50004e+13,6,5.50004e+13,5.50004e+13,0,1,0,100,1.70701e+13,0,0,0,0,0.0275,0.6254,0.6254,-9998,43808,49680,44194,0.322955,0.169869,0,0,0,A,1707,0.001891,79847,5.50004e+13,6,3,3,5.50004e+13,5.50004e+13,5.50004e+13,5.50004e+13,269.100382,5.50003e+13,4.467866,0,0,0,5.50004e+13,5.50004e+13,6,5.50004e+13,5.50004e+13,0,1,0,100,1.70701e+13,0,0,0,0,0.0275,0.6254,0.6254,-9998,43808,49680,44194,0.322955,0.169869,0,0,0,A,1707,NA,NA,359,0.049806138,0.291886694,,,
360,-121.946521,45.783549,2035,878,649,Point,0,82,1/4/18,2,NA,NA,0.169869,1.70701e+13,1,NA,460,46003,0,1,0,5.50004e+13,1707,1,79847,5.50004e+13,6,3,3,5.50004e+13,5.50004e+13,5.50004e+13,5.50004e+13,269.100382,5.50003e+13,4.467866,0,0,0,5.50004e+13,5.50004e+13,6,5.50004e+13,5.50004e+13,0,1,0,100,1.70701e+13,0,0,0,0,0.0275,0.6254,0.6254,-9998,43808,49680,44194,0.322955,0.169869,0,0,0,A,1707,0.001891,79847,5.50004e+13,6,3,3,5.50004e+13,5.50004e+13,5.50004e+13,5.50004e+13,269.100382,5.50003e+13,4.467866,0,0,0,5.50004e+13,5.50004e+13,6,5.50004e+13,5.50004e+13,0,1,0,100,1.70701e+13,0,0,0,0,0.0275,0.6254,0.6254,-9998,43808,49680,44194,0.322955,0.169869,0,0,0,A,1707,NA,NA,360,0.050191099,0.291886694,,,
361,-121.959692,45.792766,2036,172,650,Point,0,83,1/4/18,2,NA,NA,0.094399,1.70701e+13,1,NA,460,46003,0,1,0,5.50004e+13,1707,1,121393,5.50004e+13,6,2,2,5.50004e+13,5.50004e+13,5.50004e+13,5.50004e+13,270.534785,5.50003e+13,0.54451,0,0,0,5.50004e+13,5.50004e+13,6,5.50004e+13,5.50004e+13,0,1,56.322521,70.937752,1.70701e+13,0,0,0,0,0.0055,0.0818,0.0818,-9998,64250,66130,64279,0.196082,0.094399,0,0,0,A,1707,0.000899,121393,5.50004e+13,6,2,2,5.50004e+13,5.50004e+13,5.50004e+13,5.50004e+13,270.534785,5.50003e+13,0.54451,0,0,0,5.50004e+13,5.50004e+13,6,5.50004e+13,5.50004e+13,0,1,56.322521,70.937752,1.70701e+13,0,0,0,0,0.0055,0.0818,0.0818,-9998,64250,66130,64279,0.196082,0.094399,0,0,0,A,1707,NA,NA,361,0.000845225,0.263904989,,,
362,-121.959768,45.792551,2036,173,651,Point,0,83,1/4/18,2,NA,NA,0.094399,1.70701e+13,1,NA,460,46003,0,1,0,5.50004e+13,1707,1,121393,5.50004e+13,6,2,2,5.50004e+13,5.50004e+13,5.50004e+13,5.50004e+13,270.534785,5.50003e+13,0.54451,0,0,0,5.50004e+13,5.50004e+13,6,5.50004e+13,5.50004e+13,0,1,56.322521,70.937752,1.70701e+13,0,0,0,0,0.0055,0.0818,0.0818,-9998,64250,66130,64279,0.196082,0.094399,0,0,0,A,1707,0.000899,121393,5.50004e+13,6,2,2,5.50004e+13,5.50004e+13,5.50004e+13,5.50004e+13,270.534785,5.50003e+13,0.54451,0,0,0,5.50004e+13,5.50004e+13,6,5.50004e+13,5.50004e+13,0,1,56.322521,70.937752,1.70701e+13,0,0,0,0,0.0055,0.0818,0.0818,-9998,64250,66130,64279,0.196082,0.094399,0,0,0,A,1707,NA,NA,362,0.001076963,0.211994958,,,
363,-121.959846,45.792329,2036,174,652,Point,0,83,1/4/18,2,NA,NA,0.094399,1.70701e+13,1,NA,460,46003,0,1,0,5.50004e+13,1707,1,121393,5.50004e+13,6,2,2,5.50004e+13,5.50004e+13,5.50004e+13,5.50004e+13,270.534785,5.50003e+13,0.54451,0,0,0,5.50004e+13,5.50004e+13,6,5.50004e+13,5.50004e+13,0,1,56.322521,70.937752,1.70701e+13,0,0,0,0,0.0055,0.0818,0.0818,-9998,64250,66130,64279,0.196082,0.094399,0,0,0,A,1707,0.000899,121393,5.50004e+13,6,2,2,5.50004e+13,5.50004e+13,5.50004e+13,5.50004e+13,270.534785,5.50003e+13,0.54451,0,0,0,5.50004e+13,5.50004e+13,6,5.50004e+13,5.50004e+13,0,1,56.322521,70.937752,1.70701e+13,0,0,0,0,0.0055,0.0818,0.0818,-9998,64250,66130,64279,0.196082,0.094399,0,0,0,A,1707,NA,NA,363,0.001316162,0.151224844,,,
364,-121.959839,45.792091,2036,175,653,Point,0,83,1/4/18,2,NA,NA,0.094399,1.70701e+13,1,NA,460,46003,0,1,0,5.50004e+13,1707,1,121393,5.50004e+13,6,2,2,5.50004e+13,5.50004e+13,5.50004e+13,5.50004e+13,270.534785,5.50003e+13,0.54451,0,0,0,5.50004e+13,5.50004e+13,6,5.50004e+13,5.50004e+13,0,1,56.322521,70.937752,1.70701e+13,0,0,0,0,0.0055,0.0818,0.0818,-9998,64250,66130,64279,0.196082,0.094399,0,0,0,A,1707,0.000899,121393,5.50004e+13,6,2,2,5.50004e+13,5.50004e+13,5.50004e+13,5.50004e+13,270.534785,5.50003e+13,0.54451,0,0,0,5.50004e+13,5.50004e+13,6,5.50004e+13,5.50004e+13,0,1,56.322521,70.937752,1.70701e+13,0,0,0,0,0.0055,0.0818,0.0818,-9998,64250,66130,64279,0.196082,0.094399,0,0,0,A,1707,NA,NA,364,0.001565242,0.151224844,,,
365,-121.959857,45.791972,2036,176,654,Point,0,83,1/4/18,2,NA,NA,0.094399,1.70701e+13,1,NA,460,46003,0,1,0,5.50004e+13,1707,1,121393,5.50004e+13,6,2,2,5.50004e+13,5.50004e+13,5.50004e+13,5.50004e+13,270.534785,5.50003e+13,0.54451,0,0,0,5.50004e+13,5.50004e+13,6,5.50004e+13,5.50004e+13,0,1,56.322521,70.937752,1.70701e+13,0,0,0,0,0.0055,0.0818,0.0818,-9998,64250,66130,64279,0.196082,0.094399,0,0,0,A,1707,0.000899,121393,5.50004e+13,6,2,2,5.50004e+13,5.50004e+13,5.50004e+13,5.50004e+13,270.534785,5.50003e+13,0.54451,0,0,0,5.50004e+13,5.50004e+13,6,5.50004e+13,5.50004e+13,0,1,56.322521,70.937752,1.70701e+13,0,0,0,0,0.0055,0.0818,0.0818,-9998,64250,66130,64279,0.196082,0.094399,0,0,0,A,1707,NA,NA,365,0.00169045,0.124000532,,,
366,-121.943963,45.790363,2037,686,655,Point,0,84,1/4/18,2,NA,NA,0.453574,1.70701e+13,1,NA,460,46003,0,1,0,5.50004e+13,1707,1,144107,5.50004e+13,6,3,3,5.50004e+13,5.50004e+13,5.50004e+13,5.50004e+13,267.992314,5.50003e+13,5.288038,0,0,0,5.50004e+13,5.50004e+13,5,5.50004e+13,5.50004e+13,0,1,0,100,1.70701e+13,0,0,0,0,0.0549,1.0379,1.0379,-9998,38974,43081,39512,0.078686,0.453574,1,0,0,A,1707,0.005212,144107,5.50004e+13,6,3,3,5.50004e+13,5.50004e+13,5.50004e+13,5.50004e+13,267.992314,5.50003e+13,5.288038,0,0,0,5.50004e+13,5.50004e+13,5,5.50004e+13,5.50004e+13,0,1,0,100,1.70701e+13,0,0,0,0,0.0549,1.0379,1.0379,-9998,38974,43081,39512,0.078686,0.453574,1,0,0,A,1707,NA,-121.94396345.790363,366,0.16557221,0.176246912,,,
367,-121.94371,45.790348,2037,687,656,Point,0,84,1/4/18,2,NA,NA,0.453574,1.70701e+13,1,NA,460,46003,0,1,0,5.50004e+13,1707,1,144107,5.50004e+13,6,3,3,5.50004e+13,5.50004e+13,5.50004e+13,5.50004e+13,267.992314,5.50003e+13,5.288038,0,0,0,5.50004e+13,5.50004e+13,5,5.50004e+13,5.50004e+13,0,1,0,100,1.70701e+13,0,0,0,0,0.0549,1.0379,1.0379,-9998,38974,43081,39512,0.078686,0.453574,1,0,0,A,1707,0.005212,144107,5.50004e+13,6,3,3,5.50004e+13,5.50004e+13,5.50004e+13,5.50004e+13,267.992314,5.50003e+13,5.288038,0,0,0,5.50004e+13,5.50004e+13,5,5.50004e+13,5.50004e+13,0,1,0,100,1.70701e+13,0,0,0,0,0.0549,1.0379,1.0379,-9998,38974,43081,39512,0.078686,0.453574,1,0,0,A,1707,NA,-121.9437145.790348,367,0.166344406,0.181759253,,,
368,-121.943465,45.790294,2037,688,657,Point,0,84,1/4/18,2,NA,NA,0.453574,1.70701e+13,1,NA,460,46003,0,1,0,5.50004e+13,1707,1,144107,5.50004e+13,6,3,3,5.50004e+13,5.50004e+13,5.50004e+13,5.50004e+13,267.992314,5.50003e+13,5.288038,0,0,0,5.50004e+13,5.50004e+13,5,5.50004e+13,5.50004e+13,0,1,0,100,1.70701e+13,0,0,0,0,0.0549,1.0379,1.0379,-9998,38974,43081,39512,0.078686,0.453574,1,0,0,A,1707,0.005212,144107,5.50004e+13,6,3,3,5.50004e+13,5.50004e+13,5.50004e+13,5.50004e+13,267.992314,5.50003e+13,5.288038,0,0,0,5.50004e+13,5.50004e+13,5,5.50004e+13,5.50004e+13,0,1,0,100,1.70701e+13,0,0,0,0,0.0549,1.0379,1.0379,-9998,38974,43081,39512,0.078686,0.453574,1,0,0,A,1707,NA,-121.94346545.790294,368,0.167125621,0.194080697,,,
369,-121.943212,45.790293,2037,689,658,Point,0,84,1/4/18,2,NA,NA,0.453574,1.70701e+13,1,NA,460,46003,0,1,0,5.50004e+13,1707,1,144107,5.50004e+13,6,3,3,5.50004e+13,5.50004e+13,5.50004e+13,5.50004e+13,267.992314,5.50003e+13,5.288038,0,0,0,5.50004e+13,5.50004e+13,5,5.50004e+13,5.50004e+13,0,1,0,100,1.70701e+13,0,0,0,0,0.0549,1.0379,1.0379,-9998,38974,43081,39512,0.078686,0.453574,1,0,0,A,1707,0.005212,144107,5.50004e+13,6,3,3,5.50004e+13,5.50004e+13,5.50004e+13,5.50004e+13,267.992314,5.50003e+13,5.288038,0,0,0,5.50004e+13,5.50004e+13,5,5.50004e+13,5.50004e+13,0,1,0,100,1.70701e+13,0,0,0,0,0.0549,1.0379,1.0379,-9998,38974,43081,39512,0.078686,0.453574,1,0,0,A,1707,NA,-121.94321245.790293,369,0.167895071,0.215101604,,,
370,-121.942964,45.79033,2037,690,659,Point,0,84,1/4/18,2,NA,NA,0.453574,1.70701e+13,1,NA,460,46003,0,1,0,5.50004e+13,1707,1,144107,5.50004e+13,6,3,3,5.50004e+13,5.50004e+13,5.50004e+13,5.50004e+13,267.992314,5.50003e+13,5.288038,0,0,0,5.50004e+13,5.50004e+13,5,5.50004e+13,5.50004e+13,0,1,0,100,1.70701e+13,0,0,0,0,0.0549,1.0379,1.0379,-9998,38974,43081,39512,0.078686,0.453574,1,0,0,A,1707,0.005212,144107,5.50004e+13,6,3,3,5.50004e+13,5.50004e+13,5.50004e+13,5.50004e+13,267.992314,5.50003e+13,5.288038,0,0,0,5.50004e+13,5.50004e+13,5,5.50004e+13,5.50004e+13,0,1,0,100,1.70701e+13,0,0,0,0,0.0549,1.0379,1.0379,-9998,38974,43081,39512,0.078686,0.453574,1,0,0,A,1707,NA,-121.94296445.79033,370,0.168666264,0.24291941,,,
371,-121.942786,45.79051,2037,691,660,Point,0,84,1/4/18,2,NA,NA,0.453574,1.70701e+13,1,NA,460,46003,0,1,0,5.50004e+13,1707,1,144107,5.50004e+13,6,3,3,5.50004e+13,5.50004e+13,5.50004e+13,5.50004e+13,267.992314,5.50003e+13,5.288038,0,0,0,5.50004e+13,5.50004e+13,5,5.50004e+13,5.50004e+13,0,1,0,100,1.70701e+13,0,0,0,0,0.0549,1.0379,1.0379,-9998,38974,43081,39512,0.078686,0.453574,1,0,0,A,1707,0.005212,144107,5.50004e+13,6,3,3,5.50004e+13,5.50004e+13,5.50004e+13,5.50004e+13,267.992314,5.50003e+13,5.288038,0,0,0,5.50004e+13,5.50004e+13,5,5.50004e+13,5.50004e+13,0,1,0,100,1.70701e+13,0,0,0,0,0.0549,1.0379,1.0379,-9998,38974,43081,39512,0.078686,0.453574,1,0,0,A,1707,NA,-121.94278645.79051,371,0.169617782,0.248254811,,,
372,-121.942539,45.790577,2037,692,661,Point,0,84,1/4/18,2,NA,NA,0.453574,1.70701e+13,1,NA,460,46003,0,1,0,5.50004e+13,1707,1,144107,5.50004e+13,6,3,3,5.50004e+13,5.50004e+13,5.50004e+13,5.50004e+13,267.992314,5.50003e+13,5.288038,0,0,0,5.50004e+13,5.50004e+13,5,5.50004e+13,5.50004e+13,0,1,0,100,1.70701e+13,0,0,0,0,0.0549,1.0379,1.0379,-9998,38974,43081,39512,0.078686,0.453574,1,0,0,A,1707,0.005212,144107,5.50004e+13,6,3,3,5.50004e+13,5.50004e+13,5.50004e+13,5.50004e+13,267.992314,5.50003e+13,5.288038,0,0,0,5.50004e+13,5.50004e+13,5,5.50004e+13,5.50004e+13,0,1,0,100,1.70701e+13,0,0,0,0,0.0549,1.0379,1.0379,-9998,38974,43081,39512,0.078686,0.453574,1,0,0,A,1707,NA,-121.94253945.790577,372,0.170423462,0.273421896,,,
373,-121.942289,45.790578,2037,693,662,Point,0,84,1/4/18,2,NA,NA,0.453574,1.70701e+13,1,NA,460,46003,0,1,0,5.50004e+13,1707,1,144107,5.50004e+13,6,3,3,5.50004e+13,5.50004e+13,5.50004e+13,5.50004e+13,267.992314,5.50003e+13,5.288038,0,0,0,5.50004e+13,5.50004e+13,5,5.50004e+13,5.50004e+13,0,1,0,100,1.70701e+13,0,0,0,0,0.0549,1.0379,1.0379,-9998,38974,43081,39512,0.078686,0.453574,1,0,0,A,1707,0.005212,144107,5.50004e+13,6,3,3,5.50004e+13,5.50004e+13,5.50004e+13,5.50004e+13,267.992314,5.50003e+13,5.288038,0,0,0,5.50004e+13,5.50004e+13,5,5.50004e+13,5.50004e+13,0,1,0,100,1.70701e+13,0,0,0,0,0.0549,1.0379,1.0379,-9998,38974,43081,39512,0.078686,0.453574,1,0,0,A,1707,NA,-121.94228945.790578,373,0.171183785,0.262922837,,,
374,-121.942045,45.790513,2037,694,663,Point,0,84,1/4/18,2,NA,NA,0.453574,1.70701e+13,1,NA,460,46003,0,1,0,5.50004e+13,1707,1,144107,5.50004e+13,6,3,3,5.50004e+13,5.50004e+13,5.50004e+13,5.50004e+13,267.992314,5.50003e+13,5.288038,0,0,0,5.50004e+13,5.50004e+13,5,5.50004e+13,5.50004e+13,0,1,0,100,1.70701e+13,0,0,0,0,0.0549,1.0379,1.0379,-9998,38974,43081,39512,0.078686,0.453574,1,0,0,A,1707,0.005212,144107,5.50004e+13,6,3,3,5.50004e+13,5.50004e+13,5.50004e+13,5.50004e+13,267.992314,5.50003e+13,5.288038,0,0,0,5.50004e+13,5.50004e+13,5,5.50004e+13,5.50004e+13,0,1,0,100,1.70701e+13,0,0,0,0,0.0549,1.0379,1.0379,-9998,38974,43081,39512,0.078686,0.453574,1,0,0,A,1707,NA,-121.94204545.790513,374,0.17197783,0.22706702,,,
375,-121.941794,45.790488,2037,695,664,Point,0,84,1/4/18,2,NA,NA,0.453574,1.70701e+13,1,NA,460,46003,0,1,0,5.50004e+13,1707,1,144107,5.50004e+13,6,3,3,5.50004e+13,5.50004e+13,5.50004e+13,5.50004e+13,267.992314,5.50003e+13,5.288038,0,0,0,5.50004e+13,5.50004e+13,5,5.50004e+13,5.50004e+13,0,1,0,100,1.70701e+13,0,0,0,0,0.0549,1.0379,1.0379,-9998,38974,43081,39512,0.078686,0.453574,1,0,0,A,1707,0.005212,144107,5.50004e+13,6,3,3,5.50004e+13,5.50004e+13,5.50004e+13,5.50004e+13,267.992314,5.50003e+13,5.288038,0,0,0,5.50004e+13,5.50004e+13,5,5.50004e+13,5.50004e+13,0,1,0,100,1.70701e+13,0,0,0,0,0.0549,1.0379,1.0379,-9998,38974,43081,39512,0.078686,0.453574,1,0,0,A,1707,NA,-121.94179445.790488,375,0.172748882,0.199216183,,,
376,-121.941602,45.79036,2037,696,665,Point,0,84,1/4/18,2,NA,NA,0.453574,1.70701e+13,1,NA,460,46003,0,1,0,5.50004e+13,1707,1,144107,5.50004e+13,6,3,3,5.50004e+13,5.50004e+13,5.50004e+13,5.50004e+13,267.992314,5.50003e+13,5.288038,0,0,0,5.50004e+13,5.50004e+13,5,5.50004e+13,5.50004e+13,0,1,0,100,1.70701e+13,0,0,0,0,0.0549,1.0379,1.0379,-9998,38974,43081,39512,0.078686,0.453574,1,0,0,A,1707,0.005212,144107,5.50004e+13,6,3,3,5.50004e+13,5.50004e+13,5.50004e+13,5.50004e+13,267.992314,5.50003e+13,5.288038,0,0,0,5.50004e+13,5.50004e+13,5,5.50004e+13,5.50004e+13,0,1,0,100,1.70701e+13,0,0,0,0,0.0549,1.0379,1.0379,-9998,38974,43081,39512,0.078686,0.453574,1,0,0,A,1707,NA,-121.94160245.79036,376,0.173555484,0.162167445,,,
377,-121.941396,45.790236,2037,697,666,Point,0,84,1/4/18,2,NA,NA,0.453574,1.70701e+13,1,NA,460,46003,0,1,0,5.50004e+13,1707,1,144107,5.50004e+13,6,3,3,5.50004e+13,5.50004e+13,5.50004e+13,5.50004e+13,267.992314,5.50003e+13,5.288038,0,0,0,5.50004e+13,5.50004e+13,5,5.50004e+13,5.50004e+13,0,1,0,100,1.70701e+13,0,0,0,0,0.0549,1.0379,1.0379,-9998,38974,43081,39512,0.078686,0.453574,1,0,0,A,1707,0.005212,144107,5.50004e+13,6,3,3,5.50004e+13,5.50004e+13,5.50004e+13,5.50004e+13,267.992314,5.50003e+13,5.288038,0,0,0,5.50004e+13,5.50004e+13,5,5.50004e+13,5.50004e+13,0,1,0,100,1.70701e+13,0,0,0,0,0.0549,1.0379,1.0379,-9998,38974,43081,39512,0.078686,0.453574,1,0,0,A,1707,NA,-121.94139645.790236,377,0.174381979,0.162167445,,,
378,-121.941259,45.790035,2037,698,667,Point,0,84,1/4/18,2,NA,NA,0.453574,1.70701e+13,1,NA,460,46003,0,1,0,5.50004e+13,1707,1,144107,5.50004e+13,6,3,3,5.50004e+13,5.50004e+13,5.50004e+13,5.50004e+13,267.992314,5.50003e+13,5.288038,0,0,0,5.50004e+13,5.50004e+13,5,5.50004e+13,5.50004e+13,0,1,0,100,1.70701e+13,0,0,0,0,0.0549,1.0379,1.0379,-9998,38974,43081,39512,0.078686,0.453574,1,0,0,A,1707,0.005212,144107,5.50004e+13,6,3,3,5.50004e+13,5.50004e+13,5.50004e+13,5.50004e+13,267.992314,5.50003e+13,5.288038,0,0,0,5.50004e+13,5.50004e+13,5,5.50004e+13,5.50004e+13,0,1,0,100,1.70701e+13,0,0,0,0,0.0549,1.0379,1.0379,-9998,38974,43081,39512,0.078686,0.453574,1,0,0,A,1707,NA,-121.94125945.790035,378,0.175350042,0.144900514,,,
379,-121.941048,45.789896,2037,699,668,Point,0,84,1/4/18,2,NA,NA,0.453574,1.70701e+13,1,NA,460,46003,0,1,0,5.50004e+13,1707,1,144107,5.50004e+13,6,3,3,5.50004e+13,5.50004e+13,5.50004e+13,5.50004e+13,267.992314,5.50003e+13,5.288038,0,0,0,5.50004e+13,5.50004e+13,5,5.50004e+13,5.50004e+13,0,1,0,100,1.70701e+13,0,0,0,0,0.0549,1.0379,1.0379,-9998,38974,43081,39512,0.078686,0.453574,1,0,0,A,1707,0.005212,144107,5.50004e+13,6,3,3,5.50004e+13,5.50004e+13,5.50004e+13,5.50004e+13,267.992314,5.50003e+13,5.288038,0,0,0,5.50004e+13,5.50004e+13,5,5.50004e+13,5.50004e+13,0,1,0,100,1.70701e+13,0,0,0,0,0.0549,1.0379,1.0379,-9998,38974,43081,39512,0.078686,0.453574,1,0,0,A,1707,NA,-121.94104845.789896,379,0.176231485,0.14822826,,,
380,-121.940943,45.789673,2037,700,669,Point,0,84,1/4/18,2,NA,NA,0.453574,1.70701e+13,1,NA,460,46003,0,1,0,5.50004e+13,1707,1,144107,5.50004e+13,6,3,3,5.50004e+13,5.50004e+13,5.50004e+13,5.50004e+13,267.992314,5.50003e+13,5.288038,0,0,0,5.50004e+13,5.50004e+13,5,5.50004e+13,5.50004e+13,0,1,0,100,1.70701e+13,0,0,0,0,0.0549,1.0379,1.0379,-9998,38974,43081,39512,0.078686,0.453574,1,0,0,A,1707,0.005212,144107,5.50004e+13,6,3,3,5.50004e+13,5.50004e+13,5.50004e+13,5.50004e+13,267.992314,5.50003e+13,5.288038,0,0,0,5.50004e+13,5.50004e+13,5,5.50004e+13,5.50004e+13,0,1,0,100,1.70701e+13,0,0,0,0,0.0549,1.0379,1.0379,-9998,38974,43081,39512,0.078686,0.453574,1,0,0,A,1707,NA,-121.94094345.789673,380,0.177252176,0.139162939,,,
381,-121.940719,45.789548,2037,701,670,Point,0,84,1/4/18,2,NA,NA,0.453574,1.70701e+13,1,NA,460,46003,0,1,0,5.50004e+13,1707,1,144107,5.50004e+13,6,3,3,5.50004e+13,5.50004e+13,5.50004e+13,5.50004e+13,267.992314,5.50003e+13,5.288038,0,0,0,5.50004e+13,5.50004e+13,5,5.50004e+13,5.50004e+13,0,1,0,100,1.70701e+13,0,0,0,0,0.0549,1.0379,1.0379,-9998,38974,43081,39512,0.078686,0.453574,1,0,0,A,1707,0.005212,144107,5.50004e+13,6,3,3,5.50004e+13,5.50004e+13,5.50004e+13,5.50004e+13,267.992314,5.50003e+13,5.288038,0,0,0,5.50004e+13,5.50004e+13,5,5.50004e+13,5.50004e+13,0,1,0,100,1.70701e+13,0,0,0,0,0.0549,1.0379,1.0379,-9998,38974,43081,39512,0.078686,0.453574,1,0,0,A,1707,NA,-121.94071945.789548,381,0.178123613,0.061010955,,,
382,-121.940543,45.789413,2037,702,671,Point,0,84,1/4/18,2,NA,NA,0.453574,1.70701e+13,1,NA,460,46003,0,1,0,5.50004e+13,1707,1,144107,5.50004e+13,6,3,3,5.50004e+13,5.50004e+13,5.50004e+13,5.50004e+13,267.992314,5.50003e+13,5.288038,0,0,0,5.50004e+13,5.50004e+13,5,5.50004e+13,5.50004e+13,0,1,0,100,1.70701e+13,0,0,0,0,0.0549,1.0379,1.0379,-9998,38974,43081,39512,0.078686,0.453574,1,0,0,A,1707,0.005212,144107,5.50004e+13,6,3,3,5.50004e+13,5.50004e+13,5.50004e+13,5.50004e+13,267.992314,5.50003e+13,5.288038,0,0,0,5.50004e+13,5.50004e+13,5,5.50004e+13,5.50004e+13,0,1,0,100,1.70701e+13,0,0,0,0,0.0549,1.0379,1.0379,-9998,38974,43081,39512,0.078686,0.453574,1,0,0,A,1707,NA,-121.94054345.789413,382,0.178917937,0.061010955,,,
383,-121.940344,45.789255,2037,703,672,Point,0,84,1/4/18,2,NA,NA,0.453574,1.70701e+13,1,NA,460,46003,0,1,0,5.50004e+13,1707,1,144107,5.50004e+13,6,3,3,5.50004e+13,5.50004e+13,5.50004e+13,5.50004e+13,267.992314,5.50003e+13,5.288038,0,0,0,5.50004e+13,5.50004e+13,5,5.50004e+13,5.50004e+13,0,1,0,100,1.70701e+13,0,0,0,0,0.0549,1.0379,1.0379,-9998,38974,43081,39512,0.078686,0.453574,1,0,0,A,1707,0.005212,144107,5.50004e+13,6,3,3,5.50004e+13,5.50004e+13,5.50004e+13,5.50004e+13,267.992314,5.50003e+13,5.288038,0,0,0,5.50004e+13,5.50004e+13,5,5.50004e+13,5.50004e+13,0,1,0,100,1.70701e+13,0,0,0,0,0.0549,1.0379,1.0379,-9998,38974,43081,39512,0.078686,0.453574,1,0,0,A,1707,NA,-121.94034445.789255,383,0.17983341,0.130284299,,,
384,-121.940164,45.789077,2037,704,673,Point,0,84,1/4/18,2,NA,NA,0.453574,1.70701e+13,1,NA,460,46003,0,1,0,5.50004e+13,1707,1,144107,5.50004e+13,6,3,3,5.50004e+13,5.50004e+13,5.50004e+13,5.50004e+13,267.992314,5.50003e+13,5.288038,0,0,0,5.50004e+13,5.50004e+13,5,5.50004e+13,5.50004e+13,0,1,0,100,1.70701e+13,0,0,0,0,0.0549,1.0379,1.0379,-9998,38974,43081,39512,0.078686,0.453574,1,0,0,A,1707,0.005212,144107,5.50004e+13,6,3,3,5.50004e+13,5.50004e+13,5.50004e+13,5.50004e+13,267.992314,5.50003e+13,5.288038,0,0,0,5.50004e+13,5.50004e+13,5,5.50004e+13,5.50004e+13,0,1,0,100,1.70701e+13,0,0,0,0,0.0549,1.0379,1.0379,-9998,38974,43081,39512,0.078686,0.453574,1,0,0,A,1707,NA,-121.94016445.789077,384,0.180781296,0.154285421,,,
385,-121.939929,45.789065,2037,705,674,Point,0,84,1/4/18,2,NA,NA,0.453574,1.70701e+13,1,NA,460,46003,0,1,0,5.50004e+13,1707,1,144107,5.50004e+13,6,3,3,5.50004e+13,5.50004e+13,5.50004e+13,5.50004e+13,267.992314,5.50003e+13,5.288038,0,0,0,5.50004e+13,5.50004e+13,5,5.50004e+13,5.50004e+13,0,1,0,100,1.70701e+13,0,0,0,0,0.0549,1.0379,1.0379,-9998,38974,43081,39512,0.078686,0.453574,1,0,0,A,1707,0.005212,144107,5.50004e+13,6,3,3,5.50004e+13,5.50004e+13,5.50004e+13,5.50004e+13,267.992314,5.50003e+13,5.288038,0,0,0,5.50004e+13,5.50004e+13,5,5.50004e+13,5.50004e+13,0,1,0,100,1.70701e+13,0,0,0,0,0.0549,1.0379,1.0379,-9998,38974,43081,39512,0.078686,0.453574,1,0,0,A,1707,NA,-121.93992945.789065,385,0.181497909,0.177559816,,,
386,-121.939683,45.789117,2037,706,675,Point,0,84,1/4/18,2,NA,NA,0.453574,1.70701e+13,1,NA,460,46003,0,1,0,5.50004e+13,1707,1,144107,5.50004e+13,6,3,3,5.50004e+13,5.50004e+13,5.50004e+13,5.50004e+13,267.992314,5.50003e+13,5.288038,0,0,0,5.50004e+13,5.50004e+13,5,5.50004e+13,5.50004e+13,0,1,0,100,1.70701e+13,0,0,0,0,0.0549,1.0379,1.0379,-9998,38974,43081,39512,0.078686,0.453574,1,0,0,A,1707,0.005212,144107,5.50004e+13,6,3,3,5.50004e+13,5.50004e+13,5.50004e+13,5.50004e+13,267.992314,5.50003e+13,5.288038,0,0,0,5.50004e+13,5.50004e+13,5,5.50004e+13,5.50004e+13,0,1,0,100,1.70701e+13,0,0,0,0,0.0549,1.0379,1.0379,-9998,38974,43081,39512,0.078686,0.453574,1,0,0,A,1707,NA,-121.93968345.789117,386,0.182279481,0.177559816,,,
387,-121.939631,45.789105,2037,707,676,Point,0,84,1/4/18,2,NA,NA,0.453574,1.70701e+13,1,NA,460,46003,0,1,0,5.50004e+13,1707,1,144107,5.50004e+13,6,3,3,5.50004e+13,5.50004e+13,5.50004e+13,5.50004e+13,267.992314,5.50003e+13,5.288038,0,0,0,5.50004e+13,5.50004e+13,5,5.50004e+13,5.50004e+13,0,1,0,100,1.70701e+13,0,0,0,0,0.0549,1.0379,1.0379,-9998,38974,43081,39512,0.078686,0.453574,1,0,0,A,1707,0.005212,144107,5.50004e+13,6,3,3,5.50004e+13,5.50004e+13,5.50004e+13,5.50004e+13,267.992314,5.50003e+13,5.288038,0,0,0,5.50004e+13,5.50004e+13,5,5.50004e+13,5.50004e+13,0,1,0,100,1.70701e+13,0,0,0,0,0.0549,1.0379,1.0379,-9998,38974,43081,39512,0.078686,0.453574,1,0,0,A,1707,NA,-121.93963145.789105,387,0.182446012,0.199539556,,,
388,-121.953081,45.785245,2038,977,681,Point,0,86,1/4/18,2,NA,NA,0.411412,1.70701e+13,1,NA,460,46006,0,1,0,5.50004e+13,1707,1,269153,5.50004e+13,6,4,4,5.50004e+13,5.50004e+13,5.50004e+13,5.50004e+13,268.987165,5.50003e+13,9.998106,0,0,0,5.50004e+13,5.50004e+13,6,5.50004e+13,5.50004e+13,0,1,18.933479,100,1.70701e+13,0,0,0,0,0.0596,1.591,1.591,-9998,42498,51052,43024,0.195133,0.411412,0,0,0,A,1707,0.004895,269153,5.50004e+13,6,4,4,5.50004e+13,5.50004e+13,5.50004e+13,5.50004e+13,268.987165,5.50003e+13,9.998106,0,0,0,5.50004e+13,5.50004e+13,6,5.50004e+13,5.50004e+13,0,1,18.933479,100,1.70701e+13,0,0,0,0,0.0596,1.591,1.591,-9998,42498,51052,43024,0.195133,0.411412,0,0,0,A,1707,NA,NA,388,0.252461525,0.149737551,,,
389,-121.952846,45.785152,2038,978,682,Point,0,86,1/4/18,2,NA,NA,0.411412,1.70701e+13,1,NA,460,46006,0,1,0,5.50004e+13,1707,1,269153,5.50004e+13,6,4,4,5.50004e+13,5.50004e+13,5.50004e+13,5.50004e+13,268.987165,5.50003e+13,9.998106,0,0,0,5.50004e+13,5.50004e+13,6,5.50004e+13,5.50004e+13,0,1,18.933479,100,1.70701e+13,0,0,0,0,0.0596,1.591,1.591,-9998,42498,51052,43024,0.195133,0.411412,0,0,0,A,1707,0.004895,269153,5.50004e+13,6,4,4,5.50004e+13,5.50004e+13,5.50004e+13,5.50004e+13,268.987165,5.50003e+13,9.998106,0,0,0,5.50004e+13,5.50004e+13,6,5.50004e+13,5.50004e+13,0,1,18.933479,100,1.70701e+13,0,0,0,0,0.0596,1.591,1.591,-9998,42498,51052,43024,0.195133,0.411412,0,0,0,A,1707,NA,NA,389,0.253438563,0.163711883,,,
390,-121.952623,45.785031,2038,979,683,Point,0,86,1/4/18,2,NA,NA,0.411412,1.70701e+13,1,NA,460,46006,0,1,0,5.50004e+13,1707,1,269153,5.50004e+13,6,4,4,5.50004e+13,5.50004e+13,5.50004e+13,5.50004e+13,268.987165,5.50003e+13,9.998106,0,0,0,5.50004e+13,5.50004e+13,6,5.50004e+13,5.50004e+13,0,1,18.933479,100,1.70701e+13,0,0,0,0,0.0596,1.591,1.591,-9998,42498,51052,43024,0.195133,0.411412,0,0,0,A,1707,0.004895,269153,5.50004e+13,6,4,4,5.50004e+13,5.50004e+13,5.50004e+13,5.50004e+13,268.987165,5.50003e+13,9.998106,0,0,0,5.50004e+13,5.50004e+13,6,5.50004e+13,5.50004e+13,0,1,18.933479,100,1.70701e+13,0,0,0,0,0.0596,1.591,1.591,-9998,42498,51052,43024,0.195133,0.411412,0,0,0,A,1707,NA,NA,390,0.254459808,0.143328385,,,
391,-121.952396,45.78491,2038,980,684,Point,0,86,1/4/18,2,NA,NA,0.411412,1.70701e+13,1,NA,460,46006,0,1,0,5.50004e+13,1707,1,269153,5.50004e+13,6,4,4,5.50004e+13,5.50004e+13,5.50004e+13,5.50004e+13,268.987165,5.50003e+13,9.998106,0,0,0,5.50004e+13,5.50004e+13,6,5.50004e+13,5.50004e+13,0,1,18.933479,100,1.70701e+13,0,0,0,0,0.0596,1.591,1.591,-9998,42498,51052,43024,0.195133,0.411412,0,0,0,A,1707,0.004895,269153,5.50004e+13,6,4,4,5.50004e+13,5.50004e+13,5.50004e+13,5.50004e+13,268.987165,5.50003e+13,9.998106,0,0,0,5.50004e+13,5.50004e+13,6,5.50004e+13,5.50004e+13,0,1,18.933479,100,1.70701e+13,0,0,0,0,0.0596,1.591,1.591,-9998,42498,51052,43024,0.195133,0.411412,0,0,0,A,1707,NA,NA,391,0.25549253,0.102877289,,,
392,-121.952145,45.784901,2038,981,685,Point,0,86,1/4/18,2,NA,NA,0.411412,1.70701e+13,1,NA,460,46006,0,1,0,5.50004e+13,1707,1,269153,5.50004e+13,6,4,4,5.50004e+13,5.50004e+13,5.50004e+13,5.50004e+13,268.987165,5.50003e+13,9.998106,0,0,0,5.50004e+13,5.50004e+13,6,5.50004e+13,5.50004e+13,0,1,18.933479,100,1.70701e+13,0,0,0,0,0.0596,1.591,1.591,-9998,42498,51052,43024,0.195133,0.411412,0,0,0,A,1707,0.004895,269153,5.50004e+13,6,4,4,5.50004e+13,5.50004e+13,5.50004e+13,5.50004e+13,268.987165,5.50003e+13,9.998106,0,0,0,5.50004e+13,5.50004e+13,6,5.50004e+13,5.50004e+13,0,1,18.933479,100,1.70701e+13,0,0,0,0,0.0596,1.591,1.591,-9998,42498,51052,43024,0.195133,0.411412,0,0,0,A,1707,NA,NA,392,0.256402046,0.087509141,,,
393,-121.951898,45.784869,2038,982,686,Point,0,86,1/4/18,2,NA,NA,0.411412,1.70701e+13,1,NA,460,46006,0,1,0,5.50004e+13,1707,1,269153,5.50004e+13,6,4,4,5.50004e+13,5.50004e+13,5.50004e+13,5.50004e+13,268.987165,5.50003e+13,9.998106,0,0,0,5.50004e+13,5.50004e+13,6,5.50004e+13,5.50004e+13,0,1,18.933479,100,1.70701e+13,0,0,0,0,0.0596,1.591,1.591,-9998,42498,51052,43024,0.195133,0.411412,0,0,0,A,1707,0.004895,269153,5.50004e+13,6,4,4,5.50004e+13,5.50004e+13,5.50004e+13,5.50004e+13,268.987165,5.50003e+13,9.998106,0,0,0,5.50004e+13,5.50004e+13,6,5.50004e+13,5.50004e+13,0,1,18.933479,100,1.70701e+13,0,0,0,0,0.0596,1.591,1.591,-9998,42498,51052,43024,0.195133,0.411412,0,0,0,A,1707,NA,NA,393,0.25731109,0.094876876,,,
394,-121.951653,45.784807,2038,983,687,Point,0,86,1/4/18,2,NA,NA,0.411412,1.70701e+13,1,NA,460,46006,0,1,0,5.50004e+13,1707,1,269153,5.50004e+13,6,4,4,5.50004e+13,5.50004e+13,5.50004e+13,5.50004e+13,268.987165,5.50003e+13,9.998106,0,0,0,5.50004e+13,5.50004e+13,6,5.50004e+13,5.50004e+13,0,1,18.933479,100,1.70701e+13,0,0,0,0,0.0596,1.591,1.591,-9998,42498,51052,43024,0.195133,0.411412,0,0,0,A,1707,0.004895,269153,5.50004e+13,6,4,4,5.50004e+13,5.50004e+13,5.50004e+13,5.50004e+13,268.987165,5.50003e+13,9.998106,0,0,0,5.50004e+13,5.50004e+13,6,5.50004e+13,5.50004e+13,0,1,18.933479,100,1.70701e+13,0,0,0,0,0.0596,1.591,1.591,-9998,42498,51052,43024,0.195133,0.411412,0,0,0,A,1707,NA,NA,394,0.258253916,0.096215047,,,
395,-121.951434,45.784706,2038,984,688,Point,0,86,1/4/18,2,NA,NA,0.411412,1.70701e+13,1,NA,460,46006,0,1,0,5.50004e+13,1707,1,269153,5.50004e+13,6,4,4,5.50004e+13,5.50004e+13,5.50004e+13,5.50004e+13,268.987165,5.50003e+13,9.998106,0,0,0,5.50004e+13,5.50004e+13,6,5.50004e+13,5.50004e+13,0,1,18.933479,100,1.70701e+13,0,0,0,0,0.0596,1.591,1.591,-9998,42498,51052,43024,0.195133,0.411412,0,0,0,A,1707,0.004895,269153,5.50004e+13,6,4,4,5.50004e+13,5.50004e+13,5.50004e+13,5.50004e+13,268.987165,5.50003e+13,9.998106,0,0,0,5.50004e+13,5.50004e+13,6,5.50004e+13,5.50004e+13,0,1,18.933479,100,1.70701e+13,0,0,0,0,0.0596,1.591,1.591,-9998,42498,51052,43024,0.195133,0.411412,0,0,0,A,1707,NA,NA,395,0.25920313,0.118788816,,,
396,-121.95119,45.7847,2038,985,689,Point,0,86,1/4/18,2,NA,NA,0.411412,1.70701e+13,1,NA,460,46006,0,1,0,5.50004e+13,1707,1,269153,5.50004e+13,6,4,4,5.50004e+13,5.50004e+13,5.50004e+13,5.50004e+13,268.987165,5.50003e+13,9.998106,0,0,0,5.50004e+13,5.50004e+13,6,5.50004e+13,5.50004e+13,0,1,18.933479,100,1.70701e+13,0,0,0,0,0.0596,1.591,1.591,-9998,42498,51052,43024,0.195133,0.411412,0,0,0,A,1707,0.004895,269153,5.50004e+13,6,4,4,5.50004e+13,5.50004e+13,5.50004e+13,5.50004e+13,268.987165,5.50003e+13,9.998106,0,0,0,5.50004e+13,5.50004e+13,6,5.50004e+13,5.50004e+13,0,1,18.933479,100,1.70701e+13,0,0,0,0,0.0596,1.591,1.591,-9998,42498,51052,43024,0.195133,0.411412,0,0,0,A,1707,NA,NA,396,0.26008667,0.13899509,,,
397,-121.950942,45.784638,2038,986,690,Point,0,86,1/4/18,2,NA,NA,0.411412,1.70701e+13,1,NA,460,46006,0,1,0,5.50004e+13,1707,1,269153,5.50004e+13,6,4,4,5.50004e+13,5.50004e+13,5.50004e+13,5.50004e+13,268.987165,5.50003e+13,9.998106,0,0,0,5.50004e+13,5.50004e+13,6,5.50004e+13,5.50004e+13,0,1,18.933479,100,1.70701e+13,0,0,0,0,0.0596,1.591,1.591,-9998,42498,51052,43024,0.195133,0.411412,0,0,0,A,1707,0.004895,269153,5.50004e+13,6,4,4,5.50004e+13,5.50004e+13,5.50004e+13,5.50004e+13,268.987165,5.50003e+13,9.998106,0,0,0,5.50004e+13,5.50004e+13,6,5.50004e+13,5.50004e+13,0,1,18.933479,100,1.70701e+13,0,0,0,0,0.0596,1.591,1.591,-9998,42498,51052,43024,0.195133,0.411412,0,0,0,A,1707,NA,NA,397,0.261039715,0.195857961,,,
398,-121.950695,45.784617,2038,987,691,Point,0,86,1/4/18,2,NA,NA,0.411412,1.70701e+13,1,NA,460,46006,0,1,0,5.50004e+13,1707,1,269153,5.50004e+13,6,4,4,5.50004e+13,5.50004e+13,5.50004e+13,5.50004e+13,268.987165,5.50003e+13,9.998106,0,0,0,5.50004e+13,5.50004e+13,6,5.50004e+13,5.50004e+13,0,1,18.933479,100,1.70701e+13,0,0,0,0,0.0596,1.591,1.591,-9998,42498,51052,43024,0.195133,0.411412,0,0,0,A,1707,0.004895,269153,5.50004e+13,6,4,4,5.50004e+13,5.50004e+13,5.50004e+13,5.50004e+13,268.987165,5.50003e+13,9.998106,0,0,0,5.50004e+13,5.50004e+13,6,5.50004e+13,5.50004e+13,0,1,18.933479,100,1.70701e+13,0,0,0,0,0.0596,1.591,1.591,-9998,42498,51052,43024,0.195133,0.411412,0,0,0,A,1707,NA,NA,398,0.261940143,0.32879646,,,
399,-121.950446,45.784576,2038,988,692,Point,0,86,1/4/18,2,NA,NA,0.411412,1.70701e+13,1,NA,460,46006,0,1,0,5.50004e+13,1707,1,269153,5.50004e+13,6,4,4,5.50004e+13,5.50004e+13,5.50004e+13,5.50004e+13,268.987165,5.50003e+13,9.998106,0,0,0,5.50004e+13,5.50004e+13,6,5.50004e+13,5.50004e+13,0,1,18.933479,100,1.70701e+13,0,0,0,0,0.0596,1.591,1.591,-9998,42498,51052,43024,0.195133,0.411412,0,0,0,A,1707,0.004895,269153,5.50004e+13,6,4,4,5.50004e+13,5.50004e+13,5.50004e+13,5.50004e+13,268.987165,5.50003e+13,9.998106,0,0,0,5.50004e+13,5.50004e+13,6,5.50004e+13,5.50004e+13,0,1,18.933479,100,1.70701e+13,0,0,0,0,0.0596,1.591,1.591,-9998,42498,51052,43024,0.195133,0.411412,0,0,0,A,1707,NA,NA,399,0.262865852,0.46403954,,,
400,-121.950191,45.78457,2038,989,693,Point,0,86,1/4/18,2,NA,NA,0.411412,1.70701e+13,1,NA,460,46006,0,1,0,5.50004e+13,1707,1,269153,5.50004e+13,6,4,4,5.50004e+13,5.50004e+13,5.50004e+13,5.50004e+13,268.987165,5.50003e+13,9.998106,0,0,0,5.50004e+13,5.50004e+13,6,5.50004e+13,5.50004e+13,0,1,18.933479,100,1.70701e+13,0,0,0,0,0.0596,1.591,1.591,-9998,42498,51052,43024,0.195133,0.411412,0,0,0,A,1707,0.004895,269153,5.50004e+13,6,4,4,5.50004e+13,5.50004e+13,5.50004e+13,5.50004e+13,268.987165,5.50003e+13,9.998106,0,0,0,5.50004e+13,5.50004e+13,6,5.50004e+13,5.50004e+13,0,1,18.933479,100,1.70701e+13,0,0,0,0,0.0596,1.591,1.591,-9998,42498,51052,43024,0.195133,0.411412,0,0,0,A,1707,NA,NA,400,0.263789178,0.534867935,,,
401,-121.949939,45.784554,2038,990,694,Point,0,86,1/4/18,2,NA,NA,0.411412,1.70701e+13,1,NA,460,46006,0,1,0,5.50004e+13,1707,1,269153,5.50004e+13,6,4,4,5.50004e+13,5.50004e+13,5.50004e+13,5.50004e+13,268.987165,5.50003e+13,9.998106,0,0,0,5.50004e+13,5.50004e+13,6,5.50004e+13,5.50004e+13,0,1,18.933479,100,1.70701e+13,0,0,0,0,0.0596,1.591,1.591,-9998,42498,51052,43024,0.195133,0.411412,0,0,0,A,1707,0.004895,269153,5.50004e+13,6,4,4,5.50004e+13,5.50004e+13,5.50004e+13,5.50004e+13,268.987165,5.50003e+13,9.998106,0,0,0,5.50004e+13,5.50004e+13,6,5.50004e+13,5.50004e+13,0,1,18.933479,100,1.70701e+13,0,0,0,0,0.0596,1.591,1.591,-9998,42498,51052,43024,0.195133,0.411412,0,0,0,A,1707,NA,NA,401,0.264704873,0.529524446,,,
402,-121.949716,45.784428,2038,991,695,Point,0,86,1/4/18,2,NA,NA,0.411412,1.70701e+13,1,NA,460,46006,0,1,0,5.50004e+13,1707,1,269153,5.50004e+13,6,4,4,5.50004e+13,5.50004e+13,5.50004e+13,5.50004e+13,268.987165,5.50003e+13,9.998106,0,0,0,5.50004e+13,5.50004e+13,6,5.50004e+13,5.50004e+13,0,1,18.933479,100,1.70701e+13,0,0,0,0,0.0596,1.591,1.591,-9998,42498,51052,43024,0.195133,0.411412,0,0,0,A,1707,0.004895,269153,5.50004e+13,6,4,4,5.50004e+13,5.50004e+13,5.50004e+13,5.50004e+13,268.987165,5.50003e+13,9.998106,0,0,0,5.50004e+13,5.50004e+13,6,5.50004e+13,5.50004e+13,0,1,18.933479,100,1.70701e+13,0,0,0,0,0.0596,1.591,1.591,-9998,42498,51052,43024,0.195133,0.411412,0,0,0,A,1707,NA,NA,402,0.265742175,0.320185252,,,
403,-121.949479,45.784336,2038,992,696,Point,0,86,1/4/18,2,NA,NA,0.411412,1.70701e+13,1,NA,460,46006,0,1,0,5.50004e+13,1707,1,269153,5.50004e+13,6,4,4,5.50004e+13,5.50004e+13,5.50004e+13,5.50004e+13,268.987165,5.50003e+13,9.998106,0,0,0,5.50004e+13,5.50004e+13,6,5.50004e+13,5.50004e+13,0,1,18.933479,100,1.70701e+13,0,0,0,0,0.0596,1.591,1.591,-9998,42498,51052,43024,0.195133,0.411412,0,0,0,A,1707,0.004895,269153,5.50004e+13,6,4,4,5.50004e+13,5.50004e+13,5.50004e+13,5.50004e+13,268.987165,5.50003e+13,9.998106,0,0,0,5.50004e+13,5.50004e+13,6,5.50004e+13,5.50004e+13,0,1,18.933479,100,1.70701e+13,0,0,0,0,0.0596,1.591,1.591,-9998,42498,51052,43024,0.195133,0.411412,0,0,0,A,1707,NA,NA,403,0.26672301,0.248709994,,,
404,-121.949226,45.78434,2038,993,697,Point,0,86,1/4/18,2,NA,NA,0.411412,1.70701e+13,1,NA,460,46006,0,1,0,5.50004e+13,1707,1,269153,5.50004e+13,6,4,4,5.50004e+13,5.50004e+13,5.50004e+13,5.50004e+13,268.987165,5.50003e+13,9.998106,0,0,0,5.50004e+13,5.50004e+13,6,5.50004e+13,5.50004e+13,0,1,18.933479,100,1.70701e+13,0,0,0,0,0.0596,1.591,1.591,-9998,42498,51052,43024,0.195133,0.411412,0,0,0,A,1707,0.004895,269153,5.50004e+13,6,4,4,5.50004e+13,5.50004e+13,5.50004e+13,5.50004e+13,268.987165,5.50003e+13,9.998106,0,0,0,5.50004e+13,5.50004e+13,6,5.50004e+13,5.50004e+13,0,1,18.933479,100,1.70701e+13,0,0,0,0,0.0596,1.591,1.591,-9998,42498,51052,43024,0.195133,0.411412,0,0,0,A,1707,NA,NA,404,0.267638814,0.252755017,,,
405,-121.948992,45.784433,2038,994,698,Point,0,86,1/4/18,2,NA,NA,0.411412,1.70701e+13,1,NA,460,46006,0,1,0,5.50004e+13,1707,1,269153,5.50004e+13,6,4,4,5.50004e+13,5.50004e+13,5.50004e+13,5.50004e+13,268.987165,5.50003e+13,9.998106,0,0,0,5.50004e+13,5.50004e+13,6,5.50004e+13,5.50004e+13,0,1,18.933479,100,1.70701e+13,0,0,0,0,0.0596,1.591,1.591,-9998,42498,51052,43024,0.195133,0.411412,0,0,0,A,1707,0.004895,269153,5.50004e+13,6,4,4,5.50004e+13,5.50004e+13,5.50004e+13,5.50004e+13,268.987165,5.50003e+13,9.998106,0,0,0,5.50004e+13,5.50004e+13,6,5.50004e+13,5.50004e+13,0,1,18.933479,100,1.70701e+13,0,0,0,0,0.0596,1.591,1.591,-9998,42498,51052,43024,0.195133,0.411412,0,0,0,A,1707,NA,NA,405,0.268612714,0.245479804,,,
406,-121.948778,45.784545,2038,995,699,Point,0,86,1/4/18,2,NA,NA,0.411412,1.70701e+13,1,NA,460,46006,0,1,0,5.50004e+13,1707,1,269153,5.50004e+13,6,4,4,5.50004e+13,5.50004e+13,5.50004e+13,5.50004e+13,268.987165,5.50003e+13,9.998106,0,0,0,5.50004e+13,5.50004e+13,6,5.50004e+13,5.50004e+13,0,1,18.933479,100,1.70701e+13,0,0,0,0,0.0596,1.591,1.591,-9998,42498,51052,43024,0.195133,0.411412,0,0,0,A,1707,0.004895,269153,5.50004e+13,6,4,4,5.50004e+13,5.50004e+13,5.50004e+13,5.50004e+13,268.987165,5.50003e+13,9.998106,0,0,0,5.50004e+13,5.50004e+13,6,5.50004e+13,5.50004e+13,0,1,18.933479,100,1.70701e+13,0,0,0,0,0.0596,1.591,1.591,-9998,42498,51052,43024,0.195133,0.411412,0,0,0,A,1707,NA,NA,406,0.269579847,0.203064098,,,
407,-121.948775,45.784777,2038,996,700,Point,0,86,1/4/18,2,NA,NA,0.411412,1.70701e+13,1,NA,460,46006,0,1,0,5.50004e+13,1707,1,269153,5.50004e+13,6,4,4,5.50004e+13,5.50004e+13,5.50004e+13,5.50004e+13,268.987165,5.50003e+13,9.998106,0,0,0,5.50004e+13,5.50004e+13,6,5.50004e+13,5.50004e+13,0,1,18.933479,100,1.70701e+13,0,0,0,0,0.0596,1.591,1.591,-9998,42498,51052,43024,0.195133,0.411412,0,0,0,A,1707,0.004895,269153,5.50004e+13,6,4,4,5.50004e+13,5.50004e+13,5.50004e+13,5.50004e+13,268.987165,5.50003e+13,9.998106,0,0,0,5.50004e+13,5.50004e+13,6,5.50004e+13,5.50004e+13,0,1,18.933479,100,1.70701e+13,0,0,0,0,0.0596,1.591,1.591,-9998,42498,51052,43024,0.195133,0.411412,0,0,0,A,1707,NA,NA,407,0.270779893,0.146965697,,,
408,-121.932546,45.791247,2039,962,701,Point,0,87,1/4/18,2,1522756,Martha Creek,0.177791,1.70701e+13,1,NA,460,46006,0,1,0,5.50004e+13,1707,1,230719,5.50004e+13,5,5,5,5.50004e+13,5.50004e+13,5.50004e+13,5.50004e+13,267.087492,5.50003e+13,37.815856,0,0,0,5.50004e+13,5.50004e+13,5,5.50004e+13,5.50004e+13,0,1,52.683571,57.347832,1.70701e+13,0,0,0,0,0.0148,6.2932,6.2932,-9998,35270,35710,35305,0.02278,0.177791,0,0,0,A,1707,0.00204,230719,5.50004e+13,5,5,5,5.50004e+13,5.50004e+13,5.50004e+13,5.50004e+13,267.087492,5.50003e+13,37.815856,0,0,0,5.50004e+13,5.50004e+13,5,5.50004e+13,5.50004e+13,0,1,52.683571,57.347832,1.70701e+13,0,0,0,0,0.0148,6.2932,6.2932,-9998,35270,35710,35305,0.02278,0.177791,0,0,0,A,1707,NA,NA,408,0.986794488,0.075020641,,,
409,-121.932302,45.791298,2039,963,702,Point,0,87,1/4/18,2,1522756,Martha Creek,0.177791,1.70701e+13,1,NA,460,46006,0,1,0,5.50004e+13,1707,1,230719,5.50004e+13,5,5,5,5.50004e+13,5.50004e+13,5.50004e+13,5.50004e+13,267.087492,5.50003e+13,37.815856,0,0,0,5.50004e+13,5.50004e+13,5,5.50004e+13,5.50004e+13,0,1,52.683571,57.347832,1.70701e+13,0,0,0,0,0.0148,6.2932,6.2932,-9998,35270,35710,35305,0.02278,0.177791,0,0,0,A,1707,0.00204,230719,5.50004e+13,5,5,5,5.50004e+13,5.50004e+13,5.50004e+13,5.50004e+13,267.087492,5.50003e+13,37.815856,0,0,0,5.50004e+13,5.50004e+13,5,5.50004e+13,5.50004e+13,0,1,52.683571,57.347832,1.70701e+13,0,0,0,0,0.0148,6.2932,6.2932,-9998,35270,35710,35305,0.02278,0.177791,0,0,0,A,1707,NA,NA,409,0.9873688,0.060815895,,,
410,-121.932062,45.791219,2039,964,703,Point,0,87,1/4/18,2,1522756,Martha Creek,0.177791,1.70701e+13,1,NA,460,46006,0,1,0,5.50004e+13,1707,1,230719,5.50004e+13,5,5,5,5.50004e+13,5.50004e+13,5.50004e+13,5.50004e+13,267.087492,5.50003e+13,37.815856,0,0,0,5.50004e+13,5.50004e+13,5,5.50004e+13,5.50004e+13,0,1,52.683571,57.347832,1.70701e+13,0,0,0,0,0.0148,6.2932,6.2932,-9998,35270,35710,35305,0.02278,0.177791,0,0,0,A,1707,0.00204,230719,5.50004e+13,5,5,5,5.50004e+13,5.50004e+13,5.50004e+13,5.50004e+13,267.087492,5.50003e+13,37.815856,0,0,0,5.50004e+13,5.50004e+13,5,5.50004e+13,5.50004e+13,0,1,52.683571,57.347832,1.70701e+13,0,0,0,0,0.0148,6.2932,6.2932,-9998,35270,35710,35305,0.02278,0.177791,0,0,0,A,1707,NA,NA,410,0.987966979,0.037284305,,,
411,-121.931982,45.791335,2039,965,704,Point,0,87,1/4/18,2,1522756,Martha Creek,0.177791,1.70701e+13,1,NA,460,46006,0,1,0,5.50004e+13,1707,1,230719,5.50004e+13,5,5,5,5.50004e+13,5.50004e+13,5.50004e+13,5.50004e+13,267.087492,5.50003e+13,37.815856,0,0,0,5.50004e+13,5.50004e+13,5,5.50004e+13,5.50004e+13,0,1,52.683571,57.347832,1.70701e+13,0,0,0,0,0.0148,6.2932,6.2932,-9998,35270,35710,35305,0.02278,0.177791,0,0,0,A,1707,0.00204,230719,5.50004e+13,5,5,5,5.50004e+13,5.50004e+13,5.50004e+13,5.50004e+13,267.087492,5.50003e+13,37.815856,0,0,0,5.50004e+13,5.50004e+13,5,5.50004e+13,5.50004e+13,0,1,52.683571,57.347832,1.70701e+13,0,0,0,0,0.0148,6.2932,6.2932,-9998,35270,35710,35305,0.02278,0.177791,0,0,0,A,1707,NA,NA,411,0.988382185,0.038679879,,,
412,-121.931893,45.791555,2039,966,705,Point,0,87,1/4/18,2,1522756,Martha Creek,0.177791,1.70701e+13,1,NA,460,46006,0,1,0,5.50004e+13,1707,1,230719,5.50004e+13,5,5,5,5.50004e+13,5.50004e+13,5.50004e+13,5.50004e+13,267.087492,5.50003e+13,37.815856,0,0,0,5.50004e+13,5.50004e+13,5,5.50004e+13,5.50004e+13,0,1,52.683571,57.347832,1.70701e+13,0,0,0,0,0.0148,6.2932,6.2932,-9998,35270,35710,35305,0.02278,0.177791,0,0,0,A,1707,0.00204,230719,5.50004e+13,5,5,5,5.50004e+13,5.50004e+13,5.50004e+13,5.50004e+13,267.087492,5.50003e+13,37.815856,0,0,0,5.50004e+13,5.50004e+13,5,5.50004e+13,5.50004e+13,0,1,52.683571,57.347832,1.70701e+13,0,0,0,0,0.0148,6.2932,6.2932,-9998,35270,35710,35305,0.02278,0.177791,0,0,0,A,1707,NA,NA,412,0.989119272,0.054030655,,,
413,-121.93168,45.791454,2039,967,706,Point,0,87,1/4/18,2,1522756,Martha Creek,0.177791,1.70701e+13,1,NA,460,46006,0,1,0,5.50004e+13,1707,1,230719,5.50004e+13,5,5,5,5.50004e+13,5.50004e+13,5.50004e+13,5.50004e+13,267.087492,5.50003e+13,37.815856,0,0,0,5.50004e+13,5.50004e+13,5,5.50004e+13,5.50004e+13,0,1,52.683571,57.347832,1.70701e+13,0,0,0,0,0.0148,6.2932,6.2932,-9998,35270,35710,35305,0.02278,0.177791,0,0,0,A,1707,0.00204,230719,5.50004e+13,5,5,5,5.50004e+13,5.50004e+13,5.50004e+13,5.50004e+13,267.087492,5.50003e+13,37.815856,0,0,0,5.50004e+13,5.50004e+13,5,5.50004e+13,5.50004e+13,0,1,52.683571,57.347832,1.70701e+13,0,0,0,0,0.0148,6.2932,6.2932,-9998,35270,35710,35305,0.02278,0.177791,0,0,0,A,1707,NA,NA,413,0.989699585,0.01854992,,,
414,-121.931442,45.791495,2039,968,707,Point,0,87,1/4/18,2,1522756,Martha Creek,0.177791,1.70701e+13,1,NA,460,46006,0,1,0,5.50004e+13,1707,1,230719,5.50004e+13,5,5,5,5.50004e+13,5.50004e+13,5.50004e+13,5.50004e+13,267.087492,5.50003e+13,37.815856,0,0,0,5.50004e+13,5.50004e+13,5,5.50004e+13,5.50004e+13,0,1,52.683571,57.347832,1.70701e+13,0,0,0,0,0.0148,6.2932,6.2932,-9998,35270,35710,35305,0.02278,0.177791,0,0,0,A,1707,0.00204,230719,5.50004e+13,5,5,5,5.50004e+13,5.50004e+13,5.50004e+13,5.50004e+13,267.087492,5.50003e+13,37.815856,0,0,0,5.50004e+13,5.50004e+13,5,5.50004e+13,5.50004e+13,0,1,52.683571,57.347832,1.70701e+13,0,0,0,0,0.0148,6.2932,6.2932,-9998,35270,35710,35305,0.02278,0.177791,0,0,0,A,1707,NA,NA,414,0.990252362,0.017167219,,,
415,-121.931192,45.791479,2039,969,708,Point,0,87,1/4/18,2,1522756,Martha Creek,0.177791,1.70701e+13,1,NA,460,46006,0,1,0,5.50004e+13,1707,1,230719,5.50004e+13,5,5,5,5.50004e+13,5.50004e+13,5.50004e+13,5.50004e+13,267.087492,5.50003e+13,37.815856,0,0,0,5.50004e+13,5.50004e+13,5,5.50004e+13,5.50004e+13,0,1,52.683571,57.347832,1.70701e+13,0,0,0,0,0.0148,6.2932,6.2932,-9998,35270,35710,35305,0.02278,0.177791,0,0,0,A,1707,0.00204,230719,5.50004e+13,5,5,5,5.50004e+13,5.50004e+13,5.50004e+13,5.50004e+13,267.087492,5.50003e+13,37.815856,0,0,0,5.50004e+13,5.50004e+13,5,5.50004e+13,5.50004e+13,0,1,52.683571,57.347832,1.70701e+13,0,0,0,0,0.0148,6.2932,6.2932,-9998,35270,35710,35305,0.02278,0.177791,0,0,0,A,1707,NA,NA,415,0.990818521,0.023597941,,,
416,-121.930971,45.79153,2039,970,709,Point,0,87,1/4/18,2,1522756,Martha Creek,0.177791,1.70701e+13,1,NA,460,46006,0,1,0,5.50004e+13,1707,1,230719,5.50004e+13,5,5,5,5.50004e+13,5.50004e+13,5.50004e+13,5.50004e+13,267.087492,5.50003e+13,37.815856,0,0,0,5.50004e+13,5.50004e+13,5,5.50004e+13,5.50004e+13,0,1,52.683571,57.347832,1.70701e+13,0,0,0,0,0.0148,6.2932,6.2932,-9998,35270,35710,35305,0.02278,0.177791,0,0,0,A,1707,0.00204,230719,5.50004e+13,5,5,5,5.50004e+13,5.50004e+13,5.50004e+13,5.50004e+13,267.087492,5.50003e+13,37.815856,0,0,0,5.50004e+13,5.50004e+13,5,5.50004e+13,5.50004e+13,0,1,52.683571,57.347832,1.70701e+13,0,0,0,0,0.0148,6.2932,6.2932,-9998,35270,35710,35305,0.02278,0.177791,0,0,0,A,1707,NA,NA,416,0.991343342,0.022667415,,,
417,-121.950329,45.782747,2040,618,713,Point,0,90,1/4/18,2,1522756,Martha Creek,0.430522,1.70701e+13,1,NA,460,46003,0,1,0,5.50004e+13,1707,1,137000,5.50004e+13,5,4,4,5.50004e+13,5.50004e+13,5.50004e+13,5.50004e+13,268.891087,5.50003e+13,5.648998,0,0,0,5.50004e+13,5.50004e+13,5,5.50004e+13,5.50004e+13,0,1,0,29.85585,1.70701e+13,0,0,0,0,0.0828,1.0572,1.0572,-9998,42195,47889,42265,0.130632,0.430522,0,0,0,A,1707,0.004666,137000,5.50004e+13,5,4,4,5.50004e+13,5.50004e+13,5.50004e+13,5.50004e+13,268.891087,5.50003e+13,5.648998,0,0,0,5.50004e+13,5.50004e+13,5,5.50004e+13,5.50004e+13,0,1,0,29.85585,1.70701e+13,0,0,0,0,0.0828,1.0572,1.0572,-9998,42195,47889,42265,0.130632,0.430522,0,0,0,A,1707,NA,NA,417,0.188961966,0.252992327,,,
418,-121.950076,45.782771,2040,619,714,Point,0,90,1/4/18,2,1522756,Martha Creek,0.430522,1.70701e+13,1,NA,460,46003,0,1,0,5.50004e+13,1707,1,137000,5.50004e+13,5,4,4,5.50004e+13,5.50004e+13,5.50004e+13,5.50004e+13,268.891087,5.50003e+13,5.648998,0,0,0,5.50004e+13,5.50004e+13,5,5.50004e+13,5.50004e+13,0,1,0,29.85585,1.70701e+13,0,0,0,0,0.0828,1.0572,1.0572,-9998,42195,47889,42265,0.130632,0.430522,0,0,0,A,1707,0.004666,137000,5.50004e+13,5,4,4,5.50004e+13,5.50004e+13,5.50004e+13,5.50004e+13,268.891087,5.50003e+13,5.648998,0,0,0,5.50004e+13,5.50004e+13,5,5.50004e+13,5.50004e+13,0,1,0,29.85585,1.70701e+13,0,0,0,0,0.0828,1.0572,1.0572,-9998,42195,47889,42265,0.130632,0.430522,0,0,0,A,1707,NA,NA,418,0.190224394,0.28057615,,,
419,-121.949849,45.782859,2040,620,715,Point,0,90,1/4/18,2,1522756,Martha Creek,0.430522,1.70701e+13,1,NA,460,46003,0,1,0,5.50004e+13,1707,1,137000,5.50004e+13,5,4,4,5.50004e+13,5.50004e+13,5.50004e+13,5.50004e+13,268.891087,5.50003e+13,5.648998,0,0,0,5.50004e+13,5.50004e+13,5,5.50004e+13,5.50004e+13,0,1,0,29.85585,1.70701e+13,0,0,0,0,0.0828,1.0572,1.0572,-9998,42195,47889,42265,0.130632,0.430522,0,0,0,A,1707,0.004666,137000,5.50004e+13,5,4,4,5.50004e+13,5.50004e+13,5.50004e+13,5.50004e+13,268.891087,5.50003e+13,5.648998,0,0,0,5.50004e+13,5.50004e+13,5,5.50004e+13,5.50004e+13,0,1,0,29.85585,1.70701e+13,0,0,0,0,0.0828,1.0572,1.0572,-9998,42195,47889,42265,0.130632,0.430522,0,0,0,A,1707,NA,NA,419,0.19150759,0.259692179,,,
420,-121.949598,45.782844,2040,621,716,Point,0,90,1/4/18,2,1522756,Martha Creek,0.430522,1.70701e+13,1,NA,460,46003,0,1,0,5.50004e+13,1707,1,137000,5.50004e+13,5,4,4,5.50004e+13,5.50004e+13,5.50004e+13,5.50004e+13,268.891087,5.50003e+13,5.648998,0,0,0,5.50004e+13,5.50004e+13,5,5.50004e+13,5.50004e+13,0,1,0,29.85585,1.70701e+13,0,0,0,0,0.0828,1.0572,1.0572,-9998,42195,47889,42265,0.130632,0.430522,0,0,0,A,1707,0.004666,137000,5.50004e+13,5,4,4,5.50004e+13,5.50004e+13,5.50004e+13,5.50004e+13,268.891087,5.50003e+13,5.648998,0,0,0,5.50004e+13,5.50004e+13,5,5.50004e+13,5.50004e+13,0,1,0,29.85585,1.70701e+13,0,0,0,0,0.0828,1.0572,1.0572,-9998,42195,47889,42265,0.130632,0.430522,0,0,0,A,1707,NA,NA,420,0.1927532,0.267810504,,,
421,-121.949343,45.782852,2040,622,717,Point,0,90,1/4/18,2,1522756,Martha Creek,0.430522,1.70701e+13,1,NA,460,46003,0,1,0,5.50004e+13,1707,1,137000,5.50004e+13,5,4,4,5.50004e+13,5.50004e+13,5.50004e+13,5.50004e+13,268.891087,5.50003e+13,5.648998,0,0,0,5.50004e+13,5.50004e+13,5,5.50004e+13,5.50004e+13,0,1,0,29.85585,1.70701e+13,0,0,0,0,0.0828,1.0572,1.0572,-9998,42195,47889,42265,0.130632,0.430522,0,0,0,A,1707,0.004666,137000,5.50004e+13,5,4,4,5.50004e+13,5.50004e+13,5.50004e+13,5.50004e+13,268.891087,5.50003e+13,5.648998,0,0,0,5.50004e+13,5.50004e+13,5,5.50004e+13,5.50004e+13,0,1,0,29.85585,1.70701e+13,0,0,0,0,0.0828,1.0572,1.0572,-9998,42195,47889,42265,0.130632,0.430522,0,0,0,A,1707,NA,NA,421,0.194015336,0.311682369,,,
422,-121.949092,45.78283,2040,623,718,Point,0,90,1/4/18,2,1522756,Martha Creek,0.430522,1.70701e+13,1,NA,460,46003,0,1,0,5.50004e+13,1707,1,137000,5.50004e+13,5,4,4,5.50004e+13,5.50004e+13,5.50004e+13,5.50004e+13,268.891087,5.50003e+13,5.648998,0,0,0,5.50004e+13,5.50004e+13,5,5.50004e+13,5.50004e+13,0,1,0,29.85585,1.70701e+13,0,0,0,0,0.0828,1.0572,1.0572,-9998,42195,47889,42265,0.130632,0.430522,0,0,0,A,1707,0.004666,137000,5.50004e+13,5,4,4,5.50004e+13,5.50004e+13,5.50004e+13,5.50004e+13,268.891087,5.50003e+13,5.648998,0,0,0,5.50004e+13,5.50004e+13,5,5.50004e+13,5.50004e+13,0,1,0,29.85585,1.70701e+13,0,0,0,0,0.0828,1.0572,1.0572,-9998,42195,47889,42265,0.130632,0.430522,0,0,0,A,1707,NA,NA,422,0.195266128,0.342849494,,,
423,-121.948876,45.782968,2040,624,719,Point,0,90,1/4/18,2,1522756,Martha Creek,0.430522,1.70701e+13,1,NA,460,46003,0,1,0,5.50004e+13,1707,1,137000,5.50004e+13,5,4,4,5.50004e+13,5.50004e+13,5.50004e+13,5.50004e+13,268.891087,5.50003e+13,5.648998,0,0,0,5.50004e+13,5.50004e+13,5,5.50004e+13,5.50004e+13,0,1,0,29.85585,1.70701e+13,0,0,0,0,0.0828,1.0572,1.0572,-9998,42195,47889,42265,0.130632,0.430522,0,0,0,A,1707,0.004666,137000,5.50004e+13,5,4,4,5.50004e+13,5.50004e+13,5.50004e+13,5.50004e+13,268.891087,5.50003e+13,5.648998,0,0,0,5.50004e+13,5.50004e+13,5,5.50004e+13,5.50004e+13,0,1,0,29.85585,1.70701e+13,0,0,0,0,0.0828,1.0572,1.0572,-9998,42195,47889,42265,0.130632,0.430522,0,0,0,A,1707,NA,NA,423,0.196712437,0.195153174,,,
424,-121.948639,45.783066,2040,625,720,Point,0,90,1/4/18,2,1522756,Martha Creek,0.430522,1.70701e+13,1,NA,460,46003,0,1,0,5.50004e+13,1707,1,137000,5.50004e+13,5,4,4,5.50004e+13,5.50004e+13,5.50004e+13,5.50004e+13,268.891087,5.50003e+13,5.648998,0,0,0,5.50004e+13,5.50004e+13,5,5.50004e+13,5.50004e+13,0,1,0,29.85585,1.70701e+13,0,0,0,0,0.0828,1.0572,1.0572,-9998,42195,47889,42265,0.130632,0.430522,0,0,0,A,1707,0.004666,137000,5.50004e+13,5,4,4,5.50004e+13,5.50004e+13,5.50004e+13,5.50004e+13,268.891087,5.50003e+13,5.648998,0,0,0,5.50004e+13,5.50004e+13,5,5.50004e+13,5.50004e+13,0,1,0,29.85585,1.70701e+13,0,0,0,0,0.0828,1.0572,1.0572,-9998,42195,47889,42265,0.130632,0.430522,0,0,0,A,1707,NA,NA,424,0.198073657,0.266699544,,,
425,-121.948436,45.783191,2040,626,721,Point,0,90,1/4/18,2,1522756,Martha Creek,0.430522,1.70701e+13,1,NA,460,46003,0,1,0,5.50004e+13,1707,1,137000,5.50004e+13,5,4,4,5.50004e+13,5.50004e+13,5.50004e+13,5.50004e+13,268.891087,5.50003e+13,5.648998,0,0,0,5.50004e+13,5.50004e+13,5,5.50004e+13,5.50004e+13,0,1,0,29.85585,1.70701e+13,0,0,0,0,0.0828,1.0572,1.0572,-9998,42195,47889,42265,0.130632,0.430522,0,0,0,A,1707,0.004666,137000,5.50004e+13,5,4,4,5.50004e+13,5.50004e+13,5.50004e+13,5.50004e+13,268.891087,5.50003e+13,5.648998,0,0,0,5.50004e+13,5.50004e+13,5,5.50004e+13,5.50004e+13,0,1,0,29.85585,1.70701e+13,0,0,0,0,0.0828,1.0572,1.0572,-9998,42195,47889,42265,0.130632,0.430522,0,0,0,A,1707,NA,NA,425,0.199410771,0.238006907,,,
426,-121.948289,45.783392,2040,627,722,Point,0,90,1/4/18,2,1522756,Martha Creek,0.430522,1.70701e+13,1,NA,460,46003,0,1,0,5.50004e+13,1707,1,137000,5.50004e+13,5,4,4,5.50004e+13,5.50004e+13,5.50004e+13,5.50004e+13,268.891087,5.50003e+13,5.648998,0,0,0,5.50004e+13,5.50004e+13,5,5.50004e+13,5.50004e+13,0,1,0,29.85585,1.70701e+13,0,0,0,0,0.0828,1.0572,1.0572,-9998,42195,47889,42265,0.130632,0.430522,0,0,0,A,1707,0.004666,137000,5.50004e+13,5,4,4,5.50004e+13,5.50004e+13,5.50004e+13,5.50004e+13,268.891087,5.50003e+13,5.648998,0,0,0,5.50004e+13,5.50004e+13,5,5.50004e+13,5.50004e+13,0,1,0,29.85585,1.70701e+13,0,0,0,0,0.0828,1.0572,1.0572,-9998,42195,47889,42265,0.130632,0.430522,0,0,0,A,1707,NA,NA,426,0.201006414,0.369647982,,,
427,-121.948138,45.783587,2040,628,723,Point,0,90,1/4/18,2,1522756,Martha Creek,0.430522,1.70701e+13,1,NA,460,46003,0,1,0,5.50004e+13,1707,1,137000,5.50004e+13,5,4,4,5.50004e+13,5.50004e+13,5.50004e+13,5.50004e+13,268.891087,5.50003e+13,5.648998,0,0,0,5.50004e+13,5.50004e+13,5,5.50004e+13,5.50004e+13,0,1,0,29.85585,1.70701e+13,0,0,0,0,0.0828,1.0572,1.0572,-9998,42195,47889,42265,0.130632,0.430522,0,0,0,A,1707,0.004666,137000,5.50004e+13,5,4,4,5.50004e+13,5.50004e+13,5.50004e+13,5.50004e+13,268.891087,5.50003e+13,5.648998,0,0,0,5.50004e+13,5.50004e+13,5,5.50004e+13,5.50004e+13,0,1,0,29.85585,1.70701e+13,0,0,0,0,0.0828,1.0572,1.0572,-9998,42195,47889,42265,0.130632,0.430522,0,0,0,A,1707,NA,NA,427,0.202573752,0.253982741,,,
428,-121.947989,45.783767,2040,629,724,Point,0,90,1/4/18,2,1522756,Martha Creek,0.430522,1.70701e+13,1,NA,460,46003,0,1,0,5.50004e+13,1707,1,137000,5.50004e+13,5,4,4,5.50004e+13,5.50004e+13,5.50004e+13,5.50004e+13,268.891087,5.50003e+13,5.648998,0,0,0,5.50004e+13,5.50004e+13,5,5.50004e+13,5.50004e+13,0,1,0,29.85585,1.70701e+13,0,0,0,0,0.0828,1.0572,1.0572,-9998,42195,47889,42265,0.130632,0.430522,0,0,0,A,1707,0.004666,137000,5.50004e+13,5,4,4,5.50004e+13,5.50004e+13,5.50004e+13,5.50004e+13,268.891087,5.50003e+13,5.648998,0,0,0,5.50004e+13,5.50004e+13,5,5.50004e+13,5.50004e+13,0,1,0,29.85585,1.70701e+13,0,0,0,0,0.0828,1.0572,1.0572,-9998,42195,47889,42265,0.130632,0.430522,0,0,0,A,1707,NA,NA,428,0.204043767,0.237462664,,,
429,-121.947877,45.783964,2040,630,725,Point,0,90,1/4/18,2,1522756,Martha Creek,0.430522,1.70701e+13,1,NA,460,46003,0,1,0,5.50004e+13,1707,1,137000,5.50004e+13,5,4,4,5.50004e+13,5.50004e+13,5.50004e+13,5.50004e+13,268.891087,5.50003e+13,5.648998,0,0,0,5.50004e+13,5.50004e+13,5,5.50004e+13,5.50004e+13,0,1,0,29.85585,1.70701e+13,0,0,0,0,0.0828,1.0572,1.0572,-9998,42195,47889,42265,0.130632,0.430522,0,0,0,A,1707,0.004666,137000,5.50004e+13,5,4,4,5.50004e+13,5.50004e+13,5.50004e+13,5.50004e+13,268.891087,5.50003e+13,5.648998,0,0,0,5.50004e+13,5.50004e+13,5,5.50004e+13,5.50004e+13,0,1,0,29.85585,1.70701e+13,0,0,0,0,0.0828,1.0572,1.0572,-9998,42195,47889,42265,0.130632,0.430522,0,0,0,A,1707,NA,NA,429,0.205542077,0.237462664,,,
430,-121.947824,45.784143,2040,631,726,Point,0,90,1/4/18,2,1522756,Martha Creek,0.430522,1.70701e+13,1,NA,460,46003,0,1,0,5.50004e+13,1707,1,137000,5.50004e+13,5,4,4,5.50004e+13,5.50004e+13,5.50004e+13,5.50004e+13,268.891087,5.50003e+13,5.648998,0,0,0,5.50004e+13,5.50004e+13,5,5.50004e+13,5.50004e+13,0,1,0,29.85585,1.70701e+13,0,0,0,0,0.0828,1.0572,1.0572,-9998,42195,47889,42265,0.130632,0.430522,0,0,0,A,1707,0.004666,137000,5.50004e+13,5,4,4,5.50004e+13,5.50004e+13,5.50004e+13,5.50004e+13,268.891087,5.50003e+13,5.648998,0,0,0,5.50004e+13,5.50004e+13,5,5.50004e+13,5.50004e+13,0,1,0,29.85585,1.70701e+13,0,0,0,0,0.0828,1.0572,1.0572,-9998,42195,47889,42265,0.130632,0.430522,0,0,0,A,1707,NA,NA,430,0.206833942,0.171539455,,,
431,-121.947864,45.784335,2040,632,727,Point,0,90,1/4/18,2,1522756,Martha Creek,0.430522,1.70701e+13,1,NA,460,46003,0,1,0,5.50004e+13,1707,1,137000,5.50004e+13,5,4,4,5.50004e+13,5.50004e+13,5.50004e+13,5.50004e+13,268.891087,5.50003e+13,5.648998,0,0,0,5.50004e+13,5.50004e+13,5,5.50004e+13,5.50004e+13,0,1,0,29.85585,1.70701e+13,0,0,0,0,0.0828,1.0572,1.0572,-9998,42195,47889,42265,0.130632,0.430522,0,0,0,A,1707,0.004666,137000,5.50004e+13,5,4,4,5.50004e+13,5.50004e+13,5.50004e+13,5.50004e+13,268.891087,5.50003e+13,5.648998,0,0,0,5.50004e+13,5.50004e+13,5,5.50004e+13,5.50004e+13,0,1,0,29.85585,1.70701e+13,0,0,0,0,0.0828,1.0572,1.0572,-9998,42195,47889,42265,0.130632,0.430522,0,0,0,A,1707,NA,NA,431,0.208205158,0.14122741,,,
432,-121.947771,45.784539,2040,633,728,Point,0,90,1/4/18,2,1522756,Martha Creek,0.430522,1.70701e+13,1,NA,460,46003,0,1,0,5.50004e+13,1707,1,137000,5.50004e+13,5,4,4,5.50004e+13,5.50004e+13,5.50004e+13,5.50004e+13,268.891087,5.50003e+13,5.648998,0,0,0,5.50004e+13,5.50004e+13,5,5.50004e+13,5.50004e+13,0,1,0,29.85585,1.70701e+13,0,0,0,0,0.0828,1.0572,1.0572,-9998,42195,47889,42265,0.130632,0.430522,0,0,0,A,1707,0.004666,137000,5.50004e+13,5,4,4,5.50004e+13,5.50004e+13,5.50004e+13,5.50004e+13,268.891087,5.50003e+13,5.648998,0,0,0,5.50004e+13,5.50004e+13,5,5.50004e+13,5.50004e+13,0,1,0,29.85585,1.70701e+13,0,0,0,0,0.0828,1.0572,1.0572,-9998,42195,47889,42265,0.130632,0.430522,0,0,0,A,1707,NA,NA,432,0.209718398,0.14122741,,,
433,-121.947864,45.784756,2040,634,729,Point,0,90,1/4/18,2,1522756,Martha Creek,0.430522,1.70701e+13,1,NA,460,46003,0,1,0,5.50004e+13,1707,1,137000,5.50004e+13,5,4,4,5.50004e+13,5.50004e+13,5.50004e+13,5.50004e+13,268.891087,5.50003e+13,5.648998,0,0,0,5.50004e+13,5.50004e+13,5,5.50004e+13,5.50004e+13,0,1,0,29.85585,1.70701e+13,0,0,0,0,0.0828,1.0572,1.0572,-9998,42195,47889,42265,0.130632,0.430522,0,0,0,A,1707,0.004666,137000,5.50004e+13,5,4,4,5.50004e+13,5.50004e+13,5.50004e+13,5.50004e+13,268.891087,5.50003e+13,5.648998,0,0,0,5.50004e+13,5.50004e+13,5,5.50004e+13,5.50004e+13,0,1,0,29.85585,1.70701e+13,0,0,0,0,0.0828,1.0572,1.0572,-9998,42195,47889,42265,0.130632,0.430522,0,0,0,A,1707,NA,NA,433,0.211319409,0.105566838,,,
434,-121.947822,45.784972,2040,635,730,Point,0,90,1/4/18,2,1522756,Martha Creek,0.430522,1.70701e+13,1,NA,460,46003,0,1,0,5.50004e+13,1707,1,137000,5.50004e+13,5,4,4,5.50004e+13,5.50004e+13,5.50004e+13,5.50004e+13,268.891087,5.50003e+13,5.648998,0,0,0,5.50004e+13,5.50004e+13,5,5.50004e+13,5.50004e+13,0,1,0,29.85585,1.70701e+13,0,0,0,0,0.0828,1.0572,1.0572,-9998,42195,47889,42265,0.130632,0.430522,0,0,0,A,1707,0.004666,137000,5.50004e+13,5,4,4,5.50004e+13,5.50004e+13,5.50004e+13,5.50004e+13,268.891087,5.50003e+13,5.648998,0,0,0,5.50004e+13,5.50004e+13,5,5.50004e+13,5.50004e+13,0,1,0,29.85585,1.70701e+13,0,0,0,0,0.0828,1.0572,1.0572,-9998,42195,47889,42265,0.130632,0.430522,0,0,0,A,1707,NA,NA,434,0.212859958,0.079564528,,,
435,-121.947843,45.785169,2040,636,731,Point,0,90,1/4/18,2,1522756,Martha Creek,0.430522,1.70701e+13,1,NA,460,46003,0,1,0,5.50004e+13,1707,1,137000,5.50004e+13,5,4,4,5.50004e+13,5.50004e+13,5.50004e+13,5.50004e+13,268.891087,5.50003e+13,5.648998,0,0,0,5.50004e+13,5.50004e+13,5,5.50004e+13,5.50004e+13,0,1,0,29.85585,1.70701e+13,0,0,0,0,0.0828,1.0572,1.0572,-9998,42195,47889,42265,0.130632,0.430522,0,0,0,A,1707,0.004666,137000,5.50004e+13,5,4,4,5.50004e+13,5.50004e+13,5.50004e+13,5.50004e+13,268.891087,5.50003e+13,5.648998,0,0,0,5.50004e+13,5.50004e+13,5,5.50004e+13,5.50004e+13,0,1,0,29.85585,1.70701e+13,0,0,0,0,0.0828,1.0572,1.0572,-9998,42195,47889,42265,0.130632,0.430522,0,0,0,A,1707,NA,NA,435,0.214256038,0.197565532,,,
436,-121.947852,45.78519,2040,637,732,Point,0,90,1/4/18,2,1522756,Martha Creek,0.430522,1.70701e+13,1,NA,460,46003,0,1,0,5.50004e+13,1707,1,137000,5.50004e+13,5,4,4,5.50004e+13,5.50004e+13,5.50004e+13,5.50004e+13,268.891087,5.50003e+13,5.648998,0,0,0,5.50004e+13,5.50004e+13,5,5.50004e+13,5.50004e+13,0,1,0,29.85585,1.70701e+13,0,0,0,0,0.0828,1.0572,1.0572,-9998,42195,47889,42265,0.130632,0.430522,0,0,0,A,1707,0.004666,137000,5.50004e+13,5,4,4,5.50004e+13,5.50004e+13,5.50004e+13,5.50004e+13,268.891087,5.50003e+13,5.648998,0,0,0,5.50004e+13,5.50004e+13,5,5.50004e+13,5.50004e+13,0,1,0,29.85585,1.70701e+13,0,0,0,0,0.0828,1.0572,1.0572,-9998,42195,47889,42265,0.130632,0.430522,0,0,0,A,1707,NA,NA,436,0.214410974,0.197565532,,,
437,-121.961389,45.787532,2041,126,733,Point,0,91,1/4/18,2,NA,NA,0.464804,1.70701e+13,1,NA,460,46003,0,1,0,5.50004e+13,1707,1,218955,5.50004e+13,7,3,3,5.50004e+13,5.50004e+13,5.50004e+13,5.50004e+13,269.81732,5.50003e+13,3.797054,0,0,0,5.50004e+13,5.50004e+13,7,5.50004e+13,5.50004e+13,0,1,23.44734,49.477379,1.70701e+13,0,0,0,0,0.0844,0.6827,0.6827,-9998,56064,61643,57448,0.090253,0.464804,0,0,0,A,1707,0.005181,218955,5.50004e+13,7,3,3,5.50004e+13,5.50004e+13,5.50004e+13,5.50004e+13,269.81732,5.50003e+13,3.797054,0,0,0,5.50004e+13,5.50004e+13,7,5.50004e+13,5.50004e+13,0,1,23.44734,49.477379,1.70701e+13,0,0,0,0,0.0844,0.6827,0.6827,-9998,56064,61643,57448,0.090253,0.464804,0,0,0,A,1707,NA,NA,437,0.036390849,0.332752645,,,
438,-121.961193,45.787368,2041,127,734,Point,0,91,1/4/18,2,NA,NA,0.464804,1.70701e+13,1,NA,460,46003,0,1,0,5.50004e+13,1707,1,218955,5.50004e+13,7,3,3,5.50004e+13,5.50004e+13,5.50004e+13,5.50004e+13,269.81732,5.50003e+13,3.797054,0,0,0,5.50004e+13,5.50004e+13,7,5.50004e+13,5.50004e+13,0,1,23.44734,49.477379,1.70701e+13,0,0,0,0,0.0844,0.6827,0.6827,-9998,56064,61643,57448,0.090253,0.464804,0,0,0,A,1707,0.005181,218955,5.50004e+13,7,3,3,5.50004e+13,5.50004e+13,5.50004e+13,5.50004e+13,269.81732,5.50003e+13,3.797054,0,0,0,5.50004e+13,5.50004e+13,7,5.50004e+13,5.50004e+13,0,1,23.44734,49.477379,1.70701e+13,0,0,0,0,0.0844,0.6827,0.6827,-9998,56064,61643,57448,0.090253,0.464804,0,0,0,A,1707,NA,NA,438,0.037792192,0.266781196,,,
439,-121.960946,45.787333,2041,128,735,Point,0,91,1/4/18,2,NA,NA,0.464804,1.70701e+13,1,NA,460,46003,0,1,0,5.50004e+13,1707,1,218955,5.50004e+13,7,3,3,5.50004e+13,5.50004e+13,5.50004e+13,5.50004e+13,269.81732,5.50003e+13,3.797054,0,0,0,5.50004e+13,5.50004e+13,7,5.50004e+13,5.50004e+13,0,1,23.44734,49.477379,1.70701e+13,0,0,0,0,0.0844,0.6827,0.6827,-9998,56064,61643,57448,0.090253,0.464804,0,0,0,A,1707,0.005181,218955,5.50004e+13,7,3,3,5.50004e+13,5.50004e+13,5.50004e+13,5.50004e+13,269.81732,5.50003e+13,3.797054,0,0,0,5.50004e+13,5.50004e+13,7,5.50004e+13,5.50004e+13,0,1,23.44734,49.477379,1.70701e+13,0,0,0,0,0.0844,0.6827,0.6827,-9998,56064,61643,57448,0.090253,0.464804,0,0,0,A,1707,NA,NA,439,0.038947971,0.202114726,,,
440,-121.960694,45.787306,2041,129,736,Point,0,91,1/4/18,2,NA,NA,0.464804,1.70701e+13,1,NA,460,46003,0,1,0,5.50004e+13,1707,1,218955,5.50004e+13,7,3,3,5.50004e+13,5.50004e+13,5.50004e+13,5.50004e+13,269.81732,5.50003e+13,3.797054,0,0,0,5.50004e+13,5.50004e+13,7,5.50004e+13,5.50004e+13,0,1,23.44734,49.477379,1.70701e+13,0,0,0,0,0.0844,0.6827,0.6827,-9998,56064,61643,57448,0.090253,0.464804,0,0,0,A,1707,0.005181,218955,5.50004e+13,7,3,3,5.50004e+13,5.50004e+13,5.50004e+13,5.50004e+13,269.81732,5.50003e+13,3.797054,0,0,0,5.50004e+13,5.50004e+13,7,5.50004e+13,5.50004e+13,0,1,23.44734,49.477379,1.70701e+13,0,0,0,0,0.0844,0.6827,0.6827,-9998,56064,61643,57448,0.090253,0.464804,0,0,0,A,1707,NA,NA,440,0.040117154,0.23222857,,,
441,-121.960627,45.787089,2041,130,737,Point,0,91,1/4/18,2,NA,NA,0.464804,1.70701e+13,1,NA,460,46003,0,1,0,5.50004e+13,1707,1,218955,5.50004e+13,7,3,3,5.50004e+13,5.50004e+13,5.50004e+13,5.50004e+13,269.81732,5.50003e+13,3.797054,0,0,0,5.50004e+13,5.50004e+13,7,5.50004e+13,5.50004e+13,0,1,23.44734,49.477379,1.70701e+13,0,0,0,0,0.0844,0.6827,0.6827,-9998,56064,61643,57448,0.090253,0.464804,0,0,0,A,1707,0.005181,218955,5.50004e+13,7,3,3,5.50004e+13,5.50004e+13,5.50004e+13,5.50004e+13,269.81732,5.50003e+13,3.797054,0,0,0,5.50004e+13,5.50004e+13,7,5.50004e+13,5.50004e+13,0,1,23.44734,49.477379,1.70701e+13,0,0,0,0,0.0844,0.6827,0.6827,-9998,56064,61643,57448,0.090253,0.464804,0,0,0,A,1707,NA,NA,441,0.041572463,0.23222857,,,
442,-121.960416,45.786947,2041,131,738,Point,0,91,1/4/18,2,NA,NA,0.464804,1.70701e+13,1,NA,460,46003,0,1,0,5.50004e+13,1707,1,218955,5.50004e+13,7,3,3,5.50004e+13,5.50004e+13,5.50004e+13,5.50004e+13,269.81732,5.50003e+13,3.797054,0,0,0,5.50004e+13,5.50004e+13,7,5.50004e+13,5.50004e+13,0,1,23.44734,49.477379,1.70701e+13,0,0,0,0,0.0844,0.6827,0.6827,-9998,56064,61643,57448,0.090253,0.464804,0,0,0,A,1707,0.005181,218955,5.50004e+13,7,3,3,5.50004e+13,5.50004e+13,5.50004e+13,5.50004e+13,269.81732,5.50003e+13,3.797054,0,0,0,5.50004e+13,5.50004e+13,7,5.50004e+13,5.50004e+13,0,1,23.44734,49.477379,1.70701e+13,0,0,0,0,0.0844,0.6827,0.6827,-9998,56064,61643,57448,0.090253,0.464804,0,0,0,A,1707,NA,NA,442,0.042915182,0.280272369,,,
443,-121.960175,45.787002,2041,132,739,Point,0,91,1/4/18,2,NA,NA,0.464804,1.70701e+13,1,NA,460,46003,0,1,0,5.50004e+13,1707,1,218955,5.50004e+13,7,3,3,5.50004e+13,5.50004e+13,5.50004e+13,5.50004e+13,269.81732,5.50003e+13,3.797054,0,0,0,5.50004e+13,5.50004e+13,7,5.50004e+13,5.50004e+13,0,1,23.44734,49.477379,1.70701e+13,0,0,0,0,0.0844,0.6827,0.6827,-9998,56064,61643,57448,0.090253,0.464804,0,0,0,A,1707,0.005181,218955,5.50004e+13,7,3,3,5.50004e+13,5.50004e+13,5.50004e+13,5.50004e+13,269.81732,5.50003e+13,3.797054,0,0,0,5.50004e+13,5.50004e+13,7,5.50004e+13,5.50004e+13,0,1,23.44734,49.477379,1.70701e+13,0,0,0,0,0.0844,0.6827,0.6827,-9998,56064,61643,57448,0.090253,0.464804,0,0,0,A,1707,NA,NA,443,0.044077768,0.263830083,,,
444,-121.95993,45.787059,2041,133,740,Point,0,91,1/4/18,2,NA,NA,0.464804,1.70701e+13,1,NA,460,46003,0,1,0,5.50004e+13,1707,1,218955,5.50004e+13,7,3,3,5.50004e+13,5.50004e+13,5.50004e+13,5.50004e+13,269.81732,5.50003e+13,3.797054,0,0,0,5.50004e+13,5.50004e+13,7,5.50004e+13,5.50004e+13,0,1,23.44734,49.477379,1.70701e+13,0,0,0,0,0.0844,0.6827,0.6827,-9998,56064,61643,57448,0.090253,0.464804,0,0,0,A,1707,0.005181,218955,5.50004e+13,7,3,3,5.50004e+13,5.50004e+13,5.50004e+13,5.50004e+13,269.81732,5.50003e+13,3.797054,0,0,0,5.50004e+13,5.50004e+13,7,5.50004e+13,5.50004e+13,0,1,23.44734,49.477379,1.70701e+13,0,0,0,0,0.0844,0.6827,0.6827,-9998,56064,61643,57448,0.090253,0.464804,0,0,0,A,1707,NA,NA,444,0.045261879,0.185102126,,,
445,-121.959683,45.7871,2041,134,741,Point,0,91,1/4/18,2,NA,NA,0.464804,1.70701e+13,1,NA,460,46003,0,1,0,5.50004e+13,1707,1,218955,5.50004e+13,7,3,3,5.50004e+13,5.50004e+13,5.50004e+13,5.50004e+13,269.81732,5.50003e+13,3.797054,0,0,0,5.50004e+13,5.50004e+13,7,5.50004e+13,5.50004e+13,0,1,23.44734,49.477379,1.70701e+13,0,0,0,0,0.0844,0.6827,0.6827,-9998,56064,61643,57448,0.090253,0.464804,0,0,0,A,1707,0.005181,218955,5.50004e+13,7,3,3,5.50004e+13,5.50004e+13,5.50004e+13,5.50004e+13,269.81732,5.50003e+13,3.797054,0,0,0,5.50004e+13,5.50004e+13,7,5.50004e+13,5.50004e+13,0,1,23.44734,49.477379,1.70701e+13,0,0,0,0,0.0844,0.6827,0.6827,-9998,56064,61643,57448,0.090253,0.464804,0,0,0,A,1707,NA,NA,445,0.04642611,0.163246307,,,
446,-121.95946,45.787023,2041,135,742,Point,0,91,1/4/18,2,NA,NA,0.464804,1.70701e+13,1,NA,460,46003,0,1,0,5.50004e+13,1707,1,218955,5.50004e+13,7,3,3,5.50004e+13,5.50004e+13,5.50004e+13,5.50004e+13,269.81732,5.50003e+13,3.797054,0,0,0,5.50004e+13,5.50004e+13,7,5.50004e+13,5.50004e+13,0,1,23.44734,49.477379,1.70701e+13,0,0,0,0,0.0844,0.6827,0.6827,-9998,56064,61643,57448,0.090253,0.464804,0,0,0,A,1707,0.005181,218955,5.50004e+13,7,3,3,5.50004e+13,5.50004e+13,5.50004e+13,5.50004e+13,269.81732,5.50003e+13,3.797054,0,0,0,5.50004e+13,5.50004e+13,7,5.50004e+13,5.50004e+13,0,1,23.44734,49.477379,1.70701e+13,0,0,0,0,0.0844,0.6827,0.6827,-9998,56064,61643,57448,0.090253,0.464804,0,0,0,A,1707,NA,NA,446,0.047566604,0.130021991,,,
447,-121.959224,45.786931,2041,136,743,Point,0,91,1/4/18,2,NA,NA,0.464804,1.70701e+13,1,NA,460,46003,0,1,0,5.50004e+13,1707,1,218955,5.50004e+13,7,3,3,5.50004e+13,5.50004e+13,5.50004e+13,5.50004e+13,269.81732,5.50003e+13,3.797054,0,0,0,5.50004e+13,5.50004e+13,7,5.50004e+13,5.50004e+13,0,1,23.44734,49.477379,1.70701e+13,0,0,0,0,0.0844,0.6827,0.6827,-9998,56064,61643,57448,0.090253,0.464804,0,0,0,A,1707,0.005181,218955,5.50004e+13,7,3,3,5.50004e+13,5.50004e+13,5.50004e+13,5.50004e+13,269.81732,5.50003e+13,3.797054,0,0,0,5.50004e+13,5.50004e+13,7,5.50004e+13,5.50004e+13,0,1,23.44734,49.477379,1.70701e+13,0,0,0,0,0.0844,0.6827,0.6827,-9998,56064,61643,57448,0.090253,0.464804,0,0,0,A,1707,NA,NA,447,0.048805623,0.141619018,,,
448,-121.958996,45.786813,2041,137,744,Point,0,91,1/4/18,2,NA,NA,0.464804,1.70701e+13,1,NA,460,46003,0,1,0,5.50004e+13,1707,1,218955,5.50004e+13,7,3,3,5.50004e+13,5.50004e+13,5.50004e+13,5.50004e+13,269.81732,5.50003e+13,3.797054,0,0,0,5.50004e+13,5.50004e+13,7,5.50004e+13,5.50004e+13,0,1,23.44734,49.477379,1.70701e+13,0,0,0,0,0.0844,0.6827,0.6827,-9998,56064,61643,57448,0.090253,0.464804,0,0,0,A,1707,0.005181,218955,5.50004e+13,7,3,3,5.50004e+13,5.50004e+13,5.50004e+13,5.50004e+13,269.81732,5.50003e+13,3.797054,0,0,0,5.50004e+13,5.50004e+13,7,5.50004e+13,5.50004e+13,0,1,23.44734,49.477379,1.70701e+13,0,0,0,0,0.0844,0.6827,0.6827,-9998,56064,61643,57448,0.090253,0.464804,0,0,0,A,1707,NA,NA,448,0.050106286,0.140896354,,,
449,-121.958758,45.78673,2041,138,745,Point,0,91,1/4/18,2,NA,NA,0.464804,1.70701e+13,1,NA,460,46003,0,1,0,5.50004e+13,1707,1,218955,5.50004e+13,7,3,3,5.50004e+13,5.50004e+13,5.50004e+13,5.50004e+13,269.81732,5.50003e+13,3.797054,0,0,0,5.50004e+13,5.50004e+13,7,5.50004e+13,5.50004e+13,0,1,23.44734,49.477379,1.70701e+13,0,0,0,0,0.0844,0.6827,0.6827,-9998,56064,61643,57448,0.090253,0.464804,0,0,0,A,1707,0.005181,218955,5.50004e+13,7,3,3,5.50004e+13,5.50004e+13,5.50004e+13,5.50004e+13,269.81732,5.50003e+13,3.797054,0,0,0,5.50004e+13,5.50004e+13,7,5.50004e+13,5.50004e+13,0,1,23.44734,49.477379,1.70701e+13,0,0,0,0,0.0844,0.6827,0.6827,-9998,56064,61643,57448,0.090253,0.464804,0,0,0,A,1707,NA,NA,449,0.051325891,0.089566149,,,
450,-121.958514,45.786674,2041,139,746,Point,0,91,1/4/18,2,NA,NA,0.464804,1.70701e+13,1,NA,460,46003,0,1,0,5.50004e+13,1707,1,218955,5.50004e+13,7,3,3,5.50004e+13,5.50004e+13,5.50004e+13,5.50004e+13,269.81732,5.50003e+13,3.797054,0,0,0,5.50004e+13,5.50004e+13,7,5.50004e+13,5.50004e+13,0,1,23.44734,49.477379,1.70701e+13,0,0,0,0,0.0844,0.6827,0.6827,-9998,56064,61643,57448,0.090253,0.464804,0,0,0,A,1707,0.005181,218955,5.50004e+13,7,3,3,5.50004e+13,5.50004e+13,5.50004e+13,5.50004e+13,269.81732,5.50003e+13,3.797054,0,0,0,5.50004e+13,5.50004e+13,7,5.50004e+13,5.50004e+13,0,1,23.44734,49.477379,1.70701e+13,0,0,0,0,0.0844,0.6827,0.6827,-9998,56064,61643,57448,0.090253,0.464804,0,0,0,A,1707,NA,NA,450,0.052503597,0.067043996,,,
451,-121.95839,45.786461,2041,140,747,Point,0,91,1/4/18,2,NA,NA,0.464804,1.70701e+13,1,NA,460,46003,0,1,0,5.50004e+13,1707,1,218955,5.50004e+13,7,3,3,5.50004e+13,5.50004e+13,5.50004e+13,5.50004e+13,269.81732,5.50003e+13,3.797054,0,0,0,5.50004e+13,5.50004e+13,7,5.50004e+13,5.50004e+13,0,1,23.44734,49.477379,1.70701e+13,0,0,0,0,0.0844,0.6827,0.6827,-9998,56064,61643,57448,0.090253,0.464804,0,0,0,A,1707,0.005181,218955,5.50004e+13,7,3,3,5.50004e+13,5.50004e+13,5.50004e+13,5.50004e+13,269.81732,5.50003e+13,3.797054,0,0,0,5.50004e+13,5.50004e+13,7,5.50004e+13,5.50004e+13,0,1,23.44734,49.477379,1.70701e+13,0,0,0,0,0.0844,0.6827,0.6827,-9998,56064,61643,57448,0.090253,0.464804,0,0,0,A,1707,NA,NA,451,0.054011245,0.109395039,,,
452,-121.958148,45.786422,2041,141,748,Point,0,91,1/4/18,2,NA,NA,0.464804,1.70701e+13,1,NA,460,46003,0,1,0,5.50004e+13,1707,1,218955,5.50004e+13,7,3,3,5.50004e+13,5.50004e+13,5.50004e+13,5.50004e+13,269.81732,5.50003e+13,3.797054,0,0,0,5.50004e+13,5.50004e+13,7,5.50004e+13,5.50004e+13,0,1,23.44734,49.477379,1.70701e+13,0,0,0,0,0.0844,0.6827,0.6827,-9998,56064,61643,57448,0.090253,0.464804,0,0,0,A,1707,0.005181,218955,5.50004e+13,7,3,3,5.50004e+13,5.50004e+13,5.50004e+13,5.50004e+13,269.81732,5.50003e+13,3.797054,0,0,0,5.50004e+13,5.50004e+13,7,5.50004e+13,5.50004e+13,0,1,23.44734,49.477379,1.70701e+13,0,0,0,0,0.0844,0.6827,0.6827,-9998,56064,61643,57448,0.090253,0.464804,0,0,0,A,1707,NA,NA,452,0.055150174,0.094057394,,,
453,-121.957916,45.786379,2041,142,749,Point,0,91,1/4/18,2,NA,NA,0.464804,1.70701e+13,1,NA,460,46003,0,1,0,5.50004e+13,1707,1,218955,5.50004e+13,7,3,3,5.50004e+13,5.50004e+13,5.50004e+13,5.50004e+13,269.81732,5.50003e+13,3.797054,0,0,0,5.50004e+13,5.50004e+13,7,5.50004e+13,5.50004e+13,0,1,23.44734,49.477379,1.70701e+13,0,0,0,0,0.0844,0.6827,0.6827,-9998,56064,61643,57448,0.090253,0.464804,0,0,0,A,1707,0.005181,218955,5.50004e+13,7,3,3,5.50004e+13,5.50004e+13,5.50004e+13,5.50004e+13,269.81732,5.50003e+13,3.797054,0,0,0,5.50004e+13,5.50004e+13,7,5.50004e+13,5.50004e+13,0,1,23.44734,49.477379,1.70701e+13,0,0,0,0,0.0844,0.6827,0.6827,-9998,56064,61643,57448,0.090253,0.464804,0,0,0,A,1707,NA,NA,453,0.056250882,0.122904812,,,
454,-121.957784,45.786188,2041,143,750,Point,0,91,1/4/18,2,NA,NA,0.464804,1.70701e+13,1,NA,460,46003,0,1,0,5.50004e+13,1707,1,218955,5.50004e+13,7,3,3,5.50004e+13,5.50004e+13,5.50004e+13,5.50004e+13,269.81732,5.50003e+13,3.797054,0,0,0,5.50004e+13,5.50004e+13,7,5.50004e+13,5.50004e+13,0,1,23.44734,49.477379,1.70701e+13,0,0,0,0,0.0844,0.6827,0.6827,-9998,56064,61643,57448,0.090253,0.464804,0,0,0,A,1707,0.005181,218955,5.50004e+13,7,3,3,5.50004e+13,5.50004e+13,5.50004e+13,5.50004e+13,269.81732,5.50003e+13,3.797054,0,0,0,5.50004e+13,5.50004e+13,7,5.50004e+13,5.50004e+13,0,1,23.44734,49.477379,1.70701e+13,0,0,0,0,0.0844,0.6827,0.6827,-9998,56064,61643,57448,0.090253,0.464804,0,0,0,A,1707,NA,NA,454,0.057641618,0.169212907,,,
455,-121.957679,45.785968,2041,144,751,Point,0,91,1/4/18,2,NA,NA,0.464804,1.70701e+13,1,NA,460,46003,0,1,0,5.50004e+13,1707,1,218955,5.50004e+13,7,3,3,5.50004e+13,5.50004e+13,5.50004e+13,5.50004e+13,269.81732,5.50003e+13,3.797054,0,0,0,5.50004e+13,5.50004e+13,7,5.50004e+13,5.50004e+13,0,1,23.44734,49.477379,1.70701e+13,0,0,0,0,0.0844,0.6827,0.6827,-9998,56064,61643,57448,0.090253,0.464804,0,0,0,A,1707,0.005181,218955,5.50004e+13,7,3,3,5.50004e+13,5.50004e+13,5.50004e+13,5.50004e+13,269.81732,5.50003e+13,3.797054,0,0,0,5.50004e+13,5.50004e+13,7,5.50004e+13,5.50004e+13,0,1,23.44734,49.477379,1.70701e+13,0,0,0,0,0.0844,0.6827,0.6827,-9998,56064,61643,57448,0.090253,0.464804,0,0,0,A,1707,NA,NA,455,0.059162058,0.176438276,,,
456,-121.957655,45.785734,2041,145,752,Point,0,91,1/4/18,2,NA,NA,0.464804,1.70701e+13,1,NA,460,46003,0,1,0,5.50004e+13,1707,1,218955,5.50004e+13,7,3,3,5.50004e+13,5.50004e+13,5.50004e+13,5.50004e+13,269.81732,5.50003e+13,3.797054,0,0,0,5.50004e+13,5.50004e+13,7,5.50004e+13,5.50004e+13,0,1,23.44734,49.477379,1.70701e+13,0,0,0,0,0.0844,0.6827,0.6827,-9998,56064,61643,57448,0.090253,0.464804,0,0,0,A,1707,0.005181,218955,5.50004e+13,7,3,3,5.50004e+13,5.50004e+13,5.50004e+13,5.50004e+13,269.81732,5.50003e+13,3.797054,0,0,0,5.50004e+13,5.50004e+13,7,5.50004e+13,5.50004e+13,0,1,23.44734,49.477379,1.70701e+13,0,0,0,0,0.0844,0.6827,0.6827,-9998,56064,61643,57448,0.090253,0.464804,0,0,0,A,1707,NA,NA,456,0.060699942,0.209661589,,,
457,-121.957585,45.78551,2041,146,753,Point,0,91,1/4/18,2,NA,NA,0.464804,1.70701e+13,1,NA,460,46003,0,1,0,5.50004e+13,1707,1,218955,5.50004e+13,7,3,3,5.50004e+13,5.50004e+13,5.50004e+13,5.50004e+13,269.81732,5.50003e+13,3.797054,0,0,0,5.50004e+13,5.50004e+13,7,5.50004e+13,5.50004e+13,0,1,23.44734,49.477379,1.70701e+13,0,0,0,0,0.0844,0.6827,0.6827,-9998,56064,61643,57448,0.090253,0.464804,0,0,0,A,1707,0.005181,218955,5.50004e+13,7,3,3,5.50004e+13,5.50004e+13,5.50004e+13,5.50004e+13,269.81732,5.50003e+13,3.797054,0,0,0,5.50004e+13,5.50004e+13,7,5.50004e+13,5.50004e+13,0,1,23.44734,49.477379,1.70701e+13,0,0,0,0,0.0844,0.6827,0.6827,-9998,56064,61643,57448,0.090253,0.464804,0,0,0,A,1707,NA,NA,457,0.062203014,0.253512089,,,
458,-121.957571,45.785493,2041,147,754,Point,0,91,1/4/18,2,NA,NA,0.464804,1.70701e+13,1,NA,460,46003,0,1,0,5.50004e+13,1707,1,218955,5.50004e+13,7,3,3,5.50004e+13,5.50004e+13,5.50004e+13,5.50004e+13,269.81732,5.50003e+13,3.797054,0,0,0,5.50004e+13,5.50004e+13,7,5.50004e+13,5.50004e+13,0,1,23.44734,49.477379,1.70701e+13,0,0,0,0,0.0844,0.6827,0.6827,-9998,56064,61643,57448,0.090253,0.464804,0,0,0,A,1707,0.005181,218955,5.50004e+13,7,3,3,5.50004e+13,5.50004e+13,5.50004e+13,5.50004e+13,269.81732,5.50003e+13,3.797054,0,0,0,5.50004e+13,5.50004e+13,7,5.50004e+13,5.50004e+13,0,1,23.44734,49.477379,1.70701e+13,0,0,0,0,0.0844,0.6827,0.6827,-9998,56064,61643,57448,0.090253,0.464804,0,0,0,A,1707,NA,NA,458,0.062331628,0.253512089,,,
459,-121.955666,45.785876,2042,236,755,Point,0,92,1/4/18,2,NA,NA,0.235222,1.70701e+13,1,NA,460,46003,0,1,0,5.50004e+13,1707,1,131012,5.50004e+13,6,3,3,5.50004e+13,5.50004e+13,5.50004e+13,5.50004e+13,269.398577,5.50003e+13,5.005482,0,0,0,5.50004e+13,5.50004e+13,6,5.50004e+13,5.50004e+13,0,1,0,13.26308,1.70701e+13,0,0,0,0,0.0272,0.7108,0.7108,-9998,51052,55205,51052,0.176557,0.235222,0,0,0,A,1707,0.002825,131012,5.50004e+13,6,3,3,5.50004e+13,5.50004e+13,5.50004e+13,5.50004e+13,269.398577,5.50003e+13,5.005482,0,0,0,5.50004e+13,5.50004e+13,6,5.50004e+13,5.50004e+13,0,1,0,13.26308,1.70701e+13,0,0,0,0,0.0272,0.7108,0.7108,-9998,51052,55205,51052,0.176557,0.235222,0,0,0,A,1707,NA,NA,459,0.139385565,0.126872822,,,
460,-121.955416,45.785885,2042,237,756,Point,0,92,1/4/18,2,NA,NA,0.235222,1.70701e+13,1,NA,460,46003,0,1,0,5.50004e+13,1707,1,131012,5.50004e+13,6,3,3,5.50004e+13,5.50004e+13,5.50004e+13,5.50004e+13,269.398577,5.50003e+13,5.005482,0,0,0,5.50004e+13,5.50004e+13,6,5.50004e+13,5.50004e+13,0,1,0,13.26308,1.70701e+13,0,0,0,0,0.0272,0.7108,0.7108,-9998,51052,55205,51052,0.176557,0.235222,0,0,0,A,1707,0.002825,131012,5.50004e+13,6,3,3,5.50004e+13,5.50004e+13,5.50004e+13,5.50004e+13,269.398577,5.50003e+13,5.005482,0,0,0,5.50004e+13,5.50004e+13,6,5.50004e+13,5.50004e+13,0,1,0,13.26308,1.70701e+13,0,0,0,0,0.0272,0.7108,0.7108,-9998,51052,55205,51052,0.176557,0.235222,0,0,0,A,1707,NA,NA,460,0.140114328,0.158716365,,,
461,-121.955165,45.785869,2042,238,757,Point,0,92,1/4/18,2,NA,NA,0.235222,1.70701e+13,1,NA,460,46003,0,1,0,5.50004e+13,1707,1,131012,5.50004e+13,6,3,3,5.50004e+13,5.50004e+13,5.50004e+13,5.50004e+13,269.398577,5.50003e+13,5.005482,0,0,0,5.50004e+13,5.50004e+13,6,5.50004e+13,5.50004e+13,0,1,0,13.26308,1.70701e+13,0,0,0,0,0.0272,0.7108,0.7108,-9998,51052,55205,51052,0.176557,0.235222,0,0,0,A,1707,0.002825,131012,5.50004e+13,6,3,3,5.50004e+13,5.50004e+13,5.50004e+13,5.50004e+13,269.398577,5.50003e+13,5.005482,0,0,0,5.50004e+13,5.50004e+13,6,5.50004e+13,5.50004e+13,0,1,0,13.26308,1.70701e+13,0,0,0,0,0.0272,0.7108,0.7108,-9998,51052,55205,51052,0.176557,0.235222,0,0,0,A,1707,NA,NA,461,0.140848065,0.202837113,,,
462,-121.954958,45.785748,2042,239,758,Point,0,92,1/4/18,2,NA,NA,0.235222,1.70701e+13,1,NA,460,46003,0,1,0,5.50004e+13,1707,1,131012,5.50004e+13,6,3,3,5.50004e+13,5.50004e+13,5.50004e+13,5.50004e+13,269.398577,5.50003e+13,5.005482,0,0,0,5.50004e+13,5.50004e+13,6,5.50004e+13,5.50004e+13,0,1,0,13.26308,1.70701e+13,0,0,0,0,0.0272,0.7108,0.7108,-9998,51052,55205,51052,0.176557,0.235222,0,0,0,A,1707,0.002825,131012,5.50004e+13,6,3,3,5.50004e+13,5.50004e+13,5.50004e+13,5.50004e+13,269.398577,5.50003e+13,5.005482,0,0,0,5.50004e+13,5.50004e+13,6,5.50004e+13,5.50004e+13,0,1,0,13.26308,1.70701e+13,0,0,0,0,0.0272,0.7108,0.7108,-9998,51052,55205,51052,0.176557,0.235222,0,0,0,A,1707,NA,NA,462,0.141633336,0.215350283,,,
463,-121.954716,45.785683,2042,240,759,Point,0,92,1/4/18,2,NA,NA,0.235222,1.70701e+13,1,NA,460,46003,0,1,0,5.50004e+13,1707,1,131012,5.50004e+13,6,3,3,5.50004e+13,5.50004e+13,5.50004e+13,5.50004e+13,269.398577,5.50003e+13,5.005482,0,0,0,5.50004e+13,5.50004e+13,6,5.50004e+13,5.50004e+13,0,1,0,13.26308,1.70701e+13,0,0,0,0,0.0272,0.7108,0.7108,-9998,51052,55205,51052,0.176557,0.235222,0,0,0,A,1707,0.002825,131012,5.50004e+13,6,3,3,5.50004e+13,5.50004e+13,5.50004e+13,5.50004e+13,269.398577,5.50003e+13,5.005482,0,0,0,5.50004e+13,5.50004e+13,6,5.50004e+13,5.50004e+13,0,1,0,13.26308,1.70701e+13,0,0,0,0,0.0272,0.7108,0.7108,-9998,51052,55205,51052,0.176557,0.235222,0,0,0,A,1707,NA,NA,463,0.142387982,0.215350283,,,
464,-121.954467,45.785677,2042,241,760,Point,0,92,1/4/18,2,NA,NA,0.235222,1.70701e+13,1,NA,460,46003,0,1,0,5.50004e+13,1707,1,131012,5.50004e+13,6,3,3,5.50004e+13,5.50004e+13,5.50004e+13,5.50004e+13,269.398577,5.50003e+13,5.005482,0,0,0,5.50004e+13,5.50004e+13,6,5.50004e+13,5.50004e+13,0,1,0,13.26308,1.70701e+13,0,0,0,0,0.0272,0.7108,0.7108,-9998,51052,55205,51052,0.176557,0.235222,0,0,0,A,1707,0.002825,131012,5.50004e+13,6,3,3,5.50004e+13,5.50004e+13,5.50004e+13,5.50004e+13,269.398577,5.50003e+13,5.005482,0,0,0,5.50004e+13,5.50004e+13,6,5.50004e+13,5.50004e+13,0,1,0,13.26308,1.70701e+13,0,0,0,0,0.0272,0.7108,0.7108,-9998,51052,55205,51052,0.176557,0.235222,0,0,0,A,1707,NA,NA,464,0.143113303,0.237128092,,,
465,-121.954221,45.785627,2042,242,761,Point,0,92,1/4/18,2,NA,NA,0.235222,1.70701e+13,1,NA,460,46003,0,1,0,5.50004e+13,1707,1,131012,5.50004e+13,6,3,3,5.50004e+13,5.50004e+13,5.50004e+13,5.50004e+13,269.398577,5.50003e+13,5.005482,0,0,0,5.50004e+13,5.50004e+13,6,5.50004e+13,5.50004e+13,0,1,0,13.26308,1.70701e+13,0,0,0,0,0.0272,0.7108,0.7108,-9998,51052,55205,51052,0.176557,0.235222,0,0,0,A,1707,0.002825,131012,5.50004e+13,6,3,3,5.50004e+13,5.50004e+13,5.50004e+13,5.50004e+13,269.398577,5.50003e+13,5.005482,0,0,0,5.50004e+13,5.50004e+13,6,5.50004e+13,5.50004e+13,0,1,0,13.26308,1.70701e+13,0,0,0,0,0.0272,0.7108,0.7108,-9998,51052,55205,51052,0.176557,0.235222,0,0,0,A,1707,NA,NA,465,0.143859069,0.199621085,,,
466,-121.954043,45.785454,2042,243,762,Point,0,92,1/4/18,2,NA,NA,0.235222,1.70701e+13,1,NA,460,46003,0,1,0,5.50004e+13,1707,1,131012,5.50004e+13,6,3,3,5.50004e+13,5.50004e+13,5.50004e+13,5.50004e+13,269.398577,5.50003e+13,5.005482,0,0,0,5.50004e+13,5.50004e+13,6,5.50004e+13,5.50004e+13,0,1,0,13.26308,1.70701e+13,0,0,0,0,0.0272,0.7108,0.7108,-9998,51052,55205,51052,0.176557,0.235222,0,0,0,A,1707,0.002825,131012,5.50004e+13,6,3,3,5.50004e+13,5.50004e+13,5.50004e+13,5.50004e+13,269.398577,5.50003e+13,5.005482,0,0,0,5.50004e+13,5.50004e+13,6,5.50004e+13,5.50004e+13,0,1,0,13.26308,1.70701e+13,0,0,0,0,0.0272,0.7108,0.7108,-9998,51052,55205,51052,0.176557,0.235222,0,0,0,A,1707,NA,NA,466,0.144746049,0.167176346,,,
467,-121.953794,45.785399,2042,244,763,Point,0,92,1/4/18,2,NA,NA,0.235222,1.70701e+13,1,NA,460,46003,0,1,0,5.50004e+13,1707,1,131012,5.50004e+13,6,3,3,5.50004e+13,5.50004e+13,5.50004e+13,5.50004e+13,269.398577,5.50003e+13,5.005482,0,0,0,5.50004e+13,5.50004e+13,6,5.50004e+13,5.50004e+13,0,1,0,13.26308,1.70701e+13,0,0,0,0,0.0272,0.7108,0.7108,-9998,51052,55205,51052,0.176557,0.235222,0,0,0,A,1707,0.002825,131012,5.50004e+13,6,3,3,5.50004e+13,5.50004e+13,5.50004e+13,5.50004e+13,269.398577,5.50003e+13,5.005482,0,0,0,5.50004e+13,5.50004e+13,6,5.50004e+13,5.50004e+13,0,1,0,13.26308,1.70701e+13,0,0,0,0,0.0272,0.7108,0.7108,-9998,51052,55205,51052,0.176557,0.235222,0,0,0,A,1707,NA,NA,467,0.145506212,0.175864063,,,
468,-121.95354,45.78538,2042,245,764,Point,0,92,1/4/18,2,NA,NA,0.235222,1.70701e+13,1,NA,460,46003,0,1,0,5.50004e+13,1707,1,131012,5.50004e+13,6,3,3,5.50004e+13,5.50004e+13,5.50004e+13,5.50004e+13,269.398577,5.50003e+13,5.005482,0,0,0,5.50004e+13,5.50004e+13,6,5.50004e+13,5.50004e+13,0,1,0,13.26308,1.70701e+13,0,0,0,0,0.0272,0.7108,0.7108,-9998,51052,55205,51052,0.176557,0.235222,0,0,0,A,1707,0.002825,131012,5.50004e+13,6,3,3,5.50004e+13,5.50004e+13,5.50004e+13,5.50004e+13,269.398577,5.50003e+13,5.005482,0,0,0,5.50004e+13,5.50004e+13,6,5.50004e+13,5.50004e+13,0,1,0,13.26308,1.70701e+13,0,0,0,0,0.0272,0.7108,0.7108,-9998,51052,55205,51052,0.176557,0.235222,0,0,0,A,1707,NA,NA,468,0.146249877,0.153056475,,,
469,-121.953295,45.785356,2042,246,765,Point,0,92,1/4/18,2,NA,NA,0.235222,1.70701e+13,1,NA,460,46003,0,1,0,5.50004e+13,1707,1,131012,5.50004e+13,6,3,3,5.50004e+13,5.50004e+13,5.50004e+13,5.50004e+13,269.398577,5.50003e+13,5.005482,0,0,0,5.50004e+13,5.50004e+13,6,5.50004e+13,5.50004e+13,0,1,0,13.26308,1.70701e+13,0,0,0,0,0.0272,0.7108,0.7108,-9998,51052,55205,51052,0.176557,0.235222,0,0,0,A,1707,0.002825,131012,5.50004e+13,6,3,3,5.50004e+13,5.50004e+13,5.50004e+13,5.50004e+13,269.398577,5.50003e+13,5.005482,0,0,0,5.50004e+13,5.50004e+13,6,5.50004e+13,5.50004e+13,0,1,0,13.26308,1.70701e+13,0,0,0,0,0.0272,0.7108,0.7108,-9998,51052,55205,51052,0.176557,0.235222,0,0,0,A,1707,NA,NA,469,0.146970085,0.153056475,,,
470,-121.953081,45.785245,2042,247,766,Point,0,92,1/4/18,2,NA,NA,0.235222,1.70701e+13,1,NA,460,46003,0,1,0,5.50004e+13,1707,1,131012,5.50004e+13,6,3,3,5.50004e+13,5.50004e+13,5.50004e+13,5.50004e+13,269.398577,5.50003e+13,5.005482,0,0,0,5.50004e+13,5.50004e+13,6,5.50004e+13,5.50004e+13,0,1,0,13.26308,1.70701e+13,0,0,0,0,0.0272,0.7108,0.7108,-9998,51052,55205,51052,0.176557,0.235222,0,0,0,A,1707,0.002825,131012,5.50004e+13,6,3,3,5.50004e+13,5.50004e+13,5.50004e+13,5.50004e+13,269.398577,5.50003e+13,5.005482,0,0,0,5.50004e+13,5.50004e+13,6,5.50004e+13,5.50004e+13,0,1,0,13.26308,1.70701e+13,0,0,0,0,0.0272,0.7108,0.7108,-9998,51052,55205,51052,0.176557,0.235222,0,0,0,A,1707,NA,NA,470,0.147745626,0.149737551,,,
471,-121.966777,45.7877,2043,211,794,Point,0,95,1/4/18,2,NA,NA,0.279589,1.70701e+13,1,NA,460,46003,0,1,0,5.50004e+13,1707,1,27567,5.50004e+13,7,3,3,5.50004e+13,5.50004e+13,5.50004e+13,5.50004e+13,270.487936,5.50003e+13,1.625857,0,0,0,5.50004e+13,5.50004e+13,7,5.50004e+13,5.50004e+13,0,1,0,42.72715,1.70701e+13,0,0,0,0,0.0648,0.3034,0.3034,-9998,65923,71828,65923,0.211203,0.279589,0,0,0,A,1707,0.003403,27567,5.50004e+13,7,3,3,5.50004e+13,5.50004e+13,5.50004e+13,5.50004e+13,270.487936,5.50003e+13,1.625857,0,0,0,5.50004e+13,5.50004e+13,7,5.50004e+13,5.50004e+13,0,1,0,42.72715,1.70701e+13,0,0,0,0,0.0648,0.3034,0.3034,-9998,65923,71828,65923,0.211203,0.279589,0,0,0,A,1707,NA,NA,471,0.009958304,0.222467909,,,
472,-121.966538,45.787784,2043,212,795,Point,0,95,1/4/18,2,NA,NA,0.279589,1.70701e+13,1,NA,460,46003,0,1,0,5.50004e+13,1707,1,27567,5.50004e+13,7,3,3,5.50004e+13,5.50004e+13,5.50004e+13,5.50004e+13,270.487936,5.50003e+13,1.625857,0,0,0,5.50004e+13,5.50004e+13,7,5.50004e+13,5.50004e+13,0,1,0,42.72715,1.70701e+13,0,0,0,0,0.0648,0.3034,0.3034,-9998,65923,71828,65923,0.211203,0.279589,0,0,0,A,1707,0.003403,27567,5.50004e+13,7,3,3,5.50004e+13,5.50004e+13,5.50004e+13,5.50004e+13,270.487936,5.50003e+13,1.625857,0,0,0,5.50004e+13,5.50004e+13,7,5.50004e+13,5.50004e+13,0,1,0,42.72715,1.70701e+13,0,0,0,0,0.0648,0.3034,0.3034,-9998,65923,71828,65923,0.211203,0.279589,0,0,0,A,1707,NA,NA,472,0.010721536,0.249627717,,,
473,-121.966297,45.787861,2043,213,796,Point,0,95,1/4/18,2,NA,NA,0.279589,1.70701e+13,1,NA,460,46003,0,1,0,5.50004e+13,1707,1,27567,5.50004e+13,7,3,3,5.50004e+13,5.50004e+13,5.50004e+13,5.50004e+13,270.487936,5.50003e+13,1.625857,0,0,0,5.50004e+13,5.50004e+13,7,5.50004e+13,5.50004e+13,0,1,0,42.72715,1.70701e+13,0,0,0,0,0.0648,0.3034,0.3034,-9998,65923,71828,65923,0.211203,0.279589,0,0,0,A,1707,0.003403,27567,5.50004e+13,7,3,3,5.50004e+13,5.50004e+13,5.50004e+13,5.50004e+13,270.487936,5.50003e+13,1.625857,0,0,0,5.50004e+13,5.50004e+13,7,5.50004e+13,5.50004e+13,0,1,0,42.72715,1.70701e+13,0,0,0,0,0.0648,0.3034,0.3034,-9998,65923,71828,65923,0.211203,0.279589,0,0,0,A,1707,NA,NA,473,0.01147757,0.276204701,,,
474,-121.966045,45.787909,2043,214,797,Point,0,95,1/4/18,2,NA,NA,0.279589,1.70701e+13,1,NA,460,46003,0,1,0,5.50004e+13,1707,1,27567,5.50004e+13,7,3,3,5.50004e+13,5.50004e+13,5.50004e+13,5.50004e+13,270.487936,5.50003e+13,1.625857,0,0,0,5.50004e+13,5.50004e+13,7,5.50004e+13,5.50004e+13,0,1,0,42.72715,1.70701e+13,0,0,0,0,0.0648,0.3034,0.3034,-9998,65923,71828,65923,0.211203,0.279589,0,0,0,A,1707,0.003403,27567,5.50004e+13,7,3,3,5.50004e+13,5.50004e+13,5.50004e+13,5.50004e+13,270.487936,5.50003e+13,1.625857,0,0,0,5.50004e+13,5.50004e+13,7,5.50004e+13,5.50004e+13,0,1,0,42.72715,1.70701e+13,0,0,0,0,0.0648,0.3034,0.3034,-9998,65923,71828,65923,0.211203,0.279589,0,0,0,A,1707,NA,NA,474,0.012222846,0.251995468,,,
475,-121.965821,45.788024,2043,215,798,Point,0,95,1/4/18,2,NA,NA,0.279589,1.70701e+13,1,NA,460,46003,0,1,0,5.50004e+13,1707,1,27567,5.50004e+13,7,3,3,5.50004e+13,5.50004e+13,5.50004e+13,5.50004e+13,270.487936,5.50003e+13,1.625857,0,0,0,5.50004e+13,5.50004e+13,7,5.50004e+13,5.50004e+13,0,1,0,42.72715,1.70701e+13,0,0,0,0,0.0648,0.3034,0.3034,-9998,65923,71828,65923,0.211203,0.279589,0,0,0,A,1707,0.003403,27567,5.50004e+13,7,3,3,5.50004e+13,5.50004e+13,5.50004e+13,5.50004e+13,270.487936,5.50003e+13,1.625857,0,0,0,5.50004e+13,5.50004e+13,7,5.50004e+13,5.50004e+13,0,1,0,42.72715,1.70701e+13,0,0,0,0,0.0648,0.3034,0.3034,-9998,65923,71828,65923,0.211203,0.279589,0,0,0,A,1707,NA,NA,475,0.013015689,0.251995468,,,
476,-121.965579,45.788103,2043,216,799,Point,0,95,1/4/18,2,NA,NA,0.279589,1.70701e+13,1,NA,460,46003,0,1,0,5.50004e+13,1707,1,27567,5.50004e+13,7,3,3,5.50004e+13,5.50004e+13,5.50004e+13,5.50004e+13,270.487936,5.50003e+13,1.625857,0,0,0,5.50004e+13,5.50004e+13,7,5.50004e+13,5.50004e+13,0,1,0,42.72715,1.70701e+13,0,0,0,0,0.0648,0.3034,0.3034,-9998,65923,71828,65923,0.211203,0.279589,0,0,0,A,1707,0.003403,27567,5.50004e+13,7,3,3,5.50004e+13,5.50004e+13,5.50004e+13,5.50004e+13,270.487936,5.50003e+13,1.625857,0,0,0,5.50004e+13,5.50004e+13,7,5.50004e+13,5.50004e+13,0,1,0,42.72715,1.70701e+13,0,0,0,0,0.0648,0.3034,0.3034,-9998,65923,71828,65923,0.211203,0.279589,0,0,0,A,1707,NA,NA,476,0.013777731,0.232820924,,,
477,-121.965352,45.78822,2043,217,800,Point,0,95,1/4/18,2,NA,NA,0.279589,1.70701e+13,1,NA,460,46003,0,1,0,5.50004e+13,1707,1,27567,5.50004e+13,7,3,3,5.50004e+13,5.50004e+13,5.50004e+13,5.50004e+13,270.487936,5.50003e+13,1.625857,0,0,0,5.50004e+13,5.50004e+13,7,5.50004e+13,5.50004e+13,0,1,0,42.72715,1.70701e+13,0,0,0,0,0.0648,0.3034,0.3034,-9998,65923,71828,65923,0.211203,0.279589,0,0,0,A,1707,0.003403,27567,5.50004e+13,7,3,3,5.50004e+13,5.50004e+13,5.50004e+13,5.50004e+13,270.487936,5.50003e+13,1.625857,0,0,0,5.50004e+13,5.50004e+13,7,5.50004e+13,5.50004e+13,0,1,0,42.72715,1.70701e+13,0,0,0,0,0.0648,0.3034,0.3034,-9998,65923,71828,65923,0.211203,0.279589,0,0,0,A,1707,NA,NA,477,0.014582302,0.228656049,,,
478,-121.965116,45.788307,2043,218,801,Point,0,95,1/4/18,2,NA,NA,0.279589,1.70701e+13,1,NA,460,46003,0,1,0,5.50004e+13,1707,1,27567,5.50004e+13,7,3,3,5.50004e+13,5.50004e+13,5.50004e+13,5.50004e+13,270.487936,5.50003e+13,1.625857,0,0,0,5.50004e+13,5.50004e+13,7,5.50004e+13,5.50004e+13,0,1,0,42.72715,1.70701e+13,0,0,0,0,0.0648,0.3034,0.3034,-9998,65923,71828,65923,0.211203,0.279589,0,0,0,A,1707,0.003403,27567,5.50004e+13,7,3,3,5.50004e+13,5.50004e+13,5.50004e+13,5.50004e+13,270.487936,5.50003e+13,1.625857,0,0,0,5.50004e+13,5.50004e+13,7,5.50004e+13,5.50004e+13,0,1,0,42.72715,1.70701e+13,0,0,0,0,0.0648,0.3034,0.3034,-9998,65923,71828,65923,0.211203,0.279589,0,0,0,A,1707,NA,NA,478,0.015343514,0.222511709,,,
479,-121.964875,45.788385,2043,219,802,Point,0,95,1/4/18,2,NA,NA,0.279589,1.70701e+13,1,NA,460,46003,0,1,0,5.50004e+13,1707,1,27567,5.50004e+13,7,3,3,5.50004e+13,5.50004e+13,5.50004e+13,5.50004e+13,270.487936,5.50003e+13,1.625857,0,0,0,5.50004e+13,5.50004e+13,7,5.50004e+13,5.50004e+13,0,1,0,42.72715,1.70701e+13,0,0,0,0,0.0648,0.3034,0.3034,-9998,65923,71828,65923,0.211203,0.279589,0,0,0,A,1707,0.003403,27567,5.50004e+13,7,3,3,5.50004e+13,5.50004e+13,5.50004e+13,5.50004e+13,270.487936,5.50003e+13,1.625857,0,0,0,5.50004e+13,5.50004e+13,7,5.50004e+13,5.50004e+13,0,1,0,42.72715,1.70701e+13,0,0,0,0,0.0648,0.3034,0.3034,-9998,65923,71828,65923,0.211203,0.279589,0,0,0,A,1707,NA,NA,479,0.016101246,0.233060844,,,
480,-121.964628,45.788437,2043,220,803,Point,0,95,1/4/18,2,NA,NA,0.279589,1.70701e+13,1,NA,460,46003,0,1,0,5.50004e+13,1707,1,27567,5.50004e+13,7,3,3,5.50004e+13,5.50004e+13,5.50004e+13,5.50004e+13,270.487936,5.50003e+13,1.625857,0,0,0,5.50004e+13,5.50004e+13,7,5.50004e+13,5.50004e+13,0,1,0,42.72715,1.70701e+13,0,0,0,0,0.0648,0.3034,0.3034,-9998,65923,71828,65923,0.211203,0.279589,0,0,0,A,1707,0.003403,27567,5.50004e+13,7,3,3,5.50004e+13,5.50004e+13,5.50004e+13,5.50004e+13,270.487936,5.50003e+13,1.625857,0,0,0,5.50004e+13,5.50004e+13,7,5.50004e+13,5.50004e+13,0,1,0,42.72715,1.70701e+13,0,0,0,0,0.0648,0.3034,0.3034,-9998,65923,71828,65923,0.211203,0.279589,0,0,0,A,1707,NA,NA,480,0.016837294,0.213850045,,,
481,-121.964378,45.788403,2043,221,804,Point,0,95,1/4/18,2,NA,NA,0.279589,1.70701e+13,1,NA,460,46003,0,1,0,5.50004e+13,1707,1,27567,5.50004e+13,7,3,3,5.50004e+13,5.50004e+13,5.50004e+13,5.50004e+13,270.487936,5.50003e+13,1.625857,0,0,0,5.50004e+13,5.50004e+13,7,5.50004e+13,5.50004e+13,0,1,0,42.72715,1.70701e+13,0,0,0,0,0.0648,0.3034,0.3034,-9998,65923,71828,65923,0.211203,0.279589,0,0,0,A,1707,0.003403,27567,5.50004e+13,7,3,3,5.50004e+13,5.50004e+13,5.50004e+13,5.50004e+13,270.487936,5.50003e+13,1.625857,0,0,0,5.50004e+13,5.50004e+13,7,5.50004e+13,5.50004e+13,0,1,0,42.72715,1.70701e+13,0,0,0,0,0.0648,0.3034,0.3034,-9998,65923,71828,65923,0.211203,0.279589,0,0,0,A,1707,NA,NA,481,0.017564034,0.189944101,,,
482,-121.964137,45.788329,2043,222,805,Point,0,95,1/4/18,2,NA,NA,0.279589,1.70701e+13,1,NA,460,46003,0,1,0,5.50004e+13,1707,1,27567,5.50004e+13,7,3,3,5.50004e+13,5.50004e+13,5.50004e+13,5.50004e+13,270.487936,5.50003e+13,1.625857,0,0,0,5.50004e+13,5.50004e+13,7,5.50004e+13,5.50004e+13,0,1,0,42.72715,1.70701e+13,0,0,0,0,0.0648,0.3034,0.3034,-9998,65923,71828,65923,0.211203,0.279589,0,0,0,A,1707,0.003403,27567,5.50004e+13,7,3,3,5.50004e+13,5.50004e+13,5.50004e+13,5.50004e+13,270.487936,5.50003e+13,1.625857,0,0,0,5.50004e+13,5.50004e+13,7,5.50004e+13,5.50004e+13,0,1,0,42.72715,1.70701e+13,0,0,0,0,0.0648,0.3034,0.3034,-9998,65923,71828,65923,0.211203,0.279589,0,0,0,A,1707,NA,NA,482,0.018315062,0.189944101,,,
483,-121.963883,45.788332,2043,223,806,Point,0,95,1/4/18,2,NA,NA,0.279589,1.70701e+13,1,NA,460,46003,0,1,0,5.50004e+13,1707,1,27567,5.50004e+13,7,3,3,5.50004e+13,5.50004e+13,5.50004e+13,5.50004e+13,270.487936,5.50003e+13,1.625857,0,0,0,5.50004e+13,5.50004e+13,7,5.50004e+13,5.50004e+13,0,1,0,42.72715,1.70701e+13,0,0,0,0,0.0648,0.3034,0.3034,-9998,65923,71828,65923,0.211203,0.279589,0,0,0,A,1707,0.003403,27567,5.50004e+13,7,3,3,5.50004e+13,5.50004e+13,5.50004e+13,5.50004e+13,270.487936,5.50003e+13,1.625857,0,0,0,5.50004e+13,5.50004e+13,7,5.50004e+13,5.50004e+13,0,1,0,42.72715,1.70701e+13,0,0,0,0,0.0648,0.3034,0.3034,-9998,65923,71828,65923,0.211203,0.279589,0,0,0,A,1707,NA,NA,483,0.019039966,0.203714623,,,
484,-121.963631,45.788368,2043,224,807,Point,0,95,1/4/18,2,NA,NA,0.279589,1.70701e+13,1,NA,460,46003,0,1,0,5.50004e+13,1707,1,27567,5.50004e+13,7,3,3,5.50004e+13,5.50004e+13,5.50004e+13,5.50004e+13,270.487936,5.50003e+13,1.625857,0,0,0,5.50004e+13,5.50004e+13,7,5.50004e+13,5.50004e+13,0,1,0,42.72715,1.70701e+13,0,0,0,0,0.0648,0.3034,0.3034,-9998,65923,71828,65923,0.211203,0.279589,0,0,0,A,1707,0.003403,27567,5.50004e+13,7,3,3,5.50004e+13,5.50004e+13,5.50004e+13,5.50004e+13,270.487936,5.50003e+13,1.625857,0,0,0,5.50004e+13,5.50004e+13,7,5.50004e+13,5.50004e+13,0,1,0,42.72715,1.70701e+13,0,0,0,0,0.0648,0.3034,0.3034,-9998,65923,71828,65923,0.211203,0.279589,0,0,0,A,1707,NA,NA,484,0.0197739,0.240682308,,,
485,-121.963582,45.788375,2043,225,808,Point,0,95,1/4/18,2,NA,NA,0.279589,1.70701e+13,1,NA,460,46003,0,1,0,5.50004e+13,1707,1,27567,5.50004e+13,7,3,3,5.50004e+13,5.50004e+13,5.50004e+13,5.50004e+13,270.487936,5.50003e+13,1.625857,0,0,0,5.50004e+13,5.50004e+13,7,5.50004e+13,5.50004e+13,0,1,0,42.72715,1.70701e+13,0,0,0,0,0.0648,0.3034,0.3034,-9998,65923,71828,65923,0.211203,0.279589,0,0,0,A,1707,0.003403,27567,5.50004e+13,7,3,3,5.50004e+13,5.50004e+13,5.50004e+13,5.50004e+13,270.487936,5.50003e+13,1.625857,0,0,0,5.50004e+13,5.50004e+13,7,5.50004e+13,5.50004e+13,0,1,0,42.72715,1.70701e+13,0,0,0,0,0.0648,0.3034,0.3034,-9998,65923,71828,65923,0.211203,0.279589,0,0,0,A,1707,NA,NA,485,0.019916609,0.240682308,,,
486,-121.946504,45.794294,2044,226,809,Point,0,96,1/4/18,2,NA,NA,0.051114,1.70701e+13,1,NA,460,46003,0,1,0,5.50004e+13,1707,1,237512,5.50004e+13,6,3,3,5.50004e+13,5.50004e+13,5.50004e+13,5.50004e+13,268.961256,5.50003e+13,2.452243,0,0,0,5.50004e+13,5.50004e+13,6,5.50004e+13,5.50004e+13,0,1,88.826134,97.636688,1.70701e+13,0,0,0,0,0.0016,0.4859,0.4859,-9998,48019,48464,48214,0.04891,0.051114,0,0,0,A,1707,0.000503,237512,5.50004e+13,6,3,3,5.50004e+13,5.50004e+13,5.50004e+13,5.50004e+13,268.961256,5.50003e+13,2.452243,0,0,0,5.50004e+13,5.50004e+13,6,5.50004e+13,5.50004e+13,0,1,88.826134,97.636688,1.70701e+13,0,0,0,0,0.0016,0.4859,0.4859,-9998,48019,48464,48214,0.04891,0.051114,0,0,0,A,1707,NA,NA,486,0.057075842,0.138024721,,,
487,-121.946525,45.79406,2044,227,810,Point,0,96,1/4/18,2,NA,NA,0.051114,1.70701e+13,1,NA,460,46003,0,1,0,5.50004e+13,1707,1,237512,5.50004e+13,6,3,3,5.50004e+13,5.50004e+13,5.50004e+13,5.50004e+13,268.961256,5.50003e+13,2.452243,0,0,0,5.50004e+13,5.50004e+13,6,5.50004e+13,5.50004e+13,0,1,88.826134,97.636688,1.70701e+13,0,0,0,0,0.0016,0.4859,0.4859,-9998,48019,48464,48214,0.04891,0.051114,0,0,0,A,1707,0.000503,237512,5.50004e+13,6,3,3,5.50004e+13,5.50004e+13,5.50004e+13,5.50004e+13,268.961256,5.50003e+13,2.452243,0,0,0,5.50004e+13,5.50004e+13,6,5.50004e+13,5.50004e+13,0,1,88.826134,97.636688,1.70701e+13,0,0,0,0,0.0016,0.4859,0.4859,-9998,48019,48464,48214,0.04891,0.051114,0,0,0,A,1707,NA,NA,487,0.057335379,0.139057289,,,
488,-121.946364,45.793883,2044,228,811,Point,0,96,1/4/18,2,NA,NA,0.051114,1.70701e+13,1,NA,460,46003,0,1,0,5.50004e+13,1707,1,237512,5.50004e+13,6,3,3,5.50004e+13,5.50004e+13,5.50004e+13,5.50004e+13,268.961256,5.50003e+13,2.452243,0,0,0,5.50004e+13,5.50004e+13,6,5.50004e+13,5.50004e+13,0,1,88.826134,97.636688,1.70701e+13,0,0,0,0,0.0016,0.4859,0.4859,-9998,48019,48464,48214,0.04891,0.051114,0,0,0,A,1707,0.000503,237512,5.50004e+13,6,3,3,5.50004e+13,5.50004e+13,5.50004e+13,5.50004e+13,268.961256,5.50003e+13,2.452243,0,0,0,5.50004e+13,5.50004e+13,6,5.50004e+13,5.50004e+13,0,1,88.826134,97.636688,1.70701e+13,0,0,0,0,0.0016,0.4859,0.4859,-9998,48019,48464,48214,0.04891,0.051114,0,0,0,A,1707,NA,NA,488,0.057567611,0.212557807,,,
489,-121.95387,45.778129,2045,376,812,Point,0,97,1/4/18,2,NA,NA,0.242473,1.70701e+13,1,NA,460,46003,0,1,0,5.50004e+13,1707,1,98749,5.50004e+13,6,2,2,5.50004e+13,5.50004e+13,5.50004e+13,5.50004e+13,269.814704,5.50003e+13,0.433481,0,0,0,5.50004e+13,5.50004e+13,5,5.50004e+13,5.50004e+13,0,1,0,73.114807,1.70701e+13,0,0,0,0,0.03,0.0694,0.0694,-9998,59708,68917,60250,0.357442,0.242473,1,0,0,A,1707,0.002373,98749,5.50004e+13,6,2,2,5.50004e+13,5.50004e+13,5.50004e+13,5.50004e+13,269.814704,5.50003e+13,0.433481,0,0,0,5.50004e+13,5.50004e+13,5,5.50004e+13,5.50004e+13,0,1,0,73.114807,1.70701e+13,0,0,0,0,0.03,0.0694,0.0694,-9998,59708,68917,60250,0.357442,0.242473,1,0,0,A,1707,NA,NA,489,0.004610328,0.476337252,,,
490,-121.953847,45.778372,2045,377,813,Point,0,97,1/4/18,2,NA,NA,0.242473,1.70701e+13,1,NA,460,46003,0,1,0,5.50004e+13,1707,1,98749,5.50004e+13,6,2,2,5.50004e+13,5.50004e+13,5.50004e+13,5.50004e+13,269.814704,5.50003e+13,0.433481,0,0,0,5.50004e+13,5.50004e+13,5,5.50004e+13,5.50004e+13,0,1,0,73.114807,1.70701e+13,0,0,0,0,0.03,0.0694,0.0694,-9998,59708,68917,60250,0.357442,0.242473,1,0,0,A,1707,0.002373,98749,5.50004e+13,6,2,2,5.50004e+13,5.50004e+13,5.50004e+13,5.50004e+13,269.814704,5.50003e+13,0.433481,0,0,0,5.50004e+13,5.50004e+13,5,5.50004e+13,5.50004e+13,0,1,0,73.114807,1.70701e+13,0,0,0,0,0.03,0.0694,0.0694,-9998,59708,68917,60250,0.357442,0.242473,1,0,0,A,1707,NA,NA,490,0.005142578,0.493059706,,,
491,-121.953936,45.778602,2045,378,814,Point,0,97,1/4/18,2,NA,NA,0.242473,1.70701e+13,1,NA,460,46003,0,1,0,5.50004e+13,1707,1,98749,5.50004e+13,6,2,2,5.50004e+13,5.50004e+13,5.50004e+13,5.50004e+13,269.814704,5.50003e+13,0.433481,0,0,0,5.50004e+13,5.50004e+13,5,5.50004e+13,5.50004e+13,0,1,0,73.114807,1.70701e+13,0,0,0,0,0.03,0.0694,0.0694,-9998,59708,68917,60250,0.357442,0.242473,1,0,0,A,1707,0.002373,98749,5.50004e+13,6,2,2,5.50004e+13,5.50004e+13,5.50004e+13,5.50004e+13,269.814704,5.50003e+13,0.433481,0,0,0,5.50004e+13,5.50004e+13,5,5.50004e+13,5.50004e+13,0,1,0,73.114807,1.70701e+13,0,0,0,0,0.03,0.0694,0.0694,-9998,59708,68917,60250,0.357442,0.242473,1,0,0,A,1707,NA,NA,491,0.005663353,0.454234002,,,
492,-121.954032,45.778824,2045,379,815,Point,0,97,1/4/18,2,NA,NA,0.242473,1.70701e+13,1,NA,460,46003,0,1,0,5.50004e+13,1707,1,98749,5.50004e+13,6,2,2,5.50004e+13,5.50004e+13,5.50004e+13,5.50004e+13,269.814704,5.50003e+13,0.433481,0,0,0,5.50004e+13,5.50004e+13,5,5.50004e+13,5.50004e+13,0,1,0,73.114807,1.70701e+13,0,0,0,0,0.03,0.0694,0.0694,-9998,59708,68917,60250,0.357442,0.242473,1,0,0,A,1707,0.002373,98749,5.50004e+13,6,2,2,5.50004e+13,5.50004e+13,5.50004e+13,5.50004e+13,269.814704,5.50003e+13,0.433481,0,0,0,5.50004e+13,5.50004e+13,5,5.50004e+13,5.50004e+13,0,1,0,73.114807,1.70701e+13,0,0,0,0,0.03,0.0694,0.0694,-9998,59708,68917,60250,0.357442,0.242473,1,0,0,A,1707,NA,NA,492,0.006170268,0.439472886,,,
493,-121.954176,45.779012,2045,380,816,Point,0,97,1/4/18,2,NA,NA,0.242473,1.70701e+13,1,NA,460,46003,0,1,0,5.50004e+13,1707,1,98749,5.50004e+13,6,2,2,5.50004e+13,5.50004e+13,5.50004e+13,5.50004e+13,269.814704,5.50003e+13,0.433481,0,0,0,5.50004e+13,5.50004e+13,5,5.50004e+13,5.50004e+13,0,1,0,73.114807,1.70701e+13,0,0,0,0,0.03,0.0694,0.0694,-9998,59708,68917,60250,0.357442,0.242473,1,0,0,A,1707,0.002373,98749,5.50004e+13,6,2,2,5.50004e+13,5.50004e+13,5.50004e+13,5.50004e+13,269.814704,5.50003e+13,0.433481,0,0,0,5.50004e+13,5.50004e+13,5,5.50004e+13,5.50004e+13,0,1,0,73.114807,1.70701e+13,0,0,0,0,0.03,0.0694,0.0694,-9998,59708,68917,60250,0.357442,0.242473,1,0,0,A,1707,NA,NA,493,0.006636442,0.509357418,,,
494,-121.954379,45.779165,2045,381,817,Point,0,97,1/4/18,2,NA,NA,0.242473,1.70701e+13,1,NA,460,46003,0,1,0,5.50004e+13,1707,1,98749,5.50004e+13,6,2,2,5.50004e+13,5.50004e+13,5.50004e+13,5.50004e+13,269.814704,5.50003e+13,0.433481,0,0,0,5.50004e+13,5.50004e+13,5,5.50004e+13,5.50004e+13,0,1,0,73.114807,1.70701e+13,0,0,0,0,0.03,0.0694,0.0694,-9998,59708,68917,60250,0.357442,0.242473,1,0,0,A,1707,0.002373,98749,5.50004e+13,6,2,2,5.50004e+13,5.50004e+13,5.50004e+13,5.50004e+13,269.814704,5.50003e+13,0.433481,0,0,0,5.50004e+13,5.50004e+13,5,5.50004e+13,5.50004e+13,0,1,0,73.114807,1.70701e+13,0,0,0,0,0.03,0.0694,0.0694,-9998,59708,68917,60250,0.357442,0.242473,1,0,0,A,1707,NA,NA,494,0.007092718,0.509357418,,,
495,-121.954534,45.779352,2045,382,818,Point,0,97,1/4/18,2,NA,NA,0.242473,1.70701e+13,1,NA,460,46003,0,1,0,5.50004e+13,1707,1,98749,5.50004e+13,6,2,2,5.50004e+13,5.50004e+13,5.50004e+13,5.50004e+13,269.814704,5.50003e+13,0.433481,0,0,0,5.50004e+13,5.50004e+13,5,5.50004e+13,5.50004e+13,0,1,0,73.114807,1.70701e+13,0,0,0,0,0.03,0.0694,0.0694,-9998,59708,68917,60250,0.357442,0.242473,1,0,0,A,1707,0.002373,98749,5.50004e+13,6,2,2,5.50004e+13,5.50004e+13,5.50004e+13,5.50004e+13,269.814704,5.50003e+13,0.433481,0,0,0,5.50004e+13,5.50004e+13,5,5.50004e+13,5.50004e+13,0,1,0,73.114807,1.70701e+13,0,0,0,0,0.03,0.0694,0.0694,-9998,59708,68917,60250,0.357442,0.242473,1,0,0,A,1707,NA,NA,495,0.007565177,0.465282985,,,
496,-121.954478,45.779591,2045,383,819,Point,0,97,1/4/18,2,NA,NA,0.242473,1.70701e+13,1,NA,460,46003,0,1,0,5.50004e+13,1707,1,98749,5.50004e+13,6,2,2,5.50004e+13,5.50004e+13,5.50004e+13,5.50004e+13,269.814704,5.50003e+13,0.433481,0,0,0,5.50004e+13,5.50004e+13,5,5.50004e+13,5.50004e+13,0,1,0,73.114807,1.70701e+13,0,0,0,0,0.03,0.0694,0.0694,-9998,59708,68917,60250,0.357442,0.242473,1,0,0,A,1707,0.002373,98749,5.50004e+13,6,2,2,5.50004e+13,5.50004e+13,5.50004e+13,5.50004e+13,269.814704,5.50003e+13,0.433481,0,0,0,5.50004e+13,5.50004e+13,5,5.50004e+13,5.50004e+13,0,1,0,73.114807,1.70701e+13,0,0,0,0,0.03,0.0694,0.0694,-9998,59708,68917,60250,0.357442,0.242473,1,0,0,A,1707,NA,NA,496,0.008094496,0.330456903,,,
497,-121.954347,45.779799,2045,384,820,Point,0,97,1/4/18,2,NA,NA,0.242473,1.70701e+13,1,NA,460,46003,0,1,0,5.50004e+13,1707,1,98749,5.50004e+13,6,2,2,5.50004e+13,5.50004e+13,5.50004e+13,5.50004e+13,269.814704,5.50003e+13,0.433481,0,0,0,5.50004e+13,5.50004e+13,5,5.50004e+13,5.50004e+13,0,1,0,73.114807,1.70701e+13,0,0,0,0,0.03,0.0694,0.0694,-9998,59708,68917,60250,0.357442,0.242473,1,0,0,A,1707,0.002373,98749,5.50004e+13,6,2,2,5.50004e+13,5.50004e+13,5.50004e+13,5.50004e+13,269.814704,5.50003e+13,0.433481,0,0,0,5.50004e+13,5.50004e+13,5,5.50004e+13,5.50004e+13,0,1,0,73.114807,1.70701e+13,0,0,0,0,0.03,0.0694,0.0694,-9998,59708,68917,60250,0.357442,0.242473,1,0,0,A,1707,NA,NA,497,0.008591273,0.365447853,,,
498,-121.954278,45.780031,2045,385,821,Point,0,97,1/4/18,2,NA,NA,0.242473,1.70701e+13,1,NA,460,46003,0,1,0,5.50004e+13,1707,1,98749,5.50004e+13,6,2,2,5.50004e+13,5.50004e+13,5.50004e+13,5.50004e+13,269.814704,5.50003e+13,0.433481,0,0,0,5.50004e+13,5.50004e+13,5,5.50004e+13,5.50004e+13,0,1,0,73.114807,1.70701e+13,0,0,0,0,0.03,0.0694,0.0694,-9998,59708,68917,60250,0.357442,0.242473,1,0,0,A,1707,0.002373,98749,5.50004e+13,6,2,2,5.50004e+13,5.50004e+13,5.50004e+13,5.50004e+13,269.814704,5.50003e+13,0.433481,0,0,0,5.50004e+13,5.50004e+13,5,5.50004e+13,5.50004e+13,0,1,0,73.114807,1.70701e+13,0,0,0,0,0.03,0.0694,0.0694,-9998,59708,68917,60250,0.357442,0.242473,1,0,0,A,1707,NA,NA,498,0.009109182,0.283585345,,,
499,-121.954279,45.780082,2045,386,822,Point,0,97,1/4/18,2,NA,NA,0.242473,1.70701e+13,1,NA,460,46003,0,1,0,5.50004e+13,1707,1,98749,5.50004e+13,6,2,2,5.50004e+13,5.50004e+13,5.50004e+13,5.50004e+13,269.814704,5.50003e+13,0.433481,0,0,0,5.50004e+13,5.50004e+13,5,5.50004e+13,5.50004e+13,0,1,0,73.114807,1.70701e+13,0,0,0,0,0.03,0.0694,0.0694,-9998,59708,68917,60250,0.357442,0.242473,1,0,0,A,1707,0.002373,98749,5.50004e+13,6,2,2,5.50004e+13,5.50004e+13,5.50004e+13,5.50004e+13,269.814704,5.50003e+13,0.433481,0,0,0,5.50004e+13,5.50004e+13,5,5.50004e+13,5.50004e+13,0,1,0,73.114807,1.70701e+13,0,0,0,0,0.03,0.0694,0.0694,-9998,59708,68917,60250,0.357442,0.242473,1,0,0,A,1707,NA,NA,499,0.009220655,0.283585345,,,
500,-121.930971,45.79153,2046,597,823,Point,0,99,1/4/18,2,1522756,Martha Creek,0.298366,1.70701e+13,1,NA,460,46006,0,1,0,5.50004e+13,1707,1,51072,5.50004e+13,5,5,5,5.50004e+13,5.50004e+13,5.50004e+13,5.50004e+13,266.789126,5.50003e+13,38.668305,0,0,0,5.50004e+13,5.50004e+13,5,5.50004e+13,5.50004e+13,0,1,44.856209,52.683571,1.70701e+13,0,0,0,0,0.0524,6.4079,6.4079,-9998,34621,35305,34621,0.022925,0.298366,0,0,0,A,1707,0.00345,51072,5.50004e+13,5,5,5,5.50004e+13,5.50004e+13,5.50004e+13,5.50004e+13,266.789126,5.50003e+13,38.668305,0,0,0,5.50004e+13,5.50004e+13,5,5.50004e+13,5.50004e+13,0,1,44.856209,52.683571,1.70701e+13,0,0,0,0,0.0524,6.4079,6.4079,-9998,34621,35305,34621,0.022925,0.298366,0,0,0,A,1707,NA,NA,500,0.991343342,0.022667415,,,
501,-121.930763,45.79166,2046,598,824,Point,0,99,1/4/18,2,1522756,Martha Creek,0.298366,1.70701e+13,1,NA,460,46006,0,1,0,5.50004e+13,1707,1,51072,5.50004e+13,5,5,5,5.50004e+13,5.50004e+13,5.50004e+13,5.50004e+13,266.789126,5.50003e+13,38.668305,0,0,0,5.50004e+13,5.50004e+13,5,5.50004e+13,5.50004e+13,0,1,44.856209,52.683571,1.70701e+13,0,0,0,0,0.0524,6.4079,6.4079,-9998,34621,35305,34621,0.022925,0.298366,0,0,0,A,1707,0.00345,51072,5.50004e+13,5,5,5,5.50004e+13,5.50004e+13,5.50004e+13,5.50004e+13,266.789126,5.50003e+13,38.668305,0,0,0,5.50004e+13,5.50004e+13,5,5.50004e+13,5.50004e+13,0,1,44.856209,52.683571,1.70701e+13,0,0,0,0,0.0524,6.4079,6.4079,-9998,34621,35305,34621,0.022925,0.298366,0,0,0,A,1707,NA,NA,501,0.991526359,0.025844066,,,
502,-121.930555,45.791796,2046,599,825,Point,0,99,1/4/18,2,1522756,Martha Creek,0.298366,1.70701e+13,1,NA,460,46006,0,1,0,5.50004e+13,1707,1,51072,5.50004e+13,5,5,5,5.50004e+13,5.50004e+13,5.50004e+13,5.50004e+13,266.789126,5.50003e+13,38.668305,0,0,0,5.50004e+13,5.50004e+13,5,5.50004e+13,5.50004e+13,0,1,44.856209,52.683571,1.70701e+13,0,0,0,0,0.0524,6.4079,6.4079,-9998,34621,35305,34621,0.022925,0.298366,0,0,0,A,1707,0.00345,51072,5.50004e+13,5,5,5,5.50004e+13,5.50004e+13,5.50004e+13,5.50004e+13,266.789126,5.50003e+13,38.668305,0,0,0,5.50004e+13,5.50004e+13,5,5.50004e+13,5.50004e+13,0,1,44.856209,52.683571,1.70701e+13,0,0,0,0,0.0524,6.4079,6.4079,-9998,34621,35305,34621,0.022925,0.298366,0,0,0,A,1707,NA,NA,502,0.991713173,0.020303203,,,
503,-121.930337,45.791925,2046,600,826,Point,0,99,1/4/18,2,1522756,Martha Creek,0.298366,1.70701e+13,1,NA,460,46006,0,1,0,5.50004e+13,1707,1,51072,5.50004e+13,5,5,5,5.50004e+13,5.50004e+13,5.50004e+13,5.50004e+13,266.789126,5.50003e+13,38.668305,0,0,0,5.50004e+13,5.50004e+13,5,5.50004e+13,5.50004e+13,0,1,44.856209,52.683571,1.70701e+13,0,0,0,0,0.0524,6.4079,6.4079,-9998,34621,35305,34621,0.022925,0.298366,0,0,0,A,1707,0.00345,51072,5.50004e+13,5,5,5,5.50004e+13,5.50004e+13,5.50004e+13,5.50004e+13,266.789126,5.50003e+13,38.668305,0,0,0,5.50004e+13,5.50004e+13,5,5.50004e+13,5.50004e+13,0,1,44.856209,52.683571,1.70701e+13,0,0,0,0,0.0524,6.4079,6.4079,-9998,34621,35305,34621,0.022925,0.298366,0,0,0,A,1707,NA,NA,503,0.991900527,0.023755836,,,
504,-121.930157,45.792091,2046,601,827,Point,0,99,1/4/18,2,1522756,Martha Creek,0.298366,1.70701e+13,1,NA,460,46006,0,1,0,5.50004e+13,1707,1,51072,5.50004e+13,5,5,5,5.50004e+13,5.50004e+13,5.50004e+13,5.50004e+13,266.789126,5.50003e+13,38.668305,0,0,0,5.50004e+13,5.50004e+13,5,5.50004e+13,5.50004e+13,0,1,44.856209,52.683571,1.70701e+13,0,0,0,0,0.0524,6.4079,6.4079,-9998,34621,35305,34621,0.022925,0.298366,0,0,0,A,1707,0.00345,51072,5.50004e+13,5,5,5,5.50004e+13,5.50004e+13,5.50004e+13,5.50004e+13,266.789126,5.50003e+13,38.668305,0,0,0,5.50004e+13,5.50004e+13,5,5.50004e+13,5.50004e+13,0,1,44.856209,52.683571,1.70701e+13,0,0,0,0,0.0524,6.4079,6.4079,-9998,34621,35305,34621,0.022925,0.298366,0,0,0,A,1707,NA,NA,504,0.992095956,0.020019143,,,
505,-121.92997,45.792256,2046,602,828,Point,0,99,1/4/18,2,1522756,Martha Creek,0.298366,1.70701e+13,1,NA,460,46006,0,1,0,5.50004e+13,1707,1,51072,5.50004e+13,5,5,5,5.50004e+13,5.50004e+13,5.50004e+13,5.50004e+13,266.789126,5.50003e+13,38.668305,0,0,0,5.50004e+13,5.50004e+13,5,5.50004e+13,5.50004e+13,0,1,44.856209,52.683571,1.70701e+13,0,0,0,0,0.0524,6.4079,6.4079,-9998,34621,35305,34621,0.022925,0.298366,0,0,0,A,1707,0.00345,51072,5.50004e+13,5,5,5,5.50004e+13,5.50004e+13,5.50004e+13,5.50004e+13,266.789126,5.50003e+13,38.668305,0,0,0,5.50004e+13,5.50004e+13,5,5.50004e+13,5.50004e+13,0,1,44.856209,52.683571,1.70701e+13,0,0,0,0,0.0524,6.4079,6.4079,-9998,34621,35305,34621,0.022925,0.298366,0,0,0,A,1707,NA,NA,505,0.992293459,0.020019143,,,
506,-121.929734,45.792342,2046,603,829,Point,0,99,1/4/18,2,1522756,Martha Creek,0.298366,1.70701e+13,1,NA,460,46006,0,1,0,5.50004e+13,1707,1,51072,5.50004e+13,5,5,5,5.50004e+13,5.50004e+13,5.50004e+13,5.50004e+13,266.789126,5.50003e+13,38.668305,0,0,0,5.50004e+13,5.50004e+13,5,5.50004e+13,5.50004e+13,0,1,44.856209,52.683571,1.70701e+13,0,0,0,0,0.0524,6.4079,6.4079,-9998,34621,35305,34621,0.022925,0.298366,0,0,0,A,1707,0.00345,51072,5.50004e+13,5,5,5,5.50004e+13,5.50004e+13,5.50004e+13,5.50004e+13,266.789126,5.50003e+13,38.668305,0,0,0,5.50004e+13,5.50004e+13,5,5.50004e+13,5.50004e+13,0,1,44.856209,52.683571,1.70701e+13,0,0,0,0,0.0524,6.4079,6.4079,-9998,34621,35305,34621,0.022925,0.298366,0,0,0,A,1707,NA,NA,506,0.992468061,0.018905966,,,
507,-121.929483,45.792385,2046,604,830,Point,0,99,1/4/18,2,1522756,Martha Creek,0.298366,1.70701e+13,1,NA,460,46006,0,1,0,5.50004e+13,1707,1,51072,5.50004e+13,5,5,5,5.50004e+13,5.50004e+13,5.50004e+13,5.50004e+13,266.789126,5.50003e+13,38.668305,0,0,0,5.50004e+13,5.50004e+13,5,5.50004e+13,5.50004e+13,0,1,44.856209,52.683571,1.70701e+13,0,0,0,0,0.0524,6.4079,6.4079,-9998,34621,35305,34621,0.022925,0.298366,0,0,0,A,1707,0.00345,51072,5.50004e+13,5,5,5,5.50004e+13,5.50004e+13,5.50004e+13,5.50004e+13,266.789126,5.50003e+13,38.668305,0,0,0,5.50004e+13,5.50004e+13,5,5.50004e+13,5.50004e+13,0,1,44.856209,52.683571,1.70701e+13,0,0,0,0,0.0524,6.4079,6.4079,-9998,34621,35305,34621,0.022925,0.298366,0,0,0,A,1707,NA,NA,507,0.992637621,0.021509871,,,
508,-121.929232,45.792347,2046,605,831,Point,0,99,1/4/18,2,1522756,Martha Creek,0.298366,1.70701e+13,1,NA,460,46006,0,1,0,5.50004e+13,1707,1,51072,5.50004e+13,5,5,5,5.50004e+13,5.50004e+13,5.50004e+13,5.50004e+13,266.789126,5.50003e+13,38.668305,0,0,0,5.50004e+13,5.50004e+13,5,5.50004e+13,5.50004e+13,0,1,44.856209,52.683571,1.70701e+13,0,0,0,0,0.0524,6.4079,6.4079,-9998,34621,35305,34621,0.022925,0.298366,0,0,0,A,1707,0.00345,51072,5.50004e+13,5,5,5,5.50004e+13,5.50004e+13,5.50004e+13,5.50004e+13,266.789126,5.50003e+13,38.668305,0,0,0,5.50004e+13,5.50004e+13,5,5.50004e+13,5.50004e+13,0,1,44.856209,52.683571,1.70701e+13,0,0,0,0,0.0524,6.4079,6.4079,-9998,34621,35305,34621,0.022925,0.298366,0,0,0,A,1707,NA,NA,508,0.992806128,0.02447616,,,
509,-121.928979,45.792327,2046,606,832,Point,0,99,1/4/18,2,1522756,Martha Creek,0.298366,1.70701e+13,1,NA,460,46006,0,1,0,5.50004e+13,1707,1,51072,5.50004e+13,5,5,5,5.50004e+13,5.50004e+13,5.50004e+13,5.50004e+13,266.789126,5.50003e+13,38.668305,0,0,0,5.50004e+13,5.50004e+13,5,5.50004e+13,5.50004e+13,0,1,44.856209,52.683571,1.70701e+13,0,0,0,0,0.0524,6.4079,6.4079,-9998,34621,35305,34621,0.022925,0.298366,0,0,0,A,1707,0.00345,51072,5.50004e+13,5,5,5,5.50004e+13,5.50004e+13,5.50004e+13,5.50004e+13,266.789126,5.50003e+13,38.668305,0,0,0,5.50004e+13,5.50004e+13,5,5.50004e+13,5.50004e+13,0,1,44.856209,52.683571,1.70701e+13,0,0,0,0,0.0524,6.4079,6.4079,-9998,34621,35305,34621,0.022925,0.298366,0,0,0,A,1707,NA,NA,509,0.99297319,0.031641829,,,
510,-121.92875,45.792241,2046,607,833,Point,0,99,1/4/18,2,1522756,Martha Creek,0.298366,1.70701e+13,1,NA,460,46006,0,1,0,5.50004e+13,1707,1,51072,5.50004e+13,5,5,5,5.50004e+13,5.50004e+13,5.50004e+13,5.50004e+13,266.789126,5.50003e+13,38.668305,0,0,0,5.50004e+13,5.50004e+13,5,5.50004e+13,5.50004e+13,0,1,44.856209,52.683571,1.70701e+13,0,0,0,0,0.0524,6.4079,6.4079,-9998,34621,35305,34621,0.022925,0.298366,0,0,0,A,1707,0.00345,51072,5.50004e+13,5,5,5,5.50004e+13,5.50004e+13,5.50004e+13,5.50004e+13,266.789126,5.50003e+13,38.668305,0,0,0,5.50004e+13,5.50004e+13,5,5.50004e+13,5.50004e+13,0,1,44.856209,52.683571,1.70701e+13,0,0,0,0,0.0524,6.4079,6.4079,-9998,34621,35305,34621,0.022925,0.298366,0,0,0,A,1707,NA,NA,510,0.993143732,0.037884217,,,
511,-121.928505,45.792219,2046,608,834,Point,0,99,1/4/18,2,1522756,Martha Creek,0.298366,1.70701e+13,1,NA,460,46006,0,1,0,5.50004e+13,1707,1,51072,5.50004e+13,5,5,5,5.50004e+13,5.50004e+13,5.50004e+13,5.50004e+13,266.789126,5.50003e+13,38.668305,0,0,0,5.50004e+13,5.50004e+13,5,5.50004e+13,5.50004e+13,0,1,44.856209,52.683571,1.70701e+13,0,0,0,0,0.0524,6.4079,6.4079,-9998,34621,35305,34621,0.022925,0.298366,0,0,0,A,1707,0.00345,51072,5.50004e+13,5,5,5,5.50004e+13,5.50004e+13,5.50004e+13,5.50004e+13,266.789126,5.50003e+13,38.668305,0,0,0,5.50004e+13,5.50004e+13,5,5.50004e+13,5.50004e+13,0,1,44.856209,52.683571,1.70701e+13,0,0,0,0,0.0524,6.4079,6.4079,-9998,34621,35305,34621,0.022925,0.298366,0,0,0,A,1707,NA,NA,511,0.993305808,0.038977579,,,
512,-121.928299,45.792361,2046,609,835,Point,0,99,1/4/18,2,1522756,Martha Creek,0.298366,1.70701e+13,1,NA,460,46006,0,1,0,5.50004e+13,1707,1,51072,5.50004e+13,5,5,5,5.50004e+13,5.50004e+13,5.50004e+13,5.50004e+13,266.789126,5.50003e+13,38.668305,0,0,0,5.50004e+13,5.50004e+13,5,5.50004e+13,5.50004e+13,0,1,44.856209,52.683571,1.70701e+13,0,0,0,0,0.0524,6.4079,6.4079,-9998,34621,35305,34621,0.022925,0.298366,0,0,0,A,1707,0.00345,51072,5.50004e+13,5,5,5,5.50004e+13,5.50004e+13,5.50004e+13,5.50004e+13,266.789126,5.50003e+13,38.668305,0,0,0,5.50004e+13,5.50004e+13,5,5.50004e+13,5.50004e+13,0,1,44.856209,52.683571,1.70701e+13,0,0,0,0,0.0524,6.4079,6.4079,-9998,34621,35305,34621,0.022925,0.298366,0,0,0,A,1707,NA,NA,512,0.993495571,0.037220315,,,
513,-121.92811,45.792505,2046,610,836,Point,0,99,1/4/18,2,1522756,Martha Creek,0.298366,1.70701e+13,1,NA,460,46006,0,1,0,5.50004e+13,1707,1,51072,5.50004e+13,5,5,5,5.50004e+13,5.50004e+13,5.50004e+13,5.50004e+13,266.789126,5.50003e+13,38.668305,0,0,0,5.50004e+13,5.50004e+13,5,5.50004e+13,5.50004e+13,0,1,44.856209,52.683571,1.70701e+13,0,0,0,0,0.0524,6.4079,6.4079,-9998,34621,35305,34621,0.022925,0.298366,0,0,0,A,1707,0.00345,51072,5.50004e+13,5,5,5,5.50004e+13,5.50004e+13,5.50004e+13,5.50004e+13,266.789126,5.50003e+13,38.668305,0,0,0,5.50004e+13,5.50004e+13,5,5.50004e+13,5.50004e+13,0,1,44.856209,52.683571,1.70701e+13,0,0,0,0,0.0524,6.4079,6.4079,-9998,34621,35305,34621,0.022925,0.298366,0,0,0,A,1707,NA,NA,513,0.993678935,0.038272692,,,
514,-121.928018,45.792519,2046,611,837,Point,0,99,1/4/18,2,1522756,Martha Creek,0.298366,1.70701e+13,1,NA,460,46006,0,1,0,5.50004e+13,1707,1,51072,5.50004e+13,5,5,5,5.50004e+13,5.50004e+13,5.50004e+13,5.50004e+13,266.789126,5.50003e+13,38.668305,0,0,0,5.50004e+13,5.50004e+13,5,5.50004e+13,5.50004e+13,0,1,44.856209,52.683571,1.70701e+13,0,0,0,0,0.0524,6.4079,6.4079,-9998,34621,35305,34621,0.022925,0.298366,0,0,0,A,1707,0.00345,51072,5.50004e+13,5,5,5,5.50004e+13,5.50004e+13,5.50004e+13,5.50004e+13,266.789126,5.50003e+13,38.668305,0,0,0,5.50004e+13,5.50004e+13,5,5.50004e+13,5.50004e+13,0,1,44.856209,52.683571,1.70701e+13,0,0,0,0,0.0524,6.4079,6.4079,-9998,34621,35305,34621,0.022925,0.298366,0,0,0,A,1707,NA,NA,514,0.993740712,0.038272692,,,
515,-121.963582,45.788375,2047,31,838,Point,0,100,1/4/18,2,NA,NA,0.205812,1.70701e+13,1,NA,460,46003,0,1,0,5.50004e+13,1707,1,167778,5.50004e+13,7,3,3,5.50004e+13,5.50004e+13,5.50004e+13,5.50004e+13,270.282124,5.50003e+13,2.94737,0,0,0,5.50004e+13,5.50004e+13,7,5.50004e+13,5.50004e+13,0,1,49.477379,61.001839,1.70701e+13,0,0,0,0,0.0312,0.4976,0.4976,-9998,61208,65923,61643,0.207957,0.205812,0,0,0,A,1707,0.002438,167778,5.50004e+13,7,3,3,5.50004e+13,5.50004e+13,5.50004e+13,5.50004e+13,270.282124,5.50003e+13,2.94737,0,0,0,5.50004e+13,5.50004e+13,7,5.50004e+13,5.50004e+13,0,1,49.477379,61.001839,1.70701e+13,0,0,0,0,0.0312,0.4976,0.4976,-9998,61208,65923,61643,0.207957,0.205812,0,0,0,A,1707,NA,NA,515,0.026801368,0.240682308,,,
516,-121.963336,45.788312,2047,32,839,Point,0,100,1/4/18,2,NA,NA,0.205812,1.70701e+13,1,NA,460,46003,0,1,0,5.50004e+13,1707,1,167778,5.50004e+13,7,3,3,5.50004e+13,5.50004e+13,5.50004e+13,5.50004e+13,270.282124,5.50003e+13,2.94737,0,0,0,5.50004e+13,5.50004e+13,7,5.50004e+13,5.50004e+13,0,1,49.477379,61.001839,1.70701e+13,0,0,0,0,0.0312,0.4976,0.4976,-9998,61208,65923,61643,0.207957,0.205812,0,0,0,A,1707,0.002438,167778,5.50004e+13,7,3,3,5.50004e+13,5.50004e+13,5.50004e+13,5.50004e+13,270.282124,5.50003e+13,2.94737,0,0,0,5.50004e+13,5.50004e+13,7,5.50004e+13,5.50004e+13,0,1,49.477379,61.001839,1.70701e+13,0,0,0,0,0.0312,0.4976,0.4976,-9998,61208,65923,61643,0.207957,0.205812,0,0,0,A,1707,NA,NA,516,0.027795119,0.263058361,,,
517,-121.963107,45.788209,2047,33,840,Point,0,100,1/4/18,2,NA,NA,0.205812,1.70701e+13,1,NA,460,46003,0,1,0,5.50004e+13,1707,1,167778,5.50004e+13,7,3,3,5.50004e+13,5.50004e+13,5.50004e+13,5.50004e+13,270.282124,5.50003e+13,2.94737,0,0,0,5.50004e+13,5.50004e+13,7,5.50004e+13,5.50004e+13,0,1,49.477379,61.001839,1.70701e+13,0,0,0,0,0.0312,0.4976,0.4976,-9998,61208,65923,61643,0.207957,0.205812,0,0,0,A,1707,0.002438,167778,5.50004e+13,7,3,3,5.50004e+13,5.50004e+13,5.50004e+13,5.50004e+13,270.282124,5.50003e+13,2.94737,0,0,0,5.50004e+13,5.50004e+13,7,5.50004e+13,5.50004e+13,0,1,49.477379,61.001839,1.70701e+13,0,0,0,0,0.0312,0.4976,0.4976,-9998,61208,65923,61643,0.207957,0.205812,0,0,0,A,1707,NA,NA,517,0.028827867,0.227165583,,,
518,-121.962864,45.788138,2047,34,841,Point,0,100,1/4/18,2,NA,NA,0.205812,1.70701e+13,1,NA,460,46003,0,1,0,5.50004e+13,1707,1,167778,5.50004e+13,7,3,3,5.50004e+13,5.50004e+13,5.50004e+13,5.50004e+13,270.282124,5.50003e+13,2.94737,0,0,0,5.50004e+13,5.50004e+13,7,5.50004e+13,5.50004e+13,0,1,49.477379,61.001839,1.70701e+13,0,0,0,0,0.0312,0.4976,0.4976,-9998,61208,65923,61643,0.207957,0.205812,0,0,0,A,1707,0.002438,167778,5.50004e+13,7,3,3,5.50004e+13,5.50004e+13,5.50004e+13,5.50004e+13,270.282124,5.50003e+13,2.94737,0,0,0,5.50004e+13,5.50004e+13,7,5.50004e+13,5.50004e+13,0,1,49.477379,61.001839,1.70701e+13,0,0,0,0,0.0312,0.4976,0.4976,-9998,61208,65923,61643,0.207957,0.205812,0,0,0,A,1707,NA,NA,518,0.029826844,0.21961358,,,
519,-121.962627,45.788049,2047,35,842,Point,0,100,1/4/18,2,NA,NA,0.205812,1.70701e+13,1,NA,460,46003,0,1,0,5.50004e+13,1707,1,167778,5.50004e+13,7,3,3,5.50004e+13,5.50004e+13,5.50004e+13,5.50004e+13,270.282124,5.50003e+13,2.94737,0,0,0,5.50004e+13,5.50004e+13,7,5.50004e+13,5.50004e+13,0,1,49.477379,61.001839,1.70701e+13,0,0,0,0,0.0312,0.4976,0.4976,-9998,61208,65923,61643,0.207957,0.205812,0,0,0,A,1707,0.002438,167778,5.50004e+13,7,3,3,5.50004e+13,5.50004e+13,5.50004e+13,5.50004e+13,270.282124,5.50003e+13,2.94737,0,0,0,5.50004e+13,5.50004e+13,7,5.50004e+13,5.50004e+13,0,1,49.477379,61.001839,1.70701e+13,0,0,0,0,0.0312,0.4976,0.4976,-9998,61208,65923,61643,0.207957,0.205812,0,0,0,A,1707,NA,NA,519,0.030847231,0.208211743,,,
520,-121.962402,45.787943,2047,36,843,Point,0,100,1/4/18,2,NA,NA,0.205812,1.70701e+13,1,NA,460,46003,0,1,0,5.50004e+13,1707,1,167778,5.50004e+13,7,3,3,5.50004e+13,5.50004e+13,5.50004e+13,5.50004e+13,270.282124,5.50003e+13,2.94737,0,0,0,5.50004e+13,5.50004e+13,7,5.50004e+13,5.50004e+13,0,1,49.477379,61.001839,1.70701e+13,0,0,0,0,0.0312,0.4976,0.4976,-9998,61208,65923,61643,0.207957,0.205812,0,0,0,A,1707,0.002438,167778,5.50004e+13,7,3,3,5.50004e+13,5.50004e+13,5.50004e+13,5.50004e+13,270.282124,5.50003e+13,2.94737,0,0,0,5.50004e+13,5.50004e+13,7,5.50004e+13,5.50004e+13,0,1,49.477379,61.001839,1.70701e+13,0,0,0,0,0.0312,0.4976,0.4976,-9998,61208,65923,61643,0.207957,0.205812,0,0,0,A,1707,NA,NA,520,0.03187625,0.200689181,,,
521,-121.962153,45.787894,2047,37,844,Point,0,100,1/4/18,2,NA,NA,0.205812,1.70701e+13,1,NA,460,46003,0,1,0,5.50004e+13,1707,1,167778,5.50004e+13,7,3,3,5.50004e+13,5.50004e+13,5.50004e+13,5.50004e+13,270.282124,5.50003e+13,2.94737,0,0,0,5.50004e+13,5.50004e+13,7,5.50004e+13,5.50004e+13,0,1,49.477379,61.001839,1.70701e+13,0,0,0,0,0.0312,0.4976,0.4976,-9998,61208,65923,61643,0.207957,0.205812,0,0,0,A,1707,0.002438,167778,5.50004e+13,7,3,3,5.50004e+13,5.50004e+13,5.50004e+13,5.50004e+13,270.282124,5.50003e+13,2.94737,0,0,0,5.50004e+13,5.50004e+13,7,5.50004e+13,5.50004e+13,0,1,49.477379,61.001839,1.70701e+13,0,0,0,0,0.0312,0.4976,0.4976,-9998,61208,65923,61643,0.207957,0.205812,0,0,0,A,1707,NA,NA,521,0.032857485,0.209689654,,,
522,-121.961918,45.787793,2047,38,845,Point,0,100,1/4/18,2,NA,NA,0.205812,1.70701e+13,1,NA,460,46003,0,1,0,5.50004e+13,1707,1,167778,5.50004e+13,7,3,3,5.50004e+13,5.50004e+13,5.50004e+13,5.50004e+13,270.282124,5.50003e+13,2.94737,0,0,0,5.50004e+13,5.50004e+13,7,5.50004e+13,5.50004e+13,0,1,49.477379,61.001839,1.70701e+13,0,0,0,0,0.0312,0.4976,0.4976,-9998,61208,65923,61643,0.207957,0.205812,0,0,0,A,1707,0.002438,167778,5.50004e+13,7,3,3,5.50004e+13,5.50004e+13,5.50004e+13,5.50004e+13,270.282124,5.50003e+13,2.94737,0,0,0,5.50004e+13,5.50004e+13,7,5.50004e+13,5.50004e+13,0,1,49.477379,61.001839,1.70701e+13,0,0,0,0,0.0312,0.4976,0.4976,-9998,61208,65923,61643,0.207957,0.205812,0,0,0,A,1707,NA,NA,522,0.033903739,0.263884187,,,
523,-121.961727,45.787656,2047,39,846,Point,0,100,1/4/18,2,NA,NA,0.205812,1.70701e+13,1,NA,460,46003,0,1,0,5.50004e+13,1707,1,167778,5.50004e+13,7,3,3,5.50004e+13,5.50004e+13,5.50004e+13,5.50004e+13,270.282124,5.50003e+13,2.94737,0,0,0,5.50004e+13,5.50004e+13,7,5.50004e+13,5.50004e+13,0,1,49.477379,61.001839,1.70701e+13,0,0,0,0,0.0312,0.4976,0.4976,-9998,61208,65923,61643,0.207957,0.205812,0,0,0,A,1707,0.002438,167778,5.50004e+13,7,3,3,5.50004e+13,5.50004e+13,5.50004e+13,5.50004e+13,270.282124,5.50003e+13,2.94737,0,0,0,5.50004e+13,5.50004e+13,7,5.50004e+13,5.50004e+13,0,1,49.477379,61.001839,1.70701e+13,0,0,0,0,0.0312,0.4976,0.4976,-9998,61208,65923,61643,0.207957,0.205812,0,0,0,A,1707,NA,NA,523,0.034941444,0.260949906,,,
524,-121.961491,45.787576,2047,40,847,Point,0,100,1/4/18,2,NA,NA,0.205812,1.70701e+13,1,NA,460,46003,0,1,0,5.50004e+13,1707,1,167778,5.50004e+13,7,3,3,5.50004e+13,5.50004e+13,5.50004e+13,5.50004e+13,270.282124,5.50003e+13,2.94737,0,0,0,5.50004e+13,5.50004e+13,7,5.50004e+13,5.50004e+13,0,1,49.477379,61.001839,1.70701e+13,0,0,0,0,0.0312,0.4976,0.4976,-9998,61208,65923,61643,0.207957,0.205812,0,0,0,A,1707,0.002438,167778,5.50004e+13,7,3,3,5.50004e+13,5.50004e+13,5.50004e+13,5.50004e+13,270.282124,5.50003e+13,2.94737,0,0,0,5.50004e+13,5.50004e+13,7,5.50004e+13,5.50004e+13,0,1,49.477379,61.001839,1.70701e+13,0,0,0,0,0.0312,0.4976,0.4976,-9998,61208,65923,61643,0.207957,0.205812,0,0,0,A,1707,NA,NA,524,0.035936268,0.332752645,,,
525,-121.961389,45.787532,2047,41,848,Point,0,100,1/4/18,2,NA,NA,0.205812,1.70701e+13,1,NA,460,46003,0,1,0,5.50004e+13,1707,1,167778,5.50004e+13,7,3,3,5.50004e+13,5.50004e+13,5.50004e+13,5.50004e+13,270.282124,5.50003e+13,2.94737,0,0,0,5.50004e+13,5.50004e+13,7,5.50004e+13,5.50004e+13,0,1,49.477379,61.001839,1.70701e+13,0,0,0,0,0.0312,0.4976,0.4976,-9998,61208,65923,61643,0.207957,0.205812,0,0,0,A,1707,0.002438,167778,5.50004e+13,7,3,3,5.50004e+13,5.50004e+13,5.50004e+13,5.50004e+13,270.282124,5.50003e+13,2.94737,0,0,0,5.50004e+13,5.50004e+13,7,5.50004e+13,5.50004e+13,0,1,49.477379,61.001839,1.70701e+13,0,0,0,0,0.0312,0.4976,0.4976,-9998,61208,65923,61643,0.207957,0.205812,0,0,0,A,1707,NA,NA,525,0.036390849,0.332752645,,,
526,-121.939631,45.789105,2048,555,849,Point,0,102,1/4/18,2,1522756,Martha Creek,0.351848,1.70701e+13,1,NA,460,46006,0,1,0,5.50004e+13,1707,1,14687,5.50004e+13,5,5,5,5.50004e+13,5.50004e+13,5.50004e+13,5.50004e+13,267.640467,5.50003e+13,32.796149,0,0,0,5.50004e+13,5.50004e+13,5,5.50004e+13,5.50004e+13,0,1,67.190453,76.420677,1.70701e+13,0,0,0,0,0.0445,5.5444,5.5444,-9998,37793,39512,37878,0.046441,0.351848,0,0,0,A,1707,0.004111,14687,5.50004e+13,5,5,5,5.50004e+13,5.50004e+13,5.50004e+13,5.50004e+13,267.640467,5.50003e+13,32.796149,0,0,0,5.50004e+13,5.50004e+13,5,5.50004e+13,5.50004e+13,0,1,67.190453,76.420677,1.70701e+13,0,0,0,0,0.0445,5.5444,5.5444,-9998,37793,39512,37878,0.046441,0.351848,0,0,0,A,1707,NA,NA,526,0.897722955,0.139539556,,,
527,-121.939386,45.789145,2048,556,850,Point,0,102,1/4/18,2,1522756,Martha Creek,0.351848,1.70701e+13,1,NA,460,46006,0,1,0,5.50004e+13,1707,1,14687,5.50004e+13,5,5,5,5.50004e+13,5.50004e+13,5.50004e+13,5.50004e+13,267.640467,5.50003e+13,32.796149,0,0,0,5.50004e+13,5.50004e+13,5,5.50004e+13,5.50004e+13,0,1,67.190453,76.420677,1.70701e+13,0,0,0,0,0.0445,5.5444,5.5444,-9998,37793,39512,37878,0.046441,0.351848,0,0,0,A,1707,0.004111,14687,5.50004e+13,5,5,5,5.50004e+13,5.50004e+13,5.50004e+13,5.50004e+13,267.640467,5.50003e+13,32.796149,0,0,0,5.50004e+13,5.50004e+13,5,5.50004e+13,5.50004e+13,0,1,67.190453,76.420677,1.70701e+13,0,0,0,0,0.0445,5.5444,5.5444,-9998,37793,39512,37878,0.046441,0.351848,0,0,0,A,1707,NA,NA,527,0.8985206,0.114863678,,,
528,-121.939142,45.789204,2048,557,851,Point,0,102,1/4/18,2,1522756,Martha Creek,0.351848,1.70701e+13,1,NA,460,46006,0,1,0,5.50004e+13,1707,1,14687,5.50004e+13,5,5,5,5.50004e+13,5.50004e+13,5.50004e+13,5.50004e+13,267.640467,5.50003e+13,32.796149,0,0,0,5.50004e+13,5.50004e+13,5,5.50004e+13,5.50004e+13,0,1,67.190453,76.420677,1.70701e+13,0,0,0,0,0.0445,5.5444,5.5444,-9998,37793,39512,37878,0.046441,0.351848,0,0,0,A,1707,0.004111,14687,5.50004e+13,5,5,5,5.50004e+13,5.50004e+13,5.50004e+13,5.50004e+13,267.640467,5.50003e+13,32.796149,0,0,0,5.50004e+13,5.50004e+13,5,5.50004e+13,5.50004e+13,0,1,67.190453,76.420677,1.70701e+13,0,0,0,0,0.0445,5.5444,5.5444,-9998,37793,39512,37878,0.046441,0.351848,0,0,0,A,1707,NA,NA,528,0.899339108,0.104863678,,,
529,-121.938906,45.789285,2048,558,852,Point,0,102,1/4/18,2,1522756,Martha Creek,0.351848,1.70701e+13,1,NA,460,46006,0,1,0,5.50004e+13,1707,1,14687,5.50004e+13,5,5,5,5.50004e+13,5.50004e+13,5.50004e+13,5.50004e+13,267.640467,5.50003e+13,32.796149,0,0,0,5.50004e+13,5.50004e+13,5,5.50004e+13,5.50004e+13,0,1,67.190453,76.420677,1.70701e+13,0,0,0,0,0.0445,5.5444,5.5444,-9998,37793,39512,37878,0.046441,0.351848,0,0,0,A,1707,0.004111,14687,5.50004e+13,5,5,5,5.50004e+13,5.50004e+13,5.50004e+13,5.50004e+13,267.640467,5.50003e+13,32.796149,0,0,0,5.50004e+13,5.50004e+13,5,5.50004e+13,5.50004e+13,0,1,67.190453,76.420677,1.70701e+13,0,0,0,0,0.0445,5.5444,5.5444,-9998,37793,39512,37878,0.046441,0.351848,0,0,0,A,1707,NA,NA,529,0.900172543,0.098715592,,,
530,-121.938664,45.789208,2048,559,853,Point,0,102,1/4/18,2,1522756,Martha Creek,0.351848,1.70701e+13,1,NA,460,46006,0,1,0,5.50004e+13,1707,1,14687,5.50004e+13,5,5,5,5.50004e+13,5.50004e+13,5.50004e+13,5.50004e+13,267.640467,5.50003e+13,32.796149,0,0,0,5.50004e+13,5.50004e+13,5,5.50004e+13,5.50004e+13,0,1,67.190453,76.420677,1.70701e+13,0,0,0,0,0.0445,5.5444,5.5444,-9998,37793,39512,37878,0.046441,0.351848,0,0,0,A,1707,0.004111,14687,5.50004e+13,5,5,5,5.50004e+13,5.50004e+13,5.50004e+13,5.50004e+13,267.640467,5.50003e+13,32.796149,0,0,0,5.50004e+13,5.50004e+13,5,5.50004e+13,5.50004e+13,0,1,67.190453,76.420677,1.70701e+13,0,0,0,0,0.0445,5.5444,5.5444,-9998,37793,39512,37878,0.046441,0.351848,0,0,0,A,1707,NA,NA,530,0.901015432,0.078975105,,,
531,-121.93845,45.789065,2048,560,854,Point,0,102,1/4/18,2,1522756,Martha Creek,0.351848,1.70701e+13,1,NA,460,46006,0,1,0,5.50004e+13,1707,1,14687,5.50004e+13,5,5,5,5.50004e+13,5.50004e+13,5.50004e+13,5.50004e+13,267.640467,5.50003e+13,32.796149,0,0,0,5.50004e+13,5.50004e+13,5,5.50004e+13,5.50004e+13,0,1,67.190453,76.420677,1.70701e+13,0,0,0,0,0.0445,5.5444,5.5444,-9998,37793,39512,37878,0.046441,0.351848,0,0,0,A,1707,0.004111,14687,5.50004e+13,5,5,5,5.50004e+13,5.50004e+13,5.50004e+13,5.50004e+13,267.640467,5.50003e+13,32.796149,0,0,0,5.50004e+13,5.50004e+13,5,5.50004e+13,5.50004e+13,0,1,67.190453,76.420677,1.70701e+13,0,0,0,0,0.0445,5.5444,5.5444,-9998,37793,39512,37878,0.046441,0.351848,0,0,0,A,1707,NA,NA,531,0.901953697,0.064482721,,,
532,-121.938205,45.789017,2048,561,855,Point,0,102,1/4/18,2,1522756,Martha Creek,0.351848,1.70701e+13,1,NA,460,46006,0,1,0,5.50004e+13,1707,1,14687,5.50004e+13,5,5,5,5.50004e+13,5.50004e+13,5.50004e+13,5.50004e+13,267.640467,5.50003e+13,32.796149,0,0,0,5.50004e+13,5.50004e+13,5,5.50004e+13,5.50004e+13,0,1,67.190453,76.420677,1.70701e+13,0,0,0,0,0.0445,5.5444,5.5444,-9998,37793,39512,37878,0.046441,0.351848,0,0,0,A,1707,0.004111,14687,5.50004e+13,5,5,5,5.50004e+13,5.50004e+13,5.50004e+13,5.50004e+13,267.640467,5.50003e+13,32.796149,0,0,0,5.50004e+13,5.50004e+13,5,5.50004e+13,5.50004e+13,0,1,67.190453,76.420677,1.70701e+13,0,0,0,0,0.0445,5.5444,5.5444,-9998,37793,39512,37878,0.046441,0.351848,0,0,0,A,1707,NA,NA,532,0.902760357,0.077489729,,,
533,-121.937949,45.789035,2048,562,856,Point,0,102,1/4/18,2,1522756,Martha Creek,0.351848,1.70701e+13,1,NA,460,46006,0,1,0,5.50004e+13,1707,1,14687,5.50004e+13,5,5,5,5.50004e+13,5.50004e+13,5.50004e+13,5.50004e+13,267.640467,5.50003e+13,32.796149,0,0,0,5.50004e+13,5.50004e+13,5,5.50004e+13,5.50004e+13,0,1,67.190453,76.420677,1.70701e+13,0,0,0,0,0.0445,5.5444,5.5444,-9998,37793,39512,37878,0.046441,0.351848,0,0,0,A,1707,0.004111,14687,5.50004e+13,5,5,5,5.50004e+13,5.50004e+13,5.50004e+13,5.50004e+13,267.640467,5.50003e+13,32.796149,0,0,0,5.50004e+13,5.50004e+13,5,5.50004e+13,5.50004e+13,0,1,67.190453,76.420677,1.70701e+13,0,0,0,0,0.0445,5.5444,5.5444,-9998,37793,39512,37878,0.046441,0.351848,0,0,0,A,1707,NA,NA,533,0.903576096,0.095159196,,,
534,-121.937755,45.789198,2048,563,857,Point,0,102,1/4/18,2,1522756,Martha Creek,0.351848,1.70701e+13,1,NA,460,46006,0,1,0,5.50004e+13,1707,1,14687,5.50004e+13,5,5,5,5.50004e+13,5.50004e+13,5.50004e+13,5.50004e+13,267.640467,5.50003e+13,32.796149,0,0,0,5.50004e+13,5.50004e+13,5,5.50004e+13,5.50004e+13,0,1,67.190453,76.420677,1.70701e+13,0,0,0,0,0.0445,5.5444,5.5444,-9998,37793,39512,37878,0.046441,0.351848,0,0,0,A,1707,0.004111,14687,5.50004e+13,5,5,5,5.50004e+13,5.50004e+13,5.50004e+13,5.50004e+13,267.640467,5.50003e+13,32.796149,0,0,0,5.50004e+13,5.50004e+13,5,5.50004e+13,5.50004e+13,0,1,67.190453,76.420677,1.70701e+13,0,0,0,0,0.0445,5.5444,5.5444,-9998,37793,39512,37878,0.046441,0.351848,0,0,0,A,1707,NA,NA,534,0.904537353,0.065159196,,,
535,-121.937512,45.789267,2048,564,858,Point,0,102,1/4/18,2,1522756,Martha Creek,0.351848,1.70701e+13,1,NA,460,46006,0,1,0,5.50004e+13,1707,1,14687,5.50004e+13,5,5,5,5.50004e+13,5.50004e+13,5.50004e+13,5.50004e+13,267.640467,5.50003e+13,32.796149,0,0,0,5.50004e+13,5.50004e+13,5,5.50004e+13,5.50004e+13,0,1,67.190453,76.420677,1.70701e+13,0,0,0,0,0.0445,5.5444,5.5444,-9998,37793,39512,37878,0.046441,0.351848,0,0,0,A,1707,0.004111,14687,5.50004e+13,5,5,5,5.50004e+13,5.50004e+13,5.50004e+13,5.50004e+13,267.640467,5.50003e+13,32.796149,0,0,0,5.50004e+13,5.50004e+13,5,5.50004e+13,5.50004e+13,0,1,67.190453,76.420677,1.70701e+13,0,0,0,0,0.0445,5.5444,5.5444,-9998,37793,39512,37878,0.046441,0.351848,0,0,0,A,1707,NA,NA,535,0.905368826,0.087760052,,,
536,-121.937261,45.789216,2048,565,859,Point,0,102,1/4/18,2,1522756,Martha Creek,0.351848,1.70701e+13,1,NA,460,46006,0,1,0,5.50004e+13,1707,1,14687,5.50004e+13,5,5,5,5.50004e+13,5.50004e+13,5.50004e+13,5.50004e+13,267.640467,5.50003e+13,32.796149,0,0,0,5.50004e+13,5.50004e+13,5,5.50004e+13,5.50004e+13,0,1,67.190453,76.420677,1.70701e+13,0,0,0,0,0.0445,5.5444,5.5444,-9998,37793,39512,37878,0.046441,0.351848,0,0,0,A,1707,0.004111,14687,5.50004e+13,5,5,5,5.50004e+13,5.50004e+13,5.50004e+13,5.50004e+13,267.640467,5.50003e+13,32.796149,0,0,0,5.50004e+13,5.50004e+13,5,5.50004e+13,5.50004e+13,0,1,67.190453,76.420677,1.70701e+13,0,0,0,0,0.0445,5.5444,5.5444,-9998,37793,39512,37878,0.046441,0.351848,0,0,0,A,1707,NA,NA,536,0.906197506,0.092644155,,,
537,-121.937019,45.789241,2048,566,860,Point,0,102,1/4/18,2,1522756,Martha Creek,0.351848,1.70701e+13,1,NA,460,46006,0,1,0,5.50004e+13,1707,1,14687,5.50004e+13,5,5,5,5.50004e+13,5.50004e+13,5.50004e+13,5.50004e+13,267.640467,5.50003e+13,32.796149,0,0,0,5.50004e+13,5.50004e+13,5,5.50004e+13,5.50004e+13,0,1,67.190453,76.420677,1.70701e+13,0,0,0,0,0.0445,5.5444,5.5444,-9998,37793,39512,37878,0.046441,0.351848,0,0,0,A,1707,0.004111,14687,5.50004e+13,5,5,5,5.50004e+13,5.50004e+13,5.50004e+13,5.50004e+13,267.640467,5.50003e+13,32.796149,0,0,0,5.50004e+13,5.50004e+13,5,5.50004e+13,5.50004e+13,0,1,67.190453,76.420677,1.70701e+13,0,0,0,0,0.0445,5.5444,5.5444,-9998,37793,39512,37878,0.046441,0.351848,0,0,0,A,1707,NA,NA,537,0.906973086,0.107032436,,,
538,-121.936984,45.789456,2048,567,861,Point,0,102,1/4/18,2,1522756,Martha Creek,0.351848,1.70701e+13,1,NA,460,46006,0,1,0,5.50004e+13,1707,1,14687,5.50004e+13,5,5,5,5.50004e+13,5.50004e+13,5.50004e+13,5.50004e+13,267.640467,5.50003e+13,32.796149,0,0,0,5.50004e+13,5.50004e+13,5,5.50004e+13,5.50004e+13,0,1,67.190453,76.420677,1.70701e+13,0,0,0,0,0.0445,5.5444,5.5444,-9998,37793,39512,37878,0.046441,0.351848,0,0,0,A,1707,0.004111,14687,5.50004e+13,5,5,5,5.50004e+13,5.50004e+13,5.50004e+13,5.50004e+13,267.640467,5.50003e+13,32.796149,0,0,0,5.50004e+13,5.50004e+13,5,5.50004e+13,5.50004e+13,0,1,67.190453,76.420677,1.70701e+13,0,0,0,0,0.0445,5.5444,5.5444,-9998,37793,39512,37878,0.046441,0.351848,0,0,0,A,1707,NA,NA,538,0.907953758,0.111984144,,,
539,-121.936769,45.789579,2048,568,862,Point,0,102,1/4/18,2,1522756,Martha Creek,0.351848,1.70701e+13,1,NA,460,46006,0,1,0,5.50004e+13,1707,1,14687,5.50004e+13,5,5,5,5.50004e+13,5.50004e+13,5.50004e+13,5.50004e+13,267.640467,5.50003e+13,32.796149,0,0,0,5.50004e+13,5.50004e+13,5,5.50004e+13,5.50004e+13,0,1,67.190453,76.420677,1.70701e+13,0,0,0,0,0.0445,5.5444,5.5444,-9998,37793,39512,37878,0.046441,0.351848,0,0,0,A,1707,0.004111,14687,5.50004e+13,5,5,5,5.50004e+13,5.50004e+13,5.50004e+13,5.50004e+13,267.640467,5.50003e+13,32.796149,0,0,0,5.50004e+13,5.50004e+13,5,5.50004e+13,5.50004e+13,0,1,67.190453,76.420677,1.70701e+13,0,0,0,0,0.0445,5.5444,5.5444,-9998,37793,39512,37878,0.046441,0.351848,0,0,0,A,1707,NA,NA,539,0.908834316,0.122345986,,,
540,-121.936596,45.789759,2048,569,863,Point,0,102,1/4/18,2,1522756,Martha Creek,0.351848,1.70701e+13,1,NA,460,46006,0,1,0,5.50004e+13,1707,1,14687,5.50004e+13,5,5,5,5.50004e+13,5.50004e+13,5.50004e+13,5.50004e+13,267.640467,5.50003e+13,32.796149,0,0,0,5.50004e+13,5.50004e+13,5,5.50004e+13,5.50004e+13,0,1,67.190453,76.420677,1.70701e+13,0,0,0,0,0.0445,5.5444,5.5444,-9998,37793,39512,37878,0.046441,0.351848,0,0,0,A,1707,0.004111,14687,5.50004e+13,5,5,5,5.50004e+13,5.50004e+13,5.50004e+13,5.50004e+13,267.640467,5.50003e+13,32.796149,0,0,0,5.50004e+13,5.50004e+13,5,5.50004e+13,5.50004e+13,0,1,67.190453,76.420677,1.70701e+13,0,0,0,0,0.0445,5.5444,5.5444,-9998,37793,39512,37878,0.046441,0.351848,0,0,0,A,1707,NA,NA,540,0.909817321,0.132043699,,,
541,-121.936363,45.789861,2048,570,864,Point,0,102,1/4/18,2,1522756,Martha Creek,0.351848,1.70701e+13,1,NA,460,46006,0,1,0,5.50004e+13,1707,1,14687,5.50004e+13,5,5,5,5.50004e+13,5.50004e+13,5.50004e+13,5.50004e+13,267.640467,5.50003e+13,32.796149,0,0,0,5.50004e+13,5.50004e+13,5,5.50004e+13,5.50004e+13,0,1,67.190453,76.420677,1.70701e+13,0,0,0,0,0.0445,5.5444,5.5444,-9998,37793,39512,37878,0.046441,0.351848,0,0,0,A,1707,0.004111,14687,5.50004e+13,5,5,5,5.50004e+13,5.50004e+13,5.50004e+13,5.50004e+13,267.640467,5.50003e+13,32.796149,0,0,0,5.50004e+13,5.50004e+13,5,5.50004e+13,5.50004e+13,0,1,67.190453,76.420677,1.70701e+13,0,0,0,0,0.0445,5.5444,5.5444,-9998,37793,39512,37878,0.046441,0.351848,0,0,0,A,1707,NA,NA,541,0.91068875,0.073578855,,,
542,-121.936143,45.789892,2048,571,865,Point,0,102,1/4/18,2,1522756,Martha Creek,0.351848,1.70701e+13,1,NA,460,46006,0,1,0,5.50004e+13,1707,1,14687,5.50004e+13,5,5,5,5.50004e+13,5.50004e+13,5.50004e+13,5.50004e+13,267.640467,5.50003e+13,32.796149,0,0,0,5.50004e+13,5.50004e+13,5,5.50004e+13,5.50004e+13,0,1,67.190453,76.420677,1.70701e+13,0,0,0,0,0.0445,5.5444,5.5444,-9998,37793,39512,37878,0.046441,0.351848,0,0,0,A,1707,0.004111,14687,5.50004e+13,5,5,5,5.50004e+13,5.50004e+13,5.50004e+13,5.50004e+13,267.640467,5.50003e+13,32.796149,0,0,0,5.50004e+13,5.50004e+13,5,5.50004e+13,5.50004e+13,0,1,67.190453,76.420677,1.70701e+13,0,0,0,0,0.0445,5.5444,5.5444,-9998,37793,39512,37878,0.046441,0.351848,0,0,0,A,1707,NA,NA,542,0.91140026,0.056628889,,,
543,-121.95616,45.786757,2049,23,866,Point,0,103,1/4/18,2,NA,NA,0.11677,1.70701e+13,1,NA,460,46003,0,1,0,5.50004e+13,1707,1,110403,5.50004e+13,6,3,3,5.50004e+13,5.50004e+13,5.50004e+13,5.50004e+13,269.633799,5.50003e+13,4.611294,0,0,0,5.50004e+13,5.50004e+13,6,5.50004e+13,5.50004e+13,0,1,13.26308,19.849461,1.70701e+13,0,0,0,0,0.0076,0.6748,0.6748,-9998,54928,56113,55205,0.07776,0.11677,0,0,0,A,1707,0.001177,110403,5.50004e+13,6,3,3,5.50004e+13,5.50004e+13,5.50004e+13,5.50004e+13,269.633799,5.50003e+13,4.611294,0,0,0,5.50004e+13,5.50004e+13,6,5.50004e+13,5.50004e+13,0,1,13.26308,19.849461,1.70701e+13,0,0,0,0,0.0076,0.6748,0.6748,-9998,54928,56113,55205,0.07776,0.11677,0,0,0,A,1707,NA,NA,543,0.137049666,0.113268972,,,
544,-121.956075,45.786527,2049,24,867,Point,0,103,1/4/18,2,NA,NA,0.11677,1.70701e+13,1,NA,460,46003,0,1,0,5.50004e+13,1707,1,110403,5.50004e+13,6,3,3,5.50004e+13,5.50004e+13,5.50004e+13,5.50004e+13,269.633799,5.50003e+13,4.611294,0,0,0,5.50004e+13,5.50004e+13,6,5.50004e+13,5.50004e+13,0,1,13.26308,19.849461,1.70701e+13,0,0,0,0,0.0076,0.6748,0.6748,-9998,54928,56113,55205,0.07776,0.11677,0,0,0,A,1707,0.001177,110403,5.50004e+13,6,3,3,5.50004e+13,5.50004e+13,5.50004e+13,5.50004e+13,269.633799,5.50003e+13,4.611294,0,0,0,5.50004e+13,5.50004e+13,6,5.50004e+13,5.50004e+13,0,1,13.26308,19.849461,1.70701e+13,0,0,0,0,0.0076,0.6748,0.6748,-9998,54928,56113,55205,0.07776,0.11677,0,0,0,A,1707,NA,NA,544,0.137619679,0.113268972,,,
545,-121.955902,45.786372,2049,25,868,Point,0,103,1/4/18,2,NA,NA,0.11677,1.70701e+13,1,NA,460,46003,0,1,0,5.50004e+13,1707,1,110403,5.50004e+13,6,3,3,5.50004e+13,5.50004e+13,5.50004e+13,5.50004e+13,269.633799,5.50003e+13,4.611294,0,0,0,5.50004e+13,5.50004e+13,6,5.50004e+13,5.50004e+13,0,1,13.26308,19.849461,1.70701e+13,0,0,0,0,0.0076,0.6748,0.6748,-9998,54928,56113,55205,0.07776,0.11677,0,0,0,A,1707,0.001177,110403,5.50004e+13,6,3,3,5.50004e+13,5.50004e+13,5.50004e+13,5.50004e+13,269.633799,5.50003e+13,4.611294,0,0,0,5.50004e+13,5.50004e+13,6,5.50004e+13,5.50004e+13,0,1,13.26308,19.849461,1.70701e+13,0,0,0,0,0.0076,0.6748,0.6748,-9998,54928,56113,55205,0.07776,0.11677,0,0,0,A,1707,NA,NA,545,0.138091543,0.136396004,,,
546,-121.955751,45.786184,2049,26,869,Point,0,103,1/4/18,2,NA,NA,0.11677,1.70701e+13,1,NA,460,46003,0,1,0,5.50004e+13,1707,1,110403,5.50004e+13,6,3,3,5.50004e+13,5.50004e+13,5.50004e+13,5.50004e+13,269.633799,5.50003e+13,4.611294,0,0,0,5.50004e+13,5.50004e+13,6,5.50004e+13,5.50004e+13,0,1,13.26308,19.849461,1.70701e+13,0,0,0,0,0.0076,0.6748,0.6748,-9998,54928,56113,55205,0.07776,0.11677,0,0,0,A,1707,0.001177,110403,5.50004e+13,6,3,3,5.50004e+13,5.50004e+13,5.50004e+13,5.50004e+13,269.633799,5.50003e+13,4.611294,0,0,0,5.50004e+13,5.50004e+13,6,5.50004e+13,5.50004e+13,0,1,13.26308,19.849461,1.70701e+13,0,0,0,0,0.0076,0.6748,0.6748,-9998,54928,56113,55205,0.07776,0.11677,0,0,0,A,1707,NA,NA,546,0.138608974,0.124406436,,,
547,-121.955742,45.785959,2049,27,870,Point,0,103,1/4/18,2,NA,NA,0.11677,1.70701e+13,1,NA,460,46003,0,1,0,5.50004e+13,1707,1,110403,5.50004e+13,6,3,3,5.50004e+13,5.50004e+13,5.50004e+13,5.50004e+13,269.633799,5.50003e+13,4.611294,0,0,0,5.50004e+13,5.50004e+13,6,5.50004e+13,5.50004e+13,0,1,13.26308,19.849461,1.70701e+13,0,0,0,0,0.0076,0.6748,0.6748,-9998,54928,56113,55205,0.07776,0.11677,0,0,0,A,1707,0.001177,110403,5.50004e+13,6,3,3,5.50004e+13,5.50004e+13,5.50004e+13,5.50004e+13,269.633799,5.50003e+13,4.611294,0,0,0,5.50004e+13,5.50004e+13,6,5.50004e+13,5.50004e+13,0,1,13.26308,19.849461,1.70701e+13,0,0,0,0,0.0076,0.6748,0.6748,-9998,54928,56113,55205,0.07776,0.11677,0,0,0,A,1707,NA,NA,547,0.139149053,0.124406436,,,
548,-121.955666,45.785876,2049,28,871,Point,0,103,1/4/18,2,NA,NA,0.11677,1.70701e+13,1,NA,460,46003,0,1,0,5.50004e+13,1707,1,110403,5.50004e+13,6,3,3,5.50004e+13,5.50004e+13,5.50004e+13,5.50004e+13,269.633799,5.50003e+13,4.611294,0,0,0,5.50004e+13,5.50004e+13,6,5.50004e+13,5.50004e+13,0,1,13.26308,19.849461,1.70701e+13,0,0,0,0,0.0076,0.6748,0.6748,-9998,54928,56113,55205,0.07776,0.11677,0,0,0,A,1707,0.001177,110403,5.50004e+13,6,3,3,5.50004e+13,5.50004e+13,5.50004e+13,5.50004e+13,269.633799,5.50003e+13,4.611294,0,0,0,5.50004e+13,5.50004e+13,6,5.50004e+13,5.50004e+13,0,1,13.26308,19.849461,1.70701e+13,0,0,0,0,0.0076,0.6748,0.6748,-9998,54928,56113,55205,0.07776,0.11677,0,0,0,A,1707,NA,NA,548,0.139385565,0.126872822,,,
549,-121.96022,45.781999,2050,612,872,Point,0,104,1/4/18,2,NA,NA,0.126693,1.70701e+13,1,NA,460,46003,0,1,0,5.50004e+13,1707,1,35934,5.50004e+13,7,2,2,5.50004e+13,5.50004e+13,5.50004e+13,5.50004e+13,270.139061,5.50003e+13,0.325788,0,0,0,5.50004e+13,5.50004e+13,6,5.50004e+13,5.50004e+13,0,1,0,50.732159,1.70701e+13,0,0,0,0,0.0133,0.0563,0.0563,-9998,61506,69145,61506,0.602956,0.126693,1,0,0,A,1707,0.001255,35934,5.50004e+13,7,2,2,5.50004e+13,5.50004e+13,5.50004e+13,5.50004e+13,270.139061,5.50003e+13,0.325788,0,0,0,5.50004e+13,5.50004e+13,6,5.50004e+13,5.50004e+13,0,1,0,50.732159,1.70701e+13,0,0,0,0,0.0133,0.0563,0.0563,-9998,61506,69145,61506,0.602956,0.126693,1,0,0,A,1707,NA,NA,549,0.002043912,0.544553636,,,
550,-121.960071,45.782207,2050,613,873,Point,0,104,1/4/18,2,NA,NA,0.126693,1.70701e+13,1,NA,460,46003,0,1,0,5.50004e+13,1707,1,35934,5.50004e+13,7,2,2,5.50004e+13,5.50004e+13,5.50004e+13,5.50004e+13,270.139061,5.50003e+13,0.325788,0,0,0,5.50004e+13,5.50004e+13,6,5.50004e+13,5.50004e+13,0,1,0,50.732159,1.70701e+13,0,0,0,0,0.0133,0.0563,0.0563,-9998,61506,69145,61506,0.602956,0.126693,1,0,0,A,1707,0.001255,35934,5.50004e+13,7,2,2,5.50004e+13,5.50004e+13,5.50004e+13,5.50004e+13,270.139061,5.50003e+13,0.325788,0,0,0,5.50004e+13,5.50004e+13,6,5.50004e+13,5.50004e+13,0,1,0,50.732159,1.70701e+13,0,0,0,0,0.0133,0.0563,0.0563,-9998,61506,69145,61506,0.602956,0.126693,1,0,0,A,1707,NA,NA,550,0.00246813,0.549094893,,,
551,-121.959948,45.782426,2050,614,874,Point,0,104,1/4/18,2,NA,NA,0.126693,1.70701e+13,1,NA,460,46003,0,1,0,5.50004e+13,1707,1,35934,5.50004e+13,7,2,2,5.50004e+13,5.50004e+13,5.50004e+13,5.50004e+13,270.139061,5.50003e+13,0.325788,0,0,0,5.50004e+13,5.50004e+13,6,5.50004e+13,5.50004e+13,0,1,0,50.732159,1.70701e+13,0,0,0,0,0.0133,0.0563,0.0563,-9998,61506,69145,61506,0.602956,0.126693,1,0,0,A,1707,0.001255,35934,5.50004e+13,7,2,2,5.50004e+13,5.50004e+13,5.50004e+13,5.50004e+13,270.139061,5.50003e+13,0.325788,0,0,0,5.50004e+13,5.50004e+13,6,5.50004e+13,5.50004e+13,0,1,0,50.732159,1.70701e+13,0,0,0,0,0.0133,0.0563,0.0563,-9998,61506,69145,61506,0.602956,0.126693,1,0,0,A,1707,NA,NA,551,0.00289716,0.622292005,,,
552,-121.959817,45.782637,2050,615,875,Point,0,104,1/4/18,2,NA,NA,0.126693,1.70701e+13,1,NA,460,46003,0,1,0,5.50004e+13,1707,1,35934,5.50004e+13,7,2,2,5.50004e+13,5.50004e+13,5.50004e+13,5.50004e+13,270.139061,5.50003e+13,0.325788,0,0,0,5.50004e+13,5.50004e+13,6,5.50004e+13,5.50004e+13,0,1,0,50.732159,1.70701e+13,0,0,0,0,0.0133,0.0563,0.0563,-9998,61506,69145,61506,0.602956,0.126693,1,0,0,A,1707,0.001255,35934,5.50004e+13,7,2,2,5.50004e+13,5.50004e+13,5.50004e+13,5.50004e+13,270.139061,5.50003e+13,0.325788,0,0,0,5.50004e+13,5.50004e+13,6,5.50004e+13,5.50004e+13,0,1,0,50.732159,1.70701e+13,0,0,0,0,0.0133,0.0563,0.0563,-9998,61506,69145,61506,0.602956,0.126693,1,0,0,A,1707,NA,NA,552,0.003316608,0.584285543,,,
553,-121.959641,45.782825,2050,616,876,Point,0,104,1/4/18,2,NA,NA,0.126693,1.70701e+13,1,NA,460,46003,0,1,0,5.50004e+13,1707,1,35934,5.50004e+13,7,2,2,5.50004e+13,5.50004e+13,5.50004e+13,5.50004e+13,270.139061,5.50003e+13,0.325788,0,0,0,5.50004e+13,5.50004e+13,6,5.50004e+13,5.50004e+13,0,1,0,50.732159,1.70701e+13,0,0,0,0,0.0133,0.0563,0.0563,-9998,61506,69145,61506,0.602956,0.126693,1,0,0,A,1707,0.001255,35934,5.50004e+13,7,2,2,5.50004e+13,5.50004e+13,5.50004e+13,5.50004e+13,270.139061,5.50003e+13,0.325788,0,0,0,5.50004e+13,5.50004e+13,6,5.50004e+13,5.50004e+13,0,1,0,50.732159,1.70701e+13,0,0,0,0,0.0133,0.0563,0.0563,-9998,61506,69145,61506,0.602956,0.126693,1,0,0,A,1707,NA,NA,553,0.003726378,0.525608928,,,
554,-121.959543,45.783011,2050,617,877,Point,0,104,1/4/18,2,NA,NA,0.126693,1.70701e+13,1,NA,460,46003,0,1,0,5.50004e+13,1707,1,35934,5.50004e+13,7,2,2,5.50004e+13,5.50004e+13,5.50004e+13,5.50004e+13,270.139061,5.50003e+13,0.325788,0,0,0,5.50004e+13,5.50004e+13,6,5.50004e+13,5.50004e+13,0,1,0,50.732159,1.70701e+13,0,0,0,0,0.0133,0.0563,0.0563,-9998,61506,69145,61506,0.602956,0.126693,1,0,0,A,1707,0.001255,35934,5.50004e+13,7,2,2,5.50004e+13,5.50004e+13,5.50004e+13,5.50004e+13,270.139061,5.50003e+13,0.325788,0,0,0,5.50004e+13,5.50004e+13,6,5.50004e+13,5.50004e+13,0,1,0,50.732159,1.70701e+13,0,0,0,0,0.0133,0.0563,0.0563,-9998,61506,69145,61506,0.602956,0.126693,1,0,0,A,1707,NA,NA,554,0.004087824,0.290617072,,,
555,-121.933434,45.790882,2051,394,878,Point,0,106,1/4/18,2,1522756,Martha Creek,0.08281,1.70701e+13,1,NA,460,46006,0,1,0,5.50004e+13,1707,1,32230,5.50004e+13,5,5,5,5.50004e+13,5.50004e+13,5.50004e+13,5.50004e+13,267.265283,5.50003e+13,37.362443,0,0,0,5.50004e+13,5.50004e+13,5,5.50004e+13,5.50004e+13,0,1,57.347832,59.520168,1.70701e+13,0,0,0,0,0.0051,6.2444,6.2444,-9998,35572,36178,35710,0.056515,0.08281,0,0,0,A,1707,0.000982,32230,5.50004e+13,5,5,5,5.50004e+13,5.50004e+13,5.50004e+13,5.50004e+13,267.265283,5.50003e+13,37.362443,0,0,0,5.50004e+13,5.50004e+13,5,5.50004e+13,5.50004e+13,0,1,57.347832,59.520168,1.70701e+13,0,0,0,0,0.0051,6.2444,6.2444,-9998,35572,36178,35710,0.056515,0.08281,0,0,0,A,1707,NA,NA,555,0.974776895,0.063672496,,,
556,-121.933213,45.791003,2051,395,879,Point,0,106,1/4/18,2,1522756,Martha Creek,0.08281,1.70701e+13,1,NA,460,46006,0,1,0,5.50004e+13,1707,1,32230,5.50004e+13,5,5,5,5.50004e+13,5.50004e+13,5.50004e+13,5.50004e+13,267.265283,5.50003e+13,37.362443,0,0,0,5.50004e+13,5.50004e+13,5,5.50004e+13,5.50004e+13,0,1,57.347832,59.520168,1.70701e+13,0,0,0,0,0.0051,6.2444,6.2444,-9998,35572,36178,35710,0.056515,0.08281,0,0,0,A,1707,0.000982,32230,5.50004e+13,5,5,5,5.50004e+13,5.50004e+13,5.50004e+13,5.50004e+13,267.265283,5.50003e+13,37.362443,0,0,0,5.50004e+13,5.50004e+13,5,5.50004e+13,5.50004e+13,0,1,57.347832,59.520168,1.70701e+13,0,0,0,0,0.0051,6.2444,6.2444,-9998,35572,36178,35710,0.056515,0.08281,0,0,0,A,1707,NA,NA,556,0.975200991,0.073496465,,,
557,-121.932967,45.791065,2051,396,880,Point,0,106,1/4/18,2,1522756,Martha Creek,0.08281,1.70701e+13,1,NA,460,46006,0,1,0,5.50004e+13,1707,1,32230,5.50004e+13,5,5,5,5.50004e+13,5.50004e+13,5.50004e+13,5.50004e+13,267.265283,5.50003e+13,37.362443,0,0,0,5.50004e+13,5.50004e+13,5,5.50004e+13,5.50004e+13,0,1,57.347832,59.520168,1.70701e+13,0,0,0,0,0.0051,6.2444,6.2444,-9998,35572,36178,35710,0.056515,0.08281,0,0,0,A,1707,0.000982,32230,5.50004e+13,5,5,5,5.50004e+13,5.50004e+13,5.50004e+13,5.50004e+13,267.265283,5.50003e+13,37.362443,0,0,0,5.50004e+13,5.50004e+13,5,5.50004e+13,5.50004e+13,0,1,57.347832,59.520168,1.70701e+13,0,0,0,0,0.0051,6.2444,6.2444,-9998,35572,36178,35710,0.056515,0.08281,0,0,0,A,1707,NA,NA,557,0.975596132,0.083937418,,,
558,-121.932732,45.79116,2051,397,881,Point,0,106,1/4/18,2,1522756,Martha Creek,0.08281,1.70701e+13,1,NA,460,46006,0,1,0,5.50004e+13,1707,1,32230,5.50004e+13,5,5,5,5.50004e+13,5.50004e+13,5.50004e+13,5.50004e+13,267.265283,5.50003e+13,37.362443,0,0,0,5.50004e+13,5.50004e+13,5,5.50004e+13,5.50004e+13,0,1,57.347832,59.520168,1.70701e+13,0,0,0,0,0.0051,6.2444,6.2444,-9998,35572,36178,35710,0.056515,0.08281,0,0,0,A,1707,0.000982,32230,5.50004e+13,5,5,5,5.50004e+13,5.50004e+13,5.50004e+13,5.50004e+13,267.265283,5.50003e+13,37.362443,0,0,0,5.50004e+13,5.50004e+13,5,5.50004e+13,5.50004e+13,0,1,57.347832,59.520168,1.70701e+13,0,0,0,0,0.0051,6.2444,6.2444,-9998,35572,36178,35710,0.056515,0.08281,0,0,0,A,1707,NA,NA,558,0.976006289,0.083937418,,,
559,-121.932546,45.791247,2051,398,882,Point,0,106,1/4/18,2,1522756,Martha Creek,0.08281,1.70701e+13,1,NA,460,46006,0,1,0,5.50004e+13,1707,1,32230,5.50004e+13,5,5,5,5.50004e+13,5.50004e+13,5.50004e+13,5.50004e+13,267.265283,5.50003e+13,37.362443,0,0,0,5.50004e+13,5.50004e+13,5,5.50004e+13,5.50004e+13,0,1,57.347832,59.520168,1.70701e+13,0,0,0,0,0.0051,6.2444,6.2444,-9998,35572,36178,35710,0.056515,0.08281,0,0,0,A,1707,0.000982,32230,5.50004e+13,5,5,5,5.50004e+13,5.50004e+13,5.50004e+13,5.50004e+13,267.265283,5.50003e+13,37.362443,0,0,0,5.50004e+13,5.50004e+13,5,5.50004e+13,5.50004e+13,0,1,57.347832,59.520168,1.70701e+13,0,0,0,0,0.0051,6.2444,6.2444,-9998,35572,36178,35710,0.056515,0.08281,0,0,0,A,1707,NA,NA,559,0.97634441,0.075020641,,,
560,-121.9613,45.782794,2052,572,895,Point,0,109,1/4/18,2,NA,NA,0.096723,1.70701e+13,1,NA,460,46003,0,1,0,5.50004e+13,1707,1,198314,5.50004e+13,6,2,2,5.50004e+13,5.50004e+13,5.50004e+13,5.50004e+13,270.190103,5.50003e+13,0.380965,0,0,0,5.50004e+13,5.50004e+13,6,5.50004e+13,5.50004e+13,0,1,81.275497,90.327049,1.70701e+13,0,0,0,0,0.0223,0.0807,0.0807,-9998,62807,67690,63491,0.434125,0.096723,0,0,0,A,1707,0.001181,198314,5.50004e+13,6,2,2,5.50004e+13,5.50004e+13,5.50004e+13,5.50004e+13,270.190103,5.50003e+13,0.380965,0,0,0,5.50004e+13,5.50004e+13,6,5.50004e+13,5.50004e+13,0,1,81.275497,90.327049,1.70701e+13,0,0,0,0,0.0223,0.0807,0.0807,-9998,62807,67690,63491,0.434125,0.096723,0,0,0,A,1707,NA,NA,560,0.00342701,0.63077998,,,
561,-121.96108,45.782921,2052,573,896,Point,0,109,1/4/18,2,NA,NA,0.096723,1.70701e+13,1,NA,460,46003,0,1,0,5.50004e+13,1707,1,198314,5.50004e+13,6,2,2,5.50004e+13,5.50004e+13,5.50004e+13,5.50004e+13,270.190103,5.50003e+13,0.380965,0,0,0,5.50004e+13,5.50004e+13,6,5.50004e+13,5.50004e+13,0,1,81.275497,90.327049,1.70701e+13,0,0,0,0,0.0223,0.0807,0.0807,-9998,62807,67690,63491,0.434125,0.096723,0,0,0,A,1707,0.001181,198314,5.50004e+13,6,2,2,5.50004e+13,5.50004e+13,5.50004e+13,5.50004e+13,270.190103,5.50003e+13,0.380965,0,0,0,5.50004e+13,5.50004e+13,6,5.50004e+13,5.50004e+13,0,1,81.275497,90.327049,1.70701e+13,0,0,0,0,0.0223,0.0807,0.0807,-9998,62807,67690,63491,0.434125,0.096723,0,0,0,A,1707,NA,NA,561,0.00424218,0.477709946,,,
562,-121.960829,45.782967,2052,574,897,Point,0,109,1/4/18,2,NA,NA,0.096723,1.70701e+13,1,NA,460,46003,0,1,0,5.50004e+13,1707,1,198314,5.50004e+13,6,2,2,5.50004e+13,5.50004e+13,5.50004e+13,5.50004e+13,270.190103,5.50003e+13,0.380965,0,0,0,5.50004e+13,5.50004e+13,6,5.50004e+13,5.50004e+13,0,1,81.275497,90.327049,1.70701e+13,0,0,0,0,0.0223,0.0807,0.0807,-9998,62807,67690,63491,0.434125,0.096723,0,0,0,A,1707,0.001181,198314,5.50004e+13,6,2,2,5.50004e+13,5.50004e+13,5.50004e+13,5.50004e+13,270.190103,5.50003e+13,0.380965,0,0,0,5.50004e+13,5.50004e+13,6,5.50004e+13,5.50004e+13,0,1,81.275497,90.327049,1.70701e+13,0,0,0,0,0.0223,0.0807,0.0807,-9998,62807,67690,63491,0.434125,0.096723,0,0,0,A,1707,NA,NA,562,0.004983761,0.418934246,,,
563,-121.960574,45.78296,2052,575,898,Point,0,109,1/4/18,2,NA,NA,0.096723,1.70701e+13,1,NA,460,46003,0,1,0,5.50004e+13,1707,1,198314,5.50004e+13,6,2,2,5.50004e+13,5.50004e+13,5.50004e+13,5.50004e+13,270.190103,5.50003e+13,0.380965,0,0,0,5.50004e+13,5.50004e+13,6,5.50004e+13,5.50004e+13,0,1,81.275497,90.327049,1.70701e+13,0,0,0,0,0.0223,0.0807,0.0807,-9998,62807,67690,63491,0.434125,0.096723,0,0,0,A,1707,0.001181,198314,5.50004e+13,6,2,2,5.50004e+13,5.50004e+13,5.50004e+13,5.50004e+13,270.190103,5.50003e+13,0.380965,0,0,0,5.50004e+13,5.50004e+13,6,5.50004e+13,5.50004e+13,0,1,81.275497,90.327049,1.70701e+13,0,0,0,0,0.0223,0.0807,0.0807,-9998,62807,67690,63491,0.434125,0.096723,0,0,0,A,1707,NA,NA,563,0.005713132,0.415534509,,,
564,-121.960334,45.783016,2052,576,899,Point,0,109,1/4/18,2,NA,NA,0.096723,1.70701e+13,1,NA,460,46003,0,1,0,5.50004e+13,1707,1,198314,5.50004e+13,6,2,2,5.50004e+13,5.50004e+13,5.50004e+13,5.50004e+13,270.190103,5.50003e+13,0.380965,0,0,0,5.50004e+13,5.50004e+13,6,5.50004e+13,5.50004e+13,0,1,81.275497,90.327049,1.70701e+13,0,0,0,0,0.0223,0.0807,0.0807,-9998,62807,67690,63491,0.434125,0.096723,0,0,0,A,1707,0.001181,198314,5.50004e+13,6,2,2,5.50004e+13,5.50004e+13,5.50004e+13,5.50004e+13,270.190103,5.50003e+13,0.380965,0,0,0,5.50004e+13,5.50004e+13,6,5.50004e+13,5.50004e+13,0,1,81.275497,90.327049,1.70701e+13,0,0,0,0,0.0223,0.0807,0.0807,-9998,62807,67690,63491,0.434125,0.096723,0,0,0,A,1707,NA,NA,564,0.00643621,0.468716791,,,
565,-121.960189,45.783029,2052,577,900,Point,0,109,1/4/18,2,NA,NA,0.096723,1.70701e+13,1,NA,460,46003,0,1,0,5.50004e+13,1707,1,198314,5.50004e+13,6,2,2,5.50004e+13,5.50004e+13,5.50004e+13,5.50004e+13,270.190103,5.50003e+13,0.380965,0,0,0,5.50004e+13,5.50004e+13,6,5.50004e+13,5.50004e+13,0,1,81.275497,90.327049,1.70701e+13,0,0,0,0,0.0223,0.0807,0.0807,-9998,62807,67690,63491,0.434125,0.096723,0,0,0,A,1707,0.001181,198314,5.50004e+13,6,2,2,5.50004e+13,5.50004e+13,5.50004e+13,5.50004e+13,270.190103,5.50003e+13,0.380965,0,0,0,5.50004e+13,5.50004e+13,6,5.50004e+13,5.50004e+13,0,1,81.275497,90.327049,1.70701e+13,0,0,0,0,0.0223,0.0807,0.0807,-9998,62807,67690,63491,0.434125,0.096723,0,0,0,A,1707,NA,NA,565,0.00685402,0.50517544,,,
566,-121.961766,45.794282,2053,177,910,Point,0,112,1/4/18,2,NA,NA,0.323454,1.70701e+13,1,NA,460,46003,0,1,0,5.50004e+13,1707,1,99039,5.50004e+13,7,1,1,5.50004e+13,5.50004e+13,5.50004e+13,5.50004e+13,270.534785,5.50003e+13,0.323454,0,1,0,0,0,6,5.50004e+13,5.50004e+13,0,1,0,100,1.70701e+13,0,0,0,0,0.0558,0.0558,0.0558,69164,64279,69164,64279,0.218614,0.223454,1,0,0.0206,A,1707,0.003355,99039,5.50004e+13,7,1,1,5.50004e+13,5.50004e+13,5.50004e+13,5.50004e+13,270.534785,5.50003e+13,0.323454,0,1,0,0,0,6,5.50004e+13,5.50004e+13,0,1,0,100,1.70701e+13,0,0,0,0,0.0558,0.0558,0.0558,69164,64279,69164,64279,0.218614,0.223454,1,0,0.0206,A,1707,NA,NA,566,0.008575211,0.561682926,,,
567,-121.961669,45.794065,2053,178,911,Point,0,112,1/4/18,2,NA,NA,0.323454,1.70701e+13,1,NA,460,46003,0,1,0,5.50004e+13,1707,1,99039,5.50004e+13,7,1,1,5.50004e+13,5.50004e+13,5.50004e+13,5.50004e+13,270.534785,5.50003e+13,0.323454,0,1,0,0,0,6,5.50004e+13,5.50004e+13,0,1,0,100,1.70701e+13,0,0,0,0,0.0558,0.0558,0.0558,69164,64279,69164,64279,0.218614,0.223454,1,0,0.0206,A,1707,0.003355,99039,5.50004e+13,7,1,1,5.50004e+13,5.50004e+13,5.50004e+13,5.50004e+13,270.534785,5.50003e+13,0.323454,0,1,0,0,0,6,5.50004e+13,5.50004e+13,0,1,0,100,1.70701e+13,0,0,0,0,0.0558,0.0558,0.0558,69164,64279,69164,64279,0.218614,0.223454,1,0,0.0206,A,1707,NA,NA,567,0.009278787,0.55214652,,,
568,-121.961582,45.793833,2053,179,912,Point,0,112,1/4/18,2,NA,NA,0.323454,1.70701e+13,1,NA,460,46003,0,1,0,5.50004e+13,1707,1,99039,5.50004e+13,7,1,1,5.50004e+13,5.50004e+13,5.50004e+13,5.50004e+13,270.534785,5.50003e+13,0.323454,0,1,0,0,0,6,5.50004e+13,5.50004e+13,0,1,0,100,1.70701e+13,0,0,0,0,0.0558,0.0558,0.0558,69164,64279,69164,64279,0.218614,0.223454,1,0,0.0206,A,1707,0.003355,99039,5.50004e+13,7,1,1,5.50004e+13,5.50004e+13,5.50004e+13,5.50004e+13,270.534785,5.50003e+13,0.323454,0,1,0,0,0,6,5.50004e+13,5.50004e+13,0,1,0,100,1.70701e+13,0,0,0,0,0.0558,0.0558,0.0558,69164,64279,69164,64279,0.218614,0.223454,1,0,0.0206,A,1707,NA,NA,568,0.010021008,0.530697346,,,
569,-121.961446,45.79363,2053,180,913,Point,0,112,1/4/18,2,NA,NA,0.323454,1.70701e+13,1,NA,460,46003,0,1,0,5.50004e+13,1707,1,99039,5.50004e+13,7,1,1,5.50004e+13,5.50004e+13,5.50004e+13,5.50004e+13,270.534785,5.50003e+13,0.323454,0,1,0,0,0,6,5.50004e+13,5.50004e+13,0,1,0,100,1.70701e+13,0,0,0,0,0.0558,0.0558,0.0558,69164,64279,69164,64279,0.218614,0.223454,1,0,0.0206,A,1707,0.003355,99039,5.50004e+13,7,1,1,5.50004e+13,5.50004e+13,5.50004e+13,5.50004e+13,270.534785,5.50003e+13,0.323454,0,1,0,0,0,6,5.50004e+13,5.50004e+13,0,1,0,100,1.70701e+13,0,0,0,0,0.0558,0.0558,0.0558,69164,64279,69164,64279,0.218614,0.223454,1,0,0.0206,A,1707,NA,NA,569,0.010714761,0.522245505,,,
570,-121.961246,45.793486,2053,181,914,Point,0,112,1/4/18,2,NA,NA,0.323454,1.70701e+13,1,NA,460,46003,0,1,0,5.50004e+13,1707,1,99039,5.50004e+13,7,1,1,5.50004e+13,5.50004e+13,5.50004e+13,5.50004e+13,270.534785,5.50003e+13,0.323454,0,1,0,0,0,6,5.50004e+13,5.50004e+13,0,1,0,100,1.70701e+13,0,0,0,0,0.0558,0.0558,0.0558,69164,64279,69164,64279,0.218614,0.223454,1,0,0.0206,A,1707,0.003355,99039,5.50004e+13,7,1,1,5.50004e+13,5.50004e+13,5.50004e+13,5.50004e+13,270.534785,5.50003e+13,0.323454,0,1,0,0,0,6,5.50004e+13,5.50004e+13,0,1,0,100,1.70701e+13,0,0,0,0,0.0558,0.0558,0.0558,69164,64279,69164,64279,0.218614,0.223454,1,0,0.0206,A,1707,NA,NA,570,0.011336059,0.523345657,,,
571,-121.961011,45.7934,2053,182,915,Point,0,112,1/4/18,2,NA,NA,0.323454,1.70701e+13,1,NA,460,46003,0,1,0,5.50004e+13,1707,1,99039,5.50004e+13,7,1,1,5.50004e+13,5.50004e+13,5.50004e+13,5.50004e+13,270.534785,5.50003e+13,0.323454,0,1,0,0,0,6,5.50004e+13,5.50004e+13,0,1,0,100,1.70701e+13,0,0,0,0,0.0558,0.0558,0.0558,69164,64279,69164,64279,0.218614,0.223454,1,0,0.0206,A,1707,0.003355,99039,5.50004e+13,7,1,1,5.50004e+13,5.50004e+13,5.50004e+13,5.50004e+13,270.534785,5.50003e+13,0.323454,0,1,0,0,0,6,5.50004e+13,5.50004e+13,0,1,0,100,1.70701e+13,0,0,0,0,0.0558,0.0558,0.0558,69164,64279,69164,64279,0.218614,0.223454,1,0,0.0206,A,1707,NA,NA,571,0.011910175,0.444885427,,,
572,-121.960808,45.793246,2053,183,916,Point,0,112,1/4/18,2,NA,NA,0.323454,1.70701e+13,1,NA,460,46003,0,1,0,5.50004e+13,1707,1,99039,5.50004e+13,7,1,1,5.50004e+13,5.50004e+13,5.50004e+13,5.50004e+13,270.534785,5.50003e+13,0.323454,0,1,0,0,0,6,5.50004e+13,5.50004e+13,0,1,0,100,1.70701e+13,0,0,0,0,0.0558,0.0558,0.0558,69164,64279,69164,64279,0.218614,0.223454,1,0,0.0206,A,1707,0.003355,99039,5.50004e+13,7,1,1,5.50004e+13,5.50004e+13,5.50004e+13,5.50004e+13,270.534785,5.50003e+13,0.323454,0,1,0,0,0,6,5.50004e+13,5.50004e+13,0,1,0,100,1.70701e+13,0,0,0,0,0.0558,0.0558,0.0558,69164,64279,69164,64279,0.218614,0.223454,1,0,0.0206,A,1707,NA,NA,572,0.012558415,0.444885427,,,
573,-121.960769,45.793011,2053,184,917,Point,0,112,1/4/18,2,NA,NA,0.323454,1.70701e+13,1,NA,460,46003,0,1,0,5.50004e+13,1707,1,99039,5.50004e+13,7,1,1,5.50004e+13,5.50004e+13,5.50004e+13,5.50004e+13,270.534785,5.50003e+13,0.323454,0,1,0,0,0,6,5.50004e+13,5.50004e+13,0,1,0,100,1.70701e+13,0,0,0,0,0.0558,0.0558,0.0558,69164,64279,69164,64279,0.218614,0.223454,1,0,0.0206,A,1707,0.003355,99039,5.50004e+13,7,1,1,5.50004e+13,5.50004e+13,5.50004e+13,5.50004e+13,270.534785,5.50003e+13,0.323454,0,1,0,0,0,6,5.50004e+13,5.50004e+13,0,1,0,100,1.70701e+13,0,0,0,0,0.0558,0.0558,0.0558,69164,64279,69164,64279,0.218614,0.223454,1,0,0.0206,A,1707,NA,NA,573,0.013290513,0.314267396,,,
574,-121.960695,45.792798,2053,185,918,Point,0,112,1/4/18,2,NA,NA,0.323454,1.70701e+13,1,NA,460,46003,0,1,0,5.50004e+13,1707,1,99039,5.50004e+13,7,1,1,5.50004e+13,5.50004e+13,5.50004e+13,5.50004e+13,270.534785,5.50003e+13,0.323454,0,1,0,0,0,6,5.50004e+13,5.50004e+13,0,1,0,100,1.70701e+13,0,0,0,0,0.0558,0.0558,0.0558,69164,64279,69164,64279,0.218614,0.223454,1,0,0.0206,A,1707,0.003355,99039,5.50004e+13,7,1,1,5.50004e+13,5.50004e+13,5.50004e+13,5.50004e+13,270.534785,5.50003e+13,0.323454,0,1,0,0,0,6,5.50004e+13,5.50004e+13,0,1,0,100,1.70701e+13,0,0,0,0,0.0558,0.0558,0.0558,69164,64279,69164,64279,0.218614,0.223454,1,0,0.0206,A,1707,NA,NA,574,0.013968834,0.224840338,,,
575,-121.960592,45.7926,2053,186,919,Point,0,112,1/4/18,2,NA,NA,0.323454,1.70701e+13,1,NA,460,46003,0,1,0,5.50004e+13,1707,1,99039,5.50004e+13,7,1,1,5.50004e+13,5.50004e+13,5.50004e+13,5.50004e+13,270.534785,5.50003e+13,0.323454,0,1,0,0,0,6,5.50004e+13,5.50004e+13,0,1,0,100,1.70701e+13,0,0,0,0,0.0558,0.0558,0.0558,69164,64279,69164,64279,0.218614,0.223454,1,0,0.0206,A,1707,0.003355,99039,5.50004e+13,7,1,1,5.50004e+13,5.50004e+13,5.50004e+13,5.50004e+13,270.534785,5.50003e+13,0.323454,0,1,0,0,0,6,5.50004e+13,5.50004e+13,0,1,0,100,1.70701e+13,0,0,0,0,0.0558,0.0558,0.0558,69164,64279,69164,64279,0.218614,0.223454,1,0,0.0206,A,1707,NA,NA,575,0.01462086,0.161854586,,,
576,-121.960395,45.79245,2053,187,920,Point,0,112,1/4/18,2,NA,NA,0.323454,1.70701e+13,1,NA,460,46003,0,1,0,5.50004e+13,1707,1,99039,5.50004e+13,7,1,1,5.50004e+13,5.50004e+13,5.50004e+13,5.50004e+13,270.534785,5.50003e+13,0.323454,0,1,0,0,0,6,5.50004e+13,5.50004e+13,0,1,0,100,1.70701e+13,0,0,0,0,0.0558,0.0558,0.0558,69164,64279,69164,64279,0.218614,0.223454,1,0,0.0206,A,1707,0.003355,99039,5.50004e+13,7,1,1,5.50004e+13,5.50004e+13,5.50004e+13,5.50004e+13,270.534785,5.50003e+13,0.323454,0,1,0,0,0,6,5.50004e+13,5.50004e+13,0,1,0,100,1.70701e+13,0,0,0,0,0.0558,0.0558,0.0558,69164,64279,69164,64279,0.218614,0.223454,1,0,0.0206,A,1707,NA,NA,576,0.015251199,0.179024314,,,
577,-121.960247,45.792283,2053,188,921,Point,0,112,1/4/18,2,NA,NA,0.323454,1.70701e+13,1,NA,460,46003,0,1,0,5.50004e+13,1707,1,99039,5.50004e+13,7,1,1,5.50004e+13,5.50004e+13,5.50004e+13,5.50004e+13,270.534785,5.50003e+13,0.323454,0,1,0,0,0,6,5.50004e+13,5.50004e+13,0,1,0,100,1.70701e+13,0,0,0,0,0.0558,0.0558,0.0558,69164,64279,69164,64279,0.218614,0.223454,1,0,0.0206,A,1707,0.003355,99039,5.50004e+13,7,1,1,5.50004e+13,5.50004e+13,5.50004e+13,5.50004e+13,270.534785,5.50003e+13,0.323454,0,1,0,0,0,6,5.50004e+13,5.50004e+13,0,1,0,100,1.70701e+13,0,0,0,0,0.0558,0.0558,0.0558,69164,64279,69164,64279,0.218614,0.223454,1,0,0.0206,A,1707,NA,NA,577,0.015859241,0.137013225,,,
578,-121.960032,45.792152,2053,189,922,Point,0,112,1/4/18,2,NA,NA,0.323454,1.70701e+13,1,NA,460,46003,0,1,0,5.50004e+13,1707,1,99039,5.50004e+13,7,1,1,5.50004e+13,5.50004e+13,5.50004e+13,5.50004e+13,270.534785,5.50003e+13,0.323454,0,1,0,0,0,6,5.50004e+13,5.50004e+13,0,1,0,100,1.70701e+13,0,0,0,0,0.0558,0.0558,0.0558,69164,64279,69164,64279,0.218614,0.223454,1,0,0.0206,A,1707,0.003355,99039,5.50004e+13,7,1,1,5.50004e+13,5.50004e+13,5.50004e+13,5.50004e+13,270.534785,5.50003e+13,0.323454,0,1,0,0,0,6,5.50004e+13,5.50004e+13,0,1,0,100,1.70701e+13,0,0,0,0,0.0558,0.0558,0.0558,69164,64279,69164,64279,0.218614,0.223454,1,0,0.0206,A,1707,NA,NA,578,0.016476457,0.145821778,,,
579,-121.959859,45.791973,2053,190,923,Point,0,112,1/4/18,2,NA,NA,0.323454,1.70701e+13,1,NA,460,46003,0,1,0,5.50004e+13,1707,1,99039,5.50004e+13,7,1,1,5.50004e+13,5.50004e+13,5.50004e+13,5.50004e+13,270.534785,5.50003e+13,0.323454,0,1,0,0,0,6,5.50004e+13,5.50004e+13,0,1,0,100,1.70701e+13,0,0,0,0,0.0558,0.0558,0.0558,69164,64279,69164,64279,0.218614,0.223454,1,0,0.0206,A,1707,0.003355,99039,5.50004e+13,7,1,1,5.50004e+13,5.50004e+13,5.50004e+13,5.50004e+13,270.534785,5.50003e+13,0.323454,0,1,0,0,0,6,5.50004e+13,5.50004e+13,0,1,0,100,1.70701e+13,0,0,0,0,0.0558,0.0558,0.0558,69164,64279,69164,64279,0.218614,0.223454,1,0,0.0206,A,1707,NA,NA,579,0.0171451,0.124000532,,,
580,-121.959857,45.791972,2053,191,924,Point,0,112,1/4/18,2,NA,NA,0.323454,1.70701e+13,1,NA,460,46003,0,1,0,5.50004e+13,1707,1,99039,5.50004e+13,7,1,1,5.50004e+13,5.50004e+13,5.50004e+13,5.50004e+13,270.534785,5.50003e+13,0.323454,0,1,0,0,0,6,5.50004e+13,5.50004e+13,0,1,0,100,1.70701e+13,0,0,0,0,0.0558,0.0558,0.0558,69164,64279,69164,64279,0.218614,0.223454,1,0,0.0206,A,1707,0.003355,99039,5.50004e+13,7,1,1,5.50004e+13,5.50004e+13,5.50004e+13,5.50004e+13,270.534785,5.50003e+13,0.323454,0,1,0,0,0,6,5.50004e+13,5.50004e+13,0,1,0,100,1.70701e+13,0,0,0,0,0.0558,0.0558,0.0558,69164,64279,69164,64279,0.218614,0.223454,1,0,0.0206,A,1707,NA,NA,580,0.017150421,0.124000532,,,
581,-121.943934,45.796608,2054,660,968,Point,0,118,1/4/18,2,NA,NA,0.27892,1.70701e+13,1,NA,460,46003,0,1,0,5.50004e+13,1707,1,170097,5.50004e+13,7,1,1,5.50004e+13,5.50004e+13,5.50004e+13,5.50004e+13,269.078332,5.50003e+13,0.27892,0,1,0,0,0,7,5.50004e+13,5.50004e+13,0,1,19.127239,100,1.70701e+13,0,0,0,0,0.0543,0.0543,0.0543,54843,49659,54843,49659,0.289738,0.17892,0,0,0.0289,A,1707,0.003004,170097,5.50004e+13,7,1,1,5.50004e+13,5.50004e+13,5.50004e+13,5.50004e+13,269.078332,5.50003e+13,0.27892,0,1,0,0,0,7,5.50004e+13,5.50004e+13,0,1,19.127239,100,1.70701e+13,0,0,0,0,0.0543,0.0543,0.0543,54843,49659,54843,49659,0.289738,0.17892,0,0,0.0289,A,1707,NA,NA,581,0.008344691,0.186317247,,,
582,-121.944094,45.796415,2054,661,969,Point,0,118,1/4/18,2,NA,NA,0.27892,1.70701e+13,1,NA,460,46003,0,1,0,5.50004e+13,1707,1,170097,5.50004e+13,7,1,1,5.50004e+13,5.50004e+13,5.50004e+13,5.50004e+13,269.078332,5.50003e+13,0.27892,0,1,0,0,0,7,5.50004e+13,5.50004e+13,0,1,19.127239,100,1.70701e+13,0,0,0,0,0.0543,0.0543,0.0543,54843,49659,54843,49659,0.289738,0.17892,0,0,0.0289,A,1707,0.003004,170097,5.50004e+13,7,1,1,5.50004e+13,5.50004e+13,5.50004e+13,5.50004e+13,269.078332,5.50003e+13,0.27892,0,1,0,0,0,7,5.50004e+13,5.50004e+13,0,1,19.127239,100,1.70701e+13,0,0,0,0,0.0543,0.0543,0.0543,54843,49659,54843,49659,0.289738,0.17892,0,0,0.0289,A,1707,NA,NA,582,0.009096586,0.170778364,,,
583,-121.944289,45.796248,2054,662,970,Point,0,118,1/4/18,2,NA,NA,0.27892,1.70701e+13,1,NA,460,46003,0,1,0,5.50004e+13,1707,1,170097,5.50004e+13,7,1,1,5.50004e+13,5.50004e+13,5.50004e+13,5.50004e+13,269.078332,5.50003e+13,0.27892,0,1,0,0,0,7,5.50004e+13,5.50004e+13,0,1,19.127239,100,1.70701e+13,0,0,0,0,0.0543,0.0543,0.0543,54843,49659,54843,49659,0.289738,0.17892,0,0,0.0289,A,1707,0.003004,170097,5.50004e+13,7,1,1,5.50004e+13,5.50004e+13,5.50004e+13,5.50004e+13,269.078332,5.50003e+13,0.27892,0,1,0,0,0,7,5.50004e+13,5.50004e+13,0,1,19.127239,100,1.70701e+13,0,0,0,0,0.0543,0.0543,0.0543,54843,49659,54843,49659,0.289738,0.17892,0,0,0.0289,A,1707,NA,NA,583,0.009823282,0.202955081,,,
584,-121.944424,45.796042,2054,663,971,Point,0,118,1/4/18,2,NA,NA,0.27892,1.70701e+13,1,NA,460,46003,0,1,0,5.50004e+13,1707,1,170097,5.50004e+13,7,1,1,5.50004e+13,5.50004e+13,5.50004e+13,5.50004e+13,269.078332,5.50003e+13,0.27892,0,1,0,0,0,7,5.50004e+13,5.50004e+13,0,1,19.127239,100,1.70701e+13,0,0,0,0,0.0543,0.0543,0.0543,54843,49659,54843,49659,0.289738,0.17892,0,0,0.0289,A,1707,0.003004,170097,5.50004e+13,7,1,1,5.50004e+13,5.50004e+13,5.50004e+13,5.50004e+13,269.078332,5.50003e+13,0.27892,0,1,0,0,0,7,5.50004e+13,5.50004e+13,0,1,19.127239,100,1.70701e+13,0,0,0,0,0.0543,0.0543,0.0543,54843,49659,54843,49659,0.289738,0.17892,0,0,0.0289,A,1707,NA,NA,584,0.010587007,0.234553669,,,
585,-121.944593,45.795853,2054,664,972,Point,0,118,1/4/18,2,NA,NA,0.27892,1.70701e+13,1,NA,460,46003,0,1,0,5.50004e+13,1707,1,170097,5.50004e+13,7,1,1,5.50004e+13,5.50004e+13,5.50004e+13,5.50004e+13,269.078332,5.50003e+13,0.27892,0,1,0,0,0,7,5.50004e+13,5.50004e+13,0,1,19.127239,100,1.70701e+13,0,0,0,0,0.0543,0.0543,0.0543,54843,49659,54843,49659,0.289738,0.17892,0,0,0.0289,A,1707,0.003004,170097,5.50004e+13,7,1,1,5.50004e+13,5.50004e+13,5.50004e+13,5.50004e+13,269.078332,5.50003e+13,0.27892,0,1,0,0,0,7,5.50004e+13,5.50004e+13,0,1,19.127239,100,1.70701e+13,0,0,0,0,0.0543,0.0543,0.0543,54843,49659,54843,49659,0.289738,0.17892,0,0,0.0289,A,1707,NA,NA,585,0.011338306,0.246343583,,,
586,-121.94478,45.795679,2054,665,973,Point,0,118,1/4/18,2,NA,NA,0.27892,1.70701e+13,1,NA,460,46003,0,1,0,5.50004e+13,1707,1,170097,5.50004e+13,7,1,1,5.50004e+13,5.50004e+13,5.50004e+13,5.50004e+13,269.078332,5.50003e+13,0.27892,0,1,0,0,0,7,5.50004e+13,5.50004e+13,0,1,19.127239,100,1.70701e+13,0,0,0,0,0.0543,0.0543,0.0543,54843,49659,54843,49659,0.289738,0.17892,0,0,0.0289,A,1707,0.003004,170097,5.50004e+13,7,1,1,5.50004e+13,5.50004e+13,5.50004e+13,5.50004e+13,269.078332,5.50003e+13,0.27892,0,1,0,0,0,7,5.50004e+13,5.50004e+13,0,1,19.127239,100,1.70701e+13,0,0,0,0,0.0543,0.0543,0.0543,54843,49659,54843,49659,0.289738,0.17892,0,0,0.0289,A,1707,NA,NA,586,0.01207194,0.308329369,,,
587,-121.944959,45.795494,2054,666,974,Point,0,118,1/4/18,2,NA,NA,0.27892,1.70701e+13,1,NA,460,46003,0,1,0,5.50004e+13,1707,1,170097,5.50004e+13,7,1,1,5.50004e+13,5.50004e+13,5.50004e+13,5.50004e+13,269.078332,5.50003e+13,0.27892,0,1,0,0,0,7,5.50004e+13,5.50004e+13,0,1,19.127239,100,1.70701e+13,0,0,0,0,0.0543,0.0543,0.0543,54843,49659,54843,49659,0.289738,0.17892,0,0,0.0289,A,1707,0.003004,170097,5.50004e+13,7,1,1,5.50004e+13,5.50004e+13,5.50004e+13,5.50004e+13,269.078332,5.50003e+13,0.27892,0,1,0,0,0,7,5.50004e+13,5.50004e+13,0,1,19.127239,100,1.70701e+13,0,0,0,0,0.0543,0.0543,0.0543,54843,49659,54843,49659,0.289738,0.17892,0,0,0.0289,A,1707,NA,NA,587,0.012824801,0.377527557,,,
588,-121.94517,45.795348,2054,667,975,Point,0,118,1/4/18,2,NA,NA,0.27892,1.70701e+13,1,NA,460,46003,0,1,0,5.50004e+13,1707,1,170097,5.50004e+13,7,1,1,5.50004e+13,5.50004e+13,5.50004e+13,5.50004e+13,269.078332,5.50003e+13,0.27892,0,1,0,0,0,7,5.50004e+13,5.50004e+13,0,1,19.127239,100,1.70701e+13,0,0,0,0,0.0543,0.0543,0.0543,54843,49659,54843,49659,0.289738,0.17892,0,0,0.0289,A,1707,0.003004,170097,5.50004e+13,7,1,1,5.50004e+13,5.50004e+13,5.50004e+13,5.50004e+13,269.078332,5.50003e+13,0.27892,0,1,0,0,0,7,5.50004e+13,5.50004e+13,0,1,19.127239,100,1.70701e+13,0,0,0,0,0.0543,0.0543,0.0543,54843,49659,54843,49659,0.289738,0.17892,0,0,0.0289,A,1707,NA,NA,588,0.013524472,0.425009949,,,
589,-121.945334,45.795154,2054,668,976,Point,0,118,1/4/18,2,NA,NA,0.27892,1.70701e+13,1,NA,460,46003,0,1,0,5.50004e+13,1707,1,170097,5.50004e+13,7,1,1,5.50004e+13,5.50004e+13,5.50004e+13,5.50004e+13,269.078332,5.50003e+13,0.27892,0,1,0,0,0,7,5.50004e+13,5.50004e+13,0,1,19.127239,100,1.70701e+13,0,0,0,0,0.0543,0.0543,0.0543,54843,49659,54843,49659,0.289738,0.17892,0,0,0.0289,A,1707,0.003004,170097,5.50004e+13,7,1,1,5.50004e+13,5.50004e+13,5.50004e+13,5.50004e+13,269.078332,5.50003e+13,0.27892,0,1,0,0,0,7,5.50004e+13,5.50004e+13,0,1,19.127239,100,1.70701e+13,0,0,0,0,0.0543,0.0543,0.0543,54843,49659,54843,49659,0.289738,0.17892,0,0,0.0289,A,1707,NA,NA,589,0.014284045,0.387894574,,,
590,-121.945533,45.794992,2054,669,977,Point,0,118,1/4/18,2,NA,NA,0.27892,1.70701e+13,1,NA,460,46003,0,1,0,5.50004e+13,1707,1,170097,5.50004e+13,7,1,1,5.50004e+13,5.50004e+13,5.50004e+13,5.50004e+13,269.078332,5.50003e+13,0.27892,0,1,0,0,0,7,5.50004e+13,5.50004e+13,0,1,19.127239,100,1.70701e+13,0,0,0,0,0.0543,0.0543,0.0543,54843,49659,54843,49659,0.289738,0.17892,0,0,0.0289,A,1707,0.003004,170097,5.50004e+13,7,1,1,5.50004e+13,5.50004e+13,5.50004e+13,5.50004e+13,269.078332,5.50003e+13,0.27892,0,1,0,0,0,7,5.50004e+13,5.50004e+13,0,1,19.127239,100,1.70701e+13,0,0,0,0,0.0543,0.0543,0.0543,54843,49659,54843,49659,0.289738,0.17892,0,0,0.0289,A,1707,NA,NA,590,0.015003886,0.292267831,,,
591,-121.945779,45.794924,2054,670,978,Point,0,118,1/4/18,2,NA,NA,0.27892,1.70701e+13,1,NA,460,46003,0,1,0,5.50004e+13,1707,1,170097,5.50004e+13,7,1,1,5.50004e+13,5.50004e+13,5.50004e+13,5.50004e+13,269.078332,5.50003e+13,0.27892,0,1,0,0,0,7,5.50004e+13,5.50004e+13,0,1,19.127239,100,1.70701e+13,0,0,0,0,0.0543,0.0543,0.0543,54843,49659,54843,49659,0.289738,0.17892,0,0,0.0289,A,1707,0.003004,170097,5.50004e+13,7,1,1,5.50004e+13,5.50004e+13,5.50004e+13,5.50004e+13,269.078332,5.50003e+13,0.27892,0,1,0,0,0,7,5.50004e+13,5.50004e+13,0,1,19.127239,100,1.70701e+13,0,0,0,0,0.0543,0.0543,0.0543,54843,49659,54843,49659,0.289738,0.17892,0,0,0.0289,A,1707,NA,NA,591,0.015627464,0.292267831,,,
592,-121.946025,45.79487,2054,671,979,Point,0,118,1/4/18,2,NA,NA,0.27892,1.70701e+13,1,NA,460,46003,0,1,0,5.50004e+13,1707,1,170097,5.50004e+13,7,1,1,5.50004e+13,5.50004e+13,5.50004e+13,5.50004e+13,269.078332,5.50003e+13,0.27892,0,1,0,0,0,7,5.50004e+13,5.50004e+13,0,1,19.127239,100,1.70701e+13,0,0,0,0,0.0543,0.0543,0.0543,54843,49659,54843,49659,0.289738,0.17892,0,0,0.0289,A,1707,0.003004,170097,5.50004e+13,7,1,1,5.50004e+13,5.50004e+13,5.50004e+13,5.50004e+13,269.078332,5.50003e+13,0.27892,0,1,0,0,0,7,5.50004e+13,5.50004e+13,0,1,19.127239,100,1.70701e+13,0,0,0,0,0.0543,0.0543,0.0543,54843,49659,54843,49659,0.289738,0.17892,0,0,0.0289,A,1707,NA,NA,592,0.016235289,0.244057676,,,
593,-121.946163,45.794776,2054,672,980,Point,0,118,1/4/18,2,NA,NA,0.27892,1.70701e+13,1,NA,460,46003,0,1,0,5.50004e+13,1707,1,170097,5.50004e+13,7,1,1,5.50004e+13,5.50004e+13,5.50004e+13,5.50004e+13,269.078332,5.50003e+13,0.27892,0,1,0,0,0,7,5.50004e+13,5.50004e+13,0,1,19.127239,100,1.70701e+13,0,0,0,0,0.0543,0.0543,0.0543,54843,49659,54843,49659,0.289738,0.17892,0,0,0.0289,A,1707,0.003004,170097,5.50004e+13,7,1,1,5.50004e+13,5.50004e+13,5.50004e+13,5.50004e+13,269.078332,5.50003e+13,0.27892,0,1,0,0,0,7,5.50004e+13,5.50004e+13,0,1,19.127239,100,1.70701e+13,0,0,0,0,0.0543,0.0543,0.0543,54843,49659,54843,49659,0.289738,0.17892,0,0,0.0289,A,1707,NA,NA,593,0.016689383,0.219193127,,,
594,-121.945035,45.792323,2055,673,981,Point,0,119,1/4/18,2,NA,NA,0.281178,1.70701e+13,1,NA,460,46003,0,1,0,5.50004e+13,1707,1,53351,5.50004e+13,6,3,3,5.50004e+13,5.50004e+13,5.50004e+13,5.50004e+13,268.445889,5.50003e+13,4.254119,0,0,0,5.50004e+13,5.50004e+13,6,5.50004e+13,5.50004e+13,0,1,0,48.46352,1.70701e+13,0,0,0,0,0.0403,0.9286,0.9286,-9998,43081,46049,43081,0.105556,0.281178,0,0,0,A,1707,0.002847,53351,5.50004e+13,6,3,3,5.50004e+13,5.50004e+13,5.50004e+13,5.50004e+13,268.445889,5.50003e+13,4.254119,0,0,0,5.50004e+13,5.50004e+13,6,5.50004e+13,5.50004e+13,0,1,0,48.46352,1.70701e+13,0,0,0,0,0.0403,0.9286,0.9286,-9998,43081,46049,43081,0.105556,0.281178,0,0,0,A,1707,NA,-121.94503545.792323,594,0.1531858,0.146596885,,,
595,-121.944881,45.79213,2055,674,982,Point,0,119,1/4/18,2,NA,NA,0.281178,1.70701e+13,1,NA,460,46003,0,1,0,5.50004e+13,1707,1,53351,5.50004e+13,6,3,3,5.50004e+13,5.50004e+13,5.50004e+13,5.50004e+13,268.445889,5.50003e+13,4.254119,0,0,0,5.50004e+13,5.50004e+13,6,5.50004e+13,5.50004e+13,0,1,0,48.46352,1.70701e+13,0,0,0,0,0.0403,0.9286,0.9286,-9998,43081,46049,43081,0.105556,0.281178,0,0,0,A,1707,0.002847,53351,5.50004e+13,6,3,3,5.50004e+13,5.50004e+13,5.50004e+13,5.50004e+13,268.445889,5.50003e+13,4.254119,0,0,0,5.50004e+13,5.50004e+13,6,5.50004e+13,5.50004e+13,0,1,0,48.46352,1.70701e+13,0,0,0,0,0.0403,0.9286,0.9286,-9998,43081,46049,43081,0.105556,0.281178,0,0,0,A,1707,NA,-121.94488145.79213,595,0.154342141,0.21820459,,,
596,-121.944922,45.791908,2055,675,983,Point,0,119,1/4/18,2,NA,NA,0.281178,1.70701e+13,1,NA,460,46003,0,1,0,5.50004e+13,1707,1,53351,5.50004e+13,6,3,3,5.50004e+13,5.50004e+13,5.50004e+13,5.50004e+13,268.445889,5.50003e+13,4.254119,0,0,0,5.50004e+13,5.50004e+13,6,5.50004e+13,5.50004e+13,0,1,0,48.46352,1.70701e+13,0,0,0,0,0.0403,0.9286,0.9286,-9998,43081,46049,43081,0.105556,0.281178,0,0,0,A,1707,0.002847,53351,5.50004e+13,6,3,3,5.50004e+13,5.50004e+13,5.50004e+13,5.50004e+13,268.445889,5.50003e+13,4.254119,0,0,0,5.50004e+13,5.50004e+13,6,5.50004e+13,5.50004e+13,0,1,0,48.46352,1.70701e+13,0,0,0,0,0.0403,0.9286,0.9286,-9998,43081,46049,43081,0.105556,0.281178,0,0,0,A,1707,NA,-121.94492245.791908,596,0.155513202,0.201130645,,,
597,-121.944901,45.791655,2055,676,984,Point,0,119,1/4/18,2,NA,NA,0.281178,1.70701e+13,1,NA,460,46003,0,1,0,5.50004e+13,1707,1,53351,5.50004e+13,6,3,3,5.50004e+13,5.50004e+13,5.50004e+13,5.50004e+13,268.445889,5.50003e+13,4.254119,0,0,0,5.50004e+13,5.50004e+13,6,5.50004e+13,5.50004e+13,0,1,0,48.46352,1.70701e+13,0,0,0,0,0.0403,0.9286,0.9286,-9998,43081,46049,43081,0.105556,0.281178,0,0,0,A,1707,0.002847,53351,5.50004e+13,6,3,3,5.50004e+13,5.50004e+13,5.50004e+13,5.50004e+13,268.445889,5.50003e+13,4.254119,0,0,0,5.50004e+13,5.50004e+13,6,5.50004e+13,5.50004e+13,0,1,0,48.46352,1.70701e+13,0,0,0,0,0.0403,0.9286,0.9286,-9998,43081,46049,43081,0.105556,0.281178,0,0,0,A,1707,NA,-121.94490145.791655,597,0.156839019,0.169139439,,,
598,-121.945,45.791447,2055,677,985,Point,0,119,1/4/18,2,NA,NA,0.281178,1.70701e+13,1,NA,460,46003,0,1,0,5.50004e+13,1707,1,53351,5.50004e+13,6,3,3,5.50004e+13,5.50004e+13,5.50004e+13,5.50004e+13,268.445889,5.50003e+13,4.254119,0,0,0,5.50004e+13,5.50004e+13,6,5.50004e+13,5.50004e+13,0,1,0,48.46352,1.70701e+13,0,0,0,0,0.0403,0.9286,0.9286,-9998,43081,46049,43081,0.105556,0.281178,0,0,0,A,1707,0.002847,53351,5.50004e+13,6,3,3,5.50004e+13,5.50004e+13,5.50004e+13,5.50004e+13,268.445889,5.50003e+13,4.254119,0,0,0,5.50004e+13,5.50004e+13,6,5.50004e+13,5.50004e+13,0,1,0,48.46352,1.70701e+13,0,0,0,0,0.0403,0.9286,0.9286,-9998,43081,46049,43081,0.105556,0.281178,0,0,0,A,1707,NA,-121.94545.791447,598,0.15798592,0.132350298,,,
599,-121.944878,45.791277,2055,678,986,Point,0,119,1/4/18,2,NA,NA,0.281178,1.70701e+13,1,NA,460,46003,0,1,0,5.50004e+13,1707,1,53351,5.50004e+13,6,3,3,5.50004e+13,5.50004e+13,5.50004e+13,5.50004e+13,268.445889,5.50003e+13,4.254119,0,0,0,5.50004e+13,5.50004e+13,6,5.50004e+13,5.50004e+13,0,1,0,48.46352,1.70701e+13,0,0,0,0,0.0403,0.9286,0.9286,-9998,43081,46049,43081,0.105556,0.281178,0,0,0,A,1707,0.002847,53351,5.50004e+13,6,3,3,5.50004e+13,5.50004e+13,5.50004e+13,5.50004e+13,268.445889,5.50003e+13,4.254119,0,0,0,5.50004e+13,5.50004e+13,6,5.50004e+13,5.50004e+13,0,1,0,48.46352,1.70701e+13,0,0,0,0,0.0403,0.9286,0.9286,-9998,43081,46049,43081,0.105556,0.281178,0,0,0,A,1707,NA,-121.94487845.791277,599,0.158981073,0.165121782,,,
600,-121.944783,45.791061,2055,679,987,Point,0,119,1/4/18,2,NA,NA,0.281178,1.70701e+13,1,NA,460,46003,0,1,0,5.50004e+13,1707,1,53351,5.50004e+13,6,3,3,5.50004e+13,5.50004e+13,5.50004e+13,5.50004e+13,268.445889,5.50003e+13,4.254119,0,0,0,5.50004e+13,5.50004e+13,6,5.50004e+13,5.50004e+13,0,1,0,48.46352,1.70701e+13,0,0,0,0,0.0403,0.9286,0.9286,-9998,43081,46049,43081,0.105556,0.281178,0,0,0,A,1707,0.002847,53351,5.50004e+13,6,3,3,5.50004e+13,5.50004e+13,5.50004e+13,5.50004e+13,268.445889,5.50003e+13,4.254119,0,0,0,5.50004e+13,5.50004e+13,6,5.50004e+13,5.50004e+13,0,1,0,48.46352,1.70701e+13,0,0,0,0,0.0403,0.9286,0.9286,-9998,43081,46049,43081,0.105556,0.281178,0,0,0,A,1707,NA,-121.94478345.791061,600,0.16016337,0.151592524,,,
601,-121.94467,45.790839,2055,680,988,Point,0,119,1/4/18,2,NA,NA,0.281178,1.70701e+13,1,NA,460,46003,0,1,0,5.50004e+13,1707,1,53351,5.50004e+13,6,3,3,5.50004e+13,5.50004e+13,5.50004e+13,5.50004e+13,268.445889,5.50003e+13,4.254119,0,0,0,5.50004e+13,5.50004e+13,6,5.50004e+13,5.50004e+13,0,1,0,48.46352,1.70701e+13,0,0,0,0,0.0403,0.9286,0.9286,-9998,43081,46049,43081,0.105556,0.281178,0,0,0,A,1707,0.002847,53351,5.50004e+13,6,3,3,5.50004e+13,5.50004e+13,5.50004e+13,5.50004e+13,268.445889,5.50003e+13,4.254119,0,0,0,5.50004e+13,5.50004e+13,6,5.50004e+13,5.50004e+13,0,1,0,48.46352,1.70701e+13,0,0,0,0,0.0403,0.9286,0.9286,-9998,43081,46049,43081,0.105556,0.281178,0,0,0,A,1707,NA,-121.9446745.790839,601,0.161396213,0.19380512,,,
602,-121.944562,45.790622,2055,681,989,Point,0,119,1/4/18,2,NA,NA,0.281178,1.70701e+13,1,NA,460,46003,0,1,0,5.50004e+13,1707,1,53351,5.50004e+13,6,3,3,5.50004e+13,5.50004e+13,5.50004e+13,5.50004e+13,268.445889,5.50003e+13,4.254119,0,0,0,5.50004e+13,5.50004e+13,6,5.50004e+13,5.50004e+13,0,1,0,48.46352,1.70701e+13,0,0,0,0,0.0403,0.9286,0.9286,-9998,43081,46049,43081,0.105556,0.281178,0,0,0,A,1707,0.002847,53351,5.50004e+13,6,3,3,5.50004e+13,5.50004e+13,5.50004e+13,5.50004e+13,268.445889,5.50003e+13,4.254119,0,0,0,5.50004e+13,5.50004e+13,6,5.50004e+13,5.50004e+13,0,1,0,48.46352,1.70701e+13,0,0,0,0,0.0403,0.9286,0.9286,-9998,43081,46049,43081,0.105556,0.281178,0,0,0,A,1707,NA,-121.94456245.790622,602,0.162598305,0.207303592,,,
603,-121.94442,45.790452,2055,682,990,Point,0,119,1/4/18,2,NA,NA,0.281178,1.70701e+13,1,NA,460,46003,0,1,0,5.50004e+13,1707,1,53351,5.50004e+13,6,3,3,5.50004e+13,5.50004e+13,5.50004e+13,5.50004e+13,268.445889,5.50003e+13,4.254119,0,0,0,5.50004e+13,5.50004e+13,6,5.50004e+13,5.50004e+13,0,1,0,48.46352,1.70701e+13,0,0,0,0,0.0403,0.9286,0.9286,-9998,43081,46049,43081,0.105556,0.281178,0,0,0,A,1707,0.002847,53351,5.50004e+13,6,3,3,5.50004e+13,5.50004e+13,5.50004e+13,5.50004e+13,268.445889,5.50003e+13,4.254119,0,0,0,5.50004e+13,5.50004e+13,6,5.50004e+13,5.50004e+13,0,1,0,48.46352,1.70701e+13,0,0,0,0,0.0403,0.9286,0.9286,-9998,43081,46049,43081,0.105556,0.281178,0,0,0,A,1707,NA,-121.9444245.790452,603,0.163628382,0.207303592,,,
604,-121.944176,45.790491,2055,683,991,Point,0,119,1/4/18,2,NA,NA,0.281178,1.70701e+13,1,NA,460,46003,0,1,0,5.50004e+13,1707,1,53351,5.50004e+13,6,3,3,5.50004e+13,5.50004e+13,5.50004e+13,5.50004e+13,268.445889,5.50003e+13,4.254119,0,0,0,5.50004e+13,5.50004e+13,6,5.50004e+13,5.50004e+13,0,1,0,48.46352,1.70701e+13,0,0,0,0,0.0403,0.9286,0.9286,-9998,43081,46049,43081,0.105556,0.281178,0,0,0,A,1707,0.002847,53351,5.50004e+13,6,3,3,5.50004e+13,5.50004e+13,5.50004e+13,5.50004e+13,268.445889,5.50003e+13,4.254119,0,0,0,5.50004e+13,5.50004e+13,6,5.50004e+13,5.50004e+13,0,1,0,48.46352,1.70701e+13,0,0,0,0,0.0403,0.9286,0.9286,-9998,43081,46049,43081,0.105556,0.281178,0,0,0,A,1707,NA,-121.94417645.790491,604,0.164544396,0.182919983,,,
605,-121.94397,45.790368,2055,684,992,Point,0,119,1/4/18,2,NA,NA,0.281178,1.70701e+13,1,NA,460,46003,0,1,0,5.50004e+13,1707,1,53351,5.50004e+13,6,3,3,5.50004e+13,5.50004e+13,5.50004e+13,5.50004e+13,268.445889,5.50003e+13,4.254119,0,0,0,5.50004e+13,5.50004e+13,6,5.50004e+13,5.50004e+13,0,1,0,48.46352,1.70701e+13,0,0,0,0,0.0403,0.9286,0.9286,-9998,43081,46049,43081,0.105556,0.281178,0,0,0,A,1707,0.002847,53351,5.50004e+13,6,3,3,5.50004e+13,5.50004e+13,5.50004e+13,5.50004e+13,268.445889,5.50003e+13,4.254119,0,0,0,5.50004e+13,5.50004e+13,6,5.50004e+13,5.50004e+13,0,1,0,48.46352,1.70701e+13,0,0,0,0,0.0403,0.9286,0.9286,-9998,43081,46049,43081,0.105556,0.281178,0,0,0,A,1707,NA,-121.9439745.790368,605,0.165535597,0.176246912,,,
606,-121.943963,45.790363,2055,685,993,Point,0,119,1/4/18,2,NA,NA,0.281178,1.70701e+13,1,NA,460,46003,0,1,0,5.50004e+13,1707,1,53351,5.50004e+13,6,3,3,5.50004e+13,5.50004e+13,5.50004e+13,5.50004e+13,268.445889,5.50003e+13,4.254119,0,0,0,5.50004e+13,5.50004e+13,6,5.50004e+13,5.50004e+13,0,1,0,48.46352,1.70701e+13,0,0,0,0,0.0403,0.9286,0.9286,-9998,43081,46049,43081,0.105556,0.281178,0,0,0,A,1707,0.002847,53351,5.50004e+13,6,3,3,5.50004e+13,5.50004e+13,5.50004e+13,5.50004e+13,268.445889,5.50003e+13,4.254119,0,0,0,5.50004e+13,5.50004e+13,6,5.50004e+13,5.50004e+13,0,1,0,48.46352,1.70701e+13,0,0,0,0,0.0403,0.9286,0.9286,-9998,43081,46049,43081,0.105556,0.281178,0,0,0,A,1707,NA,-121.94396345.790363,606,0.16557221,0.176246912,,,
607,-121.9448,45.779217,2056,907,1003,Point,0,122,1/4/18,2,NA,NA,0.174483,1.70701e+13,1,NA,460,46003,0,1,0,5.50004e+13,1707,1,213351,5.50004e+13,7,2,2,5.50004e+13,5.50004e+13,5.50004e+13,5.50004e+13,269.528954,5.50003e+13,0.744016,0,0,0,5.50004e+13,5.50004e+13,6,5.50004e+13,5.50004e+13,0,1,0,100,1.70701e+13,0,0,0,0,0.0172,0.0919,0.0919,-9998,54040,62801,54040,0.502112,0.174483,1,0,0,A,1707,0.001703,213351,5.50004e+13,7,2,2,5.50004e+13,5.50004e+13,5.50004e+13,5.50004e+13,269.528954,5.50003e+13,0.744016,0,0,0,5.50004e+13,5.50004e+13,6,5.50004e+13,5.50004e+13,0,1,0,100,1.70701e+13,0,0,0,0,0.0172,0.0919,0.0919,-9998,54040,62801,54040,0.502112,0.174483,1,0,0,A,1707,NA,NA,607,0.002643254,0.497210908,,,
608,-121.944711,45.779442,2056,908,1004,Point,0,122,1/4/18,2,NA,NA,0.174483,1.70701e+13,1,NA,460,46003,0,1,0,5.50004e+13,1707,1,213351,5.50004e+13,7,2,2,5.50004e+13,5.50004e+13,5.50004e+13,5.50004e+13,269.528954,5.50003e+13,0.744016,0,0,0,5.50004e+13,5.50004e+13,6,5.50004e+13,5.50004e+13,0,1,0,100,1.70701e+13,0,0,0,0,0.0172,0.0919,0.0919,-9998,54040,62801,54040,0.502112,0.174483,1,0,0,A,1707,0.001703,213351,5.50004e+13,7,2,2,5.50004e+13,5.50004e+13,5.50004e+13,5.50004e+13,269.528954,5.50003e+13,0.744016,0,0,0,5.50004e+13,5.50004e+13,6,5.50004e+13,5.50004e+13,0,1,0,100,1.70701e+13,0,0,0,0,0.0172,0.0919,0.0919,-9998,54040,62801,54040,0.502112,0.174483,1,0,0,A,1707,NA,NA,608,0.003050385,0.47396032,,,
609,-121.944674,45.779687,2056,909,1005,Point,0,122,1/4/18,2,NA,NA,0.174483,1.70701e+13,1,NA,460,46003,0,1,0,5.50004e+13,1707,1,213351,5.50004e+13,7,2,2,5.50004e+13,5.50004e+13,5.50004e+13,5.50004e+13,269.528954,5.50003e+13,0.744016,0,0,0,5.50004e+13,5.50004e+13,6,5.50004e+13,5.50004e+13,0,1,0,100,1.70701e+13,0,0,0,0,0.0172,0.0919,0.0919,-9998,54040,62801,54040,0.502112,0.174483,1,0,0,A,1707,0.001703,213351,5.50004e+13,7,2,2,5.50004e+13,5.50004e+13,5.50004e+13,5.50004e+13,269.528954,5.50003e+13,0.744016,0,0,0,5.50004e+13,5.50004e+13,6,5.50004e+13,5.50004e+13,0,1,0,100,1.70701e+13,0,0,0,0,0.0172,0.0919,0.0919,-9998,54040,62801,54040,0.502112,0.174483,1,0,0,A,1707,NA,NA,609,0.00348002,0.567596999,,,
610,-121.944513,45.779869,2056,910,1006,Point,0,122,1/4/18,2,NA,NA,0.174483,1.70701e+13,1,NA,460,46003,0,1,0,5.50004e+13,1707,1,213351,5.50004e+13,7,2,2,5.50004e+13,5.50004e+13,5.50004e+13,5.50004e+13,269.528954,5.50003e+13,0.744016,0,0,0,5.50004e+13,5.50004e+13,6,5.50004e+13,5.50004e+13,0,1,0,100,1.70701e+13,0,0,0,0,0.0172,0.0919,0.0919,-9998,54040,62801,54040,0.502112,0.174483,1,0,0,A,1707,0.001703,213351,5.50004e+13,7,2,2,5.50004e+13,5.50004e+13,5.50004e+13,5.50004e+13,269.528954,5.50003e+13,0.744016,0,0,0,5.50004e+13,5.50004e+13,6,5.50004e+13,5.50004e+13,0,1,0,100,1.70701e+13,0,0,0,0,0.0172,0.0919,0.0919,-9998,54040,62801,54040,0.502112,0.174483,1,0,0,A,1707,NA,NA,610,0.003853292,0.521365894,,,
611,-121.944355,45.780057,2056,911,1007,Point,0,122,1/4/18,2,NA,NA,0.174483,1.70701e+13,1,NA,460,46003,0,1,0,5.50004e+13,1707,1,213351,5.50004e+13,7,2,2,5.50004e+13,5.50004e+13,5.50004e+13,5.50004e+13,269.528954,5.50003e+13,0.744016,0,0,0,5.50004e+13,5.50004e+13,6,5.50004e+13,5.50004e+13,0,1,0,100,1.70701e+13,0,0,0,0,0.0172,0.0919,0.0919,-9998,54040,62801,54040,0.502112,0.174483,1,0,0,A,1707,0.001703,213351,5.50004e+13,7,2,2,5.50004e+13,5.50004e+13,5.50004e+13,5.50004e+13,269.528954,5.50003e+13,0.744016,0,0,0,5.50004e+13,5.50004e+13,6,5.50004e+13,5.50004e+13,0,1,0,100,1.70701e+13,0,0,0,0,0.0172,0.0919,0.0919,-9998,54040,62801,54040,0.502112,0.174483,1,0,0,A,1707,NA,NA,611,0.004233631,0.604248996,,,
612,-121.944348,45.78031,2056,912,1008,Point,0,122,1/4/18,2,NA,NA,0.174483,1.70701e+13,1,NA,460,46003,0,1,0,5.50004e+13,1707,1,213351,5.50004e+13,7,2,2,5.50004e+13,5.50004e+13,5.50004e+13,5.50004e+13,269.528954,5.50003e+13,0.744016,0,0,0,5.50004e+13,5.50004e+13,6,5.50004e+13,5.50004e+13,0,1,0,100,1.70701e+13,0,0,0,0,0.0172,0.0919,0.0919,-9998,54040,62801,54040,0.502112,0.174483,1,0,0,A,1707,0.001703,213351,5.50004e+13,7,2,2,5.50004e+13,5.50004e+13,5.50004e+13,5.50004e+13,269.528954,5.50003e+13,0.744016,0,0,0,5.50004e+13,5.50004e+13,6,5.50004e+13,5.50004e+13,0,1,0,100,1.70701e+13,0,0,0,0,0.0172,0.0919,0.0919,-9998,54040,62801,54040,0.502112,0.174483,1,0,0,A,1707,NA,NA,612,0.004674922,0.457901635,,,
613,-121.944216,45.780505,2056,913,1009,Point,0,122,1/4/18,2,NA,NA,0.174483,1.70701e+13,1,NA,460,46003,0,1,0,5.50004e+13,1707,1,213351,5.50004e+13,7,2,2,5.50004e+13,5.50004e+13,5.50004e+13,5.50004e+13,269.528954,5.50003e+13,0.744016,0,0,0,5.50004e+13,5.50004e+13,6,5.50004e+13,5.50004e+13,0,1,0,100,1.70701e+13,0,0,0,0,0.0172,0.0919,0.0919,-9998,54040,62801,54040,0.502112,0.174483,1,0,0,A,1707,0.001703,213351,5.50004e+13,7,2,2,5.50004e+13,5.50004e+13,5.50004e+13,5.50004e+13,269.528954,5.50003e+13,0.744016,0,0,0,5.50004e+13,5.50004e+13,6,5.50004e+13,5.50004e+13,0,1,0,100,1.70701e+13,0,0,0,0,0.0172,0.0919,0.0919,-9998,54040,62801,54040,0.502112,0.174483,1,0,0,A,1707,NA,NA,613,0.005051199,0.362066336,,,
614,-121.944147,45.780631,2056,914,1010,Point,0,122,1/4/18,2,NA,NA,0.174483,1.70701e+13,1,NA,460,46003,0,1,0,5.50004e+13,1707,1,213351,5.50004e+13,7,2,2,5.50004e+13,5.50004e+13,5.50004e+13,5.50004e+13,269.528954,5.50003e+13,0.744016,0,0,0,5.50004e+13,5.50004e+13,6,5.50004e+13,5.50004e+13,0,1,0,100,1.70701e+13,0,0,0,0,0.0172,0.0919,0.0919,-9998,54040,62801,54040,0.502112,0.174483,1,0,0,A,1707,0.001703,213351,5.50004e+13,7,2,2,5.50004e+13,5.50004e+13,5.50004e+13,5.50004e+13,269.528954,5.50003e+13,0.744016,0,0,0,5.50004e+13,5.50004e+13,6,5.50004e+13,5.50004e+13,0,1,0,100,1.70701e+13,0,0,0,0,0.0172,0.0919,0.0919,-9998,54040,62801,54040,0.502112,0.174483,1,0,0,A,1707,NA,NA,614,0.005286509,0.362066336,,,
615,-121.955878,45.778513,2057,648,1019,Point,0,128,1/4/18,2,1522756,Martha Creek,0.161942,1.70701e+13,1,NA,460,46003,0,1,0,5.50004e+13,1707,1,58193,5.50004e+13,5,3,3,5.50004e+13,5.50004e+13,5.50004e+13,5.50004e+13,269.884361,5.50003e+13,0.941746,0,0,0,5.50004e+13,5.50004e+13,5,5.50004e+13,5.50004e+13,0,1,68.87944,80.111122,1.70701e+13,0,0,0,0,0.02,0.1823,0.1823,-9998,60933,67940,61619,0.390324,0.161942,0,0,0,A,1707,0.001642,58193,5.50004e+13,5,3,3,5.50004e+13,5.50004e+13,5.50004e+13,5.50004e+13,269.884361,5.50003e+13,0.941746,0,0,0,5.50004e+13,5.50004e+13,5,5.50004e+13,5.50004e+13,0,1,68.87944,80.111122,1.70701e+13,0,0,0,0,0.02,0.1823,0.1823,-9998,60933,67940,61619,0.390324,0.161942,0,0,0,A,1707,NA,NA,615,0.00384194,0.435140229,,,
616,-121.955685,45.778658,2057,649,1020,Point,0,128,1/4/18,2,1522756,Martha Creek,0.161942,1.70701e+13,1,NA,460,46003,0,1,0,5.50004e+13,1707,1,58193,5.50004e+13,5,3,3,5.50004e+13,5.50004e+13,5.50004e+13,5.50004e+13,269.884361,5.50003e+13,0.941746,0,0,0,5.50004e+13,5.50004e+13,5,5.50004e+13,5.50004e+13,0,1,68.87944,80.111122,1.70701e+13,0,0,0,0,0.02,0.1823,0.1823,-9998,60933,67940,61619,0.390324,0.161942,0,0,0,A,1707,0.001642,58193,5.50004e+13,5,3,3,5.50004e+13,5.50004e+13,5.50004e+13,5.50004e+13,269.884361,5.50003e+13,0.941746,0,0,0,5.50004e+13,5.50004e+13,5,5.50004e+13,5.50004e+13,0,1,68.87944,80.111122,1.70701e+13,0,0,0,0,0.02,0.1823,0.1823,-9998,60933,67940,61619,0.390324,0.161942,0,0,0,A,1707,NA,NA,616,0.004707061,0.468036269,,,
617,-121.955479,45.778807,2057,650,1021,Point,0,128,1/4/18,2,1522756,Martha Creek,0.161942,1.70701e+13,1,NA,460,46003,0,1,0,5.50004e+13,1707,1,58193,5.50004e+13,5,3,3,5.50004e+13,5.50004e+13,5.50004e+13,5.50004e+13,269.884361,5.50003e+13,0.941746,0,0,0,5.50004e+13,5.50004e+13,5,5.50004e+13,5.50004e+13,0,1,68.87944,80.111122,1.70701e+13,0,0,0,0,0.02,0.1823,0.1823,-9998,60933,67940,61619,0.390324,0.161942,0,0,0,A,1707,0.001642,58193,5.50004e+13,5,3,3,5.50004e+13,5.50004e+13,5.50004e+13,5.50004e+13,269.884361,5.50003e+13,0.941746,0,0,0,5.50004e+13,5.50004e+13,5,5.50004e+13,5.50004e+13,0,1,68.87944,80.111122,1.70701e+13,0,0,0,0,0.02,0.1823,0.1823,-9998,60933,67940,61619,0.390324,0.161942,0,0,0,A,1707,NA,NA,617,0.00561219,0.556973658,,,
618,-121.955336,45.779008,2057,651,1022,Point,0,128,1/4/18,2,1522756,Martha Creek,0.161942,1.70701e+13,1,NA,460,46003,0,1,0,5.50004e+13,1707,1,58193,5.50004e+13,5,3,3,5.50004e+13,5.50004e+13,5.50004e+13,5.50004e+13,269.884361,5.50003e+13,0.941746,0,0,0,5.50004e+13,5.50004e+13,5,5.50004e+13,5.50004e+13,0,1,68.87944,80.111122,1.70701e+13,0,0,0,0,0.02,0.1823,0.1823,-9998,60933,67940,61619,0.390324,0.161942,0,0,0,A,1707,0.001642,58193,5.50004e+13,5,3,3,5.50004e+13,5.50004e+13,5.50004e+13,5.50004e+13,269.884361,5.50003e+13,0.941746,0,0,0,5.50004e+13,5.50004e+13,5,5.50004e+13,5.50004e+13,0,1,68.87944,80.111122,1.70701e+13,0,0,0,0,0.02,0.1823,0.1823,-9998,60933,67940,61619,0.390324,0.161942,0,0,0,A,1707,NA,NA,618,0.006592491,0.369609541,,,
619,-121.95523,45.779233,2057,652,1023,Point,0,128,1/4/18,2,1522756,Martha Creek,0.161942,1.70701e+13,1,NA,460,46003,0,1,0,5.50004e+13,1707,1,58193,5.50004e+13,5,3,3,5.50004e+13,5.50004e+13,5.50004e+13,5.50004e+13,269.884361,5.50003e+13,0.941746,0,0,0,5.50004e+13,5.50004e+13,5,5.50004e+13,5.50004e+13,0,1,68.87944,80.111122,1.70701e+13,0,0,0,0,0.02,0.1823,0.1823,-9998,60933,67940,61619,0.390324,0.161942,0,0,0,A,1707,0.001642,58193,5.50004e+13,5,3,3,5.50004e+13,5.50004e+13,5.50004e+13,5.50004e+13,269.884361,5.50003e+13,0.941746,0,0,0,5.50004e+13,5.50004e+13,5,5.50004e+13,5.50004e+13,0,1,68.87944,80.111122,1.70701e+13,0,0,0,0,0.02,0.1823,0.1823,-9998,60933,67940,61619,0.390324,0.161942,0,0,0,A,1707,NA,NA,619,0.00762685,0.581085855,,,
620,-121.955148,45.779465,2057,653,1024,Point,0,128,1/4/18,2,1522756,Martha Creek,0.161942,1.70701e+13,1,NA,460,46003,0,1,0,5.50004e+13,1707,1,58193,5.50004e+13,5,3,3,5.50004e+13,5.50004e+13,5.50004e+13,5.50004e+13,269.884361,5.50003e+13,0.941746,0,0,0,5.50004e+13,5.50004e+13,5,5.50004e+13,5.50004e+13,0,1,68.87944,80.111122,1.70701e+13,0,0,0,0,0.02,0.1823,0.1823,-9998,60933,67940,61619,0.390324,0.161942,0,0,0,A,1707,0.001642,58193,5.50004e+13,5,3,3,5.50004e+13,5.50004e+13,5.50004e+13,5.50004e+13,269.884361,5.50003e+13,0.941746,0,0,0,5.50004e+13,5.50004e+13,5,5.50004e+13,5.50004e+13,0,1,68.87944,80.111122,1.70701e+13,0,0,0,0,0.02,0.1823,0.1823,-9998,60933,67940,61619,0.390324,0.161942,0,0,0,A,1707,NA,NA,620,0.00867029,0.369738953,,,
621,-121.955015,45.779681,2057,654,1025,Point,0,128,1/4/18,2,1522756,Martha Creek,0.161942,1.70701e+13,1,NA,460,46003,0,1,0,5.50004e+13,1707,1,58193,5.50004e+13,5,3,3,5.50004e+13,5.50004e+13,5.50004e+13,5.50004e+13,269.884361,5.50003e+13,0.941746,0,0,0,5.50004e+13,5.50004e+13,5,5.50004e+13,5.50004e+13,0,1,68.87944,80.111122,1.70701e+13,0,0,0,0,0.02,0.1823,0.1823,-9998,60933,67940,61619,0.390324,0.161942,0,0,0,A,1707,0.001642,58193,5.50004e+13,5,3,3,5.50004e+13,5.50004e+13,5.50004e+13,5.50004e+13,269.884361,5.50003e+13,0.941746,0,0,0,5.50004e+13,5.50004e+13,5,5.50004e+13,5.50004e+13,0,1,68.87944,80.111122,1.70701e+13,0,0,0,0,0.02,0.1823,0.1823,-9998,60933,67940,61619,0.390324,0.161942,0,0,0,A,1707,NA,NA,621,0.00969716,0.236265455,,,
622,-121.95495,45.77973,2057,655,1026,Point,0,128,1/4/18,2,1522756,Martha Creek,0.161942,1.70701e+13,1,NA,460,46003,0,1,0,5.50004e+13,1707,1,58193,5.50004e+13,5,3,3,5.50004e+13,5.50004e+13,5.50004e+13,5.50004e+13,269.884361,5.50003e+13,0.941746,0,0,0,5.50004e+13,5.50004e+13,5,5.50004e+13,5.50004e+13,0,1,68.87944,80.111122,1.70701e+13,0,0,0,0,0.02,0.1823,0.1823,-9998,60933,67940,61619,0.390324,0.161942,0,0,0,A,1707,0.001642,58193,5.50004e+13,5,3,3,5.50004e+13,5.50004e+13,5.50004e+13,5.50004e+13,269.884361,5.50003e+13,0.941746,0,0,0,5.50004e+13,5.50004e+13,5,5.50004e+13,5.50004e+13,0,1,68.87944,80.111122,1.70701e+13,0,0,0,0,0.02,0.1823,0.1823,-9998,60933,67940,61619,0.390324,0.161942,0,0,0,A,1707,NA,NA,622,0.009989049,0.288941401,,,
623,-121.935078,45.790755,2058,486,1027,Point,0,129,1/4/18,2,1522756,Martha Creek,0.136566,1.70701e+13,1,NA,460,46006,0,1,0,5.50004e+13,1707,1,84576,5.50004e+13,5,5,5,5.50004e+13,5.50004e+13,5.50004e+13,5.50004e+13,267.357314,5.50003e+13,35.445579,0,0,0,5.50004e+13,5.50004e+13,5,5.50004e+13,5.50004e+13,0,1,59.7621,63.344391,1.70701e+13,0,0,0,0,0.0074,5.8249,5.8249,-9998,36329,37751,36329,0.104125,0.136566,0,0,0,A,1707,0.001661,84576,5.50004e+13,5,5,5,5.50004e+13,5.50004e+13,5.50004e+13,5.50004e+13,267.357314,5.50003e+13,35.445579,0,0,0,5.50004e+13,5.50004e+13,5,5.50004e+13,5.50004e+13,0,1,59.7621,63.344391,1.70701e+13,0,0,0,0,0.0074,5.8249,5.8249,-9998,36329,37751,36329,0.104125,0.136566,0,0,0,A,1707,NA,NA,623,0.947237872,0.177620219,,,
624,-121.934841,45.790824,2058,487,1028,Point,0,129,1/4/18,2,1522756,Martha Creek,0.136566,1.70701e+13,1,NA,460,46006,0,1,0,5.50004e+13,1707,1,84576,5.50004e+13,5,5,5,5.50004e+13,5.50004e+13,5.50004e+13,5.50004e+13,267.357314,5.50003e+13,35.445579,0,0,0,5.50004e+13,5.50004e+13,5,5.50004e+13,5.50004e+13,0,1,59.7621,63.344391,1.70701e+13,0,0,0,0,0.0074,5.8249,5.8249,-9998,36329,37751,36329,0.104125,0.136566,0,0,0,A,1707,0.001661,84576,5.50004e+13,5,5,5,5.50004e+13,5.50004e+13,5.50004e+13,5.50004e+13,267.357314,5.50003e+13,35.445579,0,0,0,5.50004e+13,5.50004e+13,5,5.50004e+13,5.50004e+13,0,1,59.7621,63.344391,1.70701e+13,0,0,0,0,0.0074,5.8249,5.8249,-9998,36329,37751,36329,0.104125,0.136566,0,0,0,A,1707,NA,NA,624,0.947601948,0.17421478,,,
625,-121.934599,45.790781,2058,488,1029,Point,0,129,1/4/18,2,1522756,Martha Creek,0.136566,1.70701e+13,1,NA,460,46006,0,1,0,5.50004e+13,1707,1,84576,5.50004e+13,5,5,5,5.50004e+13,5.50004e+13,5.50004e+13,5.50004e+13,267.357314,5.50003e+13,35.445579,0,0,0,5.50004e+13,5.50004e+13,5,5.50004e+13,5.50004e+13,0,1,59.7621,63.344391,1.70701e+13,0,0,0,0,0.0074,5.8249,5.8249,-9998,36329,37751,36329,0.104125,0.136566,0,0,0,A,1707,0.001661,84576,5.50004e+13,5,5,5,5.50004e+13,5.50004e+13,5.50004e+13,5.50004e+13,267.357314,5.50003e+13,35.445579,0,0,0,5.50004e+13,5.50004e+13,5,5.50004e+13,5.50004e+13,0,1,59.7621,63.344391,1.70701e+13,0,0,0,0,0.0074,5.8249,5.8249,-9998,36329,37751,36329,0.104125,0.136566,0,0,0,A,1707,NA,NA,625,0.947956067,0.141109129,,,
626,-121.934364,45.790773,2058,489,1030,Point,0,129,1/4/18,2,1522756,Martha Creek,0.136566,1.70701e+13,1,NA,460,46006,0,1,0,5.50004e+13,1707,1,84576,5.50004e+13,5,5,5,5.50004e+13,5.50004e+13,5.50004e+13,5.50004e+13,267.357314,5.50003e+13,35.445579,0,0,0,5.50004e+13,5.50004e+13,5,5.50004e+13,5.50004e+13,0,1,59.7621,63.344391,1.70701e+13,0,0,0,0,0.0074,5.8249,5.8249,-9998,36329,37751,36329,0.104125,0.136566,0,0,0,A,1707,0.001661,84576,5.50004e+13,5,5,5,5.50004e+13,5.50004e+13,5.50004e+13,5.50004e+13,267.357314,5.50003e+13,35.445579,0,0,0,5.50004e+13,5.50004e+13,5,5.50004e+13,5.50004e+13,0,1,59.7621,63.344391,1.70701e+13,0,0,0,0,0.0074,5.8249,5.8249,-9998,36329,37751,36329,0.104125,0.136566,0,0,0,A,1707,NA,NA,626,0.948289755,0.090775831,,,
627,-121.934112,45.790808,2058,490,1031,Point,0,129,1/4/18,2,1522756,Martha Creek,0.136566,1.70701e+13,1,NA,460,46006,0,1,0,5.50004e+13,1707,1,84576,5.50004e+13,5,5,5,5.50004e+13,5.50004e+13,5.50004e+13,5.50004e+13,267.357314,5.50003e+13,35.445579,0,0,0,5.50004e+13,5.50004e+13,5,5.50004e+13,5.50004e+13,0,1,59.7621,63.344391,1.70701e+13,0,0,0,0,0.0074,5.8249,5.8249,-9998,36329,37751,36329,0.104125,0.136566,0,0,0,A,1707,0.001661,84576,5.50004e+13,5,5,5,5.50004e+13,5.50004e+13,5.50004e+13,5.50004e+13,267.357314,5.50003e+13,35.445579,0,0,0,5.50004e+13,5.50004e+13,5,5.50004e+13,5.50004e+13,0,1,59.7621,63.344391,1.70701e+13,0,0,0,0,0.0074,5.8249,5.8249,-9998,36329,37751,36329,0.104125,0.136566,0,0,0,A,1707,NA,NA,627,0.948654134,0.056338676,,,
628,-121.933869,45.79078,2058,491,1032,Point,0,129,1/4/18,2,1522756,Martha Creek,0.136566,1.70701e+13,1,NA,460,46006,0,1,0,5.50004e+13,1707,1,84576,5.50004e+13,5,5,5,5.50004e+13,5.50004e+13,5.50004e+13,5.50004e+13,267.357314,5.50003e+13,35.445579,0,0,0,5.50004e+13,5.50004e+13,5,5.50004e+13,5.50004e+13,0,1,59.7621,63.344391,1.70701e+13,0,0,0,0,0.0074,5.8249,5.8249,-9998,36329,37751,36329,0.104125,0.136566,0,0,0,A,1707,0.001661,84576,5.50004e+13,5,5,5,5.50004e+13,5.50004e+13,5.50004e+13,5.50004e+13,267.357314,5.50003e+13,35.445579,0,0,0,5.50004e+13,5.50004e+13,5,5.50004e+13,5.50004e+13,0,1,59.7621,63.344391,1.70701e+13,0,0,0,0,0.0074,5.8249,5.8249,-9998,36329,37751,36329,0.104125,0.136566,0,0,0,A,1707,NA,NA,628,0.949003417,0.056338676,,,
629,-121.933631,45.790834,2058,492,1033,Point,0,129,1/4/18,2,1522756,Martha Creek,0.136566,1.70701e+13,1,NA,460,46006,0,1,0,5.50004e+13,1707,1,84576,5.50004e+13,5,5,5,5.50004e+13,5.50004e+13,5.50004e+13,5.50004e+13,267.357314,5.50003e+13,35.445579,0,0,0,5.50004e+13,5.50004e+13,5,5.50004e+13,5.50004e+13,0,1,59.7621,63.344391,1.70701e+13,0,0,0,0,0.0074,5.8249,5.8249,-9998,36329,37751,36329,0.104125,0.136566,0,0,0,A,1707,0.001661,84576,5.50004e+13,5,5,5,5.50004e+13,5.50004e+13,5.50004e+13,5.50004e+13,267.357314,5.50003e+13,35.445579,0,0,0,5.50004e+13,5.50004e+13,5,5.50004e+13,5.50004e+13,0,1,59.7621,63.344391,1.70701e+13,0,0,0,0,0.0074,5.8249,5.8249,-9998,36329,37751,36329,0.104125,0.136566,0,0,0,A,1707,NA,NA,629,0.949358274,0.053886843,,,
630,-121.933523,45.790826,2058,493,1034,Point,0,129,1/4/18,2,1522756,Martha Creek,0.136566,1.70701e+13,1,NA,460,46006,0,1,0,5.50004e+13,1707,1,84576,5.50004e+13,5,5,5,5.50004e+13,5.50004e+13,5.50004e+13,5.50004e+13,267.357314,5.50003e+13,35.445579,0,0,0,5.50004e+13,5.50004e+13,5,5.50004e+13,5.50004e+13,0,1,59.7621,63.344391,1.70701e+13,0,0,0,0,0.0074,5.8249,5.8249,-9998,36329,37751,36329,0.104125,0.136566,0,0,0,A,1707,0.001661,84576,5.50004e+13,5,5,5,5.50004e+13,5.50004e+13,5.50004e+13,5.50004e+13,267.357314,5.50003e+13,35.445579,0,0,0,5.50004e+13,5.50004e+13,5,5.50004e+13,5.50004e+13,0,1,59.7621,63.344391,1.70701e+13,0,0,0,0,0.0074,5.8249,5.8249,-9998,36329,37751,36329,0.104125,0.136566,0,0,0,A,1707,NA,NA,630,0.949512303,0.063672496,,,
631,-121.95495,45.77973,2059,82,1040,Point,0,131,1/4/18,2,1522756,Martha Creek,0.069658,1.70701e+13,1,NA,460,46003,0,1,0,5.50004e+13,1707,1,56823,5.50004e+13,5,3,3,5.50004e+13,5.50004e+13,5.50004e+13,5.50004e+13,269.814704,5.50003e+13,1.353953,0,0,0,5.50004e+13,5.50004e+13,5,5.50004e+13,5.50004e+13,0,1,64.049316,68.87944,1.70701e+13,0,0,0,0,0.0132,0.2681,0.2681,-9998,60250,61619,60250,0.196533,0.069658,0,0,0,A,1707,0.000798,56823,5.50004e+13,5,3,3,5.50004e+13,5.50004e+13,5.50004e+13,5.50004e+13,269.814704,5.50003e+13,1.353953,0,0,0,5.50004e+13,5.50004e+13,5,5.50004e+13,5.50004e+13,0,1,64.049316,68.87944,1.70701e+13,0,0,0,0,0.0132,0.2681,0.2681,-9998,60250,61619,60250,0.196533,0.069658,0,0,0,A,1707,NA,NA,631,0.032303037,0.288941401,,,
632,-121.954758,45.779879,2059,83,1041,Point,0,131,1/4/18,2,1522756,Martha Creek,0.069658,1.70701e+13,1,NA,460,46003,0,1,0,5.50004e+13,1707,1,56823,5.50004e+13,5,3,3,5.50004e+13,5.50004e+13,5.50004e+13,5.50004e+13,269.814704,5.50003e+13,1.353953,0,0,0,5.50004e+13,5.50004e+13,5,5.50004e+13,5.50004e+13,0,1,64.049316,68.87944,1.70701e+13,0,0,0,0,0.0132,0.2681,0.2681,-9998,60250,61619,60250,0.196533,0.069658,0,0,0,A,1707,0.000798,56823,5.50004e+13,5,3,3,5.50004e+13,5.50004e+13,5.50004e+13,5.50004e+13,269.814704,5.50003e+13,1.353953,0,0,0,5.50004e+13,5.50004e+13,5,5.50004e+13,5.50004e+13,0,1,64.049316,68.87944,1.70701e+13,0,0,0,0,0.0132,0.2681,0.2681,-9998,60250,61619,60250,0.196533,0.069658,0,0,0,A,1707,NA,NA,632,0.033668534,0.241765501,,,
633,-121.954541,45.780001,2059,84,1042,Point,0,131,1/4/18,2,1522756,Martha Creek,0.069658,1.70701e+13,1,NA,460,46003,0,1,0,5.50004e+13,1707,1,56823,5.50004e+13,5,3,3,5.50004e+13,5.50004e+13,5.50004e+13,5.50004e+13,269.814704,5.50003e+13,1.353953,0,0,0,5.50004e+13,5.50004e+13,5,5.50004e+13,5.50004e+13,0,1,64.049316,68.87944,1.70701e+13,0,0,0,0,0.0132,0.2681,0.2681,-9998,60250,61619,60250,0.196533,0.069658,0,0,0,A,1707,0.000798,56823,5.50004e+13,5,3,3,5.50004e+13,5.50004e+13,5.50004e+13,5.50004e+13,269.814704,5.50003e+13,1.353953,0,0,0,5.50004e+13,5.50004e+13,5,5.50004e+13,5.50004e+13,0,1,64.049316,68.87944,1.70701e+13,0,0,0,0,0.0132,0.2681,0.2681,-9998,60250,61619,60250,0.196533,0.069658,0,0,0,A,1707,NA,NA,633,0.034994248,0.210688821,,,
634,-121.954301,45.780072,2059,85,1043,Point,0,131,1/4/18,2,1522756,Martha Creek,0.069658,1.70701e+13,1,NA,460,46003,0,1,0,5.50004e+13,1707,1,56823,5.50004e+13,5,3,3,5.50004e+13,5.50004e+13,5.50004e+13,5.50004e+13,269.814704,5.50003e+13,1.353953,0,0,0,5.50004e+13,5.50004e+13,5,5.50004e+13,5.50004e+13,0,1,64.049316,68.87944,1.70701e+13,0,0,0,0,0.0132,0.2681,0.2681,-9998,60250,61619,60250,0.196533,0.069658,0,0,0,A,1707,0.000798,56823,5.50004e+13,5,3,3,5.50004e+13,5.50004e+13,5.50004e+13,5.50004e+13,269.814704,5.50003e+13,1.353953,0,0,0,5.50004e+13,5.50004e+13,5,5.50004e+13,5.50004e+13,0,1,64.049316,68.87944,1.70701e+13,0,0,0,0,0.0132,0.2681,0.2681,-9998,60250,61619,60250,0.196533,0.069658,0,0,0,A,1707,NA,NA,634,0.036235183,0.283585345,,,
635,-121.954279,45.780082,2059,86,1044,Point,0,131,1/4/18,2,1522756,Martha Creek,0.069658,1.70701e+13,1,NA,460,46003,0,1,0,5.50004e+13,1707,1,56823,5.50004e+13,5,3,3,5.50004e+13,5.50004e+13,5.50004e+13,5.50004e+13,269.814704,5.50003e+13,1.353953,0,0,0,5.50004e+13,5.50004e+13,5,5.50004e+13,5.50004e+13,0,1,64.049316,68.87944,1.70701e+13,0,0,0,0,0.0132,0.2681,0.2681,-9998,60250,61619,60250,0.196533,0.069658,0,0,0,A,1707,0.000798,56823,5.50004e+13,5,3,3,5.50004e+13,5.50004e+13,5.50004e+13,5.50004e+13,269.814704,5.50003e+13,1.353953,0,0,0,5.50004e+13,5.50004e+13,5,5.50004e+13,5.50004e+13,0,1,64.049316,68.87944,1.70701e+13,0,0,0,0,0.0132,0.2681,0.2681,-9998,60250,61619,60250,0.196533,0.069658,0,0,0,A,1707,NA,NA,635,0.036360122,0.283585345,,,
636,-121.957279,45.783403,2060,755,1045,Point,0,132,1/4/18,2,NA,NA,0.629247,1.70701e+13,1,NA,460,46003,0,1,0,5.50004e+13,1707,1,263542,5.50004e+13,6,3,3,5.50004e+13,5.50004e+13,5.50004e+13,5.50004e+13,269.321609,5.50003e+13,1.95232,0,0,0,5.50004e+13,5.50004e+13,5,5.50004e+13,5.50004e+13,0,1,0,58.887692,1.70701e+13,0,0,0,0,0.1165,0.3721,0.3721,-9998,46411,59381,47889,0.182631,0.629247,1,0,0,A,1707,0.007581,263542,5.50004e+13,6,3,3,5.50004e+13,5.50004e+13,5.50004e+13,5.50004e+13,269.321609,5.50003e+13,1.95232,0,0,0,5.50004e+13,5.50004e+13,5,5.50004e+13,5.50004e+13,0,1,0,58.887692,1.70701e+13,0,0,0,0,0.1165,0.3721,0.3721,-9998,46411,59381,47889,0.182631,0.629247,1,0,0,A,1707,NA,NA,636,0.040079114,0.353636742,,,
637,-121.957075,45.783541,2060,756,1046,Point,0,132,1/4/18,2,NA,NA,0.629247,1.70701e+13,1,NA,460,46003,0,1,0,5.50004e+13,1707,1,263542,5.50004e+13,6,3,3,5.50004e+13,5.50004e+13,5.50004e+13,5.50004e+13,269.321609,5.50003e+13,1.95232,0,0,0,5.50004e+13,5.50004e+13,5,5.50004e+13,5.50004e+13,0,1,0,58.887692,1.70701e+13,0,0,0,0,0.1165,0.3721,0.3721,-9998,46411,59381,47889,0.182631,0.629247,1,0,0,A,1707,0.007581,263542,5.50004e+13,6,3,3,5.50004e+13,5.50004e+13,5.50004e+13,5.50004e+13,269.321609,5.50003e+13,1.95232,0,0,0,5.50004e+13,5.50004e+13,5,5.50004e+13,5.50004e+13,0,1,0,58.887692,1.70701e+13,0,0,0,0,0.1165,0.3721,0.3721,-9998,46411,59381,47889,0.182631,0.629247,1,0,0,A,1707,NA,NA,637,0.041390182,0.284675969,,,
638,-121.956894,45.78371,2060,757,1047,Point,0,132,1/4/18,2,NA,NA,0.629247,1.70701e+13,1,NA,460,46003,0,1,0,5.50004e+13,1707,1,263542,5.50004e+13,6,3,3,5.50004e+13,5.50004e+13,5.50004e+13,5.50004e+13,269.321609,5.50003e+13,1.95232,0,0,0,5.50004e+13,5.50004e+13,5,5.50004e+13,5.50004e+13,0,1,0,58.887692,1.70701e+13,0,0,0,0,0.1165,0.3721,0.3721,-9998,46411,59381,47889,0.182631,0.629247,1,0,0,A,1707,0.007581,263542,5.50004e+13,6,3,3,5.50004e+13,5.50004e+13,5.50004e+13,5.50004e+13,269.321609,5.50003e+13,1.95232,0,0,0,5.50004e+13,5.50004e+13,5,5.50004e+13,5.50004e+13,0,1,0,58.887692,1.70701e+13,0,0,0,0,0.1165,0.3721,0.3721,-9998,46411,59381,47889,0.182631,0.629247,1,0,0,A,1707,NA,NA,638,0.042784775,0.335265091,,,
639,-121.956654,45.783777,2060,758,1048,Point,0,132,1/4/18,2,NA,NA,0.629247,1.70701e+13,1,NA,460,46003,0,1,0,5.50004e+13,1707,1,263542,5.50004e+13,6,3,3,5.50004e+13,5.50004e+13,5.50004e+13,5.50004e+13,269.321609,5.50003e+13,1.95232,0,0,0,5.50004e+13,5.50004e+13,5,5.50004e+13,5.50004e+13,0,1,0,58.887692,1.70701e+13,0,0,0,0,0.1165,0.3721,0.3721,-9998,46411,59381,47889,0.182631,0.629247,1,0,0,A,1707,0.007581,263542,5.50004e+13,6,3,3,5.50004e+13,5.50004e+13,5.50004e+13,5.50004e+13,269.321609,5.50003e+13,1.95232,0,0,0,5.50004e+13,5.50004e+13,5,5.50004e+13,5.50004e+13,0,1,0,58.887692,1.70701e+13,0,0,0,0,0.1165,0.3721,0.3721,-9998,46411,59381,47889,0.182631,0.629247,1,0,0,A,1707,NA,NA,639,0.043978665,0.221096607,,,
640,-121.9564,45.783813,2060,759,1049,Point,0,132,1/4/18,2,NA,NA,0.629247,1.70701e+13,1,NA,460,46003,0,1,0,5.50004e+13,1707,1,263542,5.50004e+13,6,3,3,5.50004e+13,5.50004e+13,5.50004e+13,5.50004e+13,269.321609,5.50003e+13,1.95232,0,0,0,5.50004e+13,5.50004e+13,5,5.50004e+13,5.50004e+13,0,1,0,58.887692,1.70701e+13,0,0,0,0,0.1165,0.3721,0.3721,-9998,46411,59381,47889,0.182631,0.629247,1,0,0,A,1707,0.007581,263542,5.50004e+13,6,3,3,5.50004e+13,5.50004e+13,5.50004e+13,5.50004e+13,269.321609,5.50003e+13,1.95232,0,0,0,5.50004e+13,5.50004e+13,5,5.50004e+13,5.50004e+13,0,1,0,58.887692,1.70701e+13,0,0,0,0,0.1165,0.3721,0.3721,-9998,46411,59381,47889,0.182631,0.629247,1,0,0,A,1707,NA,NA,640,0.045176065,0.276103405,,,
641,-121.956143,45.783827,2060,760,1050,Point,0,132,1/4/18,2,NA,NA,0.629247,1.70701e+13,1,NA,460,46003,0,1,0,5.50004e+13,1707,1,263542,5.50004e+13,6,3,3,5.50004e+13,5.50004e+13,5.50004e+13,5.50004e+13,269.321609,5.50003e+13,1.95232,0,0,0,5.50004e+13,5.50004e+13,5,5.50004e+13,5.50004e+13,0,1,0,58.887692,1.70701e+13,0,0,0,0,0.1165,0.3721,0.3721,-9998,46411,59381,47889,0.182631,0.629247,1,0,0,A,1707,0.007581,263542,5.50004e+13,6,3,3,5.50004e+13,5.50004e+13,5.50004e+13,5.50004e+13,269.321609,5.50003e+13,1.95232,0,0,0,5.50004e+13,5.50004e+13,5,5.50004e+13,5.50004e+13,0,1,0,58.887692,1.70701e+13,0,0,0,0,0.1165,0.3721,0.3721,-9998,46411,59381,47889,0.182631,0.629247,1,0,0,A,1707,NA,NA,641,0.046367082,0.307543574,,,
642,-121.955891,45.783842,2060,761,1051,Point,0,132,1/4/18,2,NA,NA,0.629247,1.70701e+13,1,NA,460,46003,0,1,0,5.50004e+13,1707,1,263542,5.50004e+13,6,3,3,5.50004e+13,5.50004e+13,5.50004e+13,5.50004e+13,269.321609,5.50003e+13,1.95232,0,0,0,5.50004e+13,5.50004e+13,5,5.50004e+13,5.50004e+13,0,1,0,58.887692,1.70701e+13,0,0,0,0,0.1165,0.3721,0.3721,-9998,46411,59381,47889,0.182631,0.629247,1,0,0,A,1707,0.007581,263542,5.50004e+13,6,3,3,5.50004e+13,5.50004e+13,5.50004e+13,5.50004e+13,269.321609,5.50003e+13,1.95232,0,0,0,5.50004e+13,5.50004e+13,5,5.50004e+13,5.50004e+13,0,1,0,58.887692,1.70701e+13,0,0,0,0,0.1165,0.3721,0.3721,-9998,46411,59381,47889,0.182631,0.629247,1,0,0,A,1707,NA,NA,642,0.047535609,0.331073132,,,
643,-121.955665,45.783747,2060,762,1052,Point,0,132,1/4/18,2,NA,NA,0.629247,1.70701e+13,1,NA,460,46003,0,1,0,5.50004e+13,1707,1,263542,5.50004e+13,6,3,3,5.50004e+13,5.50004e+13,5.50004e+13,5.50004e+13,269.321609,5.50003e+13,1.95232,0,0,0,5.50004e+13,5.50004e+13,5,5.50004e+13,5.50004e+13,0,1,0,58.887692,1.70701e+13,0,0,0,0,0.1165,0.3721,0.3721,-9998,46411,59381,47889,0.182631,0.629247,1,0,0,A,1707,0.007581,263542,5.50004e+13,6,3,3,5.50004e+13,5.50004e+13,5.50004e+13,5.50004e+13,269.321609,5.50003e+13,1.95232,0,0,0,5.50004e+13,5.50004e+13,5,5.50004e+13,5.50004e+13,0,1,0,58.887692,1.70701e+13,0,0,0,0,0.1165,0.3721,0.3721,-9998,46411,59381,47889,0.182631,0.629247,1,0,0,A,1707,NA,NA,643,0.048753769,0.353846531,,,
644,-121.955414,45.783774,2060,763,1053,Point,0,132,1/4/18,2,NA,NA,0.629247,1.70701e+13,1,NA,460,46003,0,1,0,5.50004e+13,1707,1,263542,5.50004e+13,6,3,3,5.50004e+13,5.50004e+13,5.50004e+13,5.50004e+13,269.321609,5.50003e+13,1.95232,0,0,0,5.50004e+13,5.50004e+13,5,5.50004e+13,5.50004e+13,0,1,0,58.887692,1.70701e+13,0,0,0,0,0.1165,0.3721,0.3721,-9998,46411,59381,47889,0.182631,0.629247,1,0,0,A,1707,0.007581,263542,5.50004e+13,6,3,3,5.50004e+13,5.50004e+13,5.50004e+13,5.50004e+13,269.321609,5.50003e+13,1.95232,0,0,0,5.50004e+13,5.50004e+13,5,5.50004e+13,5.50004e+13,0,1,0,58.887692,1.70701e+13,0,0,0,0,0.1165,0.3721,0.3721,-9998,46411,59381,47889,0.182631,0.629247,1,0,0,A,1707,NA,NA,644,0.049927097,0.346916228,,,
645,-121.955158,45.783786,2060,764,1054,Point,0,132,1/4/18,2,NA,NA,0.629247,1.70701e+13,1,NA,460,46003,0,1,0,5.50004e+13,1707,1,263542,5.50004e+13,6,3,3,5.50004e+13,5.50004e+13,5.50004e+13,5.50004e+13,269.321609,5.50003e+13,1.95232,0,0,0,5.50004e+13,5.50004e+13,5,5.50004e+13,5.50004e+13,0,1,0,58.887692,1.70701e+13,0,0,0,0,0.1165,0.3721,0.3721,-9998,46411,59381,47889,0.182631,0.629247,1,0,0,A,1707,0.007581,263542,5.50004e+13,6,3,3,5.50004e+13,5.50004e+13,5.50004e+13,5.50004e+13,269.321609,5.50003e+13,1.95232,0,0,0,5.50004e+13,5.50004e+13,5,5.50004e+13,5.50004e+13,0,1,0,58.887692,1.70701e+13,0,0,0,0,0.1165,0.3721,0.3721,-9998,46411,59381,47889,0.182631,0.629247,1,0,0,A,1707,NA,NA,645,0.051112552,0.309330531,,,
646,-121.954903,45.783787,2060,765,1055,Point,0,132,1/4/18,2,NA,NA,0.629247,1.70701e+13,1,NA,460,46003,0,1,0,5.50004e+13,1707,1,263542,5.50004e+13,6,3,3,5.50004e+13,5.50004e+13,5.50004e+13,5.50004e+13,269.321609,5.50003e+13,1.95232,0,0,0,5.50004e+13,5.50004e+13,5,5.50004e+13,5.50004e+13,0,1,0,58.887692,1.70701e+13,0,0,0,0,0.1165,0.3721,0.3721,-9998,46411,59381,47889,0.182631,0.629247,1,0,0,A,1707,0.007581,263542,5.50004e+13,6,3,3,5.50004e+13,5.50004e+13,5.50004e+13,5.50004e+13,269.321609,5.50003e+13,1.95232,0,0,0,5.50004e+13,5.50004e+13,5,5.50004e+13,5.50004e+13,0,1,0,58.887692,1.70701e+13,0,0,0,0,0.1165,0.3721,0.3721,-9998,46411,59381,47889,0.182631,0.629247,1,0,0,A,1707,NA,NA,646,0.052290754,0.280984657,,,
647,-121.954674,45.783692,2060,766,1056,Point,0,132,1/4/18,2,NA,NA,0.629247,1.70701e+13,1,NA,460,46003,0,1,0,5.50004e+13,1707,1,263542,5.50004e+13,6,3,3,5.50004e+13,5.50004e+13,5.50004e+13,5.50004e+13,269.321609,5.50003e+13,1.95232,0,0,0,5.50004e+13,5.50004e+13,5,5.50004e+13,5.50004e+13,0,1,0,58.887692,1.70701e+13,0,0,0,0,0.1165,0.3721,0.3721,-9998,46411,59381,47889,0.182631,0.629247,1,0,0,A,1707,0.007581,263542,5.50004e+13,6,3,3,5.50004e+13,5.50004e+13,5.50004e+13,5.50004e+13,269.321609,5.50003e+13,1.95232,0,0,0,5.50004e+13,5.50004e+13,5,5.50004e+13,5.50004e+13,0,1,0,58.887692,1.70701e+13,0,0,0,0,0.1165,0.3721,0.3721,-9998,46411,59381,47889,0.182631,0.629247,1,0,0,A,1707,NA,NA,647,0.053520817,0.351849622,,,
648,-121.954421,45.783712,2060,767,1057,Point,0,132,1/4/18,2,NA,NA,0.629247,1.70701e+13,1,NA,460,46003,0,1,0,5.50004e+13,1707,1,263542,5.50004e+13,6,3,3,5.50004e+13,5.50004e+13,5.50004e+13,5.50004e+13,269.321609,5.50003e+13,1.95232,0,0,0,5.50004e+13,5.50004e+13,5,5.50004e+13,5.50004e+13,0,1,0,58.887692,1.70701e+13,0,0,0,0,0.1165,0.3721,0.3721,-9998,46411,59381,47889,0.182631,0.629247,1,0,0,A,1707,0.007581,263542,5.50004e+13,6,3,3,5.50004e+13,5.50004e+13,5.50004e+13,5.50004e+13,269.321609,5.50003e+13,1.95232,0,0,0,5.50004e+13,5.50004e+13,5,5.50004e+13,5.50004e+13,0,1,0,58.887692,1.70701e+13,0,0,0,0,0.1165,0.3721,0.3721,-9998,46411,59381,47889,0.182631,0.629247,1,0,0,A,1707,NA,NA,648,0.054697198,0.351849622,,,
649,-121.954193,45.783757,2060,768,1058,Point,0,132,1/4/18,2,NA,NA,0.629247,1.70701e+13,1,NA,460,46003,0,1,0,5.50004e+13,1707,1,263542,5.50004e+13,6,3,3,5.50004e+13,5.50004e+13,5.50004e+13,5.50004e+13,269.321609,5.50003e+13,1.95232,0,0,0,5.50004e+13,5.50004e+13,5,5.50004e+13,5.50004e+13,0,1,0,58.887692,1.70701e+13,0,0,0,0,0.1165,0.3721,0.3721,-9998,46411,59381,47889,0.182631,0.629247,1,0,0,A,1707,0.007581,263542,5.50004e+13,6,3,3,5.50004e+13,5.50004e+13,5.50004e+13,5.50004e+13,269.321609,5.50003e+13,1.95232,0,0,0,5.50004e+13,5.50004e+13,5,5.50004e+13,5.50004e+13,0,1,0,58.887692,1.70701e+13,0,0,0,0,0.1165,0.3721,0.3721,-9998,46411,59381,47889,0.182631,0.629247,1,0,0,A,1707,NA,NA,649,0.055791746,0.24198759,,,
650,-121.953946,45.78369,2060,769,1059,Point,0,132,1/4/18,2,NA,NA,0.629247,1.70701e+13,1,NA,460,46003,0,1,0,5.50004e+13,1707,1,263542,5.50004e+13,6,3,3,5.50004e+13,5.50004e+13,5.50004e+13,5.50004e+13,269.321609,5.50003e+13,1.95232,0,0,0,5.50004e+13,5.50004e+13,5,5.50004e+13,5.50004e+13,0,1,0,58.887692,1.70701e+13,0,0,0,0,0.1165,0.3721,0.3721,-9998,46411,59381,47889,0.182631,0.629247,1,0,0,A,1707,0.007581,263542,5.50004e+13,6,3,3,5.50004e+13,5.50004e+13,5.50004e+13,5.50004e+13,269.321609,5.50003e+13,1.95232,0,0,0,5.50004e+13,5.50004e+13,5,5.50004e+13,5.50004e+13,0,1,0,58.887692,1.70701e+13,0,0,0,0,0.1165,0.3721,0.3721,-9998,46411,59381,47889,0.182631,0.629247,1,0,0,A,1707,NA,NA,650,0.057015735,0.276914019,,,
651,-121.953703,45.783622,2060,770,1060,Point,0,132,1/4/18,2,NA,NA,0.629247,1.70701e+13,1,NA,460,46003,0,1,0,5.50004e+13,1707,1,263542,5.50004e+13,6,3,3,5.50004e+13,5.50004e+13,5.50004e+13,5.50004e+13,269.321609,5.50003e+13,1.95232,0,0,0,5.50004e+13,5.50004e+13,5,5.50004e+13,5.50004e+13,0,1,0,58.887692,1.70701e+13,0,0,0,0,0.1165,0.3721,0.3721,-9998,46411,59381,47889,0.182631,0.629247,1,0,0,A,1707,0.007581,263542,5.50004e+13,6,3,3,5.50004e+13,5.50004e+13,5.50004e+13,5.50004e+13,269.321609,5.50003e+13,1.95232,0,0,0,5.50004e+13,5.50004e+13,5,5.50004e+13,5.50004e+13,0,1,0,58.887692,1.70701e+13,0,0,0,0,0.1165,0.3721,0.3721,-9998,46411,59381,47889,0.182631,0.629247,1,0,0,A,1707,NA,NA,651,0.058224948,0.244592774,,,
652,-121.953504,45.783475,2060,771,1061,Point,0,132,1/4/18,2,NA,NA,0.629247,1.70701e+13,1,NA,460,46003,0,1,0,5.50004e+13,1707,1,263542,5.50004e+13,6,3,3,5.50004e+13,5.50004e+13,5.50004e+13,5.50004e+13,269.321609,5.50003e+13,1.95232,0,0,0,5.50004e+13,5.50004e+13,5,5.50004e+13,5.50004e+13,0,1,0,58.887692,1.70701e+13,0,0,0,0,0.1165,0.3721,0.3721,-9998,46411,59381,47889,0.182631,0.629247,1,0,0,A,1707,0.007581,263542,5.50004e+13,6,3,3,5.50004e+13,5.50004e+13,5.50004e+13,5.50004e+13,269.321609,5.50003e+13,1.95232,0,0,0,5.50004e+13,5.50004e+13,5,5.50004e+13,5.50004e+13,0,1,0,58.887692,1.70701e+13,0,0,0,0,0.1165,0.3721,0.3721,-9998,46411,59381,47889,0.182631,0.629247,1,0,0,A,1707,NA,NA,652,0.059562012,0.243157306,,,
653,-121.953264,45.783396,2060,772,1062,Point,0,132,1/4/18,2,NA,NA,0.629247,1.70701e+13,1,NA,460,46003,0,1,0,5.50004e+13,1707,1,263542,5.50004e+13,6,3,3,5.50004e+13,5.50004e+13,5.50004e+13,5.50004e+13,269.321609,5.50003e+13,1.95232,0,0,0,5.50004e+13,5.50004e+13,5,5.50004e+13,5.50004e+13,0,1,0,58.887692,1.70701e+13,0,0,0,0,0.1165,0.3721,0.3721,-9998,46411,59381,47889,0.182631,0.629247,1,0,0,A,1707,0.007581,263542,5.50004e+13,6,3,3,5.50004e+13,5.50004e+13,5.50004e+13,5.50004e+13,269.321609,5.50003e+13,1.95232,0,0,0,5.50004e+13,5.50004e+13,5,5.50004e+13,5.50004e+13,0,1,0,58.887692,1.70701e+13,0,0,0,0,0.1165,0.3721,0.3721,-9998,46411,59381,47889,0.182631,0.629247,1,0,0,A,1707,NA,NA,653,0.060787488,0.296549878,,,
654,-121.953033,45.783299,2060,773,1063,Point,0,132,1/4/18,2,NA,NA,0.629247,1.70701e+13,1,NA,460,46003,0,1,0,5.50004e+13,1707,1,263542,5.50004e+13,6,3,3,5.50004e+13,5.50004e+13,5.50004e+13,5.50004e+13,269.321609,5.50003e+13,1.95232,0,0,0,5.50004e+13,5.50004e+13,5,5.50004e+13,5.50004e+13,0,1,0,58.887692,1.70701e+13,0,0,0,0,0.1165,0.3721,0.3721,-9998,46411,59381,47889,0.182631,0.629247,1,0,0,A,1707,0.007581,263542,5.50004e+13,6,3,3,5.50004e+13,5.50004e+13,5.50004e+13,5.50004e+13,269.321609,5.50003e+13,1.95232,0,0,0,5.50004e+13,5.50004e+13,5,5.50004e+13,5.50004e+13,0,1,0,58.887692,1.70701e+13,0,0,0,0,0.1165,0.3721,0.3721,-9998,46411,59381,47889,0.182631,0.629247,1,0,0,A,1707,NA,NA,654,0.062032259,0.296549878,,,
655,-121.952788,45.78325,2060,774,1064,Point,0,132,1/4/18,2,NA,NA,0.629247,1.70701e+13,1,NA,460,46003,0,1,0,5.50004e+13,1707,1,263542,5.50004e+13,6,3,3,5.50004e+13,5.50004e+13,5.50004e+13,5.50004e+13,269.321609,5.50003e+13,1.95232,0,0,0,5.50004e+13,5.50004e+13,5,5.50004e+13,5.50004e+13,0,1,0,58.887692,1.70701e+13,0,0,0,0,0.1165,0.3721,0.3721,-9998,46411,59381,47889,0.182631,0.629247,1,0,0,A,1707,0.007581,263542,5.50004e+13,6,3,3,5.50004e+13,5.50004e+13,5.50004e+13,5.50004e+13,269.321609,5.50003e+13,1.95232,0,0,0,5.50004e+13,5.50004e+13,5,5.50004e+13,5.50004e+13,0,1,0,58.887692,1.70701e+13,0,0,0,0,0.1165,0.3721,0.3721,-9998,46411,59381,47889,0.182631,0.629247,1,0,0,A,1707,NA,NA,655,0.06320959,0.345844724,,,
656,-121.952536,45.783264,2060,775,1065,Point,0,132,1/4/18,2,NA,NA,0.629247,1.70701e+13,1,NA,460,46003,0,1,0,5.50004e+13,1707,1,263542,5.50004e+13,6,3,3,5.50004e+13,5.50004e+13,5.50004e+13,5.50004e+13,269.321609,5.50003e+13,1.95232,0,0,0,5.50004e+13,5.50004e+13,5,5.50004e+13,5.50004e+13,0,1,0,58.887692,1.70701e+13,0,0,0,0,0.1165,0.3721,0.3721,-9998,46411,59381,47889,0.182631,0.629247,1,0,0,A,1707,0.007581,263542,5.50004e+13,6,3,3,5.50004e+13,5.50004e+13,5.50004e+13,5.50004e+13,269.321609,5.50003e+13,1.95232,0,0,0,5.50004e+13,5.50004e+13,5,5.50004e+13,5.50004e+13,0,1,0,58.887692,1.70701e+13,0,0,0,0,0.1165,0.3721,0.3721,-9998,46411,59381,47889,0.182631,0.629247,1,0,0,A,1707,NA,NA,656,0.064377588,0.323926327,,,
657,-121.952281,45.783244,2060,776,1066,Point,0,132,1/4/18,2,NA,NA,0.629247,1.70701e+13,1,NA,460,46003,0,1,0,5.50004e+13,1707,1,263542,5.50004e+13,6,3,3,5.50004e+13,5.50004e+13,5.50004e+13,5.50004e+13,269.321609,5.50003e+13,1.95232,0,0,0,5.50004e+13,5.50004e+13,5,5.50004e+13,5.50004e+13,0,1,0,58.887692,1.70701e+13,0,0,0,0,0.1165,0.3721,0.3721,-9998,46411,59381,47889,0.182631,0.629247,1,0,0,A,1707,0.007581,263542,5.50004e+13,6,3,3,5.50004e+13,5.50004e+13,5.50004e+13,5.50004e+13,269.321609,5.50003e+13,1.95232,0,0,0,5.50004e+13,5.50004e+13,5,5.50004e+13,5.50004e+13,0,1,0,58.887692,1.70701e+13,0,0,0,0,0.1165,0.3721,0.3721,-9998,46411,59381,47889,0.182631,0.629247,1,0,0,A,1707,NA,NA,657,0.065563161,0.250197576,,,
658,-121.952063,45.783127,2060,777,1067,Point,0,132,1/4/18,2,NA,NA,0.629247,1.70701e+13,1,NA,460,46003,0,1,0,5.50004e+13,1707,1,263542,5.50004e+13,6,3,3,5.50004e+13,5.50004e+13,5.50004e+13,5.50004e+13,269.321609,5.50003e+13,1.95232,0,0,0,5.50004e+13,5.50004e+13,5,5.50004e+13,5.50004e+13,0,1,0,58.887692,1.70701e+13,0,0,0,0,0.1165,0.3721,0.3721,-9998,46411,59381,47889,0.182631,0.629247,1,0,0,A,1707,0.007581,263542,5.50004e+13,6,3,3,5.50004e+13,5.50004e+13,5.50004e+13,5.50004e+13,269.321609,5.50003e+13,1.95232,0,0,0,5.50004e+13,5.50004e+13,5,5.50004e+13,5.50004e+13,0,1,0,58.887692,1.70701e+13,0,0,0,0,0.1165,0.3721,0.3721,-9998,46411,59381,47889,0.182631,0.629247,1,0,0,A,1707,NA,NA,658,0.066832611,0.337232512,,,
659,-121.951902,45.78295,2060,778,1068,Point,0,132,1/4/18,2,NA,NA,0.629247,1.70701e+13,1,NA,460,46003,0,1,0,5.50004e+13,1707,1,263542,5.50004e+13,6,3,3,5.50004e+13,5.50004e+13,5.50004e+13,5.50004e+13,269.321609,5.50003e+13,1.95232,0,0,0,5.50004e+13,5.50004e+13,5,5.50004e+13,5.50004e+13,0,1,0,58.887692,1.70701e+13,0,0,0,0,0.1165,0.3721,0.3721,-9998,46411,59381,47889,0.182631,0.629247,1,0,0,A,1707,0.007581,263542,5.50004e+13,6,3,3,5.50004e+13,5.50004e+13,5.50004e+13,5.50004e+13,269.321609,5.50003e+13,1.95232,0,0,0,5.50004e+13,5.50004e+13,5,5.50004e+13,5.50004e+13,0,1,0,58.887692,1.70701e+13,0,0,0,0,0.1165,0.3721,0.3721,-9998,46411,59381,47889,0.182631,0.629247,1,0,0,A,1707,NA,NA,659,0.068218106,0.305256985,,,
660,-121.95167,45.782845,2060,779,1069,Point,0,132,1/4/18,2,NA,NA,0.629247,1.70701e+13,1,NA,460,46003,0,1,0,5.50004e+13,1707,1,263542,5.50004e+13,6,3,3,5.50004e+13,5.50004e+13,5.50004e+13,5.50004e+13,269.321609,5.50003e+13,1.95232,0,0,0,5.50004e+13,5.50004e+13,5,5.50004e+13,5.50004e+13,0,1,0,58.887692,1.70701e+13,0,0,0,0,0.1165,0.3721,0.3721,-9998,46411,59381,47889,0.182631,0.629247,1,0,0,A,1707,0.007581,263542,5.50004e+13,6,3,3,5.50004e+13,5.50004e+13,5.50004e+13,5.50004e+13,269.321609,5.50003e+13,1.95232,0,0,0,5.50004e+13,5.50004e+13,5,5.50004e+13,5.50004e+13,0,1,0,58.887692,1.70701e+13,0,0,0,0,0.1165,0.3721,0.3721,-9998,46411,59381,47889,0.182631,0.629247,1,0,0,A,1707,NA,NA,660,0.069494754,0.338408081,,,
661,-121.95142,45.782886,2060,780,1070,Point,0,132,1/4/18,2,NA,NA,0.629247,1.70701e+13,1,NA,460,46003,0,1,0,5.50004e+13,1707,1,263542,5.50004e+13,6,3,3,5.50004e+13,5.50004e+13,5.50004e+13,5.50004e+13,269.321609,5.50003e+13,1.95232,0,0,0,5.50004e+13,5.50004e+13,5,5.50004e+13,5.50004e+13,0,1,0,58.887692,1.70701e+13,0,0,0,0,0.1165,0.3721,0.3721,-9998,46411,59381,47889,0.182631,0.629247,1,0,0,A,1707,0.007581,263542,5.50004e+13,6,3,3,5.50004e+13,5.50004e+13,5.50004e+13,5.50004e+13,269.321609,5.50003e+13,1.95232,0,0,0,5.50004e+13,5.50004e+13,5,5.50004e+13,5.50004e+13,0,1,0,58.887692,1.70701e+13,0,0,0,0,0.1165,0.3721,0.3721,-9998,46411,59381,47889,0.182631,0.629247,1,0,0,A,1707,NA,NA,661,0.070681162,0.256230495,,,
662,-121.951164,45.782889,2060,781,1071,Point,0,132,1/4/18,2,NA,NA,0.629247,1.70701e+13,1,NA,460,46003,0,1,0,5.50004e+13,1707,1,263542,5.50004e+13,6,3,3,5.50004e+13,5.50004e+13,5.50004e+13,5.50004e+13,269.321609,5.50003e+13,1.95232,0,0,0,5.50004e+13,5.50004e+13,5,5.50004e+13,5.50004e+13,0,1,0,58.887692,1.70701e+13,0,0,0,0,0.1165,0.3721,0.3721,-9998,46411,59381,47889,0.182631,0.629247,1,0,0,A,1707,0.007581,263542,5.50004e+13,6,3,3,5.50004e+13,5.50004e+13,5.50004e+13,5.50004e+13,269.321609,5.50003e+13,1.95232,0,0,0,5.50004e+13,5.50004e+13,5,5.50004e+13,5.50004e+13,0,1,0,58.887692,1.70701e+13,0,0,0,0,0.1165,0.3721,0.3721,-9998,46411,59381,47889,0.182631,0.629247,1,0,0,A,1707,NA,NA,662,0.071864151,0.166714217,,,
663,-121.950919,45.782861,2060,782,1072,Point,0,132,1/4/18,2,NA,NA,0.629247,1.70701e+13,1,NA,460,46003,0,1,0,5.50004e+13,1707,1,263542,5.50004e+13,6,3,3,5.50004e+13,5.50004e+13,5.50004e+13,5.50004e+13,269.321609,5.50003e+13,1.95232,0,0,0,5.50004e+13,5.50004e+13,5,5.50004e+13,5.50004e+13,0,1,0,58.887692,1.70701e+13,0,0,0,0,0.1165,0.3721,0.3721,-9998,46411,59381,47889,0.182631,0.629247,1,0,0,A,1707,0.007581,263542,5.50004e+13,6,3,3,5.50004e+13,5.50004e+13,5.50004e+13,5.50004e+13,269.321609,5.50003e+13,1.95232,0,0,0,5.50004e+13,5.50004e+13,5,5.50004e+13,5.50004e+13,0,1,0,58.887692,1.70701e+13,0,0,0,0,0.1165,0.3721,0.3721,-9998,46411,59381,47889,0.182631,0.629247,1,0,0,A,1707,NA,NA,663,0.073011151,0.168145832,,,
664,-121.950668,45.782852,2060,783,1073,Point,0,132,1/4/18,2,NA,NA,0.629247,1.70701e+13,1,NA,460,46003,0,1,0,5.50004e+13,1707,1,263542,5.50004e+13,6,3,3,5.50004e+13,5.50004e+13,5.50004e+13,5.50004e+13,269.321609,5.50003e+13,1.95232,0,0,0,5.50004e+13,5.50004e+13,5,5.50004e+13,5.50004e+13,0,1,0,58.887692,1.70701e+13,0,0,0,0,0.1165,0.3721,0.3721,-9998,46411,59381,47889,0.182631,0.629247,1,0,0,A,1707,0.007581,263542,5.50004e+13,6,3,3,5.50004e+13,5.50004e+13,5.50004e+13,5.50004e+13,269.321609,5.50003e+13,1.95232,0,0,0,5.50004e+13,5.50004e+13,5,5.50004e+13,5.50004e+13,0,1,0,58.887692,1.70701e+13,0,0,0,0,0.1165,0.3721,0.3721,-9998,46411,59381,47889,0.182631,0.629247,1,0,0,A,1707,NA,NA,664,0.074172393,0.212612664,,,
665,-121.950424,45.78278,2060,784,1074,Point,0,132,1/4/18,2,NA,NA,0.629247,1.70701e+13,1,NA,460,46003,0,1,0,5.50004e+13,1707,1,263542,5.50004e+13,6,3,3,5.50004e+13,5.50004e+13,5.50004e+13,5.50004e+13,269.321609,5.50003e+13,1.95232,0,0,0,5.50004e+13,5.50004e+13,5,5.50004e+13,5.50004e+13,0,1,0,58.887692,1.70701e+13,0,0,0,0,0.1165,0.3721,0.3721,-9998,46411,59381,47889,0.182631,0.629247,1,0,0,A,1707,0.007581,263542,5.50004e+13,6,3,3,5.50004e+13,5.50004e+13,5.50004e+13,5.50004e+13,269.321609,5.50003e+13,1.95232,0,0,0,5.50004e+13,5.50004e+13,5,5.50004e+13,5.50004e+13,0,1,0,58.887692,1.70701e+13,0,0,0,0,0.1165,0.3721,0.3721,-9998,46411,59381,47889,0.182631,0.629247,1,0,0,A,1707,NA,NA,665,0.075395935,0.252992327,,,
666,-121.950329,45.782747,2060,785,1075,Point,0,132,1/4/18,2,NA,NA,0.629247,1.70701e+13,1,NA,460,46003,0,1,0,5.50004e+13,1707,1,263542,5.50004e+13,6,3,3,5.50004e+13,5.50004e+13,5.50004e+13,5.50004e+13,269.321609,5.50003e+13,1.95232,0,0,0,5.50004e+13,5.50004e+13,5,5.50004e+13,5.50004e+13,0,1,0,58.887692,1.70701e+13,0,0,0,0,0.1165,0.3721,0.3721,-9998,46411,59381,47889,0.182631,0.629247,1,0,0,A,1707,0.007581,263542,5.50004e+13,6,3,3,5.50004e+13,5.50004e+13,5.50004e+13,5.50004e+13,269.321609,5.50003e+13,1.95232,0,0,0,5.50004e+13,5.50004e+13,5,5.50004e+13,5.50004e+13,0,1,0,58.887692,1.70701e+13,0,0,0,0,0.1165,0.3721,0.3721,-9998,46411,59381,47889,0.182631,0.629247,1,0,0,A,1707,NA,NA,666,0.075885994,0.252992327,,,
667,-121.945124,45.79621,2061,202,1076,Point,0,133,1/4/18,2,NA,NA,0.197042,1.70701e+13,1,NA,460,46003,0,1,0,5.50004e+13,1707,1,231988,5.50004e+13,8,1,1,5.50004e+13,5.50004e+13,5.50004e+13,5.50004e+13,269.078332,5.50003e+13,0.197042,0,1,0,0,0,7,5.50004e+13,5.50004e+13,0,1,0,100,1.70701e+13,0,0,0,0,0.0079,0.0079,0.0079,51530,49477,51530,49659,0.192803,0.097042,1,0,0.0046,A,1707,0.002036,231988,5.50004e+13,8,1,1,5.50004e+13,5.50004e+13,5.50004e+13,5.50004e+13,269.078332,5.50003e+13,0.197042,0,1,0,0,0,7,5.50004e+13,5.50004e+13,0,1,0,100,1.70701e+13,0,0,0,0,0.0079,0.0079,0.0079,51530,49477,51530,49659,0.192803,0.097042,1,0,0.0046,A,1707,NA,NA,667,0.001214053,0.325567752,,,
668,-121.945309,45.796038,2061,203,1077,Point,0,133,1/4/18,2,NA,NA,0.197042,1.70701e+13,1,NA,460,46003,0,1,0,5.50004e+13,1707,1,231988,5.50004e+13,8,1,1,5.50004e+13,5.50004e+13,5.50004e+13,5.50004e+13,269.078332,5.50003e+13,0.197042,0,1,0,0,0,7,5.50004e+13,5.50004e+13,0,1,0,100,1.70701e+13,0,0,0,0,0.0079,0.0079,0.0079,51530,49477,51530,49659,0.192803,0.097042,1,0,0.0046,A,1707,0.002036,231988,5.50004e+13,8,1,1,5.50004e+13,5.50004e+13,5.50004e+13,5.50004e+13,269.078332,5.50003e+13,0.197042,0,1,0,0,0,7,5.50004e+13,5.50004e+13,0,1,0,100,1.70701e+13,0,0,0,0,0.0079,0.0079,0.0079,51530,49477,51530,49659,0.192803,0.097042,1,0,0.0046,A,1707,NA,NA,668,0.001364639,0.363789247,,,
669,-121.945517,45.795892,2061,204,1078,Point,0,133,1/4/18,2,NA,NA,0.197042,1.70701e+13,1,NA,460,46003,0,1,0,5.50004e+13,1707,1,231988,5.50004e+13,8,1,1,5.50004e+13,5.50004e+13,5.50004e+13,5.50004e+13,269.078332,5.50003e+13,0.197042,0,1,0,0,0,7,5.50004e+13,5.50004e+13,0,1,0,100,1.70701e+13,0,0,0,0,0.0079,0.0079,0.0079,51530,49477,51530,49659,0.192803,0.097042,1,0,0.0046,A,1707,0.002036,231988,5.50004e+13,8,1,1,5.50004e+13,5.50004e+13,5.50004e+13,5.50004e+13,269.078332,5.50003e+13,0.197042,0,1,0,0,0,7,5.50004e+13,5.50004e+13,0,1,0,100,1.70701e+13,0,0,0,0,0.0079,0.0079,0.0079,51530,49477,51530,49659,0.192803,0.097042,1,0,0.0046,A,1707,NA,NA,669,0.001508841,0.421910546,,,
670,-121.945735,45.795757,2061,205,1079,Point,0,133,1/4/18,2,NA,NA,0.197042,1.70701e+13,1,NA,460,46003,0,1,0,5.50004e+13,1707,1,231988,5.50004e+13,8,1,1,5.50004e+13,5.50004e+13,5.50004e+13,5.50004e+13,269.078332,5.50003e+13,0.197042,0,1,0,0,0,7,5.50004e+13,5.50004e+13,0,1,0,100,1.70701e+13,0,0,0,0,0.0079,0.0079,0.0079,51530,49477,51530,49659,0.192803,0.097042,1,0,0.0046,A,1707,0.002036,231988,5.50004e+13,8,1,1,5.50004e+13,5.50004e+13,5.50004e+13,5.50004e+13,269.078332,5.50003e+13,0.197042,0,1,0,0,0,7,5.50004e+13,5.50004e+13,0,1,0,100,1.70701e+13,0,0,0,0,0.0079,0.0079,0.0079,51530,49477,51530,49659,0.192803,0.097042,1,0,0.0046,A,1707,NA,NA,670,0.001651324,0.421910546,,,
671,-121.945959,45.795637,2061,206,1080,Point,0,133,1/4/18,2,NA,NA,0.197042,1.70701e+13,1,NA,460,46003,0,1,0,5.50004e+13,1707,1,231988,5.50004e+13,8,1,1,5.50004e+13,5.50004e+13,5.50004e+13,5.50004e+13,269.078332,5.50003e+13,0.197042,0,1,0,0,0,7,5.50004e+13,5.50004e+13,0,1,0,100,1.70701e+13,0,0,0,0,0.0079,0.0079,0.0079,51530,49477,51530,49659,0.192803,0.097042,1,0,0.0046,A,1707,0.002036,231988,5.50004e+13,8,1,1,5.50004e+13,5.50004e+13,5.50004e+13,5.50004e+13,269.078332,5.50003e+13,0.197042,0,1,0,0,0,7,5.50004e+13,5.50004e+13,0,1,0,100,1.70701e+13,0,0,0,0,0.0079,0.0079,0.0079,51530,49477,51530,49659,0.192803,0.097042,1,0,0.0046,A,1707,NA,NA,671,0.001789399,0.365688946,,,
672,-121.946123,45.795454,2061,207,1081,Point,0,133,1/4/18,2,NA,NA,0.197042,1.70701e+13,1,NA,460,46003,0,1,0,5.50004e+13,1707,1,231988,5.50004e+13,8,1,1,5.50004e+13,5.50004e+13,5.50004e+13,5.50004e+13,269.078332,5.50003e+13,0.197042,0,1,0,0,0,7,5.50004e+13,5.50004e+13,0,1,0,100,1.70701e+13,0,0,0,0,0.0079,0.0079,0.0079,51530,49477,51530,49659,0.192803,0.097042,1,0,0.0046,A,1707,0.002036,231988,5.50004e+13,8,1,1,5.50004e+13,5.50004e+13,5.50004e+13,5.50004e+13,269.078332,5.50003e+13,0.197042,0,1,0,0,0,7,5.50004e+13,5.50004e+13,0,1,0,100,1.70701e+13,0,0,0,0,0.0079,0.0079,0.0079,51530,49477,51530,49659,0.192803,0.097042,1,0,0.0046,A,1707,NA,NA,672,0.001940503,0.347097427,,,
673,-121.94617,45.795213,2061,208,1082,Point,0,133,1/4/18,2,NA,NA,0.197042,1.70701e+13,1,NA,460,46003,0,1,0,5.50004e+13,1707,1,231988,5.50004e+13,8,1,1,5.50004e+13,5.50004e+13,5.50004e+13,5.50004e+13,269.078332,5.50003e+13,0.197042,0,1,0,0,0,7,5.50004e+13,5.50004e+13,0,1,0,100,1.70701e+13,0,0,0,0,0.0079,0.0079,0.0079,51530,49477,51530,49659,0.192803,0.097042,1,0,0.0046,A,1707,0.002036,231988,5.50004e+13,8,1,1,5.50004e+13,5.50004e+13,5.50004e+13,5.50004e+13,269.078332,5.50003e+13,0.197042,0,1,0,0,0,7,5.50004e+13,5.50004e+13,0,1,0,100,1.70701e+13,0,0,0,0,0.0079,0.0079,0.0079,51530,49477,51530,49659,0.192803,0.097042,1,0,0.0046,A,1707,NA,NA,673,0.002110669,0.264177241,,,
674,-121.946253,45.794973,2061,209,1083,Point,0,133,1/4/18,2,NA,NA,0.197042,1.70701e+13,1,NA,460,46003,0,1,0,5.50004e+13,1707,1,231988,5.50004e+13,8,1,1,5.50004e+13,5.50004e+13,5.50004e+13,5.50004e+13,269.078332,5.50003e+13,0.197042,0,1,0,0,0,7,5.50004e+13,5.50004e+13,0,1,0,100,1.70701e+13,0,0,0,0,0.0079,0.0079,0.0079,51530,49477,51530,49659,0.192803,0.097042,1,0,0.0046,A,1707,0.002036,231988,5.50004e+13,8,1,1,5.50004e+13,5.50004e+13,5.50004e+13,5.50004e+13,269.078332,5.50003e+13,0.197042,0,1,0,0,0,7,5.50004e+13,5.50004e+13,0,1,0,100,1.70701e+13,0,0,0,0,0.0079,0.0079,0.0079,51530,49477,51530,49659,0.192803,0.097042,1,0,0.0046,A,1707,NA,NA,674,0.002283417,0.232962738,,,
675,-121.946163,45.794776,2061,210,1084,Point,0,133,1/4/18,2,NA,NA,0.197042,1.70701e+13,1,NA,460,46003,0,1,0,5.50004e+13,1707,1,231988,5.50004e+13,8,1,1,5.50004e+13,5.50004e+13,5.50004e+13,5.50004e+13,269.078332,5.50003e+13,0.197042,0,1,0,0,0,7,5.50004e+13,5.50004e+13,0,1,0,100,1.70701e+13,0,0,0,0,0.0079,0.0079,0.0079,51530,49477,51530,49659,0.192803,0.097042,1,0,0.0046,A,1707,0.002036,231988,5.50004e+13,8,1,1,5.50004e+13,5.50004e+13,5.50004e+13,5.50004e+13,269.078332,5.50003e+13,0.197042,0,1,0,0,0,7,5.50004e+13,5.50004e+13,0,1,0,100,1.70701e+13,0,0,0,0,0.0079,0.0079,0.0079,51530,49477,51530,49659,0.192803,0.097042,1,0,0.0046,A,1707,NA,NA,675,0.002428106,0.219193127,,,
676,-121.946617,45.794372,2062,417,1085,Point,0,134,1/4/18,2,NA,NA,0.013714,1.70701e+13,1,NA,460,46003,0,1,0,5.50004e+13,1707,1,18477,5.50004e+13,6,3,3,5.50004e+13,5.50004e+13,5.50004e+13,5.50004e+13,269.01237,5.50003e+13,1.859205,0,0,0,5.50004e+13,5.50004e+13,6,5.50004e+13,5.50004e+13,0,1,97.636688,100,1.70701e+13,0,0,0,0,6e-04,0.419,0.419,-9998,48382,48659,48464,0.14219,0.013714,0,0,0,A,1707,0.000152,18477,5.50004e+13,6,3,3,5.50004e+13,5.50004e+13,5.50004e+13,5.50004e+13,269.01237,5.50003e+13,1.859205,0,0,0,5.50004e+13,5.50004e+13,6,5.50004e+13,5.50004e+13,0,1,97.636688,100,1.70701e+13,0,0,0,0,6e-04,0.419,0.419,-9998,48382,48659,48464,0.14219,0.013714,0,0,0,A,1707,NA,NA,676,0.03682114,0.138024721,,,
677,-121.946504,45.794294,2062,418,1086,Point,0,134,1/4/18,2,NA,NA,0.013714,1.70701e+13,1,NA,460,46003,0,1,0,5.50004e+13,1707,1,18477,5.50004e+13,6,3,3,5.50004e+13,5.50004e+13,5.50004e+13,5.50004e+13,269.01237,5.50003e+13,1.859205,0,0,0,5.50004e+13,5.50004e+13,6,5.50004e+13,5.50004e+13,0,1,97.636688,100,1.70701e+13,0,0,0,0,6e-04,0.419,0.419,-9998,48382,48659,48464,0.14219,0.013714,0,0,0,A,1707,0.000152,18477,5.50004e+13,6,3,3,5.50004e+13,5.50004e+13,5.50004e+13,5.50004e+13,269.01237,5.50003e+13,1.859205,0,0,0,5.50004e+13,5.50004e+13,6,5.50004e+13,5.50004e+13,0,1,97.636688,100,1.70701e+13,0,0,0,0,6e-04,0.419,0.419,-9998,48382,48659,48464,0.14219,0.013714,0,0,0,A,1707,NA,NA,677,0.037005553,0.138024721,,,
678,-121.945794,45.793798,2063,387,1087,Point,0,135,1/4/18,2,NA,NA,0.049272,1.70701e+13,1,NA,460,46003,0,1,0,5.50004e+13,1707,1,71727,5.50004e+13,6,3,3,5.50004e+13,5.50004e+13,5.50004e+13,5.50004e+13,268.863781,5.50003e+13,3.328228,0,0,0,5.50004e+13,5.50004e+13,6,5.50004e+13,5.50004e+13,0,1,72.029343,80.521393,1.70701e+13,0,0,0,0,0.0038,0.8043,0.8043,-9998,46996,47581,47096,0.098434,0.049272,0,0,0,A,1707,0.000514,71727,5.50004e+13,6,3,3,5.50004e+13,5.50004e+13,5.50004e+13,5.50004e+13,268.863781,5.50003e+13,3.328228,0,0,0,5.50004e+13,5.50004e+13,6,5.50004e+13,5.50004e+13,0,1,72.029343,80.521393,1.70701e+13,0,0,0,0,0.0038,0.8043,0.8043,-9998,46996,47581,47096,0.098434,0.049272,0,0,0,A,1707,NA,-121.94579445.793798,678,0.145686334,0.110077984,,,
679,-121.945614,45.793625,2063,388,1088,Point,0,135,1/4/18,2,NA,NA,0.049272,1.70701e+13,1,NA,460,46003,0,1,0,5.50004e+13,1707,1,71727,5.50004e+13,6,3,3,5.50004e+13,5.50004e+13,5.50004e+13,5.50004e+13,268.863781,5.50003e+13,3.328228,0,0,0,5.50004e+13,5.50004e+13,6,5.50004e+13,5.50004e+13,0,1,72.029343,80.521393,1.70701e+13,0,0,0,0,0.0038,0.8043,0.8043,-9998,46996,47581,47096,0.098434,0.049272,0,0,0,A,1707,0.000514,71727,5.50004e+13,6,3,3,5.50004e+13,5.50004e+13,5.50004e+13,5.50004e+13,268.863781,5.50003e+13,3.328228,0,0,0,5.50004e+13,5.50004e+13,6,5.50004e+13,5.50004e+13,0,1,72.029343,80.521393,1.70701e+13,0,0,0,0,0.0038,0.8043,0.8043,-9998,46996,47581,47096,0.098434,0.049272,0,0,0,A,1707,NA,-121.94561445.793625,679,0.146263795,0.112498207,,,
680,-121.945447,45.79344,2063,389,1089,Point,0,135,1/4/18,2,NA,NA,0.049272,1.70701e+13,1,NA,460,46003,0,1,0,5.50004e+13,1707,1,71727,5.50004e+13,6,3,3,5.50004e+13,5.50004e+13,5.50004e+13,5.50004e+13,268.863781,5.50003e+13,3.328228,0,0,0,5.50004e+13,5.50004e+13,6,5.50004e+13,5.50004e+13,0,1,72.029343,80.521393,1.70701e+13,0,0,0,0,0.0038,0.8043,0.8043,-9998,46996,47581,47096,0.098434,0.049272,0,0,0,A,1707,0.000514,71727,5.50004e+13,6,3,3,5.50004e+13,5.50004e+13,5.50004e+13,5.50004e+13,268.863781,5.50003e+13,3.328228,0,0,0,5.50004e+13,5.50004e+13,6,5.50004e+13,5.50004e+13,0,1,72.029343,80.521393,1.70701e+13,0,0,0,0,0.0038,0.8043,0.8043,-9998,46996,47581,47096,0.098434,0.049272,0,0,0,A,1707,NA,-121.94544745.79344,680,0.146854281,0.128063517,,,
681,-121.959543,45.783011,2064,253,1113,Point,0,142,1/4/18,2,NA,NA,0.188204,1.70701e+13,1,NA,460,46003,0,1,0,5.50004e+13,1707,1,251319,5.50004e+13,6,3,3,5.50004e+13,5.50004e+13,5.50004e+13,5.50004e+13,269.950857,5.50003e+13,1.085495,0,0,0,5.50004e+13,5.50004e+13,6,5.50004e+13,5.50004e+13,0,1,58.887692,76.499367,1.70701e+13,0,0,0,0,0.04,0.2068,0.2068,-9998,58281,61506,59381,0.112909,0.188204,0,0,0,A,1707,0.002344,251319,5.50004e+13,6,3,3,5.50004e+13,5.50004e+13,5.50004e+13,5.50004e+13,269.950857,5.50003e+13,1.085495,0,0,0,5.50004e+13,5.50004e+13,6,5.50004e+13,5.50004e+13,0,1,58.887692,76.499367,1.70701e+13,0,0,0,0,0.04,0.2068,0.2068,-9998,58281,61506,59381,0.112909,0.188204,0,0,0,A,1707,NA,NA,681,0.012785975,0.290617072,,,
682,-121.959292,45.783057,2064,254,1114,Point,0,142,1/4/18,2,NA,NA,0.188204,1.70701e+13,1,NA,460,46003,0,1,0,5.50004e+13,1707,1,251319,5.50004e+13,6,3,3,5.50004e+13,5.50004e+13,5.50004e+13,5.50004e+13,269.950857,5.50003e+13,1.085495,0,0,0,5.50004e+13,5.50004e+13,6,5.50004e+13,5.50004e+13,0,1,58.887692,76.499367,1.70701e+13,0,0,0,0,0.04,0.2068,0.2068,-9998,58281,61506,59381,0.112909,0.188204,0,0,0,A,1707,0.002344,251319,5.50004e+13,6,3,3,5.50004e+13,5.50004e+13,5.50004e+13,5.50004e+13,269.950857,5.50003e+13,1.085495,0,0,0,5.50004e+13,5.50004e+13,6,5.50004e+13,5.50004e+13,0,1,58.887692,76.499367,1.70701e+13,0,0,0,0,0.04,0.2068,0.2068,-9998,58281,61506,59381,0.112909,0.188204,0,0,0,A,1707,NA,NA,682,0.014134913,0.251683788,,,
683,-121.959036,45.783076,2064,255,1115,Point,0,142,1/4/18,2,NA,NA,0.188204,1.70701e+13,1,NA,460,46003,0,1,0,5.50004e+13,1707,1,251319,5.50004e+13,6,3,3,5.50004e+13,5.50004e+13,5.50004e+13,5.50004e+13,269.950857,5.50003e+13,1.085495,0,0,0,5.50004e+13,5.50004e+13,6,5.50004e+13,5.50004e+13,0,1,58.887692,76.499367,1.70701e+13,0,0,0,0,0.04,0.2068,0.2068,-9998,58281,61506,59381,0.112909,0.188204,0,0,0,A,1707,0.002344,251319,5.50004e+13,6,3,3,5.50004e+13,5.50004e+13,5.50004e+13,5.50004e+13,269.950857,5.50003e+13,1.085495,0,0,0,5.50004e+13,5.50004e+13,6,5.50004e+13,5.50004e+13,0,1,58.887692,76.499367,1.70701e+13,0,0,0,0,0.04,0.2068,0.2068,-9998,58281,61506,59381,0.112909,0.188204,0,0,0,A,1707,NA,NA,683,0.015473288,0.284547117,,,
684,-121.958789,45.783135,2064,256,1116,Point,0,142,1/4/18,2,NA,NA,0.188204,1.70701e+13,1,NA,460,46003,0,1,0,5.50004e+13,1707,1,251319,5.50004e+13,6,3,3,5.50004e+13,5.50004e+13,5.50004e+13,5.50004e+13,269.950857,5.50003e+13,1.085495,0,0,0,5.50004e+13,5.50004e+13,6,5.50004e+13,5.50004e+13,0,1,58.887692,76.499367,1.70701e+13,0,0,0,0,0.04,0.2068,0.2068,-9998,58281,61506,59381,0.112909,0.188204,0,0,0,A,1707,0.002344,251319,5.50004e+13,6,3,3,5.50004e+13,5.50004e+13,5.50004e+13,5.50004e+13,269.950857,5.50003e+13,1.085495,0,0,0,5.50004e+13,5.50004e+13,6,5.50004e+13,5.50004e+13,0,1,58.887692,76.499367,1.70701e+13,0,0,0,0,0.04,0.2068,0.2068,-9998,58281,61506,59381,0.112909,0.188204,0,0,0,A,1707,NA,NA,684,0.01683018,0.327934332,,,
685,-121.95854,45.783182,2064,257,1117,Point,0,142,1/4/18,2,NA,NA,0.188204,1.70701e+13,1,NA,460,46003,0,1,0,5.50004e+13,1707,1,251319,5.50004e+13,6,3,3,5.50004e+13,5.50004e+13,5.50004e+13,5.50004e+13,269.950857,5.50003e+13,1.085495,0,0,0,5.50004e+13,5.50004e+13,6,5.50004e+13,5.50004e+13,0,1,58.887692,76.499367,1.70701e+13,0,0,0,0,0.04,0.2068,0.2068,-9998,58281,61506,59381,0.112909,0.188204,0,0,0,A,1707,0.002344,251319,5.50004e+13,6,3,3,5.50004e+13,5.50004e+13,5.50004e+13,5.50004e+13,269.950857,5.50003e+13,1.085495,0,0,0,5.50004e+13,5.50004e+13,6,5.50004e+13,5.50004e+13,0,1,58.887692,76.499367,1.70701e+13,0,0,0,0,0.04,0.2068,0.2068,-9998,58281,61506,59381,0.112909,0.188204,0,0,0,A,1707,NA,NA,685,0.018170975,0.193830543,,,
686,-121.958284,45.783197,2064,258,1118,Point,0,142,1/4/18,2,NA,NA,0.188204,1.70701e+13,1,NA,460,46003,0,1,0,5.50004e+13,1707,1,251319,5.50004e+13,6,3,3,5.50004e+13,5.50004e+13,5.50004e+13,5.50004e+13,269.950857,5.50003e+13,1.085495,0,0,0,5.50004e+13,5.50004e+13,6,5.50004e+13,5.50004e+13,0,1,58.887692,76.499367,1.70701e+13,0,0,0,0,0.04,0.2068,0.2068,-9998,58281,61506,59381,0.112909,0.188204,0,0,0,A,1707,0.002344,251319,5.50004e+13,6,3,3,5.50004e+13,5.50004e+13,5.50004e+13,5.50004e+13,269.950857,5.50003e+13,1.085495,0,0,0,5.50004e+13,5.50004e+13,6,5.50004e+13,5.50004e+13,0,1,58.887692,76.499367,1.70701e+13,0,0,0,0,0.04,0.2068,0.2068,-9998,58281,61506,59381,0.112909,0.188204,0,0,0,A,1707,NA,NA,686,0.01950654,0.23641557,,,
687,-121.958046,45.783274,2064,259,1119,Point,0,142,1/4/18,2,NA,NA,0.188204,1.70701e+13,1,NA,460,46003,0,1,0,5.50004e+13,1707,1,251319,5.50004e+13,6,3,3,5.50004e+13,5.50004e+13,5.50004e+13,5.50004e+13,269.950857,5.50003e+13,1.085495,0,0,0,5.50004e+13,5.50004e+13,6,5.50004e+13,5.50004e+13,0,1,58.887692,76.499367,1.70701e+13,0,0,0,0,0.04,0.2068,0.2068,-9998,58281,61506,59381,0.112909,0.188204,0,0,0,A,1707,0.002344,251319,5.50004e+13,6,3,3,5.50004e+13,5.50004e+13,5.50004e+13,5.50004e+13,269.950857,5.50003e+13,1.085495,0,0,0,5.50004e+13,5.50004e+13,6,5.50004e+13,5.50004e+13,0,1,58.887692,76.499367,1.70701e+13,0,0,0,0,0.04,0.2068,0.2068,-9998,58281,61506,59381,0.112909,0.188204,0,0,0,A,1707,NA,NA,687,0.020869745,0.23641557,,,
688,-121.957811,45.783371,2064,260,1120,Point,0,142,1/4/18,2,NA,NA,0.188204,1.70701e+13,1,NA,460,46003,0,1,0,5.50004e+13,1707,1,251319,5.50004e+13,6,3,3,5.50004e+13,5.50004e+13,5.50004e+13,5.50004e+13,269.950857,5.50003e+13,1.085495,0,0,0,5.50004e+13,5.50004e+13,6,5.50004e+13,5.50004e+13,0,1,58.887692,76.499367,1.70701e+13,0,0,0,0,0.04,0.2068,0.2068,-9998,58281,61506,59381,0.112909,0.188204,0,0,0,A,1707,0.002344,251319,5.50004e+13,6,3,3,5.50004e+13,5.50004e+13,5.50004e+13,5.50004e+13,269.950857,5.50003e+13,1.085495,0,0,0,5.50004e+13,5.50004e+13,6,5.50004e+13,5.50004e+13,0,1,58.887692,76.499367,1.70701e+13,0,0,0,0,0.04,0.2068,0.2068,-9998,58281,61506,59381,0.112909,0.188204,0,0,0,A,1707,NA,NA,688,0.022288235,0.29129253,,,
689,-121.957557,45.783394,2064,261,1121,Point,0,142,1/4/18,2,NA,NA,0.188204,1.70701e+13,1,NA,460,46003,0,1,0,5.50004e+13,1707,1,251319,5.50004e+13,6,3,3,5.50004e+13,5.50004e+13,5.50004e+13,5.50004e+13,269.950857,5.50003e+13,1.085495,0,0,0,5.50004e+13,5.50004e+13,6,5.50004e+13,5.50004e+13,0,1,58.887692,76.499367,1.70701e+13,0,0,0,0,0.04,0.2068,0.2068,-9998,58281,61506,59381,0.112909,0.188204,0,0,0,A,1707,0.002344,251319,5.50004e+13,6,3,3,5.50004e+13,5.50004e+13,5.50004e+13,5.50004e+13,269.950857,5.50003e+13,1.085495,0,0,0,5.50004e+13,5.50004e+13,6,5.50004e+13,5.50004e+13,0,1,58.887692,76.499367,1.70701e+13,0,0,0,0,0.04,0.2068,0.2068,-9998,58281,61506,59381,0.112909,0.188204,0,0,0,A,1707,NA,NA,689,0.023619752,0.32655802,,,
690,-121.9573,45.783395,2064,262,1122,Point,0,142,1/4/18,2,NA,NA,0.188204,1.70701e+13,1,NA,460,46003,0,1,0,5.50004e+13,1707,1,251319,5.50004e+13,6,3,3,5.50004e+13,5.50004e+13,5.50004e+13,5.50004e+13,269.950857,5.50003e+13,1.085495,0,0,0,5.50004e+13,5.50004e+13,6,5.50004e+13,5.50004e+13,0,1,58.887692,76.499367,1.70701e+13,0,0,0,0,0.04,0.2068,0.2068,-9998,58281,61506,59381,0.112909,0.188204,0,0,0,A,1707,0.002344,251319,5.50004e+13,6,3,3,5.50004e+13,5.50004e+13,5.50004e+13,5.50004e+13,269.950857,5.50003e+13,1.085495,0,0,0,5.50004e+13,5.50004e+13,6,5.50004e+13,5.50004e+13,0,1,58.887692,76.499367,1.70701e+13,0,0,0,0,0.04,0.2068,0.2068,-9998,58281,61506,59381,0.112909,0.188204,0,0,0,A,1707,NA,NA,690,0.024955872,0.353636742,,,
691,-121.957279,45.783403,2064,263,1123,Point,0,142,1/4/18,2,NA,NA,0.188204,1.70701e+13,1,NA,460,46003,0,1,0,5.50004e+13,1707,1,251319,5.50004e+13,6,3,3,5.50004e+13,5.50004e+13,5.50004e+13,5.50004e+13,269.950857,5.50003e+13,1.085495,0,0,0,5.50004e+13,5.50004e+13,6,5.50004e+13,5.50004e+13,0,1,58.887692,76.499367,1.70701e+13,0,0,0,0,0.04,0.2068,0.2068,-9998,58281,61506,59381,0.112909,0.188204,0,0,0,A,1707,0.002344,251319,5.50004e+13,6,3,3,5.50004e+13,5.50004e+13,5.50004e+13,5.50004e+13,269.950857,5.50003e+13,1.085495,0,0,0,5.50004e+13,5.50004e+13,6,5.50004e+13,5.50004e+13,0,1,58.887692,76.499367,1.70701e+13,0,0,0,0,0.04,0.2068,0.2068,-9998,58281,61506,59381,0.112909,0.188204,0,0,0,A,1707,NA,NA,691,0.025080182,0.353636742,,,
692,-121.946777,45.796552,2065,406,1124,Point,0,143,1/4/18,2,NA,NA,0.259522,1.70701e+13,1,NA,460,46003,0,1,0,5.50004e+13,1707,1,106559,5.50004e+13,7,2,2,5.50004e+13,5.50004e+13,5.50004e+13,5.50004e+13,269.026084,5.50003e+13,0.685372,0,0,0,5.50004e+13,5.50004e+13,6,5.50004e+13,5.50004e+13,0,1,0,53.81945,1.70701e+13,0,0,0,0,0.0226,0.117,0.117,-9998,48659,54452,48659,0.223218,0.259522,1,0,0,A,1707,0.002467,106559,5.50004e+13,7,2,2,5.50004e+13,5.50004e+13,5.50004e+13,5.50004e+13,269.026084,5.50003e+13,0.685372,0,0,0,5.50004e+13,5.50004e+13,6,5.50004e+13,5.50004e+13,0,1,0,53.81945,1.70701e+13,0,0,0,0,0.0226,0.117,0.117,-9998,48659,54452,48659,0.223218,0.259522,1,0,0,A,1707,NA,NA,692,0.003473113,0.300657687,,,
693,-121.94682,45.79631,2065,407,1125,Point,0,143,1/4/18,2,NA,NA,0.259522,1.70701e+13,1,NA,460,46003,0,1,0,5.50004e+13,1707,1,106559,5.50004e+13,7,2,2,5.50004e+13,5.50004e+13,5.50004e+13,5.50004e+13,269.026084,5.50003e+13,0.685372,0,0,0,5.50004e+13,5.50004e+13,6,5.50004e+13,5.50004e+13,0,1,0,53.81945,1.70701e+13,0,0,0,0,0.0226,0.117,0.117,-9998,48659,54452,48659,0.223218,0.259522,1,0,0,A,1707,0.002467,106559,5.50004e+13,7,2,2,5.50004e+13,5.50004e+13,5.50004e+13,5.50004e+13,269.026084,5.50003e+13,0.685372,0,0,0,5.50004e+13,5.50004e+13,6,5.50004e+13,5.50004e+13,0,1,0,53.81945,1.70701e+13,0,0,0,0,0.0226,0.117,0.117,-9998,48659,54452,48659,0.223218,0.259522,1,0,0,A,1707,NA,NA,693,0.003846109,0.231515392,,,
694,-121.946727,45.796083,2065,408,1126,Point,0,143,1/4/18,2,NA,NA,0.259522,1.70701e+13,1,NA,460,46003,0,1,0,5.50004e+13,1707,1,106559,5.50004e+13,7,2,2,5.50004e+13,5.50004e+13,5.50004e+13,5.50004e+13,269.026084,5.50003e+13,0.685372,0,0,0,5.50004e+13,5.50004e+13,6,5.50004e+13,5.50004e+13,0,1,0,53.81945,1.70701e+13,0,0,0,0,0.0226,0.117,0.117,-9998,48659,54452,48659,0.223218,0.259522,1,0,0,A,1707,0.002467,106559,5.50004e+13,7,2,2,5.50004e+13,5.50004e+13,5.50004e+13,5.50004e+13,269.026084,5.50003e+13,0.685372,0,0,0,5.50004e+13,5.50004e+13,6,5.50004e+13,5.50004e+13,0,1,0,53.81945,1.70701e+13,0,0,0,0,0.0226,0.117,0.117,-9998,48659,54452,48659,0.223218,0.259522,1,0,0,A,1707,NA,NA,694,0.00420729,0.235818242,,,
695,-121.946681,45.795839,2065,409,1127,Point,0,143,1/4/18,2,NA,NA,0.259522,1.70701e+13,1,NA,460,46003,0,1,0,5.50004e+13,1707,1,106559,5.50004e+13,7,2,2,5.50004e+13,5.50004e+13,5.50004e+13,5.50004e+13,269.026084,5.50003e+13,0.685372,0,0,0,5.50004e+13,5.50004e+13,6,5.50004e+13,5.50004e+13,0,1,0,53.81945,1.70701e+13,0,0,0,0,0.0226,0.117,0.117,-9998,48659,54452,48659,0.223218,0.259522,1,0,0,A,1707,0.002467,106559,5.50004e+13,7,2,2,5.50004e+13,5.50004e+13,5.50004e+13,5.50004e+13,269.026084,5.50003e+13,0.685372,0,0,0,5.50004e+13,5.50004e+13,6,5.50004e+13,5.50004e+13,0,1,0,53.81945,1.70701e+13,0,0,0,0,0.0226,0.117,0.117,-9998,48659,54452,48659,0.223218,0.259522,1,0,0,A,1707,NA,NA,695,0.004583728,0.288391146,,,
696,-121.946584,45.79561,2065,410,1128,Point,0,143,1/4/18,2,NA,NA,0.259522,1.70701e+13,1,NA,460,46003,0,1,0,5.50004e+13,1707,1,106559,5.50004e+13,7,2,2,5.50004e+13,5.50004e+13,5.50004e+13,5.50004e+13,269.026084,5.50003e+13,0.685372,0,0,0,5.50004e+13,5.50004e+13,6,5.50004e+13,5.50004e+13,0,1,0,53.81945,1.70701e+13,0,0,0,0,0.0226,0.117,0.117,-9998,48659,54452,48659,0.223218,0.259522,1,0,0,A,1707,0.002467,106559,5.50004e+13,7,2,2,5.50004e+13,5.50004e+13,5.50004e+13,5.50004e+13,269.026084,5.50003e+13,0.685372,0,0,0,5.50004e+13,5.50004e+13,6,5.50004e+13,5.50004e+13,0,1,0,53.81945,1.70701e+13,0,0,0,0,0.0226,0.117,0.117,-9998,48659,54452,48659,0.223218,0.259522,1,0,0,A,1707,NA,NA,696,0.004949044,0.288434559,,,
697,-121.94655,45.795365,2065,411,1129,Point,0,143,1/4/18,2,NA,NA,0.259522,1.70701e+13,1,NA,460,46003,0,1,0,5.50004e+13,1707,1,106559,5.50004e+13,7,2,2,5.50004e+13,5.50004e+13,5.50004e+13,5.50004e+13,269.026084,5.50003e+13,0.685372,0,0,0,5.50004e+13,5.50004e+13,6,5.50004e+13,5.50004e+13,0,1,0,53.81945,1.70701e+13,0,0,0,0,0.0226,0.117,0.117,-9998,48659,54452,48659,0.223218,0.259522,1,0,0,A,1707,0.002467,106559,5.50004e+13,7,2,2,5.50004e+13,5.50004e+13,5.50004e+13,5.50004e+13,269.026084,5.50003e+13,0.685372,0,0,0,5.50004e+13,5.50004e+13,6,5.50004e+13,5.50004e+13,0,1,0,53.81945,1.70701e+13,0,0,0,0,0.0226,0.117,0.117,-9998,48659,54452,48659,0.223218,0.259522,1,0,0,A,1707,NA,NA,697,0.005325542,0.261781371,,,
698,-121.946563,45.795108,2065,412,1130,Point,0,143,1/4/18,2,NA,NA,0.259522,1.70701e+13,1,NA,460,46003,0,1,0,5.50004e+13,1707,1,106559,5.50004e+13,7,2,2,5.50004e+13,5.50004e+13,5.50004e+13,5.50004e+13,269.026084,5.50003e+13,0.685372,0,0,0,5.50004e+13,5.50004e+13,6,5.50004e+13,5.50004e+13,0,1,0,53.81945,1.70701e+13,0,0,0,0,0.0226,0.117,0.117,-9998,48659,54452,48659,0.223218,0.259522,1,0,0,A,1707,0.002467,106559,5.50004e+13,7,2,2,5.50004e+13,5.50004e+13,5.50004e+13,5.50004e+13,269.026084,5.50003e+13,0.685372,0,0,0,5.50004e+13,5.50004e+13,6,5.50004e+13,5.50004e+13,0,1,0,53.81945,1.70701e+13,0,0,0,0,0.0226,0.117,0.117,-9998,48659,54452,48659,0.223218,0.259522,1,0,0,A,1707,NA,NA,698,0.005718878,0.243730599,,,
699,-121.946651,45.794874,2065,413,1131,Point,0,143,1/4/18,2,NA,NA,0.259522,1.70701e+13,1,NA,460,46003,0,1,0,5.50004e+13,1707,1,106559,5.50004e+13,7,2,2,5.50004e+13,5.50004e+13,5.50004e+13,5.50004e+13,269.026084,5.50003e+13,0.685372,0,0,0,5.50004e+13,5.50004e+13,6,5.50004e+13,5.50004e+13,0,1,0,53.81945,1.70701e+13,0,0,0,0,0.0226,0.117,0.117,-9998,48659,54452,48659,0.223218,0.259522,1,0,0,A,1707,0.002467,106559,5.50004e+13,7,2,2,5.50004e+13,5.50004e+13,5.50004e+13,5.50004e+13,269.026084,5.50003e+13,0.685372,0,0,0,5.50004e+13,5.50004e+13,6,5.50004e+13,5.50004e+13,0,1,0,53.81945,1.70701e+13,0,0,0,0,0.0226,0.117,0.117,-9998,48659,54452,48659,0.223218,0.259522,1,0,0,A,1707,NA,NA,699,0.006088967,0.331828897,,,
700,-121.946791,45.794696,2065,414,1132,Point,0,143,1/4/18,2,NA,NA,0.259522,1.70701e+13,1,NA,460,46003,0,1,0,5.50004e+13,1707,1,106559,5.50004e+13,7,2,2,5.50004e+13,5.50004e+13,5.50004e+13,5.50004e+13,269.026084,5.50003e+13,0.685372,0,0,0,5.50004e+13,5.50004e+13,6,5.50004e+13,5.50004e+13,0,1,0,53.81945,1.70701e+13,0,0,0,0,0.0226,0.117,0.117,-9998,48659,54452,48659,0.223218,0.259522,1,0,0,A,1707,0.002467,106559,5.50004e+13,7,2,2,5.50004e+13,5.50004e+13,5.50004e+13,5.50004e+13,269.026084,5.50003e+13,0.685372,0,0,0,5.50004e+13,5.50004e+13,6,5.50004e+13,5.50004e+13,0,1,0,53.81945,1.70701e+13,0,0,0,0,0.0226,0.117,0.117,-9998,48659,54452,48659,0.223218,0.259522,1,0,0,A,1707,NA,NA,700,0.00639971,0.263247848,,,
701,-121.946729,45.794462,2065,415,1133,Point,0,143,1/4/18,2,NA,NA,0.259522,1.70701e+13,1,NA,460,46003,0,1,0,5.50004e+13,1707,1,106559,5.50004e+13,7,2,2,5.50004e+13,5.50004e+13,5.50004e+13,5.50004e+13,269.026084,5.50003e+13,0.685372,0,0,0,5.50004e+13,5.50004e+13,6,5.50004e+13,5.50004e+13,0,1,0,53.81945,1.70701e+13,0,0,0,0,0.0226,0.117,0.117,-9998,48659,54452,48659,0.223218,0.259522,1,0,0,A,1707,0.002467,106559,5.50004e+13,7,2,2,5.50004e+13,5.50004e+13,5.50004e+13,5.50004e+13,269.026084,5.50003e+13,0.685372,0,0,0,5.50004e+13,5.50004e+13,6,5.50004e+13,5.50004e+13,0,1,0,53.81945,1.70701e+13,0,0,0,0,0.0226,0.117,0.117,-9998,48659,54452,48659,0.223218,0.259522,1,0,0,A,1707,NA,NA,701,0.006763717,0.194158414,,,
702,-121.946617,45.794372,2065,416,1134,Point,0,143,1/4/18,2,NA,NA,0.259522,1.70701e+13,1,NA,460,46003,0,1,0,5.50004e+13,1707,1,106559,5.50004e+13,7,2,2,5.50004e+13,5.50004e+13,5.50004e+13,5.50004e+13,269.026084,5.50003e+13,0.685372,0,0,0,5.50004e+13,5.50004e+13,6,5.50004e+13,5.50004e+13,0,1,0,53.81945,1.70701e+13,0,0,0,0,0.0226,0.117,0.117,-9998,48659,54452,48659,0.223218,0.259522,1,0,0,A,1707,0.002467,106559,5.50004e+13,7,2,2,5.50004e+13,5.50004e+13,5.50004e+13,5.50004e+13,269.026084,5.50003e+13,0.685372,0,0,0,5.50004e+13,5.50004e+13,6,5.50004e+13,5.50004e+13,0,1,0,53.81945,1.70701e+13,0,0,0,0,0.0226,0.117,0.117,-9998,48659,54452,48659,0.223218,0.259522,1,0,0,A,1707,NA,NA,702,0.006946227,0.138024721,,,
703,-121.951672,45.781593,2066,638,1135,Point,0,144,1/4/18,2,1522756,Martha Creek,0.199398,1.70701e+13,1,NA,460,46003,0,1,0,5.50004e+13,1707,1,154154,5.50004e+13,5,3,3,5.50004e+13,5.50004e+13,5.50004e+13,5.50004e+13,269.321609,5.50003e+13,3.266156,0,0,0,5.50004e+13,5.50004e+13,5,5.50004e+13,5.50004e+13,0,1,29.85585,43.683529,1.70701e+13,0,0,0,0,0.038,0.6023,0.6023,-9998,47889,52896,47889,0.251106,0.199398,0,0,0,A,1707,0.002171,154154,5.50004e+13,5,3,3,5.50004e+13,5.50004e+13,5.50004e+13,5.50004e+13,269.321609,5.50003e+13,3.266156,0,0,0,5.50004e+13,5.50004e+13,5,5.50004e+13,5.50004e+13,0,1,29.85585,43.683529,1.70701e+13,0,0,0,0,0.038,0.6023,0.6023,-9998,47889,52896,47889,0.251106,0.199398,0,0,0,A,1707,NA,NA,703,0.101396476,0.516038439,,,
704,-121.951525,45.781788,2066,639,1136,Point,0,144,1/4/18,2,1522756,Martha Creek,0.199398,1.70701e+13,1,NA,460,46003,0,1,0,5.50004e+13,1707,1,154154,5.50004e+13,5,3,3,5.50004e+13,5.50004e+13,5.50004e+13,5.50004e+13,269.321609,5.50003e+13,3.266156,0,0,0,5.50004e+13,5.50004e+13,5,5.50004e+13,5.50004e+13,0,1,29.85585,43.683529,1.70701e+13,0,0,0,0,0.038,0.6023,0.6023,-9998,47889,52896,47889,0.251106,0.199398,0,0,0,A,1707,0.002171,154154,5.50004e+13,5,3,3,5.50004e+13,5.50004e+13,5.50004e+13,5.50004e+13,269.321609,5.50003e+13,3.266156,0,0,0,5.50004e+13,5.50004e+13,5,5.50004e+13,5.50004e+13,0,1,29.85585,43.683529,1.70701e+13,0,0,0,0,0.038,0.6023,0.6023,-9998,47889,52896,47889,0.251106,0.199398,0,0,0,A,1707,NA,NA,704,0.102886066,0.229975912,,,
705,-121.951561,45.782016,2066,640,1137,Point,0,144,1/4/18,2,1522756,Martha Creek,0.199398,1.70701e+13,1,NA,460,46003,0,1,0,5.50004e+13,1707,1,154154,5.50004e+13,5,3,3,5.50004e+13,5.50004e+13,5.50004e+13,5.50004e+13,269.321609,5.50003e+13,3.266156,0,0,0,5.50004e+13,5.50004e+13,5,5.50004e+13,5.50004e+13,0,1,29.85585,43.683529,1.70701e+13,0,0,0,0,0.038,0.6023,0.6023,-9998,47889,52896,47889,0.251106,0.199398,0,0,0,A,1707,0.002171,154154,5.50004e+13,5,3,3,5.50004e+13,5.50004e+13,5.50004e+13,5.50004e+13,269.321609,5.50003e+13,3.266156,0,0,0,5.50004e+13,5.50004e+13,5,5.50004e+13,5.50004e+13,0,1,29.85585,43.683529,1.70701e+13,0,0,0,0,0.038,0.6023,0.6023,-9998,47889,52896,47889,0.251106,0.199398,0,0,0,A,1707,NA,NA,705,0.104435956,0.229975912,,,
706,-121.951484,45.782248,2066,641,1138,Point,0,144,1/4/18,2,1522756,Martha Creek,0.199398,1.70701e+13,1,NA,460,46003,0,1,0,5.50004e+13,1707,1,154154,5.50004e+13,5,3,3,5.50004e+13,5.50004e+13,5.50004e+13,5.50004e+13,269.321609,5.50003e+13,3.266156,0,0,0,5.50004e+13,5.50004e+13,5,5.50004e+13,5.50004e+13,0,1,29.85585,43.683529,1.70701e+13,0,0,0,0,0.038,0.6023,0.6023,-9998,47889,52896,47889,0.251106,0.199398,0,0,0,A,1707,0.002171,154154,5.50004e+13,5,3,3,5.50004e+13,5.50004e+13,5.50004e+13,5.50004e+13,269.321609,5.50003e+13,3.266156,0,0,0,5.50004e+13,5.50004e+13,5,5.50004e+13,5.50004e+13,0,1,29.85585,43.683529,1.70701e+13,0,0,0,0,0.038,0.6023,0.6023,-9998,47889,52896,47889,0.251106,0.199398,0,0,0,A,1707,NA,NA,706,0.106045212,0.180491422,,,
707,-121.951412,45.782469,2066,642,1139,Point,0,144,1/4/18,2,1522756,Martha Creek,0.199398,1.70701e+13,1,NA,460,46003,0,1,0,5.50004e+13,1707,1,154154,5.50004e+13,5,3,3,5.50004e+13,5.50004e+13,5.50004e+13,5.50004e+13,269.321609,5.50003e+13,3.266156,0,0,0,5.50004e+13,5.50004e+13,5,5.50004e+13,5.50004e+13,0,1,29.85585,43.683529,1.70701e+13,0,0,0,0,0.038,0.6023,0.6023,-9998,47889,52896,47889,0.251106,0.199398,0,0,0,A,1707,0.002171,154154,5.50004e+13,5,3,3,5.50004e+13,5.50004e+13,5.50004e+13,5.50004e+13,269.321609,5.50003e+13,3.266156,0,0,0,5.50004e+13,5.50004e+13,5,5.50004e+13,5.50004e+13,0,1,29.85585,43.683529,1.70701e+13,0,0,0,0,0.038,0.6023,0.6023,-9998,47889,52896,47889,0.251106,0.199398,0,0,0,A,1707,NA,NA,707,0.107576736,0.212379047,,,
708,-121.951176,45.782564,2066,643,1140,Point,0,144,1/4/18,2,1522756,Martha Creek,0.199398,1.70701e+13,1,NA,460,46003,0,1,0,5.50004e+13,1707,1,154154,5.50004e+13,5,3,3,5.50004e+13,5.50004e+13,5.50004e+13,5.50004e+13,269.321609,5.50003e+13,3.266156,0,0,0,5.50004e+13,5.50004e+13,5,5.50004e+13,5.50004e+13,0,1,29.85585,43.683529,1.70701e+13,0,0,0,0,0.038,0.6023,0.6023,-9998,47889,52896,47889,0.251106,0.199398,0,0,0,A,1707,0.002171,154154,5.50004e+13,5,3,3,5.50004e+13,5.50004e+13,5.50004e+13,5.50004e+13,269.321609,5.50003e+13,3.266156,0,0,0,5.50004e+13,5.50004e+13,5,5.50004e+13,5.50004e+13,0,1,29.85585,43.683529,1.70701e+13,0,0,0,0,0.038,0.6023,0.6023,-9998,47889,52896,47889,0.251106,0.199398,0,0,0,A,1707,NA,NA,708,0.10886388,0.199512326,,,
709,-121.950924,45.782593,2066,644,1141,Point,0,144,1/4/18,2,1522756,Martha Creek,0.199398,1.70701e+13,1,NA,460,46003,0,1,0,5.50004e+13,1707,1,154154,5.50004e+13,5,3,3,5.50004e+13,5.50004e+13,5.50004e+13,5.50004e+13,269.321609,5.50003e+13,3.266156,0,0,0,5.50004e+13,5.50004e+13,5,5.50004e+13,5.50004e+13,0,1,29.85585,43.683529,1.70701e+13,0,0,0,0,0.038,0.6023,0.6023,-9998,47889,52896,47889,0.251106,0.199398,0,0,0,A,1707,0.002171,154154,5.50004e+13,5,3,3,5.50004e+13,5.50004e+13,5.50004e+13,5.50004e+13,269.321609,5.50003e+13,3.266156,0,0,0,5.50004e+13,5.50004e+13,5,5.50004e+13,5.50004e+13,0,1,29.85585,43.683529,1.70701e+13,0,0,0,0,0.038,0.6023,0.6023,-9998,47889,52896,47889,0.251106,0.199398,0,0,0,A,1707,NA,NA,709,0.110071198,0.268669433,,,
710,-121.950676,45.782647,2066,645,1142,Point,0,144,1/4/18,2,1522756,Martha Creek,0.199398,1.70701e+13,1,NA,460,46003,0,1,0,5.50004e+13,1707,1,154154,5.50004e+13,5,3,3,5.50004e+13,5.50004e+13,5.50004e+13,5.50004e+13,269.321609,5.50003e+13,3.266156,0,0,0,5.50004e+13,5.50004e+13,5,5.50004e+13,5.50004e+13,0,1,29.85585,43.683529,1.70701e+13,0,0,0,0,0.038,0.6023,0.6023,-9998,47889,52896,47889,0.251106,0.199398,0,0,0,A,1707,0.002171,154154,5.50004e+13,5,3,3,5.50004e+13,5.50004e+13,5.50004e+13,5.50004e+13,269.321609,5.50003e+13,3.266156,0,0,0,5.50004e+13,5.50004e+13,5,5.50004e+13,5.50004e+13,0,1,29.85585,43.683529,1.70701e+13,0,0,0,0,0.038,0.6023,0.6023,-9998,47889,52896,47889,0.251106,0.199398,0,0,0,A,1707,NA,NA,710,0.111299059,0.212612664,,,
711,-121.950434,45.782724,2066,646,1143,Point,0,144,1/4/18,2,1522756,Martha Creek,0.199398,1.70701e+13,1,NA,460,46003,0,1,0,5.50004e+13,1707,1,154154,5.50004e+13,5,3,3,5.50004e+13,5.50004e+13,5.50004e+13,5.50004e+13,269.321609,5.50003e+13,3.266156,0,0,0,5.50004e+13,5.50004e+13,5,5.50004e+13,5.50004e+13,0,1,29.85585,43.683529,1.70701e+13,0,0,0,0,0.038,0.6023,0.6023,-9998,47889,52896,47889,0.251106,0.199398,0,0,0,A,1707,0.002171,154154,5.50004e+13,5,3,3,5.50004e+13,5.50004e+13,5.50004e+13,5.50004e+13,269.321609,5.50003e+13,3.266156,0,0,0,5.50004e+13,5.50004e+13,5,5.50004e+13,5.50004e+13,0,1,29.85585,43.683529,1.70701e+13,0,0,0,0,0.038,0.6023,0.6023,-9998,47889,52896,47889,0.251106,0.199398,0,0,0,A,1707,NA,NA,711,0.112555836,0.252992327,,,
712,-121.950329,45.782747,2066,647,1144,Point,0,144,1/4/18,2,1522756,Martha Creek,0.199398,1.70701e+13,1,NA,460,46003,0,1,0,5.50004e+13,1707,1,154154,5.50004e+13,5,3,3,5.50004e+13,5.50004e+13,5.50004e+13,5.50004e+13,269.321609,5.50003e+13,3.266156,0,0,0,5.50004e+13,5.50004e+13,5,5.50004e+13,5.50004e+13,0,1,29.85585,43.683529,1.70701e+13,0,0,0,0,0.038,0.6023,0.6023,-9998,47889,52896,47889,0.251106,0.199398,0,0,0,A,1707,0.002171,154154,5.50004e+13,5,3,3,5.50004e+13,5.50004e+13,5.50004e+13,5.50004e+13,269.321609,5.50003e+13,3.266156,0,0,0,5.50004e+13,5.50004e+13,5,5.50004e+13,5.50004e+13,0,1,29.85585,43.683529,1.70701e+13,0,0,0,0,0.038,0.6023,0.6023,-9998,47889,52896,47889,0.251106,0.199398,0,0,0,A,1707,NA,NA,712,0.113075972,0.252992327,,,
713,-121.942698,45.782301,2067,879,1152,Point,0,147,1/4/18,2,NA,NA,0.219539,1.70701e+13,1,NA,460,46003,0,1,0,5.50004e+13,1707,1,223184,5.50004e+13,7,1,1,5.50004e+13,5.50004e+13,5.50004e+13,5.50004e+13,269.27025,5.50003e+13,0.219539,0,1,0,0,0,6,5.50004e+13,5.50004e+13,0,1,0,100,1.70701e+13,0,0,0,0,0.0438,0.0438,0.0438,51801,49680,51801,49680,0.177431,0.119539,1,0,0.0272,A,1707,0.002612,223184,5.50004e+13,7,1,1,5.50004e+13,5.50004e+13,5.50004e+13,5.50004e+13,269.27025,5.50003e+13,0.219539,0,1,0,0,0,6,5.50004e+13,5.50004e+13,0,1,0,100,1.70701e+13,0,0,0,0,0.0438,0.0438,0.0438,51801,49680,51801,49680,0.177431,0.119539,1,0,0.0272,A,1707,NA,NA,713,0.006731078,0.587569059,,,
714,-121.94294,45.782383,2067,880,1153,Point,0,147,1/4/18,2,NA,NA,0.219539,1.70701e+13,1,NA,460,46003,0,1,0,5.50004e+13,1707,1,223184,5.50004e+13,7,1,1,5.50004e+13,5.50004e+13,5.50004e+13,5.50004e+13,269.27025,5.50003e+13,0.219539,0,1,0,0,0,6,5.50004e+13,5.50004e+13,0,1,0,100,1.70701e+13,0,0,0,0,0.0438,0.0438,0.0438,51801,49680,51801,49680,0.177431,0.119539,1,0,0.0272,A,1707,0.002612,223184,5.50004e+13,7,1,1,5.50004e+13,5.50004e+13,5.50004e+13,5.50004e+13,269.27025,5.50003e+13,0.219539,0,1,0,0,0,6,5.50004e+13,5.50004e+13,0,1,0,100,1.70701e+13,0,0,0,0,0.0438,0.0438,0.0438,51801,49680,51801,49680,0.177431,0.119539,1,0,0.0272,A,1707,NA,NA,714,0.007390446,0.41720641,,,
715,-121.943188,45.78245,2067,881,1154,Point,0,147,1/4/18,2,NA,NA,0.219539,1.70701e+13,1,NA,460,46003,0,1,0,5.50004e+13,1707,1,223184,5.50004e+13,7,1,1,5.50004e+13,5.50004e+13,5.50004e+13,5.50004e+13,269.27025,5.50003e+13,0.219539,0,1,0,0,0,6,5.50004e+13,5.50004e+13,0,1,0,100,1.70701e+13,0,0,0,0,0.0438,0.0438,0.0438,51801,49680,51801,49680,0.177431,0.119539,1,0,0.0272,A,1707,0.002612,223184,5.50004e+13,7,1,1,5.50004e+13,5.50004e+13,5.50004e+13,5.50004e+13,269.27025,5.50003e+13,0.219539,0,1,0,0,0,6,5.50004e+13,5.50004e+13,0,1,0,100,1.70701e+13,0,0,0,0,0.0438,0.0438,0.0438,51801,49680,51801,49680,0.177431,0.119539,1,0,0.0272,A,1707,NA,NA,715,0.008042359,0.416631082,,,
716,-121.943445,45.782463,2067,882,1155,Point,0,147,1/4/18,2,NA,NA,0.219539,1.70701e+13,1,NA,460,46003,0,1,0,5.50004e+13,1707,1,223184,5.50004e+13,7,1,1,5.50004e+13,5.50004e+13,5.50004e+13,5.50004e+13,269.27025,5.50003e+13,0.219539,0,1,0,0,0,6,5.50004e+13,5.50004e+13,0,1,0,100,1.70701e+13,0,0,0,0,0.0438,0.0438,0.0438,51801,49680,51801,49680,0.177431,0.119539,1,0,0.0272,A,1707,0.002612,223184,5.50004e+13,7,1,1,5.50004e+13,5.50004e+13,5.50004e+13,5.50004e+13,269.27025,5.50003e+13,0.219539,0,1,0,0,0,6,5.50004e+13,5.50004e+13,0,1,0,100,1.70701e+13,0,0,0,0,0.0438,0.0438,0.0438,51801,49680,51801,49680,0.177431,0.119539,1,0,0.0272,A,1707,NA,NA,716,0.008674226,0.393538394,,,
717,-121.9437,45.782455,2067,883,1156,Point,0,147,1/4/18,2,NA,NA,0.219539,1.70701e+13,1,NA,460,46003,0,1,0,5.50004e+13,1707,1,223184,5.50004e+13,7,1,1,5.50004e+13,5.50004e+13,5.50004e+13,5.50004e+13,269.27025,5.50003e+13,0.219539,0,1,0,0,0,6,5.50004e+13,5.50004e+13,0,1,0,100,1.70701e+13,0,0,0,0,0.0438,0.0438,0.0438,51801,49680,51801,49680,0.177431,0.119539,1,0,0.0272,A,1707,0.002612,223184,5.50004e+13,7,1,1,5.50004e+13,5.50004e+13,5.50004e+13,5.50004e+13,269.27025,5.50003e+13,0.219539,0,1,0,0,0,6,5.50004e+13,5.50004e+13,0,1,0,100,1.70701e+13,0,0,0,0,0.0438,0.0438,0.0438,51801,49680,51801,49680,0.177431,0.119539,1,0,0.0272,A,1707,NA,NA,717,0.009300171,0.323563877,,,
718,-121.943933,45.782347,2067,884,1157,Point,0,147,1/4/18,2,NA,NA,0.219539,1.70701e+13,1,NA,460,46003,0,1,0,5.50004e+13,1707,1,223184,5.50004e+13,7,1,1,5.50004e+13,5.50004e+13,5.50004e+13,5.50004e+13,269.27025,5.50003e+13,0.219539,0,1,0,0,0,6,5.50004e+13,5.50004e+13,0,1,0,100,1.70701e+13,0,0,0,0,0.0438,0.0438,0.0438,51801,49680,51801,49680,0.177431,0.119539,1,0,0.0272,A,1707,0.002612,223184,5.50004e+13,7,1,1,5.50004e+13,5.50004e+13,5.50004e+13,5.50004e+13,269.27025,5.50003e+13,0.219539,0,1,0,0,0,6,5.50004e+13,5.50004e+13,0,1,0,100,1.70701e+13,0,0,0,0,0.0438,0.0438,0.0438,51801,49680,51801,49680,0.177431,0.119539,1,0,0.0272,A,1707,NA,NA,718,0.009985547,0.329662457,,,
719,-121.944159,45.782238,2067,885,1158,Point,0,147,1/4/18,2,NA,NA,0.219539,1.70701e+13,1,NA,460,46003,0,1,0,5.50004e+13,1707,1,223184,5.50004e+13,7,1,1,5.50004e+13,5.50004e+13,5.50004e+13,5.50004e+13,269.27025,5.50003e+13,0.219539,0,1,0,0,0,6,5.50004e+13,5.50004e+13,0,1,0,100,1.70701e+13,0,0,0,0,0.0438,0.0438,0.0438,51801,49680,51801,49680,0.177431,0.119539,1,0,0.0272,A,1707,0.002612,223184,5.50004e+13,7,1,1,5.50004e+13,5.50004e+13,5.50004e+13,5.50004e+13,269.27025,5.50003e+13,0.219539,0,1,0,0,0,6,5.50004e+13,5.50004e+13,0,1,0,100,1.70701e+13,0,0,0,0,0.0438,0.0438,0.0438,51801,49680,51801,49680,0.177431,0.119539,1,0,0.0272,A,1707,NA,NA,719,0.010658664,0.340407943,,,
720,-121.944407,45.782185,2067,886,1159,Point,0,147,1/4/18,2,NA,NA,0.219539,1.70701e+13,1,NA,460,46003,0,1,0,5.50004e+13,1707,1,223184,5.50004e+13,7,1,1,5.50004e+13,5.50004e+13,5.50004e+13,5.50004e+13,269.27025,5.50003e+13,0.219539,0,1,0,0,0,6,5.50004e+13,5.50004e+13,0,1,0,100,1.70701e+13,0,0,0,0,0.0438,0.0438,0.0438,51801,49680,51801,49680,0.177431,0.119539,1,0,0.0272,A,1707,0.002612,223184,5.50004e+13,7,1,1,5.50004e+13,5.50004e+13,5.50004e+13,5.50004e+13,269.27025,5.50003e+13,0.219539,0,1,0,0,0,6,5.50004e+13,5.50004e+13,0,1,0,100,1.70701e+13,0,0,0,0,0.0438,0.0438,0.0438,51801,49680,51801,49680,0.177431,0.119539,1,0,0.0272,A,1707,NA,NA,720,0.011294554,0.254690955,,,
721,-121.944645,45.782251,2067,887,1160,Point,0,147,1/4/18,2,NA,NA,0.219539,1.70701e+13,1,NA,460,46003,0,1,0,5.50004e+13,1707,1,223184,5.50004e+13,7,1,1,5.50004e+13,5.50004e+13,5.50004e+13,5.50004e+13,269.27025,5.50003e+13,0.219539,0,1,0,0,0,6,5.50004e+13,5.50004e+13,0,1,0,100,1.70701e+13,0,0,0,0,0.0438,0.0438,0.0438,51801,49680,51801,49680,0.177431,0.119539,1,0,0.0272,A,1707,0.002612,223184,5.50004e+13,7,1,1,5.50004e+13,5.50004e+13,5.50004e+13,5.50004e+13,269.27025,5.50003e+13,0.219539,0,1,0,0,0,6,5.50004e+13,5.50004e+13,0,1,0,100,1.70701e+13,0,0,0,0,0.0438,0.0438,0.0438,51801,49680,51801,49680,0.177431,0.119539,1,0,0.0272,A,1707,NA,NA,721,0.011922355,0.254690955,,,
722,-121.944817,45.782434,2067,888,1161,Point,0,147,1/4/18,2,NA,NA,0.219539,1.70701e+13,1,NA,460,46003,0,1,0,5.50004e+13,1707,1,223184,5.50004e+13,7,1,1,5.50004e+13,5.50004e+13,5.50004e+13,5.50004e+13,269.27025,5.50003e+13,0.219539,0,1,0,0,0,6,5.50004e+13,5.50004e+13,0,1,0,100,1.70701e+13,0,0,0,0,0.0438,0.0438,0.0438,51801,49680,51801,49680,0.177431,0.119539,1,0,0.0272,A,1707,0.002612,223184,5.50004e+13,7,1,1,5.50004e+13,5.50004e+13,5.50004e+13,5.50004e+13,269.27025,5.50003e+13,0.219539,0,1,0,0,0,6,5.50004e+13,5.50004e+13,0,1,0,100,1.70701e+13,0,0,0,0,0.0438,0.0438,0.0438,51801,49680,51801,49680,0.177431,0.119539,1,0,0.0272,A,1707,NA,NA,722,0.012689997,0.271970036,,,
723,-121.945026,45.782564,2067,889,1162,Point,0,147,1/4/18,2,NA,NA,0.219539,1.70701e+13,1,NA,460,46003,0,1,0,5.50004e+13,1707,1,223184,5.50004e+13,7,1,1,5.50004e+13,5.50004e+13,5.50004e+13,5.50004e+13,269.27025,5.50003e+13,0.219539,0,1,0,0,0,6,5.50004e+13,5.50004e+13,0,1,0,100,1.70701e+13,0,0,0,0,0.0438,0.0438,0.0438,51801,49680,51801,49680,0.177431,0.119539,1,0,0.0272,A,1707,0.002612,223184,5.50004e+13,7,1,1,5.50004e+13,5.50004e+13,5.50004e+13,5.50004e+13,269.27025,5.50003e+13,0.219539,0,1,0,0,0,6,5.50004e+13,5.50004e+13,0,1,0,100,1.70701e+13,0,0,0,0,0.0438,0.0438,0.0438,51801,49680,51801,49680,0.177431,0.119539,1,0,0.0272,A,1707,NA,NA,723,0.013375757,0.190729654,,,
724,-121.945055,45.782578,2067,890,1163,Point,0,147,1/4/18,2,NA,NA,0.219539,1.70701e+13,1,NA,460,46003,0,1,0,5.50004e+13,1707,1,223184,5.50004e+13,7,1,1,5.50004e+13,5.50004e+13,5.50004e+13,5.50004e+13,269.27025,5.50003e+13,0.219539,0,1,0,0,0,6,5.50004e+13,5.50004e+13,0,1,0,100,1.70701e+13,0,0,0,0,0.0438,0.0438,0.0438,51801,49680,51801,49680,0.177431,0.119539,1,0,0.0272,A,1707,0.002612,223184,5.50004e+13,7,1,1,5.50004e+13,5.50004e+13,5.50004e+13,5.50004e+13,269.27025,5.50003e+13,0.219539,0,1,0,0,0,6,5.50004e+13,5.50004e+13,0,1,0,100,1.70701e+13,0,0,0,0,0.0438,0.0438,0.0438,51801,49680,51801,49680,0.177431,0.119539,1,0,0.0272,A,1707,NA,NA,724,0.013462156,0.190729654,,,
725,-121.94317,45.78793,2068,399,1176,Point,0,149,1/4/18,2,1522756,Martha Creek,0.116896,1.70701e+13,1,NA,460,46006,0,1,0,5.50004e+13,1707,1,182835,5.50004e+13,5,5,5,5.50004e+13,5.50004e+13,5.50004e+13,5.50004e+13,268.229514,5.50003e+13,26.535617,0,0,0,5.50004e+13,5.50004e+13,5,5.50004e+13,5.50004e+13,0,1,82.643303,85.709862,1.70701e+13,0,0,0,0,0.0349,4.3856,4.3856,-9998,39816,40352,40352,1e-05,0.116896,0,0,0,A,1707,0.001376,182835,5.50004e+13,5,5,5,5.50004e+13,5.50004e+13,5.50004e+13,5.50004e+13,268.229514,5.50003e+13,26.535617,0,0,0,5.50004e+13,5.50004e+13,5,5.50004e+13,5.50004e+13,0,1,82.643303,85.709862,1.70701e+13,0,0,0,0,0.0349,4.3856,4.3856,-9998,39816,40352,40352,1e-05,0.116896,0,0,0,A,1707,NA,NA,725,0.692870754,0.044112798,,,
726,-121.942923,45.787983,2068,400,1177,Point,0,149,1/4/18,2,1522756,Martha Creek,0.116896,1.70701e+13,1,NA,460,46006,0,1,0,5.50004e+13,1707,1,182835,5.50004e+13,5,5,5,5.50004e+13,5.50004e+13,5.50004e+13,5.50004e+13,268.229514,5.50003e+13,26.535617,0,0,0,5.50004e+13,5.50004e+13,5,5.50004e+13,5.50004e+13,0,1,82.643303,85.709862,1.70701e+13,0,0,0,0,0.0349,4.3856,4.3856,-9998,39816,40352,40352,1e-05,0.116896,0,0,0,A,1707,0.001376,182835,5.50004e+13,5,5,5,5.50004e+13,5.50004e+13,5.50004e+13,5.50004e+13,268.229514,5.50003e+13,26.535617,0,0,0,5.50004e+13,5.50004e+13,5,5.50004e+13,5.50004e+13,0,1,82.643303,85.709862,1.70701e+13,0,0,0,0,0.0349,4.3856,4.3856,-9998,39816,40352,40352,1e-05,0.116896,0,0,0,A,1707,NA,NA,726,0.694770505,0.058489671,,,
727,-121.942701,45.788097,2068,401,1178,Point,0,149,1/4/18,2,1522756,Martha Creek,0.116896,1.70701e+13,1,NA,460,46006,0,1,0,5.50004e+13,1707,1,182835,5.50004e+13,5,5,5,5.50004e+13,5.50004e+13,5.50004e+13,5.50004e+13,268.229514,5.50003e+13,26.535617,0,0,0,5.50004e+13,5.50004e+13,5,5.50004e+13,5.50004e+13,0,1,82.643303,85.709862,1.70701e+13,0,0,0,0,0.0349,4.3856,4.3856,-9998,39816,40352,40352,1e-05,0.116896,0,0,0,A,1707,0.001376,182835,5.50004e+13,5,5,5,5.50004e+13,5.50004e+13,5.50004e+13,5.50004e+13,268.229514,5.50003e+13,26.535617,0,0,0,5.50004e+13,5.50004e+13,5,5.50004e+13,5.50004e+13,0,1,82.643303,85.709862,1.70701e+13,0,0,0,0,0.0349,4.3856,4.3856,-9998,39816,40352,40352,1e-05,0.116896,0,0,0,A,1707,NA,NA,727,0.696795464,0.085813038,,,
728,-121.942463,45.788191,2068,402,1179,Point,0,149,1/4/18,2,1522756,Martha Creek,0.116896,1.70701e+13,1,NA,460,46006,0,1,0,5.50004e+13,1707,1,182835,5.50004e+13,5,5,5,5.50004e+13,5.50004e+13,5.50004e+13,5.50004e+13,268.229514,5.50003e+13,26.535617,0,0,0,5.50004e+13,5.50004e+13,5,5.50004e+13,5.50004e+13,0,1,82.643303,85.709862,1.70701e+13,0,0,0,0,0.0349,4.3856,4.3856,-9998,39816,40352,40352,1e-05,0.116896,0,0,0,A,1707,0.001376,182835,5.50004e+13,5,5,5,5.50004e+13,5.50004e+13,5.50004e+13,5.50004e+13,268.229514,5.50003e+13,26.535617,0,0,0,5.50004e+13,5.50004e+13,5,5.50004e+13,5.50004e+13,0,1,82.643303,85.709862,1.70701e+13,0,0,0,0,0.0349,4.3856,4.3856,-9998,39816,40352,40352,1e-05,0.116896,0,0,0,A,1707,NA,NA,728,0.698805149,0.054354313,,,
729,-121.942247,45.78833,2068,403,1180,Point,0,149,1/4/18,2,1522756,Martha Creek,0.116896,1.70701e+13,1,NA,460,46006,0,1,0,5.50004e+13,1707,1,182835,5.50004e+13,5,5,5,5.50004e+13,5.50004e+13,5.50004e+13,5.50004e+13,268.229514,5.50003e+13,26.535617,0,0,0,5.50004e+13,5.50004e+13,5,5.50004e+13,5.50004e+13,0,1,82.643303,85.709862,1.70701e+13,0,0,0,0,0.0349,4.3856,4.3856,-9998,39816,40352,40352,1e-05,0.116896,0,0,0,A,1707,0.001376,182835,5.50004e+13,5,5,5,5.50004e+13,5.50004e+13,5.50004e+13,5.50004e+13,268.229514,5.50003e+13,26.535617,0,0,0,5.50004e+13,5.50004e+13,5,5.50004e+13,5.50004e+13,0,1,82.643303,85.709862,1.70701e+13,0,0,0,0,0.0349,4.3856,4.3856,-9998,39816,40352,40352,1e-05,0.116896,0,0,0,A,1707,NA,NA,729,0.700963176,0.086863919,,,
730,-121.942009,45.788408,2068,404,1181,Point,0,149,1/4/18,2,1522756,Martha Creek,0.116896,1.70701e+13,1,NA,460,46006,0,1,0,5.50004e+13,1707,1,182835,5.50004e+13,5,5,5,5.50004e+13,5.50004e+13,5.50004e+13,5.50004e+13,268.229514,5.50003e+13,26.535617,0,0,0,5.50004e+13,5.50004e+13,5,5.50004e+13,5.50004e+13,0,1,82.643303,85.709862,1.70701e+13,0,0,0,0,0.0349,4.3856,4.3856,-9998,39816,40352,40352,1e-05,0.116896,0,0,0,A,1707,0.001376,182835,5.50004e+13,5,5,5,5.50004e+13,5.50004e+13,5.50004e+13,5.50004e+13,268.229514,5.50003e+13,26.535617,0,0,0,5.50004e+13,5.50004e+13,5,5.50004e+13,5.50004e+13,0,1,82.643303,85.709862,1.70701e+13,0,0,0,0,0.0349,4.3856,4.3856,-9998,39816,40352,40352,1e-05,0.116896,0,0,0,A,1707,NA,NA,730,0.702895737,0.063399372,,,
731,-121.941936,45.788365,2068,405,1182,Point,0,149,1/4/18,2,1522756,Martha Creek,0.116896,1.70701e+13,1,NA,460,46006,0,1,0,5.50004e+13,1707,1,182835,5.50004e+13,5,5,5,5.50004e+13,5.50004e+13,5.50004e+13,5.50004e+13,268.229514,5.50003e+13,26.535617,0,0,0,5.50004e+13,5.50004e+13,5,5.50004e+13,5.50004e+13,0,1,82.643303,85.709862,1.70701e+13,0,0,0,0,0.0349,4.3856,4.3856,-9998,39816,40352,40352,1e-05,0.116896,0,0,0,A,1707,0.001376,182835,5.50004e+13,5,5,5,5.50004e+13,5.50004e+13,5.50004e+13,5.50004e+13,268.229514,5.50003e+13,26.535617,0,0,0,5.50004e+13,5.50004e+13,5,5.50004e+13,5.50004e+13,0,1,82.643303,85.709862,1.70701e+13,0,0,0,0,0.0349,4.3856,4.3856,-9998,39816,40352,40352,1e-05,0.116896,0,0,0,A,1707,NA,NA,731,0.703597446,0.053399372,,,
732,-121.948246,45.795325,2069,192,1183,Point,0,150,1/4/18,2,NA,NA,0.208937,1.70701e+13,1,NA,460,46003,0,1,0,5.50004e+13,1707,1,263546,5.50004e+13,6,2,2,5.50004e+13,5.50004e+13,5.50004e+13,5.50004e+13,269.026084,5.50003e+13,1.160118,0,0,0,5.50004e+13,5.50004e+13,6,5.50004e+13,5.50004e+13,0,1,0,25.406969,1.70701e+13,0,0,0,0,0.0273,0.3014,0.3014,-9998,48621,53434,48659,0.228537,0.208937,0,0,0,A,1707,0.002294,263546,5.50004e+13,6,2,2,5.50004e+13,5.50004e+13,5.50004e+13,5.50004e+13,269.026084,5.50003e+13,1.160118,0,0,0,5.50004e+13,5.50004e+13,6,5.50004e+13,5.50004e+13,0,1,0,25.406969,1.70701e+13,0,0,0,0,0.0273,0.3014,0.3014,-9998,48621,53434,48659,0.228537,0.208937,0,0,0,A,1707,NA,NA,732,0.021484117,0.243894375,,,
733,-121.94817,45.795085,2069,193,1184,Point,0,150,1/4/18,2,NA,NA,0.208937,1.70701e+13,1,NA,460,46003,0,1,0,5.50004e+13,1707,1,263546,5.50004e+13,6,2,2,5.50004e+13,5.50004e+13,5.50004e+13,5.50004e+13,269.026084,5.50003e+13,1.160118,0,0,0,5.50004e+13,5.50004e+13,6,5.50004e+13,5.50004e+13,0,1,0,25.406969,1.70701e+13,0,0,0,0,0.0273,0.3014,0.3014,-9998,48621,53434,48659,0.228537,0.208937,0,0,0,A,1707,0.002294,263546,5.50004e+13,6,2,2,5.50004e+13,5.50004e+13,5.50004e+13,5.50004e+13,269.026084,5.50003e+13,1.160118,0,0,0,5.50004e+13,5.50004e+13,6,5.50004e+13,5.50004e+13,0,1,0,25.406969,1.70701e+13,0,0,0,0,0.0273,0.3014,0.3014,-9998,48621,53434,48659,0.228537,0.208937,0,0,0,A,1707,NA,NA,733,0.022616326,0.316927113,,,
734,-121.948083,45.794851,2069,194,1185,Point,0,150,1/4/18,2,NA,NA,0.208937,1.70701e+13,1,NA,460,46003,0,1,0,5.50004e+13,1707,1,263546,5.50004e+13,6,2,2,5.50004e+13,5.50004e+13,5.50004e+13,5.50004e+13,269.026084,5.50003e+13,1.160118,0,0,0,5.50004e+13,5.50004e+13,6,5.50004e+13,5.50004e+13,0,1,0,25.406969,1.70701e+13,0,0,0,0,0.0273,0.3014,0.3014,-9998,48621,53434,48659,0.228537,0.208937,0,0,0,A,1707,0.002294,263546,5.50004e+13,6,2,2,5.50004e+13,5.50004e+13,5.50004e+13,5.50004e+13,269.026084,5.50003e+13,1.160118,0,0,0,5.50004e+13,5.50004e+13,6,5.50004e+13,5.50004e+13,0,1,0,25.406969,1.70701e+13,0,0,0,0,0.0273,0.3014,0.3014,-9998,48621,53434,48659,0.228537,0.208937,0,0,0,A,1707,NA,NA,734,0.023729959,0.316927113,,,
735,-121.947999,45.794624,2069,195,1186,Point,0,150,1/4/18,2,NA,NA,0.208937,1.70701e+13,1,NA,460,46003,0,1,0,5.50004e+13,1707,1,263546,5.50004e+13,6,2,2,5.50004e+13,5.50004e+13,5.50004e+13,5.50004e+13,269.026084,5.50003e+13,1.160118,0,0,0,5.50004e+13,5.50004e+13,6,5.50004e+13,5.50004e+13,0,1,0,25.406969,1.70701e+13,0,0,0,0,0.0273,0.3014,0.3014,-9998,48621,53434,48659,0.228537,0.208937,0,0,0,A,1707,0.002294,263546,5.50004e+13,6,2,2,5.50004e+13,5.50004e+13,5.50004e+13,5.50004e+13,269.026084,5.50003e+13,1.160118,0,0,0,5.50004e+13,5.50004e+13,6,5.50004e+13,5.50004e+13,0,1,0,25.406969,1.70701e+13,0,0,0,0,0.0273,0.3014,0.3014,-9998,48621,53434,48659,0.228537,0.208937,0,0,0,A,1707,NA,NA,735,0.024809956,0.315025792,,,
736,-121.947805,45.79447,2069,196,1187,Point,0,150,1/4/18,2,NA,NA,0.208937,1.70701e+13,1,NA,460,46003,0,1,0,5.50004e+13,1707,1,263546,5.50004e+13,6,2,2,5.50004e+13,5.50004e+13,5.50004e+13,5.50004e+13,269.026084,5.50003e+13,1.160118,0,0,0,5.50004e+13,5.50004e+13,6,5.50004e+13,5.50004e+13,0,1,0,25.406969,1.70701e+13,0,0,0,0,0.0273,0.3014,0.3014,-9998,48621,53434,48659,0.228537,0.208937,0,0,0,A,1707,0.002294,263546,5.50004e+13,6,2,2,5.50004e+13,5.50004e+13,5.50004e+13,5.50004e+13,269.026084,5.50003e+13,1.160118,0,0,0,5.50004e+13,5.50004e+13,6,5.50004e+13,5.50004e+13,0,1,0,25.406969,1.70701e+13,0,0,0,0,0.0273,0.3014,0.3014,-9998,48621,53434,48659,0.228537,0.208937,0,0,0,A,1707,NA,NA,736,0.025755368,0.341827165,,,
737,-121.947578,45.794353,2069,197,1188,Point,0,150,1/4/18,2,NA,NA,0.208937,1.70701e+13,1,NA,460,46003,0,1,0,5.50004e+13,1707,1,263546,5.50004e+13,6,2,2,5.50004e+13,5.50004e+13,5.50004e+13,5.50004e+13,269.026084,5.50003e+13,1.160118,0,0,0,5.50004e+13,5.50004e+13,6,5.50004e+13,5.50004e+13,0,1,0,25.406969,1.70701e+13,0,0,0,0,0.0273,0.3014,0.3014,-9998,48621,53434,48659,0.228537,0.208937,0,0,0,A,1707,0.002294,263546,5.50004e+13,6,2,2,5.50004e+13,5.50004e+13,5.50004e+13,5.50004e+13,269.026084,5.50003e+13,1.160118,0,0,0,5.50004e+13,5.50004e+13,6,5.50004e+13,5.50004e+13,0,1,0,25.406969,1.70701e+13,0,0,0,0,0.0273,0.3014,0.3014,-9998,48621,53434,48659,0.228537,0.208937,0,0,0,A,1707,NA,NA,737,0.026663833,0.33844726,,,
738,-121.947324,45.794319,2069,198,1189,Point,0,150,1/4/18,2,NA,NA,0.208937,1.70701e+13,1,NA,460,46003,0,1,0,5.50004e+13,1707,1,263546,5.50004e+13,6,2,2,5.50004e+13,5.50004e+13,5.50004e+13,5.50004e+13,269.026084,5.50003e+13,1.160118,0,0,0,5.50004e+13,5.50004e+13,6,5.50004e+13,5.50004e+13,0,1,0,25.406969,1.70701e+13,0,0,0,0,0.0273,0.3014,0.3014,-9998,48621,53434,48659,0.228537,0.208937,0,0,0,A,1707,0.002294,263546,5.50004e+13,6,2,2,5.50004e+13,5.50004e+13,5.50004e+13,5.50004e+13,269.026084,5.50003e+13,1.160118,0,0,0,5.50004e+13,5.50004e+13,6,5.50004e+13,5.50004e+13,0,1,0,25.406969,1.70701e+13,0,0,0,0,0.0273,0.3014,0.3014,-9998,48621,53434,48659,0.228537,0.208937,0,0,0,A,1707,NA,NA,738,0.027497048,0.344655843,,,
739,-121.947073,45.794275,2069,199,1190,Point,0,150,1/4/18,2,NA,NA,0.208937,1.70701e+13,1,NA,460,46003,0,1,0,5.50004e+13,1707,1,263546,5.50004e+13,6,2,2,5.50004e+13,5.50004e+13,5.50004e+13,5.50004e+13,269.026084,5.50003e+13,1.160118,0,0,0,5.50004e+13,5.50004e+13,6,5.50004e+13,5.50004e+13,0,1,0,25.406969,1.70701e+13,0,0,0,0,0.0273,0.3014,0.3014,-9998,48621,53434,48659,0.228537,0.208937,0,0,0,A,1707,0.002294,263546,5.50004e+13,6,2,2,5.50004e+13,5.50004e+13,5.50004e+13,5.50004e+13,269.026084,5.50003e+13,1.160118,0,0,0,5.50004e+13,5.50004e+13,6,5.50004e+13,5.50004e+13,0,1,0,25.406969,1.70701e+13,0,0,0,0,0.0273,0.3014,0.3014,-9998,48621,53434,48659,0.228537,0.208937,0,0,0,A,1707,NA,NA,739,0.028330756,0.274893323,,,
740,-121.94683,45.794345,2069,200,1191,Point,0,150,1/4/18,2,NA,NA,0.208937,1.70701e+13,1,NA,460,46003,0,1,0,5.50004e+13,1707,1,263546,5.50004e+13,6,2,2,5.50004e+13,5.50004e+13,5.50004e+13,5.50004e+13,269.026084,5.50003e+13,1.160118,0,0,0,5.50004e+13,5.50004e+13,6,5.50004e+13,5.50004e+13,0,1,0,25.406969,1.70701e+13,0,0,0,0,0.0273,0.3014,0.3014,-9998,48621,53434,48659,0.228537,0.208937,0,0,0,A,1707,0.002294,263546,5.50004e+13,6,2,2,5.50004e+13,5.50004e+13,5.50004e+13,5.50004e+13,269.026084,5.50003e+13,1.160118,0,0,0,5.50004e+13,5.50004e+13,6,5.50004e+13,5.50004e+13,0,1,0,25.406969,1.70701e+13,0,0,0,0,0.0273,0.3014,0.3014,-9998,48621,53434,48659,0.228537,0.208937,0,0,0,A,1707,NA,NA,740,0.029177469,0.194158414,,,
741,-121.946617,45.794372,2069,201,1192,Point,0,150,1/4/18,2,NA,NA,0.208937,1.70701e+13,1,NA,460,46003,0,1,0,5.50004e+13,1707,1,263546,5.50004e+13,6,2,2,5.50004e+13,5.50004e+13,5.50004e+13,5.50004e+13,269.026084,5.50003e+13,1.160118,0,0,0,5.50004e+13,5.50004e+13,6,5.50004e+13,5.50004e+13,0,1,0,25.406969,1.70701e+13,0,0,0,0,0.0273,0.3014,0.3014,-9998,48621,53434,48659,0.228537,0.208937,0,0,0,A,1707,0.002294,263546,5.50004e+13,6,2,2,5.50004e+13,5.50004e+13,5.50004e+13,5.50004e+13,269.026084,5.50003e+13,1.160118,0,0,0,5.50004e+13,5.50004e+13,6,5.50004e+13,5.50004e+13,0,1,0,25.406969,1.70701e+13,0,0,0,0,0.0273,0.3014,0.3014,-9998,48621,53434,48659,0.228537,0.208937,0,0,0,A,1707,NA,NA,741,0.029874913,0.138024721,,,
742,-121.951997,45.790528,2070,708,1218,Point,0,153,1/4/18,2,NA,NA,0.532302,1.70701e+13,1,NA,460,46003,0,1,0,5.50004e+13,1707,1,34194,5.50004e+13,7,1,1,5.50004e+13,5.50004e+13,5.50004e+13,5.50004e+13,268.678749,5.50003e+13,0.532302,0,1,0,0,0,6,5.50004e+13,5.50004e+13,0,1,0,100,1.70701e+13,0,0,0,0,0.0642,0.0642,0.0642,54302,42337,54302,42337,0.276774,0.432302,1,0,0.0146,A,1707,0.006342,34194,5.50004e+13,7,1,1,5.50004e+13,5.50004e+13,5.50004e+13,5.50004e+13,268.678749,5.50003e+13,0.532302,0,1,0,0,0,6,5.50004e+13,5.50004e+13,0,1,0,100,1.70701e+13,0,0,0,0,0.0642,0.0642,0.0642,54302,42337,54302,42337,0.276774,0.432302,1,0,0.0146,A,1707,NA,NA,742,0.009866101,0.250881734,,,
743,-121.951774,45.790416,2070,709,1219,Point,0,153,1/4/18,2,NA,NA,0.532302,1.70701e+13,1,NA,460,46003,0,1,0,5.50004e+13,1707,1,34194,5.50004e+13,7,1,1,5.50004e+13,5.50004e+13,5.50004e+13,5.50004e+13,268.678749,5.50003e+13,0.532302,0,1,0,0,0,6,5.50004e+13,5.50004e+13,0,1,0,100,1.70701e+13,0,0,0,0,0.0642,0.0642,0.0642,54302,42337,54302,42337,0.276774,0.432302,1,0,0.0146,A,1707,0.006342,34194,5.50004e+13,7,1,1,5.50004e+13,5.50004e+13,5.50004e+13,5.50004e+13,268.678749,5.50003e+13,0.532302,0,1,0,0,0,6,5.50004e+13,5.50004e+13,0,1,0,100,1.70701e+13,0,0,0,0,0.0642,0.0642,0.0642,54302,42337,54302,42337,0.276774,0.432302,1,0,0.0146,A,1707,NA,NA,743,0.010276617,0.238948793,,,
744,-121.951527,45.790365,2070,710,1220,Point,0,153,1/4/18,2,NA,NA,0.532302,1.70701e+13,1,NA,460,46003,0,1,0,5.50004e+13,1707,1,34194,5.50004e+13,7,1,1,5.50004e+13,5.50004e+13,5.50004e+13,5.50004e+13,268.678749,5.50003e+13,0.532302,0,1,0,0,0,6,5.50004e+13,5.50004e+13,0,1,0,100,1.70701e+13,0,0,0,0,0.0642,0.0642,0.0642,54302,42337,54302,42337,0.276774,0.432302,1,0,0.0146,A,1707,0.006342,34194,5.50004e+13,7,1,1,5.50004e+13,5.50004e+13,5.50004e+13,5.50004e+13,268.678749,5.50003e+13,0.532302,0,1,0,0,0,6,5.50004e+13,5.50004e+13,0,1,0,100,1.70701e+13,0,0,0,0,0.0642,0.0642,0.0642,54302,42337,54302,42337,0.276774,0.432302,1,0,0.0146,A,1707,NA,NA,744,0.010661735,0.179483298,,,
745,-121.95128,45.79032,2070,711,1221,Point,0,153,1/4/18,2,NA,NA,0.532302,1.70701e+13,1,NA,460,46003,0,1,0,5.50004e+13,1707,1,34194,5.50004e+13,7,1,1,5.50004e+13,5.50004e+13,5.50004e+13,5.50004e+13,268.678749,5.50003e+13,0.532302,0,1,0,0,0,6,5.50004e+13,5.50004e+13,0,1,0,100,1.70701e+13,0,0,0,0,0.0642,0.0642,0.0642,54302,42337,54302,42337,0.276774,0.432302,1,0,0.0146,A,1707,0.006342,34194,5.50004e+13,7,1,1,5.50004e+13,5.50004e+13,5.50004e+13,5.50004e+13,268.678749,5.50003e+13,0.532302,0,1,0,0,0,6,5.50004e+13,5.50004e+13,0,1,0,100,1.70701e+13,0,0,0,0,0.0642,0.0642,0.0642,54302,42337,54302,42337,0.276774,0.432302,1,0,0.0146,A,1707,NA,NA,745,0.011043421,0.167112043,,,
746,-121.951031,45.790264,2070,712,1222,Point,0,153,1/4/18,2,NA,NA,0.532302,1.70701e+13,1,NA,460,46003,0,1,0,5.50004e+13,1707,1,34194,5.50004e+13,7,1,1,5.50004e+13,5.50004e+13,5.50004e+13,5.50004e+13,268.678749,5.50003e+13,0.532302,0,1,0,0,0,6,5.50004e+13,5.50004e+13,0,1,0,100,1.70701e+13,0,0,0,0,0.0642,0.0642,0.0642,54302,42337,54302,42337,0.276774,0.432302,1,0,0.0146,A,1707,0.006342,34194,5.50004e+13,7,1,1,5.50004e+13,5.50004e+13,5.50004e+13,5.50004e+13,268.678749,5.50003e+13,0.532302,0,1,0,0,0,6,5.50004e+13,5.50004e+13,0,1,0,100,1.70701e+13,0,0,0,0,0.0642,0.0642,0.0642,54302,42337,54302,42337,0.276774,0.432302,1,0,0.0146,A,1707,NA,NA,746,0.011434547,0.170955388,,,
747,-121.950792,45.790186,2070,713,1223,Point,0,153,1/4/18,2,NA,NA,0.532302,1.70701e+13,1,NA,460,46003,0,1,0,5.50004e+13,1707,1,34194,5.50004e+13,7,1,1,5.50004e+13,5.50004e+13,5.50004e+13,5.50004e+13,268.678749,5.50003e+13,0.532302,0,1,0,0,0,6,5.50004e+13,5.50004e+13,0,1,0,100,1.70701e+13,0,0,0,0,0.0642,0.0642,0.0642,54302,42337,54302,42337,0.276774,0.432302,1,0,0.0146,A,1707,0.006342,34194,5.50004e+13,7,1,1,5.50004e+13,5.50004e+13,5.50004e+13,5.50004e+13,268.678749,5.50003e+13,0.532302,0,1,0,0,0,6,5.50004e+13,5.50004e+13,0,1,0,100,1.70701e+13,0,0,0,0,0.0642,0.0642,0.0642,54302,42337,54302,42337,0.276774,0.432302,1,0,0.0146,A,1707,NA,NA,747,0.011828929,0.203281065,,,
748,-121.950539,45.790221,2070,714,1224,Point,0,153,1/4/18,2,NA,NA,0.532302,1.70701e+13,1,NA,460,46003,0,1,0,5.50004e+13,1707,1,34194,5.50004e+13,7,1,1,5.50004e+13,5.50004e+13,5.50004e+13,5.50004e+13,268.678749,5.50003e+13,0.532302,0,1,0,0,0,6,5.50004e+13,5.50004e+13,0,1,0,100,1.70701e+13,0,0,0,0,0.0642,0.0642,0.0642,54302,42337,54302,42337,0.276774,0.432302,1,0,0.0146,A,1707,0.006342,34194,5.50004e+13,7,1,1,5.50004e+13,5.50004e+13,5.50004e+13,5.50004e+13,268.678749,5.50003e+13,0.532302,0,1,0,0,0,6,5.50004e+13,5.50004e+13,0,1,0,100,1.70701e+13,0,0,0,0,0.0642,0.0642,0.0642,54302,42337,54302,42337,0.276774,0.432302,1,0,0.0146,A,1707,NA,NA,748,0.012214594,0.203281065,,,
749,-121.950303,45.790207,2070,715,1225,Point,0,153,1/4/18,2,NA,NA,0.532302,1.70701e+13,1,NA,460,46003,0,1,0,5.50004e+13,1707,1,34194,5.50004e+13,7,1,1,5.50004e+13,5.50004e+13,5.50004e+13,5.50004e+13,268.678749,5.50003e+13,0.532302,0,1,0,0,0,6,5.50004e+13,5.50004e+13,0,1,0,100,1.70701e+13,0,0,0,0,0.0642,0.0642,0.0642,54302,42337,54302,42337,0.276774,0.432302,1,0,0.0146,A,1707,0.006342,34194,5.50004e+13,7,1,1,5.50004e+13,5.50004e+13,5.50004e+13,5.50004e+13,268.678749,5.50003e+13,0.532302,0,1,0,0,0,6,5.50004e+13,5.50004e+13,0,1,0,100,1.70701e+13,0,0,0,0,0.0642,0.0642,0.0642,54302,42337,54302,42337,0.276774,0.432302,1,0,0.0146,A,1707,NA,NA,749,0.012568778,0.253668842,,,
750,-121.950084,45.790082,2070,716,1226,Point,0,153,1/4/18,2,NA,NA,0.532302,1.70701e+13,1,NA,460,46003,0,1,0,5.50004e+13,1707,1,34194,5.50004e+13,7,1,1,5.50004e+13,5.50004e+13,5.50004e+13,5.50004e+13,268.678749,5.50003e+13,0.532302,0,1,0,0,0,6,5.50004e+13,5.50004e+13,0,1,0,100,1.70701e+13,0,0,0,0,0.0642,0.0642,0.0642,54302,42337,54302,42337,0.276774,0.432302,1,0,0.0146,A,1707,0.006342,34194,5.50004e+13,7,1,1,5.50004e+13,5.50004e+13,5.50004e+13,5.50004e+13,268.678749,5.50003e+13,0.532302,0,1,0,0,0,6,5.50004e+13,5.50004e+13,0,1,0,100,1.70701e+13,0,0,0,0,0.0642,0.0642,0.0642,54302,42337,54302,42337,0.276774,0.432302,1,0,0.0146,A,1707,NA,NA,750,0.012991448,0.327876378,,,
751,-121.949881,45.78993,2070,717,1227,Point,0,153,1/4/18,2,NA,NA,0.532302,1.70701e+13,1,NA,460,46003,0,1,0,5.50004e+13,1707,1,34194,5.50004e+13,7,1,1,5.50004e+13,5.50004e+13,5.50004e+13,5.50004e+13,268.678749,5.50003e+13,0.532302,0,1,0,0,0,6,5.50004e+13,5.50004e+13,0,1,0,100,1.70701e+13,0,0,0,0,0.0642,0.0642,0.0642,54302,42337,54302,42337,0.276774,0.432302,1,0,0.0146,A,1707,0.006342,34194,5.50004e+13,7,1,1,5.50004e+13,5.50004e+13,5.50004e+13,5.50004e+13,268.678749,5.50003e+13,0.532302,0,1,0,0,0,6,5.50004e+13,5.50004e+13,0,1,0,100,1.70701e+13,0,0,0,0,0.0642,0.0642,0.0642,54302,42337,54302,42337,0.276774,0.432302,1,0,0.0146,A,1707,NA,NA,751,0.013436111,0.349493227,,,
752,-121.949672,45.78978,2070,718,1228,Point,0,153,1/4/18,2,NA,NA,0.532302,1.70701e+13,1,NA,460,46003,0,1,0,5.50004e+13,1707,1,34194,5.50004e+13,7,1,1,5.50004e+13,5.50004e+13,5.50004e+13,5.50004e+13,268.678749,5.50003e+13,0.532302,0,1,0,0,0,6,5.50004e+13,5.50004e+13,0,1,0,100,1.70701e+13,0,0,0,0,0.0642,0.0642,0.0642,54302,42337,54302,42337,0.276774,0.432302,1,0,0.0146,A,1707,0.006342,34194,5.50004e+13,7,1,1,5.50004e+13,5.50004e+13,5.50004e+13,5.50004e+13,268.678749,5.50003e+13,0.532302,0,1,0,0,0,6,5.50004e+13,5.50004e+13,0,1,0,100,1.70701e+13,0,0,0,0,0.0642,0.0642,0.0642,54302,42337,54302,42337,0.276774,0.432302,1,0,0.0146,A,1707,NA,NA,752,0.013883876,0.333368173,,,
753,-121.949475,45.789623,2070,719,1229,Point,0,153,1/4/18,2,NA,NA,0.532302,1.70701e+13,1,NA,460,46003,0,1,0,5.50004e+13,1707,1,34194,5.50004e+13,7,1,1,5.50004e+13,5.50004e+13,5.50004e+13,5.50004e+13,268.678749,5.50003e+13,0.532302,0,1,0,0,0,6,5.50004e+13,5.50004e+13,0,1,0,100,1.70701e+13,0,0,0,0,0.0642,0.0642,0.0642,54302,42337,54302,42337,0.276774,0.432302,1,0,0.0146,A,1707,0.006342,34194,5.50004e+13,7,1,1,5.50004e+13,5.50004e+13,5.50004e+13,5.50004e+13,268.678749,5.50003e+13,0.532302,0,1,0,0,0,6,5.50004e+13,5.50004e+13,0,1,0,100,1.70701e+13,0,0,0,0,0.0642,0.0642,0.0642,54302,42337,54302,42337,0.276774,0.432302,1,0,0.0146,A,1707,NA,NA,753,0.014330439,0.333368173,,,
754,-121.949239,45.789525,2070,720,1230,Point,0,153,1/4/18,2,NA,NA,0.532302,1.70701e+13,1,NA,460,46003,0,1,0,5.50004e+13,1707,1,34194,5.50004e+13,7,1,1,5.50004e+13,5.50004e+13,5.50004e+13,5.50004e+13,268.678749,5.50003e+13,0.532302,0,1,0,0,0,6,5.50004e+13,5.50004e+13,0,1,0,100,1.70701e+13,0,0,0,0,0.0642,0.0642,0.0642,54302,42337,54302,42337,0.276774,0.432302,1,0,0.0146,A,1707,0.006342,34194,5.50004e+13,7,1,1,5.50004e+13,5.50004e+13,5.50004e+13,5.50004e+13,268.678749,5.50003e+13,0.532302,0,1,0,0,0,6,5.50004e+13,5.50004e+13,0,1,0,100,1.70701e+13,0,0,0,0,0.0642,0.0642,0.0642,54302,42337,54302,42337,0.276774,0.432302,1,0,0.0146,A,1707,NA,NA,754,0.014740851,0.340319203,,,
755,-121.949011,45.789421,2070,721,1231,Point,0,153,1/4/18,2,NA,NA,0.532302,1.70701e+13,1,NA,460,46003,0,1,0,5.50004e+13,1707,1,34194,5.50004e+13,7,1,1,5.50004e+13,5.50004e+13,5.50004e+13,5.50004e+13,268.678749,5.50003e+13,0.532302,0,1,0,0,0,6,5.50004e+13,5.50004e+13,0,1,0,100,1.70701e+13,0,0,0,0,0.0642,0.0642,0.0642,54302,42337,54302,42337,0.276774,0.432302,1,0,0.0146,A,1707,0.006342,34194,5.50004e+13,7,1,1,5.50004e+13,5.50004e+13,5.50004e+13,5.50004e+13,268.678749,5.50003e+13,0.532302,0,1,0,0,0,6,5.50004e+13,5.50004e+13,0,1,0,100,1.70701e+13,0,0,0,0,0.0642,0.0642,0.0642,54302,42337,54302,42337,0.276774,0.432302,1,0,0.0146,A,1707,NA,NA,755,0.015147883,0.330049472,,,
756,-121.948799,45.789276,2070,722,1232,Point,0,153,1/4/18,2,NA,NA,0.532302,1.70701e+13,1,NA,460,46003,0,1,0,5.50004e+13,1707,1,34194,5.50004e+13,7,1,1,5.50004e+13,5.50004e+13,5.50004e+13,5.50004e+13,268.678749,5.50003e+13,0.532302,0,1,0,0,0,6,5.50004e+13,5.50004e+13,0,1,0,100,1.70701e+13,0,0,0,0,0.0642,0.0642,0.0642,54302,42337,54302,42337,0.276774,0.432302,1,0,0.0146,A,1707,0.006342,34194,5.50004e+13,7,1,1,5.50004e+13,5.50004e+13,5.50004e+13,5.50004e+13,268.678749,5.50003e+13,0.532302,0,1,0,0,0,6,5.50004e+13,5.50004e+13,0,1,0,100,1.70701e+13,0,0,0,0,0.0642,0.0642,0.0642,54302,42337,54302,42337,0.276774,0.432302,1,0,0.0146,A,1707,NA,NA,756,0.015591256,0.362481391,,,
757,-121.948562,45.789192,2070,723,1233,Point,0,153,1/4/18,2,NA,NA,0.532302,1.70701e+13,1,NA,460,46003,0,1,0,5.50004e+13,1707,1,34194,5.50004e+13,7,1,1,5.50004e+13,5.50004e+13,5.50004e+13,5.50004e+13,268.678749,5.50003e+13,0.532302,0,1,0,0,0,6,5.50004e+13,5.50004e+13,0,1,0,100,1.70701e+13,0,0,0,0,0.0642,0.0642,0.0642,54302,42337,54302,42337,0.276774,0.432302,1,0,0.0146,A,1707,0.006342,34194,5.50004e+13,7,1,1,5.50004e+13,5.50004e+13,5.50004e+13,5.50004e+13,268.678749,5.50003e+13,0.532302,0,1,0,0,0,6,5.50004e+13,5.50004e+13,0,1,0,100,1.70701e+13,0,0,0,0,0.0642,0.0642,0.0642,54302,42337,54302,42337,0.276774,0.432302,1,0,0.0146,A,1707,NA,NA,757,0.015988565,0.416423557,,,
758,-121.948308,45.789212,2070,724,1234,Point,0,153,1/4/18,2,NA,NA,0.532302,1.70701e+13,1,NA,460,46003,0,1,0,5.50004e+13,1707,1,34194,5.50004e+13,7,1,1,5.50004e+13,5.50004e+13,5.50004e+13,5.50004e+13,268.678749,5.50003e+13,0.532302,0,1,0,0,0,6,5.50004e+13,5.50004e+13,0,1,0,100,1.70701e+13,0,0,0,0,0.0642,0.0642,0.0642,54302,42337,54302,42337,0.276774,0.432302,1,0,0.0146,A,1707,0.006342,34194,5.50004e+13,7,1,1,5.50004e+13,5.50004e+13,5.50004e+13,5.50004e+13,268.678749,5.50003e+13,0.532302,0,1,0,0,0,6,5.50004e+13,5.50004e+13,0,1,0,100,1.70701e+13,0,0,0,0,0.0642,0.0642,0.0642,54302,42337,54302,42337,0.276774,0.432302,1,0,0.0146,A,1707,NA,NA,758,0.016370805,0.416423557,,,
759,-121.94806,45.789271,2070,725,1235,Point,0,153,1/4/18,2,NA,NA,0.532302,1.70701e+13,1,NA,460,46003,0,1,0,5.50004e+13,1707,1,34194,5.50004e+13,7,1,1,5.50004e+13,5.50004e+13,5.50004e+13,5.50004e+13,268.678749,5.50003e+13,0.532302,0,1,0,0,0,6,5.50004e+13,5.50004e+13,0,1,0,100,1.70701e+13,0,0,0,0,0.0642,0.0642,0.0642,54302,42337,54302,42337,0.276774,0.432302,1,0,0.0146,A,1707,0.006342,34194,5.50004e+13,7,1,1,5.50004e+13,5.50004e+13,5.50004e+13,5.50004e+13,268.678749,5.50003e+13,0.532302,0,1,0,0,0,6,5.50004e+13,5.50004e+13,0,1,0,100,1.70701e+13,0,0,0,0,0.0642,0.0642,0.0642,54302,42337,54302,42337,0.276774,0.432302,1,0,0.0146,A,1707,NA,NA,759,0.016762531,0.44501771,,,
760,-121.947812,45.789255,2070,726,1236,Point,0,153,1/4/18,2,NA,NA,0.532302,1.70701e+13,1,NA,460,46003,0,1,0,5.50004e+13,1707,1,34194,5.50004e+13,7,1,1,5.50004e+13,5.50004e+13,5.50004e+13,5.50004e+13,268.678749,5.50003e+13,0.532302,0,1,0,0,0,6,5.50004e+13,5.50004e+13,0,1,0,100,1.70701e+13,0,0,0,0,0.0642,0.0642,0.0642,54302,42337,54302,42337,0.276774,0.432302,1,0,0.0146,A,1707,0.006342,34194,5.50004e+13,7,1,1,5.50004e+13,5.50004e+13,5.50004e+13,5.50004e+13,268.678749,5.50003e+13,0.532302,0,1,0,0,0,6,5.50004e+13,5.50004e+13,0,1,0,100,1.70701e+13,0,0,0,0,0.0642,0.0642,0.0642,54302,42337,54302,42337,0.276774,0.432302,1,0,0.0146,A,1707,NA,NA,760,0.017134973,0.430984007,,,
761,-121.947586,45.789138,2070,727,1237,Point,0,153,1/4/18,2,NA,NA,0.532302,1.70701e+13,1,NA,460,46003,0,1,0,5.50004e+13,1707,1,34194,5.50004e+13,7,1,1,5.50004e+13,5.50004e+13,5.50004e+13,5.50004e+13,268.678749,5.50003e+13,0.532302,0,1,0,0,0,6,5.50004e+13,5.50004e+13,0,1,0,100,1.70701e+13,0,0,0,0,0.0642,0.0642,0.0642,54302,42337,54302,42337,0.276774,0.432302,1,0,0.0146,A,1707,0.006342,34194,5.50004e+13,7,1,1,5.50004e+13,5.50004e+13,5.50004e+13,5.50004e+13,268.678749,5.50003e+13,0.532302,0,1,0,0,0,6,5.50004e+13,5.50004e+13,0,1,0,100,1.70701e+13,0,0,0,0,0.0642,0.0642,0.0642,54302,42337,54302,42337,0.276774,0.432302,1,0,0.0146,A,1707,NA,NA,761,0.017555417,0.393635828,,,
762,-121.947361,45.789016,2070,728,1238,Point,0,153,1/4/18,2,NA,NA,0.532302,1.70701e+13,1,NA,460,46003,0,1,0,5.50004e+13,1707,1,34194,5.50004e+13,7,1,1,5.50004e+13,5.50004e+13,5.50004e+13,5.50004e+13,268.678749,5.50003e+13,0.532302,0,1,0,0,0,6,5.50004e+13,5.50004e+13,0,1,0,100,1.70701e+13,0,0,0,0,0.0642,0.0642,0.0642,54302,42337,54302,42337,0.276774,0.432302,1,0,0.0146,A,1707,0.006342,34194,5.50004e+13,7,1,1,5.50004e+13,5.50004e+13,5.50004e+13,5.50004e+13,268.678749,5.50003e+13,0.532302,0,1,0,0,0,6,5.50004e+13,5.50004e+13,0,1,0,100,1.70701e+13,0,0,0,0,0.0642,0.0642,0.0642,54302,42337,54302,42337,0.276774,0.432302,1,0,0.0146,A,1707,NA,NA,762,0.017981123,0.374230248,,,
763,-121.947122,45.788927,2070,729,1239,Point,0,153,1/4/18,2,NA,NA,0.532302,1.70701e+13,1,NA,460,46003,0,1,0,5.50004e+13,1707,1,34194,5.50004e+13,7,1,1,5.50004e+13,5.50004e+13,5.50004e+13,5.50004e+13,268.678749,5.50003e+13,0.532302,0,1,0,0,0,6,5.50004e+13,5.50004e+13,0,1,0,100,1.70701e+13,0,0,0,0,0.0642,0.0642,0.0642,54302,42337,54302,42337,0.276774,0.432302,1,0,0.0146,A,1707,0.006342,34194,5.50004e+13,7,1,1,5.50004e+13,5.50004e+13,5.50004e+13,5.50004e+13,268.678749,5.50003e+13,0.532302,0,1,0,0,0,6,5.50004e+13,5.50004e+13,0,1,0,100,1.70701e+13,0,0,0,0,0.0642,0.0642,0.0642,54302,42337,54302,42337,0.276774,0.432302,1,0,0.0146,A,1707,NA,NA,763,0.018386014,0.27880057,,,
764,-121.946869,45.788901,2070,730,1240,Point,0,153,1/4/18,2,NA,NA,0.532302,1.70701e+13,1,NA,460,46003,0,1,0,5.50004e+13,1707,1,34194,5.50004e+13,7,1,1,5.50004e+13,5.50004e+13,5.50004e+13,5.50004e+13,268.678749,5.50003e+13,0.532302,0,1,0,0,0,6,5.50004e+13,5.50004e+13,0,1,0,100,1.70701e+13,0,0,0,0,0.0642,0.0642,0.0642,54302,42337,54302,42337,0.276774,0.432302,1,0,0.0146,A,1707,0.006342,34194,5.50004e+13,7,1,1,5.50004e+13,5.50004e+13,5.50004e+13,5.50004e+13,268.678749,5.50003e+13,0.532302,0,1,0,0,0,6,5.50004e+13,5.50004e+13,0,1,0,100,1.70701e+13,0,0,0,0,0.0642,0.0642,0.0642,54302,42337,54302,42337,0.276774,0.432302,1,0,0.0146,A,1707,NA,NA,764,0.018768422,0.20713189,,,
765,-121.946633,45.78888,2070,731,1241,Point,0,153,1/4/18,2,NA,NA,0.532302,1.70701e+13,1,NA,460,46003,0,1,0,5.50004e+13,1707,1,34194,5.50004e+13,7,1,1,5.50004e+13,5.50004e+13,5.50004e+13,5.50004e+13,268.678749,5.50003e+13,0.532302,0,1,0,0,0,6,5.50004e+13,5.50004e+13,0,1,0,100,1.70701e+13,0,0,0,0,0.0642,0.0642,0.0642,54302,42337,54302,42337,0.276774,0.432302,1,0,0.0146,A,1707,0.006342,34194,5.50004e+13,7,1,1,5.50004e+13,5.50004e+13,5.50004e+13,5.50004e+13,268.678749,5.50003e+13,0.532302,0,1,0,0,0,6,5.50004e+13,5.50004e+13,0,1,0,100,1.70701e+13,0,0,0,0,0.0642,0.0642,0.0642,54302,42337,54302,42337,0.276774,0.432302,1,0,0.0146,A,1707,NA,NA,765,0.019124191,0.20713189,,,
766,-121.946379,45.788896,2070,732,1242,Point,0,153,1/4/18,2,NA,NA,0.532302,1.70701e+13,1,NA,460,46003,0,1,0,5.50004e+13,1707,1,34194,5.50004e+13,7,1,1,5.50004e+13,5.50004e+13,5.50004e+13,5.50004e+13,268.678749,5.50003e+13,0.532302,0,1,0,0,0,6,5.50004e+13,5.50004e+13,0,1,0,100,1.70701e+13,0,0,0,0,0.0642,0.0642,0.0642,54302,42337,54302,42337,0.276774,0.432302,1,0,0.0146,A,1707,0.006342,34194,5.50004e+13,7,1,1,5.50004e+13,5.50004e+13,5.50004e+13,5.50004e+13,268.678749,5.50003e+13,0.532302,0,1,0,0,0,6,5.50004e+13,5.50004e+13,0,1,0,100,1.70701e+13,0,0,0,0,0.0642,0.0642,0.0642,54302,42337,54302,42337,0.276774,0.432302,1,0,0.0146,A,1707,NA,NA,766,0.019505571,0.182402344,,,
767,-121.946228,45.788887,2070,733,1243,Point,0,153,1/4/18,2,NA,NA,0.532302,1.70701e+13,1,NA,460,46003,0,1,0,5.50004e+13,1707,1,34194,5.50004e+13,7,1,1,5.50004e+13,5.50004e+13,5.50004e+13,5.50004e+13,268.678749,5.50003e+13,0.532302,0,1,0,0,0,6,5.50004e+13,5.50004e+13,0,1,0,100,1.70701e+13,0,0,0,0,0.0642,0.0642,0.0642,54302,42337,54302,42337,0.276774,0.432302,1,0,0.0146,A,1707,0.006342,34194,5.50004e+13,7,1,1,5.50004e+13,5.50004e+13,5.50004e+13,5.50004e+13,268.678749,5.50003e+13,0.532302,0,1,0,0,0,6,5.50004e+13,5.50004e+13,0,1,0,100,1.70701e+13,0,0,0,0,0.0642,0.0642,0.0642,54302,42337,54302,42337,0.276774,0.432302,1,0,0.0146,A,1707,NA,NA,767,0.019732202,0.188742855,,,
768,-121.945712,45.788261,2071,289,1244,Point,0,154,1/4/18,2,NA,NA,0.044745,1.70701e+13,1,NA,460,46003,0,1,0,5.50004e+13,1707,1,79849,5.50004e+13,6,2,2,5.50004e+13,5.50004e+13,5.50004e+13,5.50004e+13,268.55019,5.50003e+13,2.159985,0,0,0,5.50004e+13,5.50004e+13,6,5.50004e+13,5.50004e+13,0,1,36.793671,58.788971,1.70701e+13,0,0,0,0,0.0059,0.3096,0.3096,-9998,40555,41617,41390,0.050732,0.044745,0,0,0,A,1707,0.000518,79849,5.50004e+13,6,2,2,5.50004e+13,5.50004e+13,5.50004e+13,5.50004e+13,268.55019,5.50003e+13,2.159985,0,0,0,5.50004e+13,5.50004e+13,6,5.50004e+13,5.50004e+13,0,1,36.793671,58.788971,1.70701e+13,0,0,0,0,0.0059,0.3096,0.3096,-9998,40555,41617,41390,0.050732,0.044745,0,0,0,A,1707,NA,NA,768,0.05249626,0.081071735,,,
769,-121.945467,45.788201,2071,290,1245,Point,0,154,1/4/18,2,NA,NA,0.044745,1.70701e+13,1,NA,460,46003,0,1,0,5.50004e+13,1707,1,79849,5.50004e+13,6,2,2,5.50004e+13,5.50004e+13,5.50004e+13,5.50004e+13,268.55019,5.50003e+13,2.159985,0,0,0,5.50004e+13,5.50004e+13,6,5.50004e+13,5.50004e+13,0,1,36.793671,58.788971,1.70701e+13,0,0,0,0,0.0059,0.3096,0.3096,-9998,40555,41617,41390,0.050732,0.044745,0,0,0,A,1707,0.000518,79849,5.50004e+13,6,2,2,5.50004e+13,5.50004e+13,5.50004e+13,5.50004e+13,268.55019,5.50003e+13,2.159985,0,0,0,5.50004e+13,5.50004e+13,6,5.50004e+13,5.50004e+13,0,1,36.793671,58.788971,1.70701e+13,0,0,0,0,0.0059,0.3096,0.3096,-9998,40555,41617,41390,0.050732,0.044745,0,0,0,A,1707,NA,NA,769,0.053335711,0.085435417,,,
770,-121.945262,45.78805,2071,291,1246,Point,0,154,1/4/18,2,NA,NA,0.044745,1.70701e+13,1,NA,460,46003,0,1,0,5.50004e+13,1707,1,79849,5.50004e+13,6,2,2,5.50004e+13,5.50004e+13,5.50004e+13,5.50004e+13,268.55019,5.50003e+13,2.159985,0,0,0,5.50004e+13,5.50004e+13,6,5.50004e+13,5.50004e+13,0,1,36.793671,58.788971,1.70701e+13,0,0,0,0,0.0059,0.3096,0.3096,-9998,40555,41617,41390,0.050732,0.044745,0,0,0,A,1707,0.000518,79849,5.50004e+13,6,2,2,5.50004e+13,5.50004e+13,5.50004e+13,5.50004e+13,268.55019,5.50003e+13,2.159985,0,0,0,5.50004e+13,5.50004e+13,6,5.50004e+13,5.50004e+13,0,1,36.793671,58.788971,1.70701e+13,0,0,0,0,0.0059,0.3096,0.3096,-9998,40555,41617,41390,0.050732,0.044745,0,0,0,A,1707,NA,NA,770,0.054298372,0.101560578,,,
771,-121.94526,45.788048,2071,292,1247,Point,0,154,1/4/18,2,NA,NA,0.044745,1.70701e+13,1,NA,460,46003,0,1,0,5.50004e+13,1707,1,79849,5.50004e+13,6,2,2,5.50004e+13,5.50004e+13,5.50004e+13,5.50004e+13,268.55019,5.50003e+13,2.159985,0,0,0,5.50004e+13,5.50004e+13,6,5.50004e+13,5.50004e+13,0,1,36.793671,58.788971,1.70701e+13,0,0,0,0,0.0059,0.3096,0.3096,-9998,40555,41617,41390,0.050732,0.044745,0,0,0,A,1707,0.000518,79849,5.50004e+13,6,2,2,5.50004e+13,5.50004e+13,5.50004e+13,5.50004e+13,268.55019,5.50003e+13,2.159985,0,0,0,5.50004e+13,5.50004e+13,6,5.50004e+13,5.50004e+13,0,1,36.793671,58.788971,1.70701e+13,0,0,0,0,0.0059,0.3096,0.3096,-9998,40555,41617,41390,0.050732,0.044745,0,0,0,A,1707,NA,NA,771,0.054309655,0.101560578,,,
772,-121.960189,45.783029,2072,300,1256,Point,0,157,1/4/18,2,NA,NA,0.051042,1.70701e+13,1,NA,460,46003,0,1,0,5.50004e+13,1707,1,13516,5.50004e+13,6,2,2,5.50004e+13,5.50004e+13,5.50004e+13,5.50004e+13,270.139061,5.50003e+13,0.571503,0,0,0,5.50004e+13,5.50004e+13,6,5.50004e+13,5.50004e+13,0,1,76.499367,81.275497,1.70701e+13,0,0,0,0,0.006,0.1105,0.1105,-9998,61307,63491,61506,0.388894,0.051042,0,0,0,A,1707,0.000651,13516,5.50004e+13,6,2,2,5.50004e+13,5.50004e+13,5.50004e+13,5.50004e+13,270.139061,5.50003e+13,0.571503,0,0,0,5.50004e+13,5.50004e+13,6,5.50004e+13,5.50004e+13,0,1,76.499367,81.275497,1.70701e+13,0,0,0,0,0.006,0.1105,0.1105,-9998,61307,63491,61506,0.388894,0.051042,0,0,0,A,1707,NA,NA,772,0.00685402,0.50517544,,,
773,-121.959931,45.783044,2072,301,1257,Point,0,157,1/4/18,2,NA,NA,0.051042,1.70701e+13,1,NA,460,46003,0,1,0,5.50004e+13,1707,1,13516,5.50004e+13,6,2,2,5.50004e+13,5.50004e+13,5.50004e+13,5.50004e+13,270.139061,5.50003e+13,0.571503,0,0,0,5.50004e+13,5.50004e+13,6,5.50004e+13,5.50004e+13,0,1,76.499367,81.275497,1.70701e+13,0,0,0,0,0.006,0.1105,0.1105,-9998,61307,63491,61506,0.388894,0.051042,0,0,0,A,1707,0.000651,13516,5.50004e+13,6,2,2,5.50004e+13,5.50004e+13,5.50004e+13,5.50004e+13,270.139061,5.50003e+13,0.571503,0,0,0,5.50004e+13,5.50004e+13,6,5.50004e+13,5.50004e+13,0,1,76.499367,81.275497,1.70701e+13,0,0,0,0,0.006,0.1105,0.1105,-9998,61307,63491,61506,0.388894,0.051042,0,0,0,A,1707,NA,NA,773,0.007587033,0.419996135,,,
774,-121.959675,45.783034,2072,302,1258,Point,0,157,1/4/18,2,NA,NA,0.051042,1.70701e+13,1,NA,460,46003,0,1,0,5.50004e+13,1707,1,13516,5.50004e+13,6,2,2,5.50004e+13,5.50004e+13,5.50004e+13,5.50004e+13,270.139061,5.50003e+13,0.571503,0,0,0,5.50004e+13,5.50004e+13,6,5.50004e+13,5.50004e+13,0,1,76.499367,81.275497,1.70701e+13,0,0,0,0,0.006,0.1105,0.1105,-9998,61307,63491,61506,0.388894,0.051042,0,0,0,A,1707,0.000651,13516,5.50004e+13,6,2,2,5.50004e+13,5.50004e+13,5.50004e+13,5.50004e+13,270.139061,5.50003e+13,0.571503,0,0,0,5.50004e+13,5.50004e+13,6,5.50004e+13,5.50004e+13,0,1,76.499367,81.275497,1.70701e+13,0,0,0,0,0.006,0.1105,0.1105,-9998,61307,63491,61506,0.388894,0.051042,0,0,0,A,1707,NA,NA,774,0.008312994,0.290617072,,,
775,-121.959543,45.783011,2072,303,1259,Point,0,157,1/4/18,2,NA,NA,0.051042,1.70701e+13,1,NA,460,46003,0,1,0,5.50004e+13,1707,1,13516,5.50004e+13,6,2,2,5.50004e+13,5.50004e+13,5.50004e+13,5.50004e+13,270.139061,5.50003e+13,0.571503,0,0,0,5.50004e+13,5.50004e+13,6,5.50004e+13,5.50004e+13,0,1,76.499367,81.275497,1.70701e+13,0,0,0,0,0.006,0.1105,0.1105,-9998,61307,63491,61506,0.388894,0.051042,0,0,0,A,1707,0.000651,13516,5.50004e+13,6,2,2,5.50004e+13,5.50004e+13,5.50004e+13,5.50004e+13,270.139061,5.50003e+13,0.571503,0,0,0,5.50004e+13,5.50004e+13,6,5.50004e+13,5.50004e+13,0,1,76.499367,81.275497,1.70701e+13,0,0,0,0,0.006,0.1105,0.1105,-9998,61307,63491,61506,0.388894,0.051042,0,0,0,A,1707,NA,NA,775,0.008698151,0.290617072,,,
776,-121.949338,45.791583,2073,304,1260,Point,0,158,1/4/18,2,NA,NA,0.436143,1.70701e+13,1,NA,460,46003,0,1,0,5.50004e+13,1707,1,271699,5.50004e+13,6,2,2,5.50004e+13,5.50004e+13,5.50004e+13,5.50004e+13,268.678749,5.50003e+13,1.040883,0,0,0,5.50004e+13,5.50004e+13,6,5.50004e+13,5.50004e+13,0,1,0,55.37812,1.70701e+13,0,0,0,0,0.0437,0.1274,0.1274,-9998,41756,50053,42337,0.176914,0.436143,0,0,0,A,1707,0.004677,271699,5.50004e+13,6,2,2,5.50004e+13,5.50004e+13,5.50004e+13,5.50004e+13,268.678749,5.50003e+13,1.040883,0,0,0,5.50004e+13,5.50004e+13,6,5.50004e+13,5.50004e+13,0,1,0,55.37812,1.70701e+13,0,0,0,0,0.0437,0.1274,0.1274,-9998,41756,50053,42337,0.176914,0.436143,0,0,0,A,1707,NA,NA,776,0.017457774,0.248480013,,,
777,-121.94913,45.791443,2073,305,1261,Point,0,158,1/4/18,2,NA,NA,0.436143,1.70701e+13,1,NA,460,46003,0,1,0,5.50004e+13,1707,1,271699,5.50004e+13,6,2,2,5.50004e+13,5.50004e+13,5.50004e+13,5.50004e+13,268.678749,5.50003e+13,1.040883,0,0,0,5.50004e+13,5.50004e+13,6,5.50004e+13,5.50004e+13,0,1,0,55.37812,1.70701e+13,0,0,0,0,0.0437,0.1274,0.1274,-9998,41756,50053,42337,0.176914,0.436143,0,0,0,A,1707,0.004677,271699,5.50004e+13,6,2,2,5.50004e+13,5.50004e+13,5.50004e+13,5.50004e+13,268.678749,5.50003e+13,1.040883,0,0,0,5.50004e+13,5.50004e+13,6,5.50004e+13,5.50004e+13,0,1,0,55.37812,1.70701e+13,0,0,0,0,0.0437,0.1274,0.1274,-9998,41756,50053,42337,0.176914,0.436143,0,0,0,A,1707,NA,NA,777,0.018172397,0.346377843,,,
778,-121.94895,45.791267,2073,306,1262,Point,0,158,1/4/18,2,NA,NA,0.436143,1.70701e+13,1,NA,460,46003,0,1,0,5.50004e+13,1707,1,271699,5.50004e+13,6,2,2,5.50004e+13,5.50004e+13,5.50004e+13,5.50004e+13,268.678749,5.50003e+13,1.040883,0,0,0,5.50004e+13,5.50004e+13,6,5.50004e+13,5.50004e+13,0,1,0,55.37812,1.70701e+13,0,0,0,0,0.0437,0.1274,0.1274,-9998,41756,50053,42337,0.176914,0.436143,0,0,0,A,1707,0.004677,271699,5.50004e+13,6,2,2,5.50004e+13,5.50004e+13,5.50004e+13,5.50004e+13,268.678749,5.50003e+13,1.040883,0,0,0,5.50004e+13,5.50004e+13,6,5.50004e+13,5.50004e+13,0,1,0,55.37812,1.70701e+13,0,0,0,0,0.0437,0.1274,0.1274,-9998,41756,50053,42337,0.176914,0.436143,0,0,0,A,1707,NA,NA,778,0.018938285,0.301995215,,,
779,-121.94874,45.791118,2073,307,1263,Point,0,158,1/4/18,2,NA,NA,0.436143,1.70701e+13,1,NA,460,46003,0,1,0,5.50004e+13,1707,1,271699,5.50004e+13,6,2,2,5.50004e+13,5.50004e+13,5.50004e+13,5.50004e+13,268.678749,5.50003e+13,1.040883,0,0,0,5.50004e+13,5.50004e+13,6,5.50004e+13,5.50004e+13,0,1,0,55.37812,1.70701e+13,0,0,0,0,0.0437,0.1274,0.1274,-9998,41756,50053,42337,0.176914,0.436143,0,0,0,A,1707,0.004677,271699,5.50004e+13,6,2,2,5.50004e+13,5.50004e+13,5.50004e+13,5.50004e+13,268.678749,5.50003e+13,1.040883,0,0,0,5.50004e+13,5.50004e+13,6,5.50004e+13,5.50004e+13,0,1,0,55.37812,1.70701e+13,0,0,0,0,0.0437,0.1274,0.1274,-9998,41756,50053,42337,0.176914,0.436143,0,0,0,A,1707,NA,NA,779,0.01967882,0.385270483,,,
780,-121.948535,45.790962,2073,308,1264,Point,0,158,1/4/18,2,NA,NA,0.436143,1.70701e+13,1,NA,460,46003,0,1,0,5.50004e+13,1707,1,271699,5.50004e+13,6,2,2,5.50004e+13,5.50004e+13,5.50004e+13,5.50004e+13,268.678749,5.50003e+13,1.040883,0,0,0,5.50004e+13,5.50004e+13,6,5.50004e+13,5.50004e+13,0,1,0,55.37812,1.70701e+13,0,0,0,0,0.0437,0.1274,0.1274,-9998,41756,50053,42337,0.176914,0.436143,0,0,0,A,1707,0.004677,271699,5.50004e+13,6,2,2,5.50004e+13,5.50004e+13,5.50004e+13,5.50004e+13,268.678749,5.50003e+13,1.040883,0,0,0,5.50004e+13,5.50004e+13,6,5.50004e+13,5.50004e+13,0,1,0,55.37812,1.70701e+13,0,0,0,0,0.0437,0.1274,0.1274,-9998,41756,50053,42337,0.176914,0.436143,0,0,0,A,1707,NA,NA,780,0.020428765,0.358994857,,,
781,-121.948312,45.790881,2073,309,1265,Point,0,158,1/4/18,2,NA,NA,0.436143,1.70701e+13,1,NA,460,46003,0,1,0,5.50004e+13,1707,1,271699,5.50004e+13,6,2,2,5.50004e+13,5.50004e+13,5.50004e+13,5.50004e+13,268.678749,5.50003e+13,1.040883,0,0,0,5.50004e+13,5.50004e+13,6,5.50004e+13,5.50004e+13,0,1,0,55.37812,1.70701e+13,0,0,0,0,0.0437,0.1274,0.1274,-9998,41756,50053,42337,0.176914,0.436143,0,0,0,A,1707,0.004677,271699,5.50004e+13,6,2,2,5.50004e+13,5.50004e+13,5.50004e+13,5.50004e+13,268.678749,5.50003e+13,1.040883,0,0,0,5.50004e+13,5.50004e+13,6,5.50004e+13,5.50004e+13,0,1,0,55.37812,1.70701e+13,0,0,0,0,0.0437,0.1274,0.1274,-9998,41756,50053,42337,0.176914,0.436143,0,0,0,A,1707,NA,NA,781,0.021050862,0.449355934,,,
782,-121.948096,45.790741,2073,310,1266,Point,0,158,1/4/18,2,NA,NA,0.436143,1.70701e+13,1,NA,460,46003,0,1,0,5.50004e+13,1707,1,271699,5.50004e+13,6,2,2,5.50004e+13,5.50004e+13,5.50004e+13,5.50004e+13,268.678749,5.50003e+13,1.040883,0,0,0,5.50004e+13,5.50004e+13,6,5.50004e+13,5.50004e+13,0,1,0,55.37812,1.70701e+13,0,0,0,0,0.0437,0.1274,0.1274,-9998,41756,50053,42337,0.176914,0.436143,0,0,0,A,1707,0.004677,271699,5.50004e+13,6,2,2,5.50004e+13,5.50004e+13,5.50004e+13,5.50004e+13,268.678749,5.50003e+13,1.040883,0,0,0,5.50004e+13,5.50004e+13,6,5.50004e+13,5.50004e+13,0,1,0,55.37812,1.70701e+13,0,0,0,0,0.0437,0.1274,0.1274,-9998,41756,50053,42337,0.176914,0.436143,0,0,0,A,1707,NA,NA,782,0.021779892,0.431179288,,,
783,-121.947844,45.790709,2073,311,1267,Point,0,158,1/4/18,2,NA,NA,0.436143,1.70701e+13,1,NA,460,46003,0,1,0,5.50004e+13,1707,1,271699,5.50004e+13,6,2,2,5.50004e+13,5.50004e+13,5.50004e+13,5.50004e+13,268.678749,5.50003e+13,1.040883,0,0,0,5.50004e+13,5.50004e+13,6,5.50004e+13,5.50004e+13,0,1,0,55.37812,1.70701e+13,0,0,0,0,0.0437,0.1274,0.1274,-9998,41756,50053,42337,0.176914,0.436143,0,0,0,A,1707,0.004677,271699,5.50004e+13,6,2,2,5.50004e+13,5.50004e+13,5.50004e+13,5.50004e+13,268.678749,5.50003e+13,1.040883,0,0,0,5.50004e+13,5.50004e+13,6,5.50004e+13,5.50004e+13,0,1,0,55.37812,1.70701e+13,0,0,0,0,0.0437,0.1274,0.1274,-9998,41756,50053,42337,0.176914,0.436143,0,0,0,A,1707,NA,NA,783,0.022413999,0.403523707,,,
784,-121.947598,45.790661,2073,312,1268,Point,0,158,1/4/18,2,NA,NA,0.436143,1.70701e+13,1,NA,460,46003,0,1,0,5.50004e+13,1707,1,271699,5.50004e+13,6,2,2,5.50004e+13,5.50004e+13,5.50004e+13,5.50004e+13,268.678749,5.50003e+13,1.040883,0,0,0,5.50004e+13,5.50004e+13,6,5.50004e+13,5.50004e+13,0,1,0,55.37812,1.70701e+13,0,0,0,0,0.0437,0.1274,0.1274,-9998,41756,50053,42337,0.176914,0.436143,0,0,0,A,1707,0.004677,271699,5.50004e+13,6,2,2,5.50004e+13,5.50004e+13,5.50004e+13,5.50004e+13,268.678749,5.50003e+13,1.040883,0,0,0,5.50004e+13,5.50004e+13,6,5.50004e+13,5.50004e+13,0,1,0,55.37812,1.70701e+13,0,0,0,0,0.0437,0.1274,0.1274,-9998,41756,50053,42337,0.176914,0.436143,0,0,0,A,1707,NA,NA,784,0.023046304,0.382496348,,,
785,-121.947347,45.790655,2073,313,1269,Point,0,158,1/4/18,2,NA,NA,0.436143,1.70701e+13,1,NA,460,46003,0,1,0,5.50004e+13,1707,1,271699,5.50004e+13,6,2,2,5.50004e+13,5.50004e+13,5.50004e+13,5.50004e+13,268.678749,5.50003e+13,1.040883,0,0,0,5.50004e+13,5.50004e+13,6,5.50004e+13,5.50004e+13,0,1,0,55.37812,1.70701e+13,0,0,0,0,0.0437,0.1274,0.1274,-9998,41756,50053,42337,0.176914,0.436143,0,0,0,A,1707,0.004677,271699,5.50004e+13,6,2,2,5.50004e+13,5.50004e+13,5.50004e+13,5.50004e+13,268.678749,5.50003e+13,1.040883,0,0,0,5.50004e+13,5.50004e+13,6,5.50004e+13,5.50004e+13,0,1,0,55.37812,1.70701e+13,0,0,0,0,0.0437,0.1274,0.1274,-9998,41756,50053,42337,0.176914,0.436143,0,0,0,A,1707,NA,NA,785,0.023668103,0.255172292,,,
786,-121.94711,45.790578,2073,314,1270,Point,0,158,1/4/18,2,NA,NA,0.436143,1.70701e+13,1,NA,460,46003,0,1,0,5.50004e+13,1707,1,271699,5.50004e+13,6,2,2,5.50004e+13,5.50004e+13,5.50004e+13,5.50004e+13,268.678749,5.50003e+13,1.040883,0,0,0,5.50004e+13,5.50004e+13,6,5.50004e+13,5.50004e+13,0,1,0,55.37812,1.70701e+13,0,0,0,0,0.0437,0.1274,0.1274,-9998,41756,50053,42337,0.176914,0.436143,0,0,0,A,1707,0.004677,271699,5.50004e+13,6,2,2,5.50004e+13,5.50004e+13,5.50004e+13,5.50004e+13,268.678749,5.50003e+13,1.040883,0,0,0,5.50004e+13,5.50004e+13,6,5.50004e+13,5.50004e+13,0,1,0,55.37812,1.70701e+13,0,0,0,0,0.0437,0.1274,0.1274,-9998,41756,50053,42337,0.176914,0.436143,0,0,0,A,1707,NA,NA,786,0.024315071,0.181384019,,,
787,-121.946947,45.790391,2073,315,1271,Point,0,158,1/4/18,2,NA,NA,0.436143,1.70701e+13,1,NA,460,46003,0,1,0,5.50004e+13,1707,1,271699,5.50004e+13,6,2,2,5.50004e+13,5.50004e+13,5.50004e+13,5.50004e+13,268.678749,5.50003e+13,1.040883,0,0,0,5.50004e+13,5.50004e+13,6,5.50004e+13,5.50004e+13,0,1,0,55.37812,1.70701e+13,0,0,0,0,0.0437,0.1274,0.1274,-9998,41756,50053,42337,0.176914,0.436143,0,0,0,A,1707,0.004677,271699,5.50004e+13,6,2,2,5.50004e+13,5.50004e+13,5.50004e+13,5.50004e+13,268.678749,5.50003e+13,1.040883,0,0,0,5.50004e+13,5.50004e+13,6,5.50004e+13,5.50004e+13,0,1,0,55.37812,1.70701e+13,0,0,0,0,0.0437,0.1274,0.1274,-9998,41756,50053,42337,0.176914,0.436143,0,0,0,A,1707,NA,NA,787,0.025090223,0.181384019,,,
788,-121.946737,45.790249,2073,316,1272,Point,0,158,1/4/18,2,NA,NA,0.436143,1.70701e+13,1,NA,460,46003,0,1,0,5.50004e+13,1707,1,271699,5.50004e+13,6,2,2,5.50004e+13,5.50004e+13,5.50004e+13,5.50004e+13,268.678749,5.50003e+13,1.040883,0,0,0,5.50004e+13,5.50004e+13,6,5.50004e+13,5.50004e+13,0,1,0,55.37812,1.70701e+13,0,0,0,0,0.0437,0.1274,0.1274,-9998,41756,50053,42337,0.176914,0.436143,0,0,0,A,1707,0.004677,271699,5.50004e+13,6,2,2,5.50004e+13,5.50004e+13,5.50004e+13,5.50004e+13,268.678749,5.50003e+13,1.040883,0,0,0,5.50004e+13,5.50004e+13,6,5.50004e+13,5.50004e+13,0,1,0,55.37812,1.70701e+13,0,0,0,0,0.0437,0.1274,0.1274,-9998,41756,50053,42337,0.176914,0.436143,0,0,0,A,1707,NA,NA,788,0.025813332,0.143468577,,,
789,-121.946691,45.790002,2073,317,1273,Point,0,158,1/4/18,2,NA,NA,0.436143,1.70701e+13,1,NA,460,46003,0,1,0,5.50004e+13,1707,1,271699,5.50004e+13,6,2,2,5.50004e+13,5.50004e+13,5.50004e+13,5.50004e+13,268.678749,5.50003e+13,1.040883,0,0,0,5.50004e+13,5.50004e+13,6,5.50004e+13,5.50004e+13,0,1,0,55.37812,1.70701e+13,0,0,0,0,0.0437,0.1274,0.1274,-9998,41756,50053,42337,0.176914,0.436143,0,0,0,A,1707,0.004677,271699,5.50004e+13,6,2,2,5.50004e+13,5.50004e+13,5.50004e+13,5.50004e+13,268.678749,5.50003e+13,1.040883,0,0,0,5.50004e+13,5.50004e+13,6,5.50004e+13,5.50004e+13,0,1,0,55.37812,1.70701e+13,0,0,0,0,0.0437,0.1274,0.1274,-9998,41756,50053,42337,0.176914,0.436143,0,0,0,A,1707,NA,NA,789,0.02669488,0.20135579,,,
790,-121.9467,45.789768,2073,318,1274,Point,0,158,1/4/18,2,NA,NA,0.436143,1.70701e+13,1,NA,460,46003,0,1,0,5.50004e+13,1707,1,271699,5.50004e+13,6,2,2,5.50004e+13,5.50004e+13,5.50004e+13,5.50004e+13,268.678749,5.50003e+13,1.040883,0,0,0,5.50004e+13,5.50004e+13,6,5.50004e+13,5.50004e+13,0,1,0,55.37812,1.70701e+13,0,0,0,0,0.0437,0.1274,0.1274,-9998,41756,50053,42337,0.176914,0.436143,0,0,0,A,1707,0.004677,271699,5.50004e+13,6,2,2,5.50004e+13,5.50004e+13,5.50004e+13,5.50004e+13,268.678749,5.50003e+13,1.040883,0,0,0,5.50004e+13,5.50004e+13,6,5.50004e+13,5.50004e+13,0,1,0,55.37812,1.70701e+13,0,0,0,0,0.0437,0.1274,0.1274,-9998,41756,50053,42337,0.176914,0.436143,0,0,0,A,1707,NA,NA,790,0.027523331,0.266559298,,,
791,-121.946608,45.789539,2073,319,1275,Point,0,158,1/4/18,2,NA,NA,0.436143,1.70701e+13,1,NA,460,46003,0,1,0,5.50004e+13,1707,1,271699,5.50004e+13,6,2,2,5.50004e+13,5.50004e+13,5.50004e+13,5.50004e+13,268.678749,5.50003e+13,1.040883,0,0,0,5.50004e+13,5.50004e+13,6,5.50004e+13,5.50004e+13,0,1,0,55.37812,1.70701e+13,0,0,0,0,0.0437,0.1274,0.1274,-9998,41756,50053,42337,0.176914,0.436143,0,0,0,A,1707,0.004677,271699,5.50004e+13,6,2,2,5.50004e+13,5.50004e+13,5.50004e+13,5.50004e+13,268.678749,5.50003e+13,1.040883,0,0,0,5.50004e+13,5.50004e+13,6,5.50004e+13,5.50004e+13,0,1,0,55.37812,1.70701e+13,0,0,0,0,0.0437,0.1274,0.1274,-9998,41756,50053,42337,0.176914,0.436143,0,0,0,A,1707,NA,NA,791,0.028365187,0.218857272,,,
792,-121.946435,45.789358,2073,320,1276,Point,0,158,1/4/18,2,NA,NA,0.436143,1.70701e+13,1,NA,460,46003,0,1,0,5.50004e+13,1707,1,271699,5.50004e+13,6,2,2,5.50004e+13,5.50004e+13,5.50004e+13,5.50004e+13,268.678749,5.50003e+13,1.040883,0,0,0,5.50004e+13,5.50004e+13,6,5.50004e+13,5.50004e+13,0,1,0,55.37812,1.70701e+13,0,0,0,0,0.0437,0.1274,0.1274,-9998,41756,50053,42337,0.176914,0.436143,0,0,0,A,1707,0.004677,271699,5.50004e+13,6,2,2,5.50004e+13,5.50004e+13,5.50004e+13,5.50004e+13,268.678749,5.50003e+13,1.040883,0,0,0,5.50004e+13,5.50004e+13,6,5.50004e+13,5.50004e+13,0,1,0,55.37812,1.70701e+13,0,0,0,0,0.0437,0.1274,0.1274,-9998,41756,50053,42337,0.176914,0.436143,0,0,0,A,1707,NA,NA,792,0.029135776,0.218857272,,,
793,-121.946334,45.789131,2073,321,1277,Point,0,158,1/4/18,2,NA,NA,0.436143,1.70701e+13,1,NA,460,46003,0,1,0,5.50004e+13,1707,1,271699,5.50004e+13,6,2,2,5.50004e+13,5.50004e+13,5.50004e+13,5.50004e+13,268.678749,5.50003e+13,1.040883,0,0,0,5.50004e+13,5.50004e+13,6,5.50004e+13,5.50004e+13,0,1,0,55.37812,1.70701e+13,0,0,0,0,0.0437,0.1274,0.1274,-9998,41756,50053,42337,0.176914,0.436143,0,0,0,A,1707,0.004677,271699,5.50004e+13,6,2,2,5.50004e+13,5.50004e+13,5.50004e+13,5.50004e+13,268.678749,5.50003e+13,1.040883,0,0,0,5.50004e+13,5.50004e+13,6,5.50004e+13,5.50004e+13,0,1,0,55.37812,1.70701e+13,0,0,0,0,0.0437,0.1274,0.1274,-9998,41756,50053,42337,0.176914,0.436143,0,0,0,A,1707,NA,NA,793,0.029977173,0.186458719,,,
794,-121.946254,45.788908,2073,322,1278,Point,0,158,1/4/18,2,NA,NA,0.436143,1.70701e+13,1,NA,460,46003,0,1,0,5.50004e+13,1707,1,271699,5.50004e+13,6,2,2,5.50004e+13,5.50004e+13,5.50004e+13,5.50004e+13,268.678749,5.50003e+13,1.040883,0,0,0,5.50004e+13,5.50004e+13,6,5.50004e+13,5.50004e+13,0,1,0,55.37812,1.70701e+13,0,0,0,0,0.0437,0.1274,0.1274,-9998,41756,50053,42337,0.176914,0.436143,0,0,0,A,1707,0.004677,271699,5.50004e+13,6,2,2,5.50004e+13,5.50004e+13,5.50004e+13,5.50004e+13,268.678749,5.50003e+13,1.040883,0,0,0,5.50004e+13,5.50004e+13,6,5.50004e+13,5.50004e+13,0,1,0,55.37812,1.70701e+13,0,0,0,0,0.0437,0.1274,0.1274,-9998,41756,50053,42337,0.176914,0.436143,0,0,0,A,1707,NA,NA,794,0.03079087,0.188742855,,,
795,-121.946228,45.788887,2073,323,1279,Point,0,158,1/4/18,2,NA,NA,0.436143,1.70701e+13,1,NA,460,46003,0,1,0,5.50004e+13,1707,1,271699,5.50004e+13,6,2,2,5.50004e+13,5.50004e+13,5.50004e+13,5.50004e+13,268.678749,5.50003e+13,1.040883,0,0,0,5.50004e+13,5.50004e+13,6,5.50004e+13,5.50004e+13,0,1,0,55.37812,1.70701e+13,0,0,0,0,0.0437,0.1274,0.1274,-9998,41756,50053,42337,0.176914,0.436143,0,0,0,A,1707,0.004677,271699,5.50004e+13,6,2,2,5.50004e+13,5.50004e+13,5.50004e+13,5.50004e+13,268.678749,5.50003e+13,1.040883,0,0,0,5.50004e+13,5.50004e+13,6,5.50004e+13,5.50004e+13,0,1,0,55.37812,1.70701e+13,0,0,0,0,0.0437,0.1274,0.1274,-9998,41756,50053,42337,0.176914,0.436143,0,0,0,A,1707,NA,NA,795,0.030889194,0.188742855,,,
796,-121.959015,45.789235,2074,578,1286,Point,0,160,1/4/18,2,NA,NA,0.420396,1.70701e+13,1,NA,460,46003,0,1,0,5.50004e+13,1707,1,256890,5.50004e+13,6,3,3,5.50004e+13,5.50004e+13,5.50004e+13,5.50004e+13,269.750569,5.50003e+13,4.30779,0,0,0,5.50004e+13,5.50004e+13,6,5.50004e+13,5.50004e+13,0,1,19.849461,43.558392,1.70701e+13,0,0,0,0,0.0596,0.6516,0.6516,-9998,56113,60983,56113,0.115843,0.420396,0,0,0,A,1707,0.004585,256890,5.50004e+13,6,3,3,5.50004e+13,5.50004e+13,5.50004e+13,5.50004e+13,269.750569,5.50003e+13,4.30779,0,0,0,5.50004e+13,5.50004e+13,6,5.50004e+13,5.50004e+13,0,1,19.849461,43.558392,1.70701e+13,0,0,0,0,0.0596,0.6516,0.6516,-9998,56113,60983,56113,0.115843,0.420396,0,0,0,A,1707,NA,NA,796,0.118731301,0.162782902,,,
797,-121.958778,45.789156,2074,579,1287,Point,0,160,1/4/18,2,NA,NA,0.420396,1.70701e+13,1,NA,460,46003,0,1,0,5.50004e+13,1707,1,256890,5.50004e+13,6,3,3,5.50004e+13,5.50004e+13,5.50004e+13,5.50004e+13,269.750569,5.50003e+13,4.30779,0,0,0,5.50004e+13,5.50004e+13,6,5.50004e+13,5.50004e+13,0,1,19.849461,43.558392,1.70701e+13,0,0,0,0,0.0596,0.6516,0.6516,-9998,56113,60983,56113,0.115843,0.420396,0,0,0,A,1707,0.004585,256890,5.50004e+13,6,3,3,5.50004e+13,5.50004e+13,5.50004e+13,5.50004e+13,269.750569,5.50003e+13,4.30779,0,0,0,5.50004e+13,5.50004e+13,6,5.50004e+13,5.50004e+13,0,1,19.849461,43.558392,1.70701e+13,0,0,0,0,0.0596,0.6516,0.6516,-9998,56113,60983,56113,0.115843,0.420396,0,0,0,A,1707,NA,NA,797,0.119704083,0.156149961,,,
798,-121.958548,45.789048,2074,580,1288,Point,0,160,1/4/18,2,NA,NA,0.420396,1.70701e+13,1,NA,460,46003,0,1,0,5.50004e+13,1707,1,256890,5.50004e+13,6,3,3,5.50004e+13,5.50004e+13,5.50004e+13,5.50004e+13,269.750569,5.50003e+13,4.30779,0,0,0,5.50004e+13,5.50004e+13,6,5.50004e+13,5.50004e+13,0,1,19.849461,43.558392,1.70701e+13,0,0,0,0,0.0596,0.6516,0.6516,-9998,56113,60983,56113,0.115843,0.420396,0,0,0,A,1707,0.004585,256890,5.50004e+13,6,3,3,5.50004e+13,5.50004e+13,5.50004e+13,5.50004e+13,269.750569,5.50003e+13,4.30779,0,0,0,5.50004e+13,5.50004e+13,6,5.50004e+13,5.50004e+13,0,1,19.849461,43.558392,1.70701e+13,0,0,0,0,0.0596,0.6516,0.6516,-9998,56113,60983,56113,0.115843,0.420396,0,0,0,A,1707,NA,NA,798,0.120730513,0.146498121,,,
799,-121.958393,45.788872,2074,581,1289,Point,0,160,1/4/18,2,NA,NA,0.420396,1.70701e+13,1,NA,460,46003,0,1,0,5.50004e+13,1707,1,256890,5.50004e+13,6,3,3,5.50004e+13,5.50004e+13,5.50004e+13,5.50004e+13,269.750569,5.50003e+13,4.30779,0,0,0,5.50004e+13,5.50004e+13,6,5.50004e+13,5.50004e+13,0,1,19.849461,43.558392,1.70701e+13,0,0,0,0,0.0596,0.6516,0.6516,-9998,56113,60983,56113,0.115843,0.420396,0,0,0,A,1707,0.004585,256890,5.50004e+13,6,3,3,5.50004e+13,5.50004e+13,5.50004e+13,5.50004e+13,269.750569,5.50003e+13,4.30779,0,0,0,5.50004e+13,5.50004e+13,6,5.50004e+13,5.50004e+13,0,1,19.849461,43.558392,1.70701e+13,0,0,0,0,0.0596,0.6516,0.6516,-9998,56113,60983,56113,0.115843,0.420396,0,0,0,A,1707,NA,NA,799,0.121825448,0.155157397,,,
800,-121.958439,45.788653,2074,582,1290,Point,0,160,1/4/18,2,NA,NA,0.420396,1.70701e+13,1,NA,460,46003,0,1,0,5.50004e+13,1707,1,256890,5.50004e+13,6,3,3,5.50004e+13,5.50004e+13,5.50004e+13,5.50004e+13,269.750569,5.50003e+13,4.30779,0,0,0,5.50004e+13,5.50004e+13,6,5.50004e+13,5.50004e+13,0,1,19.849461,43.558392,1.70701e+13,0,0,0,0,0.0596,0.6516,0.6516,-9998,56113,60983,56113,0.115843,0.420396,0,0,0,A,1707,0.004585,256890,5.50004e+13,6,3,3,5.50004e+13,5.50004e+13,5.50004e+13,5.50004e+13,269.750569,5.50003e+13,4.30779,0,0,0,5.50004e+13,5.50004e+13,6,5.50004e+13,5.50004e+13,0,1,19.849461,43.558392,1.70701e+13,0,0,0,0,0.0596,0.6516,0.6516,-9998,56113,60983,56113,0.115843,0.420396,0,0,0,A,1707,NA,NA,800,0.122997866,0.171281839,,,
801,-121.958434,45.788424,2074,583,1291,Point,0,160,1/4/18,2,NA,NA,0.420396,1.70701e+13,1,NA,460,46003,0,1,0,5.50004e+13,1707,1,256890,5.50004e+13,6,3,3,5.50004e+13,5.50004e+13,5.50004e+13,5.50004e+13,269.750569,5.50003e+13,4.30779,0,0,0,5.50004e+13,5.50004e+13,6,5.50004e+13,5.50004e+13,0,1,19.849461,43.558392,1.70701e+13,0,0,0,0,0.0596,0.6516,0.6516,-9998,56113,60983,56113,0.115843,0.420396,0,0,0,A,1707,0.004585,256890,5.50004e+13,6,3,3,5.50004e+13,5.50004e+13,5.50004e+13,5.50004e+13,269.750569,5.50003e+13,4.30779,0,0,0,5.50004e+13,5.50004e+13,6,5.50004e+13,5.50004e+13,0,1,19.849461,43.558392,1.70701e+13,0,0,0,0,0.0596,0.6516,0.6516,-9998,56113,60983,56113,0.115843,0.420396,0,0,0,A,1707,NA,NA,801,0.124210934,0.196623599,,,
802,-121.958257,45.788269,2074,584,1292,Point,0,160,1/4/18,2,NA,NA,0.420396,1.70701e+13,1,NA,460,46003,0,1,0,5.50004e+13,1707,1,256890,5.50004e+13,6,3,3,5.50004e+13,5.50004e+13,5.50004e+13,5.50004e+13,269.750569,5.50003e+13,4.30779,0,0,0,5.50004e+13,5.50004e+13,6,5.50004e+13,5.50004e+13,0,1,19.849461,43.558392,1.70701e+13,0,0,0,0,0.0596,0.6516,0.6516,-9998,56113,60983,56113,0.115843,0.420396,0,0,0,A,1707,0.004585,256890,5.50004e+13,6,3,3,5.50004e+13,5.50004e+13,5.50004e+13,5.50004e+13,269.750569,5.50003e+13,4.30779,0,0,0,5.50004e+13,5.50004e+13,6,5.50004e+13,5.50004e+13,0,1,19.849461,43.558392,1.70701e+13,0,0,0,0,0.0596,0.6516,0.6516,-9998,56113,60983,56113,0.115843,0.420396,0,0,0,A,1707,NA,NA,802,0.125261731,0.197715094,,,
803,-121.958037,45.78815,2074,585,1293,Point,0,160,1/4/18,2,NA,NA,0.420396,1.70701e+13,1,NA,460,46003,0,1,0,5.50004e+13,1707,1,256890,5.50004e+13,6,3,3,5.50004e+13,5.50004e+13,5.50004e+13,5.50004e+13,269.750569,5.50003e+13,4.30779,0,0,0,5.50004e+13,5.50004e+13,6,5.50004e+13,5.50004e+13,0,1,19.849461,43.558392,1.70701e+13,0,0,0,0,0.0596,0.6516,0.6516,-9998,56113,60983,56113,0.115843,0.420396,0,0,0,A,1707,0.004585,256890,5.50004e+13,6,3,3,5.50004e+13,5.50004e+13,5.50004e+13,5.50004e+13,269.750569,5.50003e+13,4.30779,0,0,0,5.50004e+13,5.50004e+13,6,5.50004e+13,5.50004e+13,0,1,19.849461,43.558392,1.70701e+13,0,0,0,0,0.0596,0.6516,0.6516,-9998,56113,60983,56113,0.115843,0.420396,0,0,0,A,1707,NA,NA,803,0.12629219,0.201914167,,,
804,-121.957817,45.788053,2074,586,1294,Point,0,160,1/4/18,2,NA,NA,0.420396,1.70701e+13,1,NA,460,46003,0,1,0,5.50004e+13,1707,1,256890,5.50004e+13,6,3,3,5.50004e+13,5.50004e+13,5.50004e+13,5.50004e+13,269.750569,5.50003e+13,4.30779,0,0,0,5.50004e+13,5.50004e+13,6,5.50004e+13,5.50004e+13,0,1,19.849461,43.558392,1.70701e+13,0,0,0,0,0.0596,0.6516,0.6516,-9998,56113,60983,56113,0.115843,0.420396,0,0,0,A,1707,0.004585,256890,5.50004e+13,6,3,3,5.50004e+13,5.50004e+13,5.50004e+13,5.50004e+13,269.750569,5.50003e+13,4.30779,0,0,0,5.50004e+13,5.50004e+13,6,5.50004e+13,5.50004e+13,0,1,19.849461,43.558392,1.70701e+13,0,0,0,0,0.0596,0.6516,0.6516,-9998,56113,60983,56113,0.115843,0.420396,0,0,0,A,1707,NA,NA,804,0.127255795,0.192176283,,,
805,-121.9576,45.787937,2074,587,1295,Point,0,160,1/4/18,2,NA,NA,0.420396,1.70701e+13,1,NA,460,46003,0,1,0,5.50004e+13,1707,1,256890,5.50004e+13,6,3,3,5.50004e+13,5.50004e+13,5.50004e+13,5.50004e+13,269.750569,5.50003e+13,4.30779,0,0,0,5.50004e+13,5.50004e+13,6,5.50004e+13,5.50004e+13,0,1,19.849461,43.558392,1.70701e+13,0,0,0,0,0.0596,0.6516,0.6516,-9998,56113,60983,56113,0.115843,0.420396,0,0,0,A,1707,0.004585,256890,5.50004e+13,6,3,3,5.50004e+13,5.50004e+13,5.50004e+13,5.50004e+13,269.750569,5.50003e+13,4.30779,0,0,0,5.50004e+13,5.50004e+13,6,5.50004e+13,5.50004e+13,0,1,19.849461,43.558392,1.70701e+13,0,0,0,0,0.0596,0.6516,0.6516,-9998,56113,60983,56113,0.115843,0.420396,0,0,0,A,1707,NA,NA,805,0.128267759,0.18600404,,,
806,-121.957382,45.787904,2074,588,1296,Point,0,160,1/4/18,2,NA,NA,0.420396,1.70701e+13,1,NA,460,46003,0,1,0,5.50004e+13,1707,1,256890,5.50004e+13,6,3,3,5.50004e+13,5.50004e+13,5.50004e+13,5.50004e+13,269.750569,5.50003e+13,4.30779,0,0,0,5.50004e+13,5.50004e+13,6,5.50004e+13,5.50004e+13,0,1,19.849461,43.558392,1.70701e+13,0,0,0,0,0.0596,0.6516,0.6516,-9998,56113,60983,56113,0.115843,0.420396,0,0,0,A,1707,0.004585,256890,5.50004e+13,6,3,3,5.50004e+13,5.50004e+13,5.50004e+13,5.50004e+13,269.750569,5.50003e+13,4.30779,0,0,0,5.50004e+13,5.50004e+13,6,5.50004e+13,5.50004e+13,0,1,19.849461,43.558392,1.70701e+13,0,0,0,0,0.0596,0.6516,0.6516,-9998,56113,60983,56113,0.115843,0.420396,0,0,0,A,1707,NA,NA,806,0.129094257,0.171679853,,,
807,-121.957186,45.787751,2074,589,1297,Point,0,160,1/4/18,2,NA,NA,0.420396,1.70701e+13,1,NA,460,46003,0,1,0,5.50004e+13,1707,1,256890,5.50004e+13,6,3,3,5.50004e+13,5.50004e+13,5.50004e+13,5.50004e+13,269.750569,5.50003e+13,4.30779,0,0,0,5.50004e+13,5.50004e+13,6,5.50004e+13,5.50004e+13,0,1,19.849461,43.558392,1.70701e+13,0,0,0,0,0.0596,0.6516,0.6516,-9998,56113,60983,56113,0.115843,0.420396,0,0,0,A,1707,0.004585,256890,5.50004e+13,6,3,3,5.50004e+13,5.50004e+13,5.50004e+13,5.50004e+13,269.750569,5.50003e+13,4.30779,0,0,0,5.50004e+13,5.50004e+13,6,5.50004e+13,5.50004e+13,0,1,19.849461,43.558392,1.70701e+13,0,0,0,0,0.0596,0.6516,0.6516,-9998,56113,60983,56113,0.115843,0.420396,0,0,0,A,1707,NA,NA,807,0.130182472,0.114275899,,,
808,-121.957103,45.787595,2074,590,1298,Point,0,160,1/4/18,2,NA,NA,0.420396,1.70701e+13,1,NA,460,46003,0,1,0,5.50004e+13,1707,1,256890,5.50004e+13,6,3,3,5.50004e+13,5.50004e+13,5.50004e+13,5.50004e+13,269.750569,5.50003e+13,4.30779,0,0,0,5.50004e+13,5.50004e+13,6,5.50004e+13,5.50004e+13,0,1,19.849461,43.558392,1.70701e+13,0,0,0,0,0.0596,0.6516,0.6516,-9998,56113,60983,56113,0.115843,0.420396,0,0,0,A,1707,0.004585,256890,5.50004e+13,6,3,3,5.50004e+13,5.50004e+13,5.50004e+13,5.50004e+13,269.750569,5.50003e+13,4.30779,0,0,0,5.50004e+13,5.50004e+13,6,5.50004e+13,5.50004e+13,0,1,19.849461,43.558392,1.70701e+13,0,0,0,0,0.0596,0.6516,0.6516,-9998,56113,60983,56113,0.115843,0.420396,0,0,0,A,1707,NA,NA,808,0.13106413,0.097262734,,,
809,-121.957078,45.78742,2074,591,1299,Point,0,160,1/4/18,2,NA,NA,0.420396,1.70701e+13,1,NA,460,46003,0,1,0,5.50004e+13,1707,1,256890,5.50004e+13,6,3,3,5.50004e+13,5.50004e+13,5.50004e+13,5.50004e+13,269.750569,5.50003e+13,4.30779,0,0,0,5.50004e+13,5.50004e+13,6,5.50004e+13,5.50004e+13,0,1,19.849461,43.558392,1.70701e+13,0,0,0,0,0.0596,0.6516,0.6516,-9998,56113,60983,56113,0.115843,0.420396,0,0,0,A,1707,0.004585,256890,5.50004e+13,6,3,3,5.50004e+13,5.50004e+13,5.50004e+13,5.50004e+13,269.750569,5.50003e+13,4.30779,0,0,0,5.50004e+13,5.50004e+13,6,5.50004e+13,5.50004e+13,0,1,19.849461,43.558392,1.70701e+13,0,0,0,0,0.0596,0.6516,0.6516,-9998,56113,60983,56113,0.115843,0.420396,0,0,0,A,1707,NA,NA,809,0.131995657,0.097262734,,,
810,-121.956875,45.787281,2074,592,1300,Point,0,160,1/4/18,2,NA,NA,0.420396,1.70701e+13,1,NA,460,46003,0,1,0,5.50004e+13,1707,1,256890,5.50004e+13,6,3,3,5.50004e+13,5.50004e+13,5.50004e+13,5.50004e+13,269.750569,5.50003e+13,4.30779,0,0,0,5.50004e+13,5.50004e+13,6,5.50004e+13,5.50004e+13,0,1,19.849461,43.558392,1.70701e+13,0,0,0,0,0.0596,0.6516,0.6516,-9998,56113,60983,56113,0.115843,0.420396,0,0,0,A,1707,0.004585,256890,5.50004e+13,6,3,3,5.50004e+13,5.50004e+13,5.50004e+13,5.50004e+13,269.750569,5.50003e+13,4.30779,0,0,0,5.50004e+13,5.50004e+13,6,5.50004e+13,5.50004e+13,0,1,19.849461,43.558392,1.70701e+13,0,0,0,0,0.0596,0.6516,0.6516,-9998,56113,60983,56113,0.115843,0.420396,0,0,0,A,1707,NA,NA,810,0.133048218,0.08960297,,,
811,-121.956733,45.787087,2074,593,1301,Point,0,160,1/4/18,2,NA,NA,0.420396,1.70701e+13,1,NA,460,46003,0,1,0,5.50004e+13,1707,1,256890,5.50004e+13,6,3,3,5.50004e+13,5.50004e+13,5.50004e+13,5.50004e+13,269.750569,5.50003e+13,4.30779,0,0,0,5.50004e+13,5.50004e+13,6,5.50004e+13,5.50004e+13,0,1,19.849461,43.558392,1.70701e+13,0,0,0,0,0.0596,0.6516,0.6516,-9998,56113,60983,56113,0.115843,0.420396,0,0,0,A,1707,0.004585,256890,5.50004e+13,6,3,3,5.50004e+13,5.50004e+13,5.50004e+13,5.50004e+13,269.750569,5.50003e+13,4.30779,0,0,0,5.50004e+13,5.50004e+13,6,5.50004e+13,5.50004e+13,0,1,19.849461,43.558392,1.70701e+13,0,0,0,0,0.0596,0.6516,0.6516,-9998,56113,60983,56113,0.115843,0.420396,0,0,0,A,1707,NA,NA,811,0.134202656,0.08960297,,,
812,-121.956487,45.78703,2074,594,1302,Point,0,160,1/4/18,2,NA,NA,0.420396,1.70701e+13,1,NA,460,46003,0,1,0,5.50004e+13,1707,1,256890,5.50004e+13,6,3,3,5.50004e+13,5.50004e+13,5.50004e+13,5.50004e+13,269.750569,5.50003e+13,4.30779,0,0,0,5.50004e+13,5.50004e+13,6,5.50004e+13,5.50004e+13,0,1,19.849461,43.558392,1.70701e+13,0,0,0,0,0.0596,0.6516,0.6516,-9998,56113,60983,56113,0.115843,0.420396,0,0,0,A,1707,0.004585,256890,5.50004e+13,6,3,3,5.50004e+13,5.50004e+13,5.50004e+13,5.50004e+13,269.750569,5.50003e+13,4.30779,0,0,0,5.50004e+13,5.50004e+13,6,5.50004e+13,5.50004e+13,0,1,19.849461,43.558392,1.70701e+13,0,0,0,0,0.0596,0.6516,0.6516,-9998,56113,60983,56113,0.115843,0.420396,0,0,0,A,1707,NA,NA,812,0.135162924,0.091762883,,,
813,-121.956301,45.786871,2074,595,1303,Point,0,160,1/4/18,2,NA,NA,0.420396,1.70701e+13,1,NA,460,46003,0,1,0,5.50004e+13,1707,1,256890,5.50004e+13,6,3,3,5.50004e+13,5.50004e+13,5.50004e+13,5.50004e+13,269.750569,5.50003e+13,4.30779,0,0,0,5.50004e+13,5.50004e+13,6,5.50004e+13,5.50004e+13,0,1,19.849461,43.558392,1.70701e+13,0,0,0,0,0.0596,0.6516,0.6516,-9998,56113,60983,56113,0.115843,0.420396,0,0,0,A,1707,0.004585,256890,5.50004e+13,6,3,3,5.50004e+13,5.50004e+13,5.50004e+13,5.50004e+13,269.750569,5.50003e+13,4.30779,0,0,0,5.50004e+13,5.50004e+13,6,5.50004e+13,5.50004e+13,0,1,19.849461,43.558392,1.70701e+13,0,0,0,0,0.0596,0.6516,0.6516,-9998,56113,60983,56113,0.115843,0.420396,0,0,0,A,1707,NA,NA,813,0.136251175,0.097944374,,,
814,-121.95616,45.786757,2074,596,1304,Point,0,160,1/4/18,2,NA,NA,0.420396,1.70701e+13,1,NA,460,46003,0,1,0,5.50004e+13,1707,1,256890,5.50004e+13,6,3,3,5.50004e+13,5.50004e+13,5.50004e+13,5.50004e+13,269.750569,5.50003e+13,4.30779,0,0,0,5.50004e+13,5.50004e+13,6,5.50004e+13,5.50004e+13,0,1,19.849461,43.558392,1.70701e+13,0,0,0,0,0.0596,0.6516,0.6516,-9998,56113,60983,56113,0.115843,0.420396,0,0,0,A,1707,0.004585,256890,5.50004e+13,6,3,3,5.50004e+13,5.50004e+13,5.50004e+13,5.50004e+13,269.750569,5.50003e+13,4.30779,0,0,0,5.50004e+13,5.50004e+13,6,5.50004e+13,5.50004e+13,0,1,19.849461,43.558392,1.70701e+13,0,0,0,0,0.0596,0.6516,0.6516,-9998,56113,60983,56113,0.115843,0.420396,0,0,0,A,1707,NA,NA,814,0.137049666,0.113268972,,,
815,-121.94526,45.788048,2075,786,1305,Point,0,161,1/4/18,2,NA,NA,0.074841,1.70701e+13,1,NA,460,46003,0,1,0,5.50004e+13,1707,1,127185,5.50004e+13,6,2,2,5.50004e+13,5.50004e+13,5.50004e+13,5.50004e+13,268.475349,5.50003e+13,2.555848,0,0,0,5.50004e+13,5.50004e+13,5,5.50004e+13,5.50004e+13,0,1,0,36.793671,1.70701e+13,0,0,0,0,0.004,0.3481,0.3481,-9998,40557,41390,40652,0.098609,0.074841,1,0,0,A,1707,0.000822,127185,5.50004e+13,6,2,2,5.50004e+13,5.50004e+13,5.50004e+13,5.50004e+13,268.475349,5.50003e+13,2.555848,0,0,0,5.50004e+13,5.50004e+13,5,5.50004e+13,5.50004e+13,0,1,0,36.793671,1.70701e+13,0,0,0,0,0.004,0.3481,0.3481,-9998,40557,41390,40652,0.098609,0.074841,1,0,0,A,1707,NA,NA,815,0.054309655,0.101560578,,,
816,-121.945115,45.787888,2075,787,1306,Point,0,161,1/4/18,2,NA,NA,0.074841,1.70701e+13,1,NA,460,46003,0,1,0,5.50004e+13,1707,1,127185,5.50004e+13,6,2,2,5.50004e+13,5.50004e+13,5.50004e+13,5.50004e+13,268.475349,5.50003e+13,2.555848,0,0,0,5.50004e+13,5.50004e+13,5,5.50004e+13,5.50004e+13,0,1,0,36.793671,1.70701e+13,0,0,0,0,0.004,0.3481,0.3481,-9998,40557,41390,40652,0.098609,0.074841,1,0,0,A,1707,0.000822,127185,5.50004e+13,6,2,2,5.50004e+13,5.50004e+13,5.50004e+13,5.50004e+13,268.475349,5.50003e+13,2.555848,0,0,0,5.50004e+13,5.50004e+13,5,5.50004e+13,5.50004e+13,0,1,0,36.793671,1.70701e+13,0,0,0,0,0.004,0.3481,0.3481,-9998,40557,41390,40652,0.098609,0.074841,1,0,0,A,1707,NA,NA,816,0.054684149,0.109835853,,,
817,-121.944903,45.787741,2075,788,1307,Point,0,161,1/4/18,2,NA,NA,0.074841,1.70701e+13,1,NA,460,46003,0,1,0,5.50004e+13,1707,1,127185,5.50004e+13,6,2,2,5.50004e+13,5.50004e+13,5.50004e+13,5.50004e+13,268.475349,5.50003e+13,2.555848,0,0,0,5.50004e+13,5.50004e+13,5,5.50004e+13,5.50004e+13,0,1,0,36.793671,1.70701e+13,0,0,0,0,0.004,0.3481,0.3481,-9998,40557,41390,40652,0.098609,0.074841,1,0,0,A,1707,0.000822,127185,5.50004e+13,6,2,2,5.50004e+13,5.50004e+13,5.50004e+13,5.50004e+13,268.475349,5.50003e+13,2.555848,0,0,0,5.50004e+13,5.50004e+13,5,5.50004e+13,5.50004e+13,0,1,0,36.793671,1.70701e+13,0,0,0,0,0.004,0.3481,0.3481,-9998,40557,41390,40652,0.098609,0.074841,1,0,0,A,1707,NA,NA,817,0.055096941,0.108814652,,,
818,-121.944682,45.787646,2075,789,1308,Point,0,161,1/4/18,2,NA,NA,0.074841,1.70701e+13,1,NA,460,46003,0,1,0,5.50004e+13,1707,1,127185,5.50004e+13,6,2,2,5.50004e+13,5.50004e+13,5.50004e+13,5.50004e+13,268.475349,5.50003e+13,2.555848,0,0,0,5.50004e+13,5.50004e+13,5,5.50004e+13,5.50004e+13,0,1,0,36.793671,1.70701e+13,0,0,0,0,0.004,0.3481,0.3481,-9998,40557,41390,40652,0.098609,0.074841,1,0,0,A,1707,0.000822,127185,5.50004e+13,6,2,2,5.50004e+13,5.50004e+13,5.50004e+13,5.50004e+13,268.475349,5.50003e+13,2.555848,0,0,0,5.50004e+13,5.50004e+13,5,5.50004e+13,5.50004e+13,0,1,0,36.793671,1.70701e+13,0,0,0,0,0.004,0.3481,0.3481,-9998,40557,41390,40652,0.098609,0.074841,1,0,0,A,1707,NA,NA,818,0.055455658,0.108814652,,,
819,-121.944653,45.787609,2075,790,1309,Point,0,161,1/4/18,2,NA,NA,0.074841,1.70701e+13,1,NA,460,46003,0,1,0,5.50004e+13,1707,1,127185,5.50004e+13,6,2,2,5.50004e+13,5.50004e+13,5.50004e+13,5.50004e+13,268.475349,5.50003e+13,2.555848,0,0,0,5.50004e+13,5.50004e+13,5,5.50004e+13,5.50004e+13,0,1,0,36.793671,1.70701e+13,0,0,0,0,0.004,0.3481,0.3481,-9998,40557,41390,40652,0.098609,0.074841,1,0,0,A,1707,0.000822,127185,5.50004e+13,6,2,2,5.50004e+13,5.50004e+13,5.50004e+13,5.50004e+13,268.475349,5.50003e+13,2.555848,0,0,0,5.50004e+13,5.50004e+13,5,5.50004e+13,5.50004e+13,0,1,0,36.793671,1.70701e+13,0,0,0,0,0.004,0.3481,0.3481,-9998,40557,41390,40652,0.098609,0.074841,1,0,0,A,1707,NA,NA,819,0.055539073,0.088858511,,,
820,-121.937832,45.791086,2076,92,1314,Point,0,163,1/4/18,2,NA,NA,0.330632,1.70701e+13,1,NA,460,46003,0,1,0,5.50004e+13,1707,1,199611,5.50004e+13,6,2,2,5.50004e+13,5.50004e+13,5.50004e+13,5.50004e+13,267.49388,5.50003e+13,1.331959,0,0,0,5.50004e+13,5.50004e+13,5,5.50004e+13,5.50004e+13,0,1,0,35.47821,1.70701e+13,0,0,0,0,0.0144,0.173,0.173,-9998,37751,39387,37751,0.049481,0.330632,1,0,0,A,1707,0.003673,199611,5.50004e+13,6,2,2,5.50004e+13,5.50004e+13,5.50004e+13,5.50004e+13,267.49388,5.50003e+13,1.331959,0,0,0,5.50004e+13,5.50004e+13,5,5.50004e+13,5.50004e+13,0,1,0,35.47821,1.70701e+13,0,0,0,0,0.0144,0.173,0.173,-9998,37751,39387,37751,0.049481,0.330632,1,0,0,A,1707,NA,NA,820,0.027938585,0.10377232,,,
821,-121.937636,45.791238,2076,93,1315,Point,0,163,1/4/18,2,NA,NA,0.330632,1.70701e+13,1,NA,460,46003,0,1,0,5.50004e+13,1707,1,199611,5.50004e+13,6,2,2,5.50004e+13,5.50004e+13,5.50004e+13,5.50004e+13,267.49388,5.50003e+13,1.331959,0,0,0,5.50004e+13,5.50004e+13,5,5.50004e+13,5.50004e+13,0,1,0,35.47821,1.70701e+13,0,0,0,0,0.0144,0.173,0.173,-9998,37751,39387,37751,0.049481,0.330632,1,0,0,A,1707,0.003673,199611,5.50004e+13,6,2,2,5.50004e+13,5.50004e+13,5.50004e+13,5.50004e+13,267.49388,5.50003e+13,1.331959,0,0,0,5.50004e+13,5.50004e+13,5,5.50004e+13,5.50004e+13,0,1,0,35.47821,1.70701e+13,0,0,0,0,0.0144,0.173,0.173,-9998,37751,39387,37751,0.049481,0.330632,1,0,0,A,1707,NA,NA,821,0.0282679,0.112424128,,,
822,-121.937401,45.79121,2076,94,1316,Point,0,163,1/4/18,2,NA,NA,0.330632,1.70701e+13,1,NA,460,46003,0,1,0,5.50004e+13,1707,1,199611,5.50004e+13,6,2,2,5.50004e+13,5.50004e+13,5.50004e+13,5.50004e+13,267.49388,5.50003e+13,1.331959,0,0,0,5.50004e+13,5.50004e+13,5,5.50004e+13,5.50004e+13,0,1,0,35.47821,1.70701e+13,0,0,0,0,0.0144,0.173,0.173,-9998,37751,39387,37751,0.049481,0.330632,1,0,0,A,1707,0.003673,199611,5.50004e+13,6,2,2,5.50004e+13,5.50004e+13,5.50004e+13,5.50004e+13,267.49388,5.50003e+13,1.331959,0,0,0,5.50004e+13,5.50004e+13,5,5.50004e+13,5.50004e+13,0,1,0,35.47821,1.70701e+13,0,0,0,0,0.0144,0.173,0.173,-9998,37751,39387,37751,0.049481,0.330632,1,0,0,A,1707,NA,NA,822,0.028536177,0.099753862,,,
823,-121.937179,45.79109,2076,95,1317,Point,0,163,1/4/18,2,NA,NA,0.330632,1.70701e+13,1,NA,460,46003,0,1,0,5.50004e+13,1707,1,199611,5.50004e+13,6,2,2,5.50004e+13,5.50004e+13,5.50004e+13,5.50004e+13,267.49388,5.50003e+13,1.331959,0,0,0,5.50004e+13,5.50004e+13,5,5.50004e+13,5.50004e+13,0,1,0,35.47821,1.70701e+13,0,0,0,0,0.0144,0.173,0.173,-9998,37751,39387,37751,0.049481,0.330632,1,0,0,A,1707,0.003673,199611,5.50004e+13,6,2,2,5.50004e+13,5.50004e+13,5.50004e+13,5.50004e+13,267.49388,5.50003e+13,1.331959,0,0,0,5.50004e+13,5.50004e+13,5,5.50004e+13,5.50004e+13,0,1,0,35.47821,1.70701e+13,0,0,0,0,0.0144,0.173,0.173,-9998,37751,39387,37751,0.049481,0.330632,1,0,0,A,1707,NA,NA,823,0.02885191,0.099753862,,,
824,-121.937047,45.79088,2076,96,1318,Point,0,163,1/4/18,2,NA,NA,0.330632,1.70701e+13,1,NA,460,46003,0,1,0,5.50004e+13,1707,1,199611,5.50004e+13,6,2,2,5.50004e+13,5.50004e+13,5.50004e+13,5.50004e+13,267.49388,5.50003e+13,1.331959,0,0,0,5.50004e+13,5.50004e+13,5,5.50004e+13,5.50004e+13,0,1,0,35.47821,1.70701e+13,0,0,0,0,0.0144,0.173,0.173,-9998,37751,39387,37751,0.049481,0.330632,1,0,0,A,1707,0.003673,199611,5.50004e+13,6,2,2,5.50004e+13,5.50004e+13,5.50004e+13,5.50004e+13,267.49388,5.50003e+13,1.331959,0,0,0,5.50004e+13,5.50004e+13,5,5.50004e+13,5.50004e+13,0,1,0,35.47821,1.70701e+13,0,0,0,0,0.0144,0.173,0.173,-9998,37751,39387,37751,0.049481,0.330632,1,0,0,A,1707,NA,NA,824,0.029220962,0.088704382,,,
825,-121.93698,45.790654,2076,97,1319,Point,0,163,1/4/18,2,NA,NA,0.330632,1.70701e+13,1,NA,460,46003,0,1,0,5.50004e+13,1707,1,199611,5.50004e+13,6,2,2,5.50004e+13,5.50004e+13,5.50004e+13,5.50004e+13,267.49388,5.50003e+13,1.331959,0,0,0,5.50004e+13,5.50004e+13,5,5.50004e+13,5.50004e+13,0,1,0,35.47821,1.70701e+13,0,0,0,0,0.0144,0.173,0.173,-9998,37751,39387,37751,0.049481,0.330632,1,0,0,A,1707,0.003673,199611,5.50004e+13,6,2,2,5.50004e+13,5.50004e+13,5.50004e+13,5.50004e+13,267.49388,5.50003e+13,1.331959,0,0,0,5.50004e+13,5.50004e+13,5,5.50004e+13,5.50004e+13,0,1,0,35.47821,1.70701e+13,0,0,0,0,0.0144,0.173,0.173,-9998,37751,39387,37751,0.049481,0.330632,1,0,0,A,1707,NA,NA,825,0.029592271,0.081745006,,,
826,-121.936911,45.790453,2076,98,1320,Point,0,163,1/4/18,2,NA,NA,0.330632,1.70701e+13,1,NA,460,46003,0,1,0,5.50004e+13,1707,1,199611,5.50004e+13,6,2,2,5.50004e+13,5.50004e+13,5.50004e+13,5.50004e+13,267.49388,5.50003e+13,1.331959,0,0,0,5.50004e+13,5.50004e+13,5,5.50004e+13,5.50004e+13,0,1,0,35.47821,1.70701e+13,0,0,0,0,0.0144,0.173,0.173,-9998,37751,39387,37751,0.049481,0.330632,1,0,0,A,1707,0.003673,199611,5.50004e+13,6,2,2,5.50004e+13,5.50004e+13,5.50004e+13,5.50004e+13,267.49388,5.50003e+13,1.331959,0,0,0,5.50004e+13,5.50004e+13,5,5.50004e+13,5.50004e+13,0,1,0,35.47821,1.70701e+13,0,0,0,0,0.0144,0.173,0.173,-9998,37751,39387,37751,0.049481,0.330632,1,0,0,A,1707,NA,NA,826,0.029924819,0.081745006,,,
827,-121.936701,45.790349,2076,99,1321,Point,0,163,1/4/18,2,NA,NA,0.330632,1.70701e+13,1,NA,460,46003,0,1,0,5.50004e+13,1707,1,199611,5.50004e+13,6,2,2,5.50004e+13,5.50004e+13,5.50004e+13,5.50004e+13,267.49388,5.50003e+13,1.331959,0,0,0,5.50004e+13,5.50004e+13,5,5.50004e+13,5.50004e+13,0,1,0,35.47821,1.70701e+13,0,0,0,0,0.0144,0.173,0.173,-9998,37751,39387,37751,0.049481,0.330632,1,0,0,A,1707,0.003673,199611,5.50004e+13,6,2,2,5.50004e+13,5.50004e+13,5.50004e+13,5.50004e+13,267.49388,5.50003e+13,1.331959,0,0,0,5.50004e+13,5.50004e+13,5,5.50004e+13,5.50004e+13,0,1,0,35.47821,1.70701e+13,0,0,0,0,0.0144,0.173,0.173,-9998,37751,39387,37751,0.049481,0.330632,1,0,0,A,1707,NA,NA,827,0.030214383,0.083362074,,,
828,-121.936477,45.790329,2076,100,1322,Point,0,163,1/4/18,2,NA,NA,0.330632,1.70701e+13,1,NA,460,46003,0,1,0,5.50004e+13,1707,1,199611,5.50004e+13,6,2,2,5.50004e+13,5.50004e+13,5.50004e+13,5.50004e+13,267.49388,5.50003e+13,1.331959,0,0,0,5.50004e+13,5.50004e+13,5,5.50004e+13,5.50004e+13,0,1,0,35.47821,1.70701e+13,0,0,0,0,0.0144,0.173,0.173,-9998,37751,39387,37751,0.049481,0.330632,1,0,0,A,1707,0.003673,199611,5.50004e+13,6,2,2,5.50004e+13,5.50004e+13,5.50004e+13,5.50004e+13,267.49388,5.50003e+13,1.331959,0,0,0,5.50004e+13,5.50004e+13,5,5.50004e+13,5.50004e+13,0,1,0,35.47821,1.70701e+13,0,0,0,0,0.0144,0.173,0.173,-9998,37751,39387,37751,0.049481,0.330632,1,0,0,A,1707,NA,NA,828,0.030468522,0.07933836,,,
829,-121.93626,45.790464,2076,101,1323,Point,0,163,1/4/18,2,NA,NA,0.330632,1.70701e+13,1,NA,460,46003,0,1,0,5.50004e+13,1707,1,199611,5.50004e+13,6,2,2,5.50004e+13,5.50004e+13,5.50004e+13,5.50004e+13,267.49388,5.50003e+13,1.331959,0,0,0,5.50004e+13,5.50004e+13,5,5.50004e+13,5.50004e+13,0,1,0,35.47821,1.70701e+13,0,0,0,0,0.0144,0.173,0.173,-9998,37751,39387,37751,0.049481,0.330632,1,0,0,A,1707,0.003673,199611,5.50004e+13,6,2,2,5.50004e+13,5.50004e+13,5.50004e+13,5.50004e+13,267.49388,5.50003e+13,1.331959,0,0,0,5.50004e+13,5.50004e+13,5,5.50004e+13,5.50004e+13,0,1,0,35.47821,1.70701e+13,0,0,0,0,0.0144,0.173,0.173,-9998,37751,39387,37751,0.049481,0.330632,1,0,0,A,1707,NA,NA,829,0.030795336,0.094653899,,,
830,-121.93605,45.790604,2076,102,1324,Point,0,163,1/4/18,2,NA,NA,0.330632,1.70701e+13,1,NA,460,46003,0,1,0,5.50004e+13,1707,1,199611,5.50004e+13,6,2,2,5.50004e+13,5.50004e+13,5.50004e+13,5.50004e+13,267.49388,5.50003e+13,1.331959,0,0,0,5.50004e+13,5.50004e+13,5,5.50004e+13,5.50004e+13,0,1,0,35.47821,1.70701e+13,0,0,0,0,0.0144,0.173,0.173,-9998,37751,39387,37751,0.049481,0.330632,1,0,0,A,1707,0.003673,199611,5.50004e+13,6,2,2,5.50004e+13,5.50004e+13,5.50004e+13,5.50004e+13,267.49388,5.50003e+13,1.331959,0,0,0,5.50004e+13,5.50004e+13,5,5.50004e+13,5.50004e+13,0,1,0,35.47821,1.70701e+13,0,0,0,0,0.0144,0.173,0.173,-9998,37751,39387,37751,0.049481,0.330632,1,0,0,A,1707,NA,NA,830,0.031121802,0.102446102,,,
831,-121.935827,45.790724,2076,103,1325,Point,0,163,1/4/18,2,NA,NA,0.330632,1.70701e+13,1,NA,460,46003,0,1,0,5.50004e+13,1707,1,199611,5.50004e+13,6,2,2,5.50004e+13,5.50004e+13,5.50004e+13,5.50004e+13,267.49388,5.50003e+13,1.331959,0,0,0,5.50004e+13,5.50004e+13,5,5.50004e+13,5.50004e+13,0,1,0,35.47821,1.70701e+13,0,0,0,0,0.0144,0.173,0.173,-9998,37751,39387,37751,0.049481,0.330632,1,0,0,A,1707,0.003673,199611,5.50004e+13,6,2,2,5.50004e+13,5.50004e+13,5.50004e+13,5.50004e+13,267.49388,5.50003e+13,1.331959,0,0,0,5.50004e+13,5.50004e+13,5,5.50004e+13,5.50004e+13,0,1,0,35.47821,1.70701e+13,0,0,0,0,0.0144,0.173,0.173,-9998,37751,39387,37751,0.049481,0.330632,1,0,0,A,1707,NA,NA,831,0.031438428,0.112078138,,,
832,-121.93559,45.7908,2076,104,1326,Point,0,163,1/4/18,2,NA,NA,0.330632,1.70701e+13,1,NA,460,46003,0,1,0,5.50004e+13,1707,1,199611,5.50004e+13,6,2,2,5.50004e+13,5.50004e+13,5.50004e+13,5.50004e+13,267.49388,5.50003e+13,1.331959,0,0,0,5.50004e+13,5.50004e+13,5,5.50004e+13,5.50004e+13,0,1,0,35.47821,1.70701e+13,0,0,0,0,0.0144,0.173,0.173,-9998,37751,39387,37751,0.049481,0.330632,1,0,0,A,1707,0.003673,199611,5.50004e+13,6,2,2,5.50004e+13,5.50004e+13,5.50004e+13,5.50004e+13,267.49388,5.50003e+13,1.331959,0,0,0,5.50004e+13,5.50004e+13,5,5.50004e+13,5.50004e+13,0,1,0,35.47821,1.70701e+13,0,0,0,0,0.0144,0.173,0.173,-9998,37751,39387,37751,0.049481,0.330632,1,0,0,A,1707,NA,NA,832,0.031731837,0.128764596,,,
833,-121.935347,45.790792,2076,105,1327,Point,0,163,1/4/18,2,NA,NA,0.330632,1.70701e+13,1,NA,460,46003,0,1,0,5.50004e+13,1707,1,199611,5.50004e+13,6,2,2,5.50004e+13,5.50004e+13,5.50004e+13,5.50004e+13,267.49388,5.50003e+13,1.331959,0,0,0,5.50004e+13,5.50004e+13,5,5.50004e+13,5.50004e+13,0,1,0,35.47821,1.70701e+13,0,0,0,0,0.0144,0.173,0.173,-9998,37751,39387,37751,0.049481,0.330632,1,0,0,A,1707,0.003673,199611,5.50004e+13,6,2,2,5.50004e+13,5.50004e+13,5.50004e+13,5.50004e+13,267.49388,5.50003e+13,1.331959,0,0,0,5.50004e+13,5.50004e+13,5,5.50004e+13,5.50004e+13,0,1,0,35.47821,1.70701e+13,0,0,0,0,0.0144,0.173,0.173,-9998,37751,39387,37751,0.049481,0.330632,1,0,0,A,1707,NA,NA,833,0.032005614,0.156308081,,,
834,-121.93511,45.790807,2076,106,1328,Point,0,163,1/4/18,2,NA,NA,0.330632,1.70701e+13,1,NA,460,46003,0,1,0,5.50004e+13,1707,1,199611,5.50004e+13,6,2,2,5.50004e+13,5.50004e+13,5.50004e+13,5.50004e+13,267.49388,5.50003e+13,1.331959,0,0,0,5.50004e+13,5.50004e+13,5,5.50004e+13,5.50004e+13,0,1,0,35.47821,1.70701e+13,0,0,0,0,0.0144,0.173,0.173,-9998,37751,39387,37751,0.049481,0.330632,1,0,0,A,1707,0.003673,199611,5.50004e+13,6,2,2,5.50004e+13,5.50004e+13,5.50004e+13,5.50004e+13,267.49388,5.50003e+13,1.331959,0,0,0,5.50004e+13,5.50004e+13,5,5.50004e+13,5.50004e+13,0,1,0,35.47821,1.70701e+13,0,0,0,0,0.0144,0.173,0.173,-9998,37751,39387,37751,0.049481,0.330632,1,0,0,A,1707,NA,NA,834,0.032273426,0.177620219,,,
835,-121.935078,45.790755,2076,107,1329,Point,0,163,1/4/18,2,NA,NA,0.330632,1.70701e+13,1,NA,460,46003,0,1,0,5.50004e+13,1707,1,199611,5.50004e+13,6,2,2,5.50004e+13,5.50004e+13,5.50004e+13,5.50004e+13,267.49388,5.50003e+13,1.331959,0,0,0,5.50004e+13,5.50004e+13,5,5.50004e+13,5.50004e+13,0,1,0,35.47821,1.70701e+13,0,0,0,0,0.0144,0.173,0.173,-9998,37751,39387,37751,0.049481,0.330632,1,0,0,A,1707,0.003673,199611,5.50004e+13,6,2,2,5.50004e+13,5.50004e+13,5.50004e+13,5.50004e+13,267.49388,5.50003e+13,1.331959,0,0,0,5.50004e+13,5.50004e+13,5,5.50004e+13,5.50004e+13,0,1,0,35.47821,1.70701e+13,0,0,0,0,0.0144,0.173,0.173,-9998,37751,39387,37751,0.049481,0.330632,1,0,0,A,1707,NA,NA,835,0.032364502,0.177620219,,,
836,-121.940909,45.780452,2077,419,1330,Point,0,164,1/4/18,2,NA,NA,0.259775,1.70701e+13,1,NA,460,46003,0,1,0,5.50004e+13,1707,1,168702,5.50004e+13,7,1,1,5.50004e+13,5.50004e+13,5.50004e+13,5.50004e+13,269.535682,5.50003e+13,0.259775,0,1,0,0,0,6,5.50004e+13,5.50004e+13,0,1,0,100,1.70701e+13,0,0,0,0,0.0393,0.0393,0.0393,61553,53906,61553,54040,0.470225,0.159775,1,0,0.0189,A,1707,0.003249,168702,5.50004e+13,7,1,1,5.50004e+13,5.50004e+13,5.50004e+13,5.50004e+13,269.535682,5.50003e+13,0.259775,0,1,0,0,0,6,5.50004e+13,5.50004e+13,0,1,0,100,1.70701e+13,0,0,0,0,0.0393,0.0393,0.0393,61553,53906,61553,54040,0.470225,0.159775,1,0,0.0189,A,1707,NA,NA,836,0.006039529,0.670393324,,,
837,-121.94115,45.780517,2077,420,1331,Point,0,164,1/4/18,2,NA,NA,0.259775,1.70701e+13,1,NA,460,46003,0,1,0,5.50004e+13,1707,1,168702,5.50004e+13,7,1,1,5.50004e+13,5.50004e+13,5.50004e+13,5.50004e+13,269.535682,5.50003e+13,0.259775,0,1,0,0,0,6,5.50004e+13,5.50004e+13,0,1,0,100,1.70701e+13,0,0,0,0,0.0393,0.0393,0.0393,61553,53906,61553,54040,0.470225,0.159775,1,0,0.0189,A,1707,0.003249,168702,5.50004e+13,7,1,1,5.50004e+13,5.50004e+13,5.50004e+13,5.50004e+13,269.535682,5.50003e+13,0.259775,0,1,0,0,0,6,5.50004e+13,5.50004e+13,0,1,0,100,1.70701e+13,0,0,0,0,0.0393,0.0393,0.0393,61553,53906,61553,54040,0.470225,0.159775,1,0,0.0189,A,1707,NA,NA,837,0.006514766,0.669682015,,,
838,-121.941405,45.780534,2077,421,1332,Point,0,164,1/4/18,2,NA,NA,0.259775,1.70701e+13,1,NA,460,46003,0,1,0,5.50004e+13,1707,1,168702,5.50004e+13,7,1,1,5.50004e+13,5.50004e+13,5.50004e+13,5.50004e+13,269.535682,5.50003e+13,0.259775,0,1,0,0,0,6,5.50004e+13,5.50004e+13,0,1,0,100,1.70701e+13,0,0,0,0,0.0393,0.0393,0.0393,61553,53906,61553,54040,0.470225,0.159775,1,0,0.0189,A,1707,0.003249,168702,5.50004e+13,7,1,1,5.50004e+13,5.50004e+13,5.50004e+13,5.50004e+13,269.535682,5.50003e+13,0.259775,0,1,0,0,0,6,5.50004e+13,5.50004e+13,0,1,0,100,1.70701e+13,0,0,0,0,0.0393,0.0393,0.0393,61553,53906,61553,54040,0.470225,0.159775,1,0,0.0189,A,1707,NA,NA,838,0.006986084,0.689133677,,,
839,-121.941648,45.780612,2077,422,1333,Point,0,164,1/4/18,2,NA,NA,0.259775,1.70701e+13,1,NA,460,46003,0,1,0,5.50004e+13,1707,1,168702,5.50004e+13,7,1,1,5.50004e+13,5.50004e+13,5.50004e+13,5.50004e+13,269.535682,5.50003e+13,0.259775,0,1,0,0,0,6,5.50004e+13,5.50004e+13,0,1,0,100,1.70701e+13,0,0,0,0,0.0393,0.0393,0.0393,61553,53906,61553,54040,0.470225,0.159775,1,0,0.0189,A,1707,0.003249,168702,5.50004e+13,7,1,1,5.50004e+13,5.50004e+13,5.50004e+13,5.50004e+13,269.535682,5.50003e+13,0.259775,0,1,0,0,0,6,5.50004e+13,5.50004e+13,0,1,0,100,1.70701e+13,0,0,0,0,0.0393,0.0393,0.0393,61553,53906,61553,54040,0.470225,0.159775,1,0,0.0189,A,1707,NA,NA,839,0.007478001,0.775194405,,,
840,-121.941873,45.780738,2077,423,1334,Point,0,164,1/4/18,2,NA,NA,0.259775,1.70701e+13,1,NA,460,46003,0,1,0,5.50004e+13,1707,1,168702,5.50004e+13,7,1,1,5.50004e+13,5.50004e+13,5.50004e+13,5.50004e+13,269.535682,5.50003e+13,0.259775,0,1,0,0,0,6,5.50004e+13,5.50004e+13,0,1,0,100,1.70701e+13,0,0,0,0,0.0393,0.0393,0.0393,61553,53906,61553,54040,0.470225,0.159775,1,0,0.0189,A,1707,0.003249,168702,5.50004e+13,7,1,1,5.50004e+13,5.50004e+13,5.50004e+13,5.50004e+13,269.535682,5.50003e+13,0.259775,0,1,0,0,0,6,5.50004e+13,5.50004e+13,0,1,0,100,1.70701e+13,0,0,0,0,0.0393,0.0393,0.0393,61553,53906,61553,54040,0.470225,0.159775,1,0,0.0189,A,1707,NA,NA,840,0.008008261,0.688690298,,,
841,-121.94213,45.780751,2077,424,1335,Point,0,164,1/4/18,2,NA,NA,0.259775,1.70701e+13,1,NA,460,46003,0,1,0,5.50004e+13,1707,1,168702,5.50004e+13,7,1,1,5.50004e+13,5.50004e+13,5.50004e+13,5.50004e+13,269.535682,5.50003e+13,0.259775,0,1,0,0,0,6,5.50004e+13,5.50004e+13,0,1,0,100,1.70701e+13,0,0,0,0,0.0393,0.0393,0.0393,61553,53906,61553,54040,0.470225,0.159775,1,0,0.0189,A,1707,0.003249,168702,5.50004e+13,7,1,1,5.50004e+13,5.50004e+13,5.50004e+13,5.50004e+13,269.535682,5.50003e+13,0.259775,0,1,0,0,0,6,5.50004e+13,5.50004e+13,0,1,0,100,1.70701e+13,0,0,0,0,0.0393,0.0393,0.0393,61553,53906,61553,54040,0.470225,0.159775,1,0,0.0189,A,1707,NA,NA,841,0.008482367,0.692861493,,,
842,-121.942388,45.780743,2077,425,1336,Point,0,164,1/4/18,2,NA,NA,0.259775,1.70701e+13,1,NA,460,46003,0,1,0,5.50004e+13,1707,1,168702,5.50004e+13,7,1,1,5.50004e+13,5.50004e+13,5.50004e+13,5.50004e+13,269.535682,5.50003e+13,0.259775,0,1,0,0,0,6,5.50004e+13,5.50004e+13,0,1,0,100,1.70701e+13,0,0,0,0,0.0393,0.0393,0.0393,61553,53906,61553,54040,0.470225,0.159775,1,0,0.0189,A,1707,0.003249,168702,5.50004e+13,7,1,1,5.50004e+13,5.50004e+13,5.50004e+13,5.50004e+13,269.535682,5.50003e+13,0.259775,0,1,0,0,0,6,5.50004e+13,5.50004e+13,0,1,0,100,1.70701e+13,0,0,0,0,0.0393,0.0393,0.0393,61553,53906,61553,54040,0.470225,0.159775,1,0,0.0189,A,1707,NA,NA,842,0.008957544,0.59935016,,,
843,-121.942646,45.780733,2077,426,1337,Point,0,164,1/4/18,2,NA,NA,0.259775,1.70701e+13,1,NA,460,46003,0,1,0,5.50004e+13,1707,1,168702,5.50004e+13,7,1,1,5.50004e+13,5.50004e+13,5.50004e+13,5.50004e+13,269.535682,5.50003e+13,0.259775,0,1,0,0,0,6,5.50004e+13,5.50004e+13,0,1,0,100,1.70701e+13,0,0,0,0,0.0393,0.0393,0.0393,61553,53906,61553,54040,0.470225,0.159775,1,0,0.0189,A,1707,0.003249,168702,5.50004e+13,7,1,1,5.50004e+13,5.50004e+13,5.50004e+13,5.50004e+13,269.535682,5.50003e+13,0.259775,0,1,0,0,0,6,5.50004e+13,5.50004e+13,0,1,0,100,1.70701e+13,0,0,0,0,0.0393,0.0393,0.0393,61553,53906,61553,54040,0.470225,0.159775,1,0,0.0189,A,1707,NA,NA,843,0.009432983,0.545141944,,,
844,-121.942903,45.780722,2077,427,1338,Point,0,164,1/4/18,2,NA,NA,0.259775,1.70701e+13,1,NA,460,46003,0,1,0,5.50004e+13,1707,1,168702,5.50004e+13,7,1,1,5.50004e+13,5.50004e+13,5.50004e+13,5.50004e+13,269.535682,5.50003e+13,0.259775,0,1,0,0,0,6,5.50004e+13,5.50004e+13,0,1,0,100,1.70701e+13,0,0,0,0,0.0393,0.0393,0.0393,61553,53906,61553,54040,0.470225,0.159775,1,0,0.0189,A,1707,0.003249,168702,5.50004e+13,7,1,1,5.50004e+13,5.50004e+13,5.50004e+13,5.50004e+13,269.535682,5.50003e+13,0.259775,0,1,0,0,0,6,5.50004e+13,5.50004e+13,0,1,0,100,1.70701e+13,0,0,0,0,0.0393,0.0393,0.0393,61553,53906,61553,54040,0.470225,0.159775,1,0,0.0189,A,1707,NA,NA,844,0.009906738,0.583397149,,,
845,-121.943157,45.780693,2077,428,1339,Point,0,164,1/4/18,2,NA,NA,0.259775,1.70701e+13,1,NA,460,46003,0,1,0,5.50004e+13,1707,1,168702,5.50004e+13,7,1,1,5.50004e+13,5.50004e+13,5.50004e+13,5.50004e+13,269.535682,5.50003e+13,0.259775,0,1,0,0,0,6,5.50004e+13,5.50004e+13,0,1,0,100,1.70701e+13,0,0,0,0,0.0393,0.0393,0.0393,61553,53906,61553,54040,0.470225,0.159775,1,0,0.0189,A,1707,0.003249,168702,5.50004e+13,7,1,1,5.50004e+13,5.50004e+13,5.50004e+13,5.50004e+13,269.535682,5.50003e+13,0.259775,0,1,0,0,0,6,5.50004e+13,5.50004e+13,0,1,0,100,1.70701e+13,0,0,0,0,0.0393,0.0393,0.0393,61553,53906,61553,54040,0.470225,0.159775,1,0,0.0189,A,1707,NA,NA,845,0.01038027,0.603171496,,,
846,-121.943407,45.780653,2077,429,1340,Point,0,164,1/4/18,2,NA,NA,0.259775,1.70701e+13,1,NA,460,46003,0,1,0,5.50004e+13,1707,1,168702,5.50004e+13,7,1,1,5.50004e+13,5.50004e+13,5.50004e+13,5.50004e+13,269.535682,5.50003e+13,0.259775,0,1,0,0,0,6,5.50004e+13,5.50004e+13,0,1,0,100,1.70701e+13,0,0,0,0,0.0393,0.0393,0.0393,61553,53906,61553,54040,0.470225,0.159775,1,0,0.0189,A,1707,0.003249,168702,5.50004e+13,7,1,1,5.50004e+13,5.50004e+13,5.50004e+13,5.50004e+13,269.535682,5.50003e+13,0.259775,0,1,0,0,0,6,5.50004e+13,5.50004e+13,0,1,0,100,1.70701e+13,0,0,0,0,0.0393,0.0393,0.0393,61553,53906,61553,54040,0.470225,0.159775,1,0,0.0189,A,1707,NA,NA,846,0.010852136,0.634484351,,,
847,-121.943665,45.780652,2077,430,1341,Point,0,164,1/4/18,2,NA,NA,0.259775,1.70701e+13,1,NA,460,46003,0,1,0,5.50004e+13,1707,1,168702,5.50004e+13,7,1,1,5.50004e+13,5.50004e+13,5.50004e+13,5.50004e+13,269.535682,5.50003e+13,0.259775,0,1,0,0,0,6,5.50004e+13,5.50004e+13,0,1,0,100,1.70701e+13,0,0,0,0,0.0393,0.0393,0.0393,61553,53906,61553,54040,0.470225,0.159775,1,0,0.0189,A,1707,0.003249,168702,5.50004e+13,7,1,1,5.50004e+13,5.50004e+13,5.50004e+13,5.50004e+13,269.535682,5.50003e+13,0.259775,0,1,0,0,0,6,5.50004e+13,5.50004e+13,0,1,0,100,1.70701e+13,0,0,0,0,0.0393,0.0393,0.0393,61553,53906,61553,54040,0.470225,0.159775,1,0,0.0189,A,1707,NA,NA,847,0.011326855,0.447774442,,,
848,-121.943919,45.780662,2077,431,1342,Point,0,164,1/4/18,2,NA,NA,0.259775,1.70701e+13,1,NA,460,46003,0,1,0,5.50004e+13,1707,1,168702,5.50004e+13,7,1,1,5.50004e+13,5.50004e+13,5.50004e+13,5.50004e+13,269.535682,5.50003e+13,0.259775,0,1,0,0,0,6,5.50004e+13,5.50004e+13,0,1,0,100,1.70701e+13,0,0,0,0,0.0393,0.0393,0.0393,61553,53906,61553,54040,0.470225,0.159775,1,0,0.0189,A,1707,0.003249,168702,5.50004e+13,7,1,1,5.50004e+13,5.50004e+13,5.50004e+13,5.50004e+13,269.535682,5.50003e+13,0.259775,0,1,0,0,0,6,5.50004e+13,5.50004e+13,0,1,0,100,1.70701e+13,0,0,0,0,0.0393,0.0393,0.0393,61553,53906,61553,54040,0.470225,0.159775,1,0,0.0189,A,1707,NA,NA,848,0.011794946,0.314526821,,,
849,-121.944063,45.780623,2077,432,1343,Point,0,164,1/4/18,2,NA,NA,0.259775,1.70701e+13,1,NA,460,46003,0,1,0,5.50004e+13,1707,1,168702,5.50004e+13,7,1,1,5.50004e+13,5.50004e+13,5.50004e+13,5.50004e+13,269.535682,5.50003e+13,0.259775,0,1,0,0,0,6,5.50004e+13,5.50004e+13,0,1,0,100,1.70701e+13,0,0,0,0,0.0393,0.0393,0.0393,61553,53906,61553,54040,0.470225,0.159775,1,0,0.0189,A,1707,0.003249,168702,5.50004e+13,7,1,1,5.50004e+13,5.50004e+13,5.50004e+13,5.50004e+13,269.535682,5.50003e+13,0.259775,0,1,0,0,0,6,5.50004e+13,5.50004e+13,0,1,0,100,1.70701e+13,0,0,0,0,0.0393,0.0393,0.0393,61553,53906,61553,54040,0.470225,0.159775,1,0,0.0189,A,1707,NA,NA,849,0.012079058,0.266050196,,,
850,-121.937806,45.792175,2078,1,1344,Point,0,165,1/4/18,2,NA,NA,0.463086,1.70701e+13,1,NA,460,46003,0,1,0,5.50004e+13,1707,1,9579,5.50004e+13,6,1,1,5.50004e+13,5.50004e+13,5.50004e+13,5.50004e+13,267.348093,5.50003e+13,0.463086,0,1,0,0,0,5,5.50004e+13,5.50004e+13,0,1,0,100,1.70701e+13,0,0,0,0,0.0808,0.0808,0.0808,39355,36178,39355,36178,0.0875,0.363086,1,0,0.026,A,1707,0.005341,9579,5.50004e+13,6,1,1,5.50004e+13,5.50004e+13,5.50004e+13,5.50004e+13,267.348093,5.50003e+13,0.463086,0,1,0,0,0,5,5.50004e+13,5.50004e+13,0,1,0,100,1.70701e+13,0,0,0,0,0.0808,0.0808,0.0808,39355,36178,39355,36178,0.0875,0.363086,1,0,0.026,A,1707,NA,NA,850,0.012417147,0.142258809,,,
851,-121.937602,45.792022,2078,2,1345,Point,0,165,1/4/18,2,NA,NA,0.463086,1.70701e+13,1,NA,460,46003,0,1,0,5.50004e+13,1707,1,9579,5.50004e+13,6,1,1,5.50004e+13,5.50004e+13,5.50004e+13,5.50004e+13,267.348093,5.50003e+13,0.463086,0,1,0,0,0,5,5.50004e+13,5.50004e+13,0,1,0,100,1.70701e+13,0,0,0,0,0.0808,0.0808,0.0808,39355,36178,39355,36178,0.0875,0.363086,1,0,0.026,A,1707,0.005341,9579,5.50004e+13,6,1,1,5.50004e+13,5.50004e+13,5.50004e+13,5.50004e+13,267.348093,5.50003e+13,0.463086,0,1,0,0,0,5,5.50004e+13,5.50004e+13,0,1,0,100,1.70701e+13,0,0,0,0,0.0808,0.0808,0.0808,39355,36178,39355,36178,0.0875,0.363086,1,0,0.026,A,1707,NA,NA,851,0.01309002,0.122970212,,,
852,-121.937387,45.791879,2078,3,1346,Point,0,165,1/4/18,2,NA,NA,0.463086,1.70701e+13,1,NA,460,46003,0,1,0,5.50004e+13,1707,1,9579,5.50004e+13,6,1,1,5.50004e+13,5.50004e+13,5.50004e+13,5.50004e+13,267.348093,5.50003e+13,0.463086,0,1,0,0,0,5,5.50004e+13,5.50004e+13,0,1,0,100,1.70701e+13,0,0,0,0,0.0808,0.0808,0.0808,39355,36178,39355,36178,0.0875,0.363086,1,0,0.026,A,1707,0.005341,9579,5.50004e+13,6,1,1,5.50004e+13,5.50004e+13,5.50004e+13,5.50004e+13,267.348093,5.50003e+13,0.463086,0,1,0,0,0,5,5.50004e+13,5.50004e+13,0,1,0,100,1.70701e+13,0,0,0,0,0.0808,0.0808,0.0808,39355,36178,39355,36178,0.0875,0.363086,1,0,0.026,A,1707,NA,NA,852,0.013757457,0.118502376,,,
853,-121.937259,45.791681,2078,4,1347,Point,0,165,1/4/18,2,NA,NA,0.463086,1.70701e+13,1,NA,460,46003,0,1,0,5.50004e+13,1707,1,9579,5.50004e+13,6,1,1,5.50004e+13,5.50004e+13,5.50004e+13,5.50004e+13,267.348093,5.50003e+13,0.463086,0,1,0,0,0,5,5.50004e+13,5.50004e+13,0,1,0,100,1.70701e+13,0,0,0,0,0.0808,0.0808,0.0808,39355,36178,39355,36178,0.0875,0.363086,1,0,0.026,A,1707,0.005341,9579,5.50004e+13,6,1,1,5.50004e+13,5.50004e+13,5.50004e+13,5.50004e+13,267.348093,5.50003e+13,0.463086,0,1,0,0,0,5,5.50004e+13,5.50004e+13,0,1,0,100,1.70701e+13,0,0,0,0,0.0808,0.0808,0.0808,39355,36178,39355,36178,0.0875,0.363086,1,0,0.026,A,1707,NA,NA,853,0.014456323,0.113214329,,,
854,-121.937181,45.791468,2078,5,1348,Point,0,165,1/4/18,2,NA,NA,0.463086,1.70701e+13,1,NA,460,46003,0,1,0,5.50004e+13,1707,1,9579,5.50004e+13,6,1,1,5.50004e+13,5.50004e+13,5.50004e+13,5.50004e+13,267.348093,5.50003e+13,0.463086,0,1,0,0,0,5,5.50004e+13,5.50004e+13,0,1,0,100,1.70701e+13,0,0,0,0,0.0808,0.0808,0.0808,39355,36178,39355,36178,0.0875,0.363086,1,0,0.026,A,1707,0.005341,9579,5.50004e+13,6,1,1,5.50004e+13,5.50004e+13,5.50004e+13,5.50004e+13,267.348093,5.50003e+13,0.463086,0,1,0,0,0,5,5.50004e+13,5.50004e+13,0,1,0,100,1.70701e+13,0,0,0,0,0.0808,0.0808,0.0808,39355,36178,39355,36178,0.0875,0.363086,1,0,0.026,A,1707,NA,NA,854,0.015163461,0.108871871,,,
855,-121.937089,45.791248,2078,6,1349,Point,0,165,1/4/18,2,NA,NA,0.463086,1.70701e+13,1,NA,460,46003,0,1,0,5.50004e+13,1707,1,9579,5.50004e+13,6,1,1,5.50004e+13,5.50004e+13,5.50004e+13,5.50004e+13,267.348093,5.50003e+13,0.463086,0,1,0,0,0,5,5.50004e+13,5.50004e+13,0,1,0,100,1.70701e+13,0,0,0,0,0.0808,0.0808,0.0808,39355,36178,39355,36178,0.0875,0.363086,1,0,0.026,A,1707,0.005341,9579,5.50004e+13,6,1,1,5.50004e+13,5.50004e+13,5.50004e+13,5.50004e+13,267.348093,5.50003e+13,0.463086,0,1,0,0,0,5,5.50004e+13,5.50004e+13,0,1,0,100,1.70701e+13,0,0,0,0,0.0808,0.0808,0.0808,39355,36178,39355,36178,0.0875,0.363086,1,0,0.026,A,1707,NA,NA,855,0.015900645,0.105471017,,,
856,-121.936857,45.791154,2078,7,1350,Point,0,165,1/4/18,2,NA,NA,0.463086,1.70701e+13,1,NA,460,46003,0,1,0,5.50004e+13,1707,1,9579,5.50004e+13,6,1,1,5.50004e+13,5.50004e+13,5.50004e+13,5.50004e+13,267.348093,5.50003e+13,0.463086,0,1,0,0,0,5,5.50004e+13,5.50004e+13,0,1,0,100,1.70701e+13,0,0,0,0,0.0808,0.0808,0.0808,39355,36178,39355,36178,0.0875,0.363086,1,0,0.026,A,1707,0.005341,9579,5.50004e+13,6,1,1,5.50004e+13,5.50004e+13,5.50004e+13,5.50004e+13,267.348093,5.50003e+13,0.463086,0,1,0,0,0,5,5.50004e+13,5.50004e+13,0,1,0,100,1.70701e+13,0,0,0,0,0.0808,0.0808,0.0808,39355,36178,39355,36178,0.0875,0.363086,1,0,0.026,A,1707,NA,NA,856,0.016503827,0.100964453,,,
857,-121.936642,45.791019,2078,8,1351,Point,0,165,1/4/18,2,NA,NA,0.463086,1.70701e+13,1,NA,460,46003,0,1,0,5.50004e+13,1707,1,9579,5.50004e+13,6,1,1,5.50004e+13,5.50004e+13,5.50004e+13,5.50004e+13,267.348093,5.50003e+13,0.463086,0,1,0,0,0,5,5.50004e+13,5.50004e+13,0,1,0,100,1.70701e+13,0,0,0,0,0.0808,0.0808,0.0808,39355,36178,39355,36178,0.0875,0.363086,1,0,0.026,A,1707,0.005341,9579,5.50004e+13,6,1,1,5.50004e+13,5.50004e+13,5.50004e+13,5.50004e+13,267.348093,5.50003e+13,0.463086,0,1,0,0,0,5,5.50004e+13,5.50004e+13,0,1,0,100,1.70701e+13,0,0,0,0,0.0808,0.0808,0.0808,39355,36178,39355,36178,0.0875,0.363086,1,0,0.026,A,1707,NA,NA,857,0.01715381,0.100964453,,,
858,-121.936411,45.790924,2078,9,1352,Point,0,165,1/4/18,2,NA,NA,0.463086,1.70701e+13,1,NA,460,46003,0,1,0,5.50004e+13,1707,1,9579,5.50004e+13,6,1,1,5.50004e+13,5.50004e+13,5.50004e+13,5.50004e+13,267.348093,5.50003e+13,0.463086,0,1,0,0,0,5,5.50004e+13,5.50004e+13,0,1,0,100,1.70701e+13,0,0,0,0,0.0808,0.0808,0.0808,39355,36178,39355,36178,0.0875,0.363086,1,0,0.026,A,1707,0.005341,9579,5.50004e+13,6,1,1,5.50004e+13,5.50004e+13,5.50004e+13,5.50004e+13,267.348093,5.50003e+13,0.463086,0,1,0,0,0,5,5.50004e+13,5.50004e+13,0,1,0,100,1.70701e+13,0,0,0,0,0.0808,0.0808,0.0808,39355,36178,39355,36178,0.0875,0.363086,1,0,0.026,A,1707,NA,NA,858,0.017756672,0.095647223,,,
859,-121.936166,45.79099,2078,10,1353,Point,0,165,1/4/18,2,NA,NA,0.463086,1.70701e+13,1,NA,460,46003,0,1,0,5.50004e+13,1707,1,9579,5.50004e+13,6,1,1,5.50004e+13,5.50004e+13,5.50004e+13,5.50004e+13,267.348093,5.50003e+13,0.463086,0,1,0,0,0,5,5.50004e+13,5.50004e+13,0,1,0,100,1.70701e+13,0,0,0,0,0.0808,0.0808,0.0808,39355,36178,39355,36178,0.0875,0.363086,1,0,0.026,A,1707,0.005341,9579,5.50004e+13,6,1,1,5.50004e+13,5.50004e+13,5.50004e+13,5.50004e+13,267.348093,5.50003e+13,0.463086,0,1,0,0,0,5,5.50004e+13,5.50004e+13,0,1,0,100,1.70701e+13,0,0,0,0,0.0808,0.0808,0.0808,39355,36178,39355,36178,0.0875,0.363086,1,0,0.026,A,1707,NA,NA,859,0.018347335,0.111915942,,,
860,-121.935917,45.790961,2078,11,1354,Point,0,165,1/4/18,2,NA,NA,0.463086,1.70701e+13,1,NA,460,46003,0,1,0,5.50004e+13,1707,1,9579,5.50004e+13,6,1,1,5.50004e+13,5.50004e+13,5.50004e+13,5.50004e+13,267.348093,5.50003e+13,0.463086,0,1,0,0,0,5,5.50004e+13,5.50004e+13,0,1,0,100,1.70701e+13,0,0,0,0,0.0808,0.0808,0.0808,39355,36178,39355,36178,0.0875,0.363086,1,0,0.026,A,1707,0.005341,9579,5.50004e+13,6,1,1,5.50004e+13,5.50004e+13,5.50004e+13,5.50004e+13,267.348093,5.50003e+13,0.463086,0,1,0,0,0,5,5.50004e+13,5.50004e+13,0,1,0,100,1.70701e+13,0,0,0,0,0.0808,0.0808,0.0808,39355,36178,39355,36178,0.0875,0.363086,1,0,0.026,A,1707,NA,NA,860,0.018915252,0.122995585,,,
861,-121.935665,45.79099,2078,12,1355,Point,0,165,1/4/18,2,NA,NA,0.463086,1.70701e+13,1,NA,460,46003,0,1,0,5.50004e+13,1707,1,9579,5.50004e+13,6,1,1,5.50004e+13,5.50004e+13,5.50004e+13,5.50004e+13,267.348093,5.50003e+13,0.463086,0,1,0,0,0,5,5.50004e+13,5.50004e+13,0,1,0,100,1.70701e+13,0,0,0,0,0.0808,0.0808,0.0808,39355,36178,39355,36178,0.0875,0.363086,1,0,0.026,A,1707,0.005341,9579,5.50004e+13,6,1,1,5.50004e+13,5.50004e+13,5.50004e+13,5.50004e+13,267.348093,5.50003e+13,0.463086,0,1,0,0,0,5,5.50004e+13,5.50004e+13,0,1,0,100,1.70701e+13,0,0,0,0,0.0808,0.0808,0.0808,39355,36178,39355,36178,0.0875,0.363086,1,0,0.026,A,1707,NA,NA,861,0.019489828,0.138981554,,,
862,-121.935426,45.791046,2078,13,1356,Point,0,165,1/4/18,2,NA,NA,0.463086,1.70701e+13,1,NA,460,46003,0,1,0,5.50004e+13,1707,1,9579,5.50004e+13,6,1,1,5.50004e+13,5.50004e+13,5.50004e+13,5.50004e+13,267.348093,5.50003e+13,0.463086,0,1,0,0,0,5,5.50004e+13,5.50004e+13,0,1,0,100,1.70701e+13,0,0,0,0,0.0808,0.0808,0.0808,39355,36178,39355,36178,0.0875,0.363086,1,0,0.026,A,1707,0.005341,9579,5.50004e+13,6,1,1,5.50004e+13,5.50004e+13,5.50004e+13,5.50004e+13,267.348093,5.50003e+13,0.463086,0,1,0,0,0,5,5.50004e+13,5.50004e+13,0,1,0,100,1.70701e+13,0,0,0,0,0.0808,0.0808,0.0808,39355,36178,39355,36178,0.0875,0.363086,1,0,0.026,A,1707,NA,NA,862,0.020056895,0.16278,,,
863,-121.935184,45.790997,2078,14,1357,Point,0,165,1/4/18,2,NA,NA,0.463086,1.70701e+13,1,NA,460,46003,0,1,0,5.50004e+13,1707,1,9579,5.50004e+13,6,1,1,5.50004e+13,5.50004e+13,5.50004e+13,5.50004e+13,267.348093,5.50003e+13,0.463086,0,1,0,0,0,5,5.50004e+13,5.50004e+13,0,1,0,100,1.70701e+13,0,0,0,0,0.0808,0.0808,0.0808,39355,36178,39355,36178,0.0875,0.363086,1,0,0.026,A,1707,0.005341,9579,5.50004e+13,6,1,1,5.50004e+13,5.50004e+13,5.50004e+13,5.50004e+13,267.348093,5.50003e+13,0.463086,0,1,0,0,0,5,5.50004e+13,5.50004e+13,0,1,0,100,1.70701e+13,0,0,0,0,0.0808,0.0808,0.0808,39355,36178,39355,36178,0.0875,0.363086,1,0,0.026,A,1707,NA,NA,863,0.020623699,0.188444283,,,
864,-121.934933,45.791017,2078,15,1358,Point,0,165,1/4/18,2,NA,NA,0.463086,1.70701e+13,1,NA,460,46003,0,1,0,5.50004e+13,1707,1,9579,5.50004e+13,6,1,1,5.50004e+13,5.50004e+13,5.50004e+13,5.50004e+13,267.348093,5.50003e+13,0.463086,0,1,0,0,0,5,5.50004e+13,5.50004e+13,0,1,0,100,1.70701e+13,0,0,0,0,0.0808,0.0808,0.0808,39355,36178,39355,36178,0.0875,0.363086,1,0,0.026,A,1707,0.005341,9579,5.50004e+13,6,1,1,5.50004e+13,5.50004e+13,5.50004e+13,5.50004e+13,267.348093,5.50003e+13,0.463086,0,1,0,0,0,5,5.50004e+13,5.50004e+13,0,1,0,100,1.70701e+13,0,0,0,0,0.0808,0.0808,0.0808,39355,36178,39355,36178,0.0875,0.363086,1,0,0.026,A,1707,NA,NA,864,0.021192056,0.202674134,,,
865,-121.934683,45.79106,2078,16,1359,Point,0,165,1/4/18,2,NA,NA,0.463086,1.70701e+13,1,NA,460,46003,0,1,0,5.50004e+13,1707,1,9579,5.50004e+13,6,1,1,5.50004e+13,5.50004e+13,5.50004e+13,5.50004e+13,267.348093,5.50003e+13,0.463086,0,1,0,0,0,5,5.50004e+13,5.50004e+13,0,1,0,100,1.70701e+13,0,0,0,0,0.0808,0.0808,0.0808,39355,36178,39355,36178,0.0875,0.363086,1,0,0.026,A,1707,0.005341,9579,5.50004e+13,6,1,1,5.50004e+13,5.50004e+13,5.50004e+13,5.50004e+13,267.348093,5.50003e+13,0.463086,0,1,0,0,0,5,5.50004e+13,5.50004e+13,0,1,0,100,1.70701e+13,0,0,0,0,0.0808,0.0808,0.0808,39355,36178,39355,36178,0.0875,0.363086,1,0,0.026,A,1707,NA,NA,865,0.021771263,0.202674134,,,
866,-121.934445,45.791131,2078,17,1360,Point,0,165,1/4/18,2,NA,NA,0.463086,1.70701e+13,1,NA,460,46003,0,1,0,5.50004e+13,1707,1,9579,5.50004e+13,6,1,1,5.50004e+13,5.50004e+13,5.50004e+13,5.50004e+13,267.348093,5.50003e+13,0.463086,0,1,0,0,0,5,5.50004e+13,5.50004e+13,0,1,0,100,1.70701e+13,0,0,0,0,0.0808,0.0808,0.0808,39355,36178,39355,36178,0.0875,0.363086,1,0,0.026,A,1707,0.005341,9579,5.50004e+13,6,1,1,5.50004e+13,5.50004e+13,5.50004e+13,5.50004e+13,267.348093,5.50003e+13,0.463086,0,1,0,0,0,5,5.50004e+13,5.50004e+13,0,1,0,100,1.70701e+13,0,0,0,0,0.0808,0.0808,0.0808,39355,36178,39355,36178,0.0875,0.363086,1,0,0.026,A,1707,NA,NA,866,0.022353374,0.189458149,,,
867,-121.934211,45.791088,2078,18,1361,Point,0,165,1/4/18,2,NA,NA,0.463086,1.70701e+13,1,NA,460,46003,0,1,0,5.50004e+13,1707,1,9579,5.50004e+13,6,1,1,5.50004e+13,5.50004e+13,5.50004e+13,5.50004e+13,267.348093,5.50003e+13,0.463086,0,1,0,0,0,5,5.50004e+13,5.50004e+13,0,1,0,100,1.70701e+13,0,0,0,0,0.0808,0.0808,0.0808,39355,36178,39355,36178,0.0875,0.363086,1,0,0.026,A,1707,0.005341,9579,5.50004e+13,6,1,1,5.50004e+13,5.50004e+13,5.50004e+13,5.50004e+13,267.348093,5.50003e+13,0.463086,0,1,0,0,0,5,5.50004e+13,5.50004e+13,0,1,0,100,1.70701e+13,0,0,0,0,0.0808,0.0808,0.0808,39355,36178,39355,36178,0.0875,0.363086,1,0,0.026,A,1707,NA,NA,867,0.022897692,0.143944261,,,
868,-121.933964,45.791074,2078,19,1362,Point,0,165,1/4/18,2,NA,NA,0.463086,1.70701e+13,1,NA,460,46003,0,1,0,5.50004e+13,1707,1,9579,5.50004e+13,6,1,1,5.50004e+13,5.50004e+13,5.50004e+13,5.50004e+13,267.348093,5.50003e+13,0.463086,0,1,0,0,0,5,5.50004e+13,5.50004e+13,0,1,0,100,1.70701e+13,0,0,0,0,0.0808,0.0808,0.0808,39355,36178,39355,36178,0.0875,0.363086,1,0,0.026,A,1707,0.005341,9579,5.50004e+13,6,1,1,5.50004e+13,5.50004e+13,5.50004e+13,5.50004e+13,267.348093,5.50003e+13,0.463086,0,1,0,0,0,5,5.50004e+13,5.50004e+13,0,1,0,100,1.70701e+13,0,0,0,0,0.0808,0.0808,0.0808,39355,36178,39355,36178,0.0875,0.363086,1,0,0.026,A,1707,NA,NA,868,0.023455218,0.095663793,,,
869,-121.933785,45.791019,2078,20,1363,Point,0,165,1/4/18,2,NA,NA,0.463086,1.70701e+13,1,NA,460,46003,0,1,0,5.50004e+13,1707,1,9579,5.50004e+13,6,1,1,5.50004e+13,5.50004e+13,5.50004e+13,5.50004e+13,267.348093,5.50003e+13,0.463086,0,1,0,0,0,5,5.50004e+13,5.50004e+13,0,1,0,100,1.70701e+13,0,0,0,0,0.0808,0.0808,0.0808,39355,36178,39355,36178,0.0875,0.363086,1,0,0.026,A,1707,0.005341,9579,5.50004e+13,6,1,1,5.50004e+13,5.50004e+13,5.50004e+13,5.50004e+13,267.348093,5.50003e+13,0.463086,0,1,0,0,0,5,5.50004e+13,5.50004e+13,0,1,0,100,1.70701e+13,0,0,0,0,0.0808,0.0808,0.0808,39355,36178,39355,36178,0.0875,0.363086,1,0,0.026,A,1707,NA,NA,869,0.02389507,0.073848968,,,
870,-121.93361,45.790906,2078,21,1364,Point,0,165,1/4/18,2,NA,NA,0.463086,1.70701e+13,1,NA,460,46003,0,1,0,5.50004e+13,1707,1,9579,5.50004e+13,6,1,1,5.50004e+13,5.50004e+13,5.50004e+13,5.50004e+13,267.348093,5.50003e+13,0.463086,0,1,0,0,0,5,5.50004e+13,5.50004e+13,0,1,0,100,1.70701e+13,0,0,0,0,0.0808,0.0808,0.0808,39355,36178,39355,36178,0.0875,0.363086,1,0,0.026,A,1707,0.005341,9579,5.50004e+13,6,1,1,5.50004e+13,5.50004e+13,5.50004e+13,5.50004e+13,267.348093,5.50003e+13,0.463086,0,1,0,0,0,5,5.50004e+13,5.50004e+13,0,1,0,100,1.70701e+13,0,0,0,0,0.0808,0.0808,0.0808,39355,36178,39355,36178,0.0875,0.363086,1,0,0.026,A,1707,NA,NA,870,0.024430872,0.053886843,,,
871,-121.933434,45.790882,2078,22,1365,Point,0,165,1/4/18,2,NA,NA,0.463086,1.70701e+13,1,NA,460,46003,0,1,0,5.50004e+13,1707,1,9579,5.50004e+13,6,1,1,5.50004e+13,5.50004e+13,5.50004e+13,5.50004e+13,267.348093,5.50003e+13,0.463086,0,1,0,0,0,5,5.50004e+13,5.50004e+13,0,1,0,100,1.70701e+13,0,0,0,0,0.0808,0.0808,0.0808,39355,36178,39355,36178,0.0875,0.363086,1,0,0.026,A,1707,0.005341,9579,5.50004e+13,6,1,1,5.50004e+13,5.50004e+13,5.50004e+13,5.50004e+13,267.348093,5.50003e+13,0.463086,0,1,0,0,0,5,5.50004e+13,5.50004e+13,0,1,0,100,1.70701e+13,0,0,0,0,0.0808,0.0808,0.0808,39355,36178,39355,36178,0.0875,0.363086,1,0,0.026,A,1707,NA,NA,871,0.024834294,0.063672496,,,
872,-121.953724,45.793911,2079,455,1366,Point,0,166,1/4/18,2,NA,NA,0.626657,1.70701e+13,1,NA,460,46003,0,1,0,5.50004e+13,1707,1,212894,5.50004e+13,7,1,1,5.50004e+13,5.50004e+13,5.50004e+13,5.50004e+13,268.961256,5.50003e+13,0.626657,0,1,0,0,0,6,5.50004e+13,5.50004e+13,0,1,0,100,1.70701e+13,0,0,0,0,0.2835,0.2835,0.2835,57184,48214,57184,48214,0.17032,0.526657,1,0,0.0422,A,1707,0.007724,212894,5.50004e+13,7,1,1,5.50004e+13,5.50004e+13,5.50004e+13,5.50004e+13,268.961256,5.50003e+13,0.626657,0,1,0,0,0,6,5.50004e+13,5.50004e+13,0,1,0,100,1.70701e+13,0,0,0,0,0.2835,0.2835,0.2835,57184,48214,57184,48214,0.17032,0.526657,1,0,0.0422,A,1707,NA,NA,872,0.043567593,0.586685128,,,
873,-121.95347,45.79392,2079,456,1367,Point,0,166,1/4/18,2,NA,NA,0.626657,1.70701e+13,1,NA,460,46003,0,1,0,5.50004e+13,1707,1,212894,5.50004e+13,7,1,1,5.50004e+13,5.50004e+13,5.50004e+13,5.50004e+13,268.961256,5.50003e+13,0.626657,0,1,0,0,0,6,5.50004e+13,5.50004e+13,0,1,0,100,1.70701e+13,0,0,0,0,0.2835,0.2835,0.2835,57184,48214,57184,48214,0.17032,0.526657,1,0,0.0422,A,1707,0.007724,212894,5.50004e+13,7,1,1,5.50004e+13,5.50004e+13,5.50004e+13,5.50004e+13,268.961256,5.50003e+13,0.626657,0,1,0,0,0,6,5.50004e+13,5.50004e+13,0,1,0,100,1.70701e+13,0,0,0,0,0.2835,0.2835,0.2835,57184,48214,57184,48214,0.17032,0.526657,1,0,0.0422,A,1707,NA,NA,873,0.044991235,0.474139606,,,
874,-121.953225,45.793852,2079,457,1368,Point,0,166,1/4/18,2,NA,NA,0.626657,1.70701e+13,1,NA,460,46003,0,1,0,5.50004e+13,1707,1,212894,5.50004e+13,7,1,1,5.50004e+13,5.50004e+13,5.50004e+13,5.50004e+13,268.961256,5.50003e+13,0.626657,0,1,0,0,0,6,5.50004e+13,5.50004e+13,0,1,0,100,1.70701e+13,0,0,0,0,0.2835,0.2835,0.2835,57184,48214,57184,48214,0.17032,0.526657,1,0,0.0422,A,1707,0.007724,212894,5.50004e+13,7,1,1,5.50004e+13,5.50004e+13,5.50004e+13,5.50004e+13,268.961256,5.50003e+13,0.626657,0,1,0,0,0,6,5.50004e+13,5.50004e+13,0,1,0,100,1.70701e+13,0,0,0,0,0.2835,0.2835,0.2835,57184,48214,57184,48214,0.17032,0.526657,1,0,0.0422,A,1707,NA,NA,874,0.046466681,0.360620593,,,
875,-121.952976,45.793872,2079,458,1369,Point,0,166,1/4/18,2,NA,NA,0.626657,1.70701e+13,1,NA,460,46003,0,1,0,5.50004e+13,1707,1,212894,5.50004e+13,7,1,1,5.50004e+13,5.50004e+13,5.50004e+13,5.50004e+13,268.961256,5.50003e+13,0.626657,0,1,0,0,0,6,5.50004e+13,5.50004e+13,0,1,0,100,1.70701e+13,0,0,0,0,0.2835,0.2835,0.2835,57184,48214,57184,48214,0.17032,0.526657,1,0,0.0422,A,1707,0.007724,212894,5.50004e+13,7,1,1,5.50004e+13,5.50004e+13,5.50004e+13,5.50004e+13,268.961256,5.50003e+13,0.626657,0,1,0,0,0,6,5.50004e+13,5.50004e+13,0,1,0,100,1.70701e+13,0,0,0,0,0.2835,0.2835,0.2835,57184,48214,57184,48214,0.17032,0.526657,1,0,0.0422,A,1707,NA,NA,875,0.04786967,0.381451815,,,
876,-121.952733,45.793908,2079,459,1370,Point,0,166,1/4/18,2,NA,NA,0.626657,1.70701e+13,1,NA,460,46003,0,1,0,5.50004e+13,1707,1,212894,5.50004e+13,7,1,1,5.50004e+13,5.50004e+13,5.50004e+13,5.50004e+13,268.961256,5.50003e+13,0.626657,0,1,0,0,0,6,5.50004e+13,5.50004e+13,0,1,0,100,1.70701e+13,0,0,0,0,0.2835,0.2835,0.2835,57184,48214,57184,48214,0.17032,0.526657,1,0,0.0422,A,1707,0.007724,212894,5.50004e+13,7,1,1,5.50004e+13,5.50004e+13,5.50004e+13,5.50004e+13,268.961256,5.50003e+13,0.626657,0,1,0,0,0,6,5.50004e+13,5.50004e+13,0,1,0,100,1.70701e+13,0,0,0,0,0.2835,0.2835,0.2835,57184,48214,57184,48214,0.17032,0.526657,1,0,0.0422,A,1707,NA,NA,876,0.049260085,0.30694254,,,
877,-121.952493,45.793826,2079,460,1371,Point,0,166,1/4/18,2,NA,NA,0.626657,1.70701e+13,1,NA,460,46003,0,1,0,5.50004e+13,1707,1,212894,5.50004e+13,7,1,1,5.50004e+13,5.50004e+13,5.50004e+13,5.50004e+13,268.961256,5.50003e+13,0.626657,0,1,0,0,0,6,5.50004e+13,5.50004e+13,0,1,0,100,1.70701e+13,0,0,0,0,0.2835,0.2835,0.2835,57184,48214,57184,48214,0.17032,0.526657,1,0,0.0422,A,1707,0.007724,212894,5.50004e+13,7,1,1,5.50004e+13,5.50004e+13,5.50004e+13,5.50004e+13,268.961256,5.50003e+13,0.626657,0,1,0,0,0,6,5.50004e+13,5.50004e+13,0,1,0,100,1.70701e+13,0,0,0,0,0.2835,0.2835,0.2835,57184,48214,57184,48214,0.17032,0.526657,1,0,0.0422,A,1707,NA,NA,877,0.05075522,0.30694254,,,
878,-121.952251,45.793747,2079,461,1372,Point,0,166,1/4/18,2,NA,NA,0.626657,1.70701e+13,1,NA,460,46003,0,1,0,5.50004e+13,1707,1,212894,5.50004e+13,7,1,1,5.50004e+13,5.50004e+13,5.50004e+13,5.50004e+13,268.961256,5.50003e+13,0.626657,0,1,0,0,0,6,5.50004e+13,5.50004e+13,0,1,0,100,1.70701e+13,0,0,0,0,0.2835,0.2835,0.2835,57184,48214,57184,48214,0.17032,0.526657,1,0,0.0422,A,1707,0.007724,212894,5.50004e+13,7,1,1,5.50004e+13,5.50004e+13,5.50004e+13,5.50004e+13,268.961256,5.50003e+13,0.626657,0,1,0,0,0,6,5.50004e+13,5.50004e+13,0,1,0,100,1.70701e+13,0,0,0,0,0.2835,0.2835,0.2835,57184,48214,57184,48214,0.17032,0.526657,1,0,0.0422,A,1707,NA,NA,878,0.052250116,0.181653524,,,
879,-121.951994,45.793733,2079,462,1373,Point,0,166,1/4/18,2,NA,NA,0.626657,1.70701e+13,1,NA,460,46003,0,1,0,5.50004e+13,1707,1,212894,5.50004e+13,7,1,1,5.50004e+13,5.50004e+13,5.50004e+13,5.50004e+13,268.961256,5.50003e+13,0.626657,0,1,0,0,0,6,5.50004e+13,5.50004e+13,0,1,0,100,1.70701e+13,0,0,0,0,0.2835,0.2835,0.2835,57184,48214,57184,48214,0.17032,0.526657,1,0,0.0422,A,1707,0.007724,212894,5.50004e+13,7,1,1,5.50004e+13,5.50004e+13,5.50004e+13,5.50004e+13,268.961256,5.50003e+13,0.626657,0,1,0,0,0,6,5.50004e+13,5.50004e+13,0,1,0,100,1.70701e+13,0,0,0,0,0.2835,0.2835,0.2835,57184,48214,57184,48214,0.17032,0.526657,1,0,0.0422,A,1707,NA,NA,879,0.053693087,0.164451372,,,
880,-121.951738,45.793711,2079,463,1374,Point,0,166,1/4/18,2,NA,NA,0.626657,1.70701e+13,1,NA,460,46003,0,1,0,5.50004e+13,1707,1,212894,5.50004e+13,7,1,1,5.50004e+13,5.50004e+13,5.50004e+13,5.50004e+13,268.961256,5.50003e+13,0.626657,0,1,0,0,0,6,5.50004e+13,5.50004e+13,0,1,0,100,1.70701e+13,0,0,0,0,0.2835,0.2835,0.2835,57184,48214,57184,48214,0.17032,0.526657,1,0,0.0422,A,1707,0.007724,212894,5.50004e+13,7,1,1,5.50004e+13,5.50004e+13,5.50004e+13,5.50004e+13,268.961256,5.50003e+13,0.626657,0,1,0,0,0,6,5.50004e+13,5.50004e+13,0,1,0,100,1.70701e+13,0,0,0,0,0.2835,0.2835,0.2835,57184,48214,57184,48214,0.17032,0.526657,1,0,0.0422,A,1707,NA,NA,880,0.055136879,0.173355999,,,
881,-121.951481,45.7937,2079,464,1375,Point,0,166,1/4/18,2,NA,NA,0.626657,1.70701e+13,1,NA,460,46003,0,1,0,5.50004e+13,1707,1,212894,5.50004e+13,7,1,1,5.50004e+13,5.50004e+13,5.50004e+13,5.50004e+13,268.961256,5.50003e+13,0.626657,0,1,0,0,0,6,5.50004e+13,5.50004e+13,0,1,0,100,1.70701e+13,0,0,0,0,0.2835,0.2835,0.2835,57184,48214,57184,48214,0.17032,0.526657,1,0,0.0422,A,1707,0.007724,212894,5.50004e+13,7,1,1,5.50004e+13,5.50004e+13,5.50004e+13,5.50004e+13,268.961256,5.50003e+13,0.626657,0,1,0,0,0,6,5.50004e+13,5.50004e+13,0,1,0,100,1.70701e+13,0,0,0,0,0.2835,0.2835,0.2835,57184,48214,57184,48214,0.17032,0.526657,1,0,0.0422,A,1707,NA,NA,881,0.056578186,0.197241026,,,
882,-121.951228,45.793732,2079,465,1376,Point,0,166,1/4/18,2,NA,NA,0.626657,1.70701e+13,1,NA,460,46003,0,1,0,5.50004e+13,1707,1,212894,5.50004e+13,7,1,1,5.50004e+13,5.50004e+13,5.50004e+13,5.50004e+13,268.961256,5.50003e+13,0.626657,0,1,0,0,0,6,5.50004e+13,5.50004e+13,0,1,0,100,1.70701e+13,0,0,0,0,0.2835,0.2835,0.2835,57184,48214,57184,48214,0.17032,0.526657,1,0,0.0422,A,1707,0.007724,212894,5.50004e+13,7,1,1,5.50004e+13,5.50004e+13,5.50004e+13,5.50004e+13,268.961256,5.50003e+13,0.626657,0,1,0,0,0,6,5.50004e+13,5.50004e+13,0,1,0,100,1.70701e+13,0,0,0,0,0.2835,0.2835,0.2835,57184,48214,57184,48214,0.17032,0.526657,1,0,0.0422,A,1707,NA,NA,882,0.058017376,0.232736763,,,
883,-121.950973,45.793742,2079,466,1377,Point,0,166,1/4/18,2,NA,NA,0.626657,1.70701e+13,1,NA,460,46003,0,1,0,5.50004e+13,1707,1,212894,5.50004e+13,7,1,1,5.50004e+13,5.50004e+13,5.50004e+13,5.50004e+13,268.961256,5.50003e+13,0.626657,0,1,0,0,0,6,5.50004e+13,5.50004e+13,0,1,0,100,1.70701e+13,0,0,0,0,0.2835,0.2835,0.2835,57184,48214,57184,48214,0.17032,0.526657,1,0,0.0422,A,1707,0.007724,212894,5.50004e+13,7,1,1,5.50004e+13,5.50004e+13,5.50004e+13,5.50004e+13,268.961256,5.50003e+13,0.626657,0,1,0,0,0,6,5.50004e+13,5.50004e+13,0,1,0,100,1.70701e+13,0,0,0,0,0.2835,0.2835,0.2835,57184,48214,57184,48214,0.17032,0.526657,1,0,0.0422,A,1707,NA,NA,883,0.059447038,0.261218646,,,
884,-121.950719,45.79375,2079,467,1378,Point,0,166,1/4/18,2,NA,NA,0.626657,1.70701e+13,1,NA,460,46003,0,1,0,5.50004e+13,1707,1,212894,5.50004e+13,7,1,1,5.50004e+13,5.50004e+13,5.50004e+13,5.50004e+13,268.961256,5.50003e+13,0.626657,0,1,0,0,0,6,5.50004e+13,5.50004e+13,0,1,0,100,1.70701e+13,0,0,0,0,0.2835,0.2835,0.2835,57184,48214,57184,48214,0.17032,0.526657,1,0,0.0422,A,1707,0.007724,212894,5.50004e+13,7,1,1,5.50004e+13,5.50004e+13,5.50004e+13,5.50004e+13,268.961256,5.50003e+13,0.626657,0,1,0,0,0,6,5.50004e+13,5.50004e+13,0,1,0,100,1.70701e+13,0,0,0,0,0.2835,0.2835,0.2835,57184,48214,57184,48214,0.17032,0.526657,1,0,0.0422,A,1707,NA,NA,884,0.060870301,0.283705047,,,
885,-121.950498,45.79363,2079,468,1379,Point,0,166,1/4/18,2,NA,NA,0.626657,1.70701e+13,1,NA,460,46003,0,1,0,5.50004e+13,1707,1,212894,5.50004e+13,7,1,1,5.50004e+13,5.50004e+13,5.50004e+13,5.50004e+13,268.961256,5.50003e+13,0.626657,0,1,0,0,0,6,5.50004e+13,5.50004e+13,0,1,0,100,1.70701e+13,0,0,0,0,0.2835,0.2835,0.2835,57184,48214,57184,48214,0.17032,0.526657,1,0,0.0422,A,1707,0.007724,212894,5.50004e+13,7,1,1,5.50004e+13,5.50004e+13,5.50004e+13,5.50004e+13,268.961256,5.50003e+13,0.626657,0,1,0,0,0,6,5.50004e+13,5.50004e+13,0,1,0,100,1.70701e+13,0,0,0,0,0.2835,0.2835,0.2835,57184,48214,57184,48214,0.17032,0.526657,1,0,0.0422,A,1707,NA,NA,885,0.062436349,0.292547147,,,
886,-121.950254,45.793613,2079,469,1380,Point,0,166,1/4/18,2,NA,NA,0.626657,1.70701e+13,1,NA,460,46003,0,1,0,5.50004e+13,1707,1,212894,5.50004e+13,7,1,1,5.50004e+13,5.50004e+13,5.50004e+13,5.50004e+13,268.961256,5.50003e+13,0.626657,0,1,0,0,0,6,5.50004e+13,5.50004e+13,0,1,0,100,1.70701e+13,0,0,0,0,0.2835,0.2835,0.2835,57184,48214,57184,48214,0.17032,0.526657,1,0,0.0422,A,1707,0.007724,212894,5.50004e+13,7,1,1,5.50004e+13,5.50004e+13,5.50004e+13,5.50004e+13,268.961256,5.50003e+13,0.626657,0,1,0,0,0,6,5.50004e+13,5.50004e+13,0,1,0,100,1.70701e+13,0,0,0,0,0.2835,0.2835,0.2835,57184,48214,57184,48214,0.17032,0.526657,1,0,0.0422,A,1707,NA,NA,886,0.063808956,0.292547147,,,
887,-121.950023,45.793517,2079,470,1381,Point,0,166,1/4/18,2,NA,NA,0.626657,1.70701e+13,1,NA,460,46003,0,1,0,5.50004e+13,1707,1,212894,5.50004e+13,7,1,1,5.50004e+13,5.50004e+13,5.50004e+13,5.50004e+13,268.961256,5.50003e+13,0.626657,0,1,0,0,0,6,5.50004e+13,5.50004e+13,0,1,0,100,1.70701e+13,0,0,0,0,0.2835,0.2835,0.2835,57184,48214,57184,48214,0.17032,0.526657,1,0,0.0422,A,1707,0.007724,212894,5.50004e+13,7,1,1,5.50004e+13,5.50004e+13,5.50004e+13,5.50004e+13,268.961256,5.50003e+13,0.626657,0,1,0,0,0,6,5.50004e+13,5.50004e+13,0,1,0,100,1.70701e+13,0,0,0,0,0.2835,0.2835,0.2835,57184,48214,57184,48214,0.17032,0.526657,1,0,0.0422,A,1707,NA,NA,887,0.065313015,0.297047724,,,
888,-121.949769,45.793517,2079,471,1382,Point,0,166,1/4/18,2,NA,NA,0.626657,1.70701e+13,1,NA,460,46003,0,1,0,5.50004e+13,1707,1,212894,5.50004e+13,7,1,1,5.50004e+13,5.50004e+13,5.50004e+13,5.50004e+13,268.961256,5.50003e+13,0.626657,0,1,0,0,0,6,5.50004e+13,5.50004e+13,0,1,0,100,1.70701e+13,0,0,0,0,0.2835,0.2835,0.2835,57184,48214,57184,48214,0.17032,0.526657,1,0,0.0422,A,1707,0.007724,212894,5.50004e+13,7,1,1,5.50004e+13,5.50004e+13,5.50004e+13,5.50004e+13,268.961256,5.50003e+13,0.626657,0,1,0,0,0,6,5.50004e+13,5.50004e+13,0,1,0,100,1.70701e+13,0,0,0,0,0.2835,0.2835,0.2835,57184,48214,57184,48214,0.17032,0.526657,1,0,0.0422,A,1707,NA,NA,888,0.066734844,0.279476837,,,
889,-121.94952,45.793533,2079,472,1383,Point,0,166,1/4/18,2,NA,NA,0.626657,1.70701e+13,1,NA,460,46003,0,1,0,5.50004e+13,1707,1,212894,5.50004e+13,7,1,1,5.50004e+13,5.50004e+13,5.50004e+13,5.50004e+13,268.961256,5.50003e+13,0.626657,0,1,0,0,0,6,5.50004e+13,5.50004e+13,0,1,0,100,1.70701e+13,0,0,0,0,0.2835,0.2835,0.2835,57184,48214,57184,48214,0.17032,0.526657,1,0,0.0422,A,1707,0.007724,212894,5.50004e+13,7,1,1,5.50004e+13,5.50004e+13,5.50004e+13,5.50004e+13,268.961256,5.50003e+13,0.626657,0,1,0,0,0,6,5.50004e+13,5.50004e+13,0,1,0,100,1.70701e+13,0,0,0,0,0.2835,0.2835,0.2835,57184,48214,57184,48214,0.17032,0.526657,1,0,0.0422,A,1707,NA,NA,889,0.068134551,0.252457309,,,
890,-121.949281,45.793443,2079,473,1384,Point,0,166,1/4/18,2,NA,NA,0.626657,1.70701e+13,1,NA,460,46003,0,1,0,5.50004e+13,1707,1,212894,5.50004e+13,7,1,1,5.50004e+13,5.50004e+13,5.50004e+13,5.50004e+13,268.961256,5.50003e+13,0.626657,0,1,0,0,0,6,5.50004e+13,5.50004e+13,0,1,0,100,1.70701e+13,0,0,0,0,0.2835,0.2835,0.2835,57184,48214,57184,48214,0.17032,0.526657,1,0,0.0422,A,1707,0.007724,212894,5.50004e+13,7,1,1,5.50004e+13,5.50004e+13,5.50004e+13,5.50004e+13,268.961256,5.50003e+13,0.626657,0,1,0,0,0,6,5.50004e+13,5.50004e+13,0,1,0,100,1.70701e+13,0,0,0,0,0.2835,0.2835,0.2835,57184,48214,57184,48214,0.17032,0.526657,1,0,0.0422,A,1707,NA,NA,890,0.069653944,0.145287253,,,
891,-121.949036,45.793381,2079,474,1385,Point,0,166,1/4/18,2,NA,NA,0.626657,1.70701e+13,1,NA,460,46003,0,1,0,5.50004e+13,1707,1,212894,5.50004e+13,7,1,1,5.50004e+13,5.50004e+13,5.50004e+13,5.50004e+13,268.961256,5.50003e+13,0.626657,0,1,0,0,0,6,5.50004e+13,5.50004e+13,0,1,0,100,1.70701e+13,0,0,0,0,0.2835,0.2835,0.2835,57184,48214,57184,48214,0.17032,0.526657,1,0,0.0422,A,1707,0.007724,212894,5.50004e+13,7,1,1,5.50004e+13,5.50004e+13,5.50004e+13,5.50004e+13,268.961256,5.50003e+13,0.626657,0,1,0,0,0,6,5.50004e+13,5.50004e+13,0,1,0,100,1.70701e+13,0,0,0,0,0.2835,0.2835,0.2835,57184,48214,57184,48214,0.17032,0.526657,1,0,0.0422,A,1707,NA,NA,891,0.071112377,0.166598743,,,
892,-121.948786,45.793338,2079,475,1386,Point,0,166,1/4/18,2,NA,NA,0.626657,1.70701e+13,1,NA,460,46003,0,1,0,5.50004e+13,1707,1,212894,5.50004e+13,7,1,1,5.50004e+13,5.50004e+13,5.50004e+13,5.50004e+13,268.961256,5.50003e+13,0.626657,0,1,0,0,0,6,5.50004e+13,5.50004e+13,0,1,0,100,1.70701e+13,0,0,0,0,0.2835,0.2835,0.2835,57184,48214,57184,48214,0.17032,0.526657,1,0,0.0422,A,1707,0.007724,212894,5.50004e+13,7,1,1,5.50004e+13,5.50004e+13,5.50004e+13,5.50004e+13,268.961256,5.50003e+13,0.626657,0,1,0,0,0,6,5.50004e+13,5.50004e+13,0,1,0,100,1.70701e+13,0,0,0,0,0.2835,0.2835,0.2835,57184,48214,57184,48214,0.17032,0.526657,1,0,0.0422,A,1707,NA,NA,892,0.072553501,0.254360819,,,
893,-121.948532,45.793344,2079,476,1387,Point,0,166,1/4/18,2,NA,NA,0.626657,1.70701e+13,1,NA,460,46003,0,1,0,5.50004e+13,1707,1,212894,5.50004e+13,7,1,1,5.50004e+13,5.50004e+13,5.50004e+13,5.50004e+13,268.961256,5.50003e+13,0.626657,0,1,0,0,0,6,5.50004e+13,5.50004e+13,0,1,0,100,1.70701e+13,0,0,0,0,0.2835,0.2835,0.2835,57184,48214,57184,48214,0.17032,0.526657,1,0,0.0422,A,1707,0.007724,212894,5.50004e+13,7,1,1,5.50004e+13,5.50004e+13,5.50004e+13,5.50004e+13,268.961256,5.50003e+13,0.626657,0,1,0,0,0,6,5.50004e+13,5.50004e+13,0,1,0,100,1.70701e+13,0,0,0,0,0.2835,0.2835,0.2835,57184,48214,57184,48214,0.17032,0.526657,1,0,0.0422,A,1707,NA,NA,893,0.073976144,0.29575624,,,
894,-121.94829,45.793429,2079,477,1388,Point,0,166,1/4/18,2,NA,NA,0.626657,1.70701e+13,1,NA,460,46003,0,1,0,5.50004e+13,1707,1,212894,5.50004e+13,7,1,1,5.50004e+13,5.50004e+13,5.50004e+13,5.50004e+13,268.961256,5.50003e+13,0.626657,0,1,0,0,0,6,5.50004e+13,5.50004e+13,0,1,0,100,1.70701e+13,0,0,0,0,0.2835,0.2835,0.2835,57184,48214,57184,48214,0.17032,0.526657,1,0,0.0422,A,1707,0.007724,212894,5.50004e+13,7,1,1,5.50004e+13,5.50004e+13,5.50004e+13,5.50004e+13,268.961256,5.50003e+13,0.626657,0,1,0,0,0,6,5.50004e+13,5.50004e+13,0,1,0,100,1.70701e+13,0,0,0,0,0.2835,0.2835,0.2835,57184,48214,57184,48214,0.17032,0.526657,1,0,0.0422,A,1707,NA,NA,894,0.075491977,0.233114454,,,
895,-121.94805,45.793512,2079,478,1389,Point,0,166,1/4/18,2,NA,NA,0.626657,1.70701e+13,1,NA,460,46003,0,1,0,5.50004e+13,1707,1,212894,5.50004e+13,7,1,1,5.50004e+13,5.50004e+13,5.50004e+13,5.50004e+13,268.961256,5.50003e+13,0.626657,0,1,0,0,0,6,5.50004e+13,5.50004e+13,0,1,0,100,1.70701e+13,0,0,0,0,0.2835,0.2835,0.2835,57184,48214,57184,48214,0.17032,0.526657,1,0,0.0422,A,1707,0.007724,212894,5.50004e+13,7,1,1,5.50004e+13,5.50004e+13,5.50004e+13,5.50004e+13,268.961256,5.50003e+13,0.626657,0,1,0,0,0,6,5.50004e+13,5.50004e+13,0,1,0,100,1.70701e+13,0,0,0,0,0.2835,0.2835,0.2835,57184,48214,57184,48214,0.17032,0.526657,1,0,0.0422,A,1707,NA,NA,895,0.076990649,0.262561212,,,
896,-121.947812,45.793593,2079,479,1390,Point,0,166,1/4/18,2,NA,NA,0.626657,1.70701e+13,1,NA,460,46003,0,1,0,5.50004e+13,1707,1,212894,5.50004e+13,7,1,1,5.50004e+13,5.50004e+13,5.50004e+13,5.50004e+13,268.961256,5.50003e+13,0.626657,0,1,0,0,0,6,5.50004e+13,5.50004e+13,0,1,0,100,1.70701e+13,0,0,0,0,0.2835,0.2835,0.2835,57184,48214,57184,48214,0.17032,0.526657,1,0,0.0422,A,1707,0.007724,212894,5.50004e+13,7,1,1,5.50004e+13,5.50004e+13,5.50004e+13,5.50004e+13,268.961256,5.50003e+13,0.626657,0,1,0,0,0,6,5.50004e+13,5.50004e+13,0,1,0,100,1.70701e+13,0,0,0,0,0.2835,0.2835,0.2835,57184,48214,57184,48214,0.17032,0.526657,1,0,0.0422,A,1707,NA,NA,896,0.078472222,0.220647662,,,
897,-121.947574,45.793676,2079,480,1391,Point,0,166,1/4/18,2,NA,NA,0.626657,1.70701e+13,1,NA,460,46003,0,1,0,5.50004e+13,1707,1,212894,5.50004e+13,7,1,1,5.50004e+13,5.50004e+13,5.50004e+13,5.50004e+13,268.961256,5.50003e+13,0.626657,0,1,0,0,0,6,5.50004e+13,5.50004e+13,0,1,0,100,1.70701e+13,0,0,0,0,0.2835,0.2835,0.2835,57184,48214,57184,48214,0.17032,0.526657,1,0,0.0422,A,1707,0.007724,212894,5.50004e+13,7,1,1,5.50004e+13,5.50004e+13,5.50004e+13,5.50004e+13,268.961256,5.50003e+13,0.626657,0,1,0,0,0,6,5.50004e+13,5.50004e+13,0,1,0,100,1.70701e+13,0,0,0,0,0.2835,0.2835,0.2835,57184,48214,57184,48214,0.17032,0.526657,1,0,0.0422,A,1707,NA,NA,897,0.079960863,0.209838536,,,
898,-121.947358,45.79379,2079,481,1392,Point,0,166,1/4/18,2,NA,NA,0.626657,1.70701e+13,1,NA,460,46003,0,1,0,5.50004e+13,1707,1,212894,5.50004e+13,7,1,1,5.50004e+13,5.50004e+13,5.50004e+13,5.50004e+13,268.961256,5.50003e+13,0.626657,0,1,0,0,0,6,5.50004e+13,5.50004e+13,0,1,0,100,1.70701e+13,0,0,0,0,0.2835,0.2835,0.2835,57184,48214,57184,48214,0.17032,0.526657,1,0,0.0422,A,1707,0.007724,212894,5.50004e+13,7,1,1,5.50004e+13,5.50004e+13,5.50004e+13,5.50004e+13,268.961256,5.50003e+13,0.626657,0,1,0,0,0,6,5.50004e+13,5.50004e+13,0,1,0,100,1.70701e+13,0,0,0,0,0.2835,0.2835,0.2835,57184,48214,57184,48214,0.17032,0.526657,1,0,0.0422,A,1707,NA,NA,898,0.081475504,0.231688177,,,
899,-121.947101,45.793803,2079,482,1393,Point,0,166,1/4/18,2,NA,NA,0.626657,1.70701e+13,1,NA,460,46003,0,1,0,5.50004e+13,1707,1,212894,5.50004e+13,7,1,1,5.50004e+13,5.50004e+13,5.50004e+13,5.50004e+13,268.961256,5.50003e+13,0.626657,0,1,0,0,0,6,5.50004e+13,5.50004e+13,0,1,0,100,1.70701e+13,0,0,0,0,0.2835,0.2835,0.2835,57184,48214,57184,48214,0.17032,0.526657,1,0,0.0422,A,1707,0.007724,212894,5.50004e+13,7,1,1,5.50004e+13,5.50004e+13,5.50004e+13,5.50004e+13,268.961256,5.50003e+13,0.626657,0,1,0,0,0,6,5.50004e+13,5.50004e+13,0,1,0,100,1.70701e+13,0,0,0,0,0.2835,0.2835,0.2835,57184,48214,57184,48214,0.17032,0.526657,1,0,0.0422,A,1707,NA,NA,899,0.082917875,0.220496167,,,
900,-121.946844,45.793802,2079,483,1394,Point,0,166,1/4/18,2,NA,NA,0.626657,1.70701e+13,1,NA,460,46003,0,1,0,5.50004e+13,1707,1,212894,5.50004e+13,7,1,1,5.50004e+13,5.50004e+13,5.50004e+13,5.50004e+13,268.961256,5.50003e+13,0.626657,0,1,0,0,0,6,5.50004e+13,5.50004e+13,0,1,0,100,1.70701e+13,0,0,0,0,0.2835,0.2835,0.2835,57184,48214,57184,48214,0.17032,0.526657,1,0,0.0422,A,1707,0.007724,212894,5.50004e+13,7,1,1,5.50004e+13,5.50004e+13,5.50004e+13,5.50004e+13,268.961256,5.50003e+13,0.626657,0,1,0,0,0,6,5.50004e+13,5.50004e+13,0,1,0,100,1.70701e+13,0,0,0,0,0.2835,0.2835,0.2835,57184,48214,57184,48214,0.17032,0.526657,1,0,0.0422,A,1707,NA,NA,900,0.084356512,0.211451088,,,
901,-121.946599,45.793825,2079,484,1395,Point,0,166,1/4/18,2,NA,NA,0.626657,1.70701e+13,1,NA,460,46003,0,1,0,5.50004e+13,1707,1,212894,5.50004e+13,7,1,1,5.50004e+13,5.50004e+13,5.50004e+13,5.50004e+13,268.961256,5.50003e+13,0.626657,0,1,0,0,0,6,5.50004e+13,5.50004e+13,0,1,0,100,1.70701e+13,0,0,0,0,0.2835,0.2835,0.2835,57184,48214,57184,48214,0.17032,0.526657,1,0,0.0422,A,1707,0.007724,212894,5.50004e+13,7,1,1,5.50004e+13,5.50004e+13,5.50004e+13,5.50004e+13,268.961256,5.50003e+13,0.626657,0,1,0,0,0,6,5.50004e+13,5.50004e+13,0,1,0,100,1.70701e+13,0,0,0,0,0.2835,0.2835,0.2835,57184,48214,57184,48214,0.17032,0.526657,1,0,0.0422,A,1707,NA,NA,901,0.085740248,0.212557807,,,
902,-121.946364,45.793883,2079,485,1396,Point,0,166,1/4/18,2,NA,NA,0.626657,1.70701e+13,1,NA,460,46003,0,1,0,5.50004e+13,1707,1,212894,5.50004e+13,7,1,1,5.50004e+13,5.50004e+13,5.50004e+13,5.50004e+13,268.961256,5.50003e+13,0.626657,0,1,0,0,0,6,5.50004e+13,5.50004e+13,0,1,0,100,1.70701e+13,0,0,0,0,0.2835,0.2835,0.2835,57184,48214,57184,48214,0.17032,0.526657,1,0,0.0422,A,1707,0.007724,212894,5.50004e+13,7,1,1,5.50004e+13,5.50004e+13,5.50004e+13,5.50004e+13,268.961256,5.50003e+13,0.626657,0,1,0,0,0,6,5.50004e+13,5.50004e+13,0,1,0,100,1.70701e+13,0,0,0,0,0.2835,0.2835,0.2835,57184,48214,57184,48214,0.17032,0.526657,1,0,0.0422,A,1707,NA,NA,902,0.087135187,0.212557807,,,
903,-121.967493,45.791548,2080,540,1402,Point,0,169,1/4/18,2,NA,NA,0.291761,1.70701e+13,1,NA,460,46003,0,1,0,5.50004e+13,1707,1,95377,5.50004e+13,7,2,2,5.50004e+13,5.50004e+13,5.50004e+13,5.50004e+13,270.747746,5.50003e+13,0.605784,0,0,0,5.50004e+13,5.50004e+13,7,5.50004e+13,5.50004e+13,0,1,76.084442,92.534927,1.70701e+13,0,0,0,0,0.0252,0.1059,0.1059,-9998,65952,73282,66776,0.222991,0.291761,0,0,0,A,1707,0.003543,95377,5.50004e+13,7,2,2,5.50004e+13,5.50004e+13,5.50004e+13,5.50004e+13,270.747746,5.50003e+13,0.605784,0,0,0,5.50004e+13,5.50004e+13,7,5.50004e+13,5.50004e+13,0,1,76.084442,92.534927,1.70701e+13,0,0,0,0,0.0252,0.1059,0.1059,-9998,65952,73282,66776,0.222991,0.291761,0,0,0,A,1707,NA,NA,903,0.003872675,0.31039702,,,
904,-121.967259,45.791445,2080,541,1403,Point,0,169,1/4/18,2,NA,NA,0.291761,1.70701e+13,1,NA,460,46003,0,1,0,5.50004e+13,1707,1,95377,5.50004e+13,7,2,2,5.50004e+13,5.50004e+13,5.50004e+13,5.50004e+13,270.747746,5.50003e+13,0.605784,0,0,0,5.50004e+13,5.50004e+13,7,5.50004e+13,5.50004e+13,0,1,76.084442,92.534927,1.70701e+13,0,0,0,0,0.0252,0.1059,0.1059,-9998,65952,73282,66776,0.222991,0.291761,0,0,0,A,1707,0.003543,95377,5.50004e+13,7,2,2,5.50004e+13,5.50004e+13,5.50004e+13,5.50004e+13,270.747746,5.50003e+13,0.605784,0,0,0,5.50004e+13,5.50004e+13,7,5.50004e+13,5.50004e+13,0,1,76.084442,92.534927,1.70701e+13,0,0,0,0,0.0252,0.1059,0.1059,-9998,65952,73282,66776,0.222991,0.291761,0,0,0,A,1707,NA,NA,904,0.004167714,0.266146937,,,
905,-121.967036,45.791337,2080,542,1404,Point,0,169,1/4/18,2,NA,NA,0.291761,1.70701e+13,1,NA,460,46003,0,1,0,5.50004e+13,1707,1,95377,5.50004e+13,7,2,2,5.50004e+13,5.50004e+13,5.50004e+13,5.50004e+13,270.747746,5.50003e+13,0.605784,0,0,0,5.50004e+13,5.50004e+13,7,5.50004e+13,5.50004e+13,0,1,76.084442,92.534927,1.70701e+13,0,0,0,0,0.0252,0.1059,0.1059,-9998,65952,73282,66776,0.222991,0.291761,0,0,0,A,1707,0.003543,95377,5.50004e+13,7,2,2,5.50004e+13,5.50004e+13,5.50004e+13,5.50004e+13,270.747746,5.50003e+13,0.605784,0,0,0,5.50004e+13,5.50004e+13,7,5.50004e+13,5.50004e+13,0,1,76.084442,92.534927,1.70701e+13,0,0,0,0,0.0252,0.1059,0.1059,-9998,65952,73282,66776,0.222991,0.291761,0,0,0,A,1707,NA,NA,905,0.004457159,0.280930529,,,
906,-121.966778,45.791342,2080,543,1405,Point,0,169,1/4/18,2,NA,NA,0.291761,1.70701e+13,1,NA,460,46003,0,1,0,5.50004e+13,1707,1,95377,5.50004e+13,7,2,2,5.50004e+13,5.50004e+13,5.50004e+13,5.50004e+13,270.747746,5.50003e+13,0.605784,0,0,0,5.50004e+13,5.50004e+13,7,5.50004e+13,5.50004e+13,0,1,76.084442,92.534927,1.70701e+13,0,0,0,0,0.0252,0.1059,0.1059,-9998,65952,73282,66776,0.222991,0.291761,0,0,0,A,1707,0.003543,95377,5.50004e+13,7,2,2,5.50004e+13,5.50004e+13,5.50004e+13,5.50004e+13,270.747746,5.50003e+13,0.605784,0,0,0,5.50004e+13,5.50004e+13,7,5.50004e+13,5.50004e+13,0,1,76.084442,92.534927,1.70701e+13,0,0,0,0,0.0252,0.1059,0.1059,-9998,65952,73282,66776,0.222991,0.291761,0,0,0,A,1707,NA,NA,906,0.004732596,0.279920714,,,
907,-121.966531,45.791302,2080,544,1406,Point,0,169,1/4/18,2,NA,NA,0.291761,1.70701e+13,1,NA,460,46003,0,1,0,5.50004e+13,1707,1,95377,5.50004e+13,7,2,2,5.50004e+13,5.50004e+13,5.50004e+13,5.50004e+13,270.747746,5.50003e+13,0.605784,0,0,0,5.50004e+13,5.50004e+13,7,5.50004e+13,5.50004e+13,0,1,76.084442,92.534927,1.70701e+13,0,0,0,0,0.0252,0.1059,0.1059,-9998,65952,73282,66776,0.222991,0.291761,0,0,0,A,1707,0.003543,95377,5.50004e+13,7,2,2,5.50004e+13,5.50004e+13,5.50004e+13,5.50004e+13,270.747746,5.50003e+13,0.605784,0,0,0,5.50004e+13,5.50004e+13,7,5.50004e+13,5.50004e+13,0,1,76.084442,92.534927,1.70701e+13,0,0,0,0,0.0252,0.1059,0.1059,-9998,65952,73282,66776,0.222991,0.291761,0,0,0,A,1707,NA,NA,907,0.005003159,0.292839134,,,
908,-121.966275,45.791289,2080,545,1407,Point,0,169,1/4/18,2,NA,NA,0.291761,1.70701e+13,1,NA,460,46003,0,1,0,5.50004e+13,1707,1,95377,5.50004e+13,7,2,2,5.50004e+13,5.50004e+13,5.50004e+13,5.50004e+13,270.747746,5.50003e+13,0.605784,0,0,0,5.50004e+13,5.50004e+13,7,5.50004e+13,5.50004e+13,0,1,76.084442,92.534927,1.70701e+13,0,0,0,0,0.0252,0.1059,0.1059,-9998,65952,73282,66776,0.222991,0.291761,0,0,0,A,1707,0.003543,95377,5.50004e+13,7,2,2,5.50004e+13,5.50004e+13,5.50004e+13,5.50004e+13,270.747746,5.50003e+13,0.605784,0,0,0,5.50004e+13,5.50004e+13,7,5.50004e+13,5.50004e+13,0,1,76.084442,92.534927,1.70701e+13,0,0,0,0,0.0252,0.1059,0.1059,-9998,65952,73282,66776,0.222991,0.291761,0,0,0,A,1707,NA,NA,908,0.005277075,0.319073171,,,
909,-121.966051,45.791416,2080,546,1408,Point,0,169,1/4/18,2,NA,NA,0.291761,1.70701e+13,1,NA,460,46003,0,1,0,5.50004e+13,1707,1,95377,5.50004e+13,7,2,2,5.50004e+13,5.50004e+13,5.50004e+13,5.50004e+13,270.747746,5.50003e+13,0.605784,0,0,0,5.50004e+13,5.50004e+13,7,5.50004e+13,5.50004e+13,0,1,76.084442,92.534927,1.70701e+13,0,0,0,0,0.0252,0.1059,0.1059,-9998,65952,73282,66776,0.222991,0.291761,0,0,0,A,1707,0.003543,95377,5.50004e+13,7,2,2,5.50004e+13,5.50004e+13,5.50004e+13,5.50004e+13,270.747746,5.50003e+13,0.605784,0,0,0,5.50004e+13,5.50004e+13,7,5.50004e+13,5.50004e+13,0,1,76.084442,92.534927,1.70701e+13,0,0,0,0,0.0252,0.1059,0.1059,-9998,65952,73282,66776,0.222991,0.291761,0,0,0,A,1707,NA,NA,909,0.005584773,0.273812249,,,
910,-121.965802,45.791452,2080,547,1409,Point,0,169,1/4/18,2,NA,NA,0.291761,1.70701e+13,1,NA,460,46003,0,1,0,5.50004e+13,1707,1,95377,5.50004e+13,7,2,2,5.50004e+13,5.50004e+13,5.50004e+13,5.50004e+13,270.747746,5.50003e+13,0.605784,0,0,0,5.50004e+13,5.50004e+13,7,5.50004e+13,5.50004e+13,0,1,76.084442,92.534927,1.70701e+13,0,0,0,0,0.0252,0.1059,0.1059,-9998,65952,73282,66776,0.222991,0.291761,0,0,0,A,1707,0.003543,95377,5.50004e+13,7,2,2,5.50004e+13,5.50004e+13,5.50004e+13,5.50004e+13,270.747746,5.50003e+13,0.605784,0,0,0,5.50004e+13,5.50004e+13,7,5.50004e+13,5.50004e+13,0,1,76.084442,92.534927,1.70701e+13,0,0,0,0,0.0252,0.1059,0.1059,-9998,65952,73282,66776,0.222991,0.291761,0,0,0,A,1707,NA,NA,910,0.005856115,0.216897566,,,
911,-121.965552,45.791476,2080,548,1410,Point,0,169,1/4/18,2,NA,NA,0.291761,1.70701e+13,1,NA,460,46003,0,1,0,5.50004e+13,1707,1,95377,5.50004e+13,7,2,2,5.50004e+13,5.50004e+13,5.50004e+13,5.50004e+13,270.747746,5.50003e+13,0.605784,0,0,0,5.50004e+13,5.50004e+13,7,5.50004e+13,5.50004e+13,0,1,76.084442,92.534927,1.70701e+13,0,0,0,0,0.0252,0.1059,0.1059,-9998,65952,73282,66776,0.222991,0.291761,0,0,0,A,1707,0.003543,95377,5.50004e+13,7,2,2,5.50004e+13,5.50004e+13,5.50004e+13,5.50004e+13,270.747746,5.50003e+13,0.605784,0,0,0,5.50004e+13,5.50004e+13,7,5.50004e+13,5.50004e+13,0,1,76.084442,92.534927,1.70701e+13,0,0,0,0,0.0252,0.1059,0.1059,-9998,65952,73282,66776,0.222991,0.291761,0,0,0,A,1707,NA,NA,911,0.006125409,0.216897566,,,
912,-121.965315,45.791387,2080,549,1411,Point,0,169,1/4/18,2,NA,NA,0.291761,1.70701e+13,1,NA,460,46003,0,1,0,5.50004e+13,1707,1,95377,5.50004e+13,7,2,2,5.50004e+13,5.50004e+13,5.50004e+13,5.50004e+13,270.747746,5.50003e+13,0.605784,0,0,0,5.50004e+13,5.50004e+13,7,5.50004e+13,5.50004e+13,0,1,76.084442,92.534927,1.70701e+13,0,0,0,0,0.0252,0.1059,0.1059,-9998,65952,73282,66776,0.222991,0.291761,0,0,0,A,1707,0.003543,95377,5.50004e+13,7,2,2,5.50004e+13,5.50004e+13,5.50004e+13,5.50004e+13,270.747746,5.50003e+13,0.605784,0,0,0,5.50004e+13,5.50004e+13,7,5.50004e+13,5.50004e+13,0,1,76.084442,92.534927,1.70701e+13,0,0,0,0,0.0252,0.1059,0.1059,-9998,65952,73282,66776,0.222991,0.291761,0,0,0,A,1707,NA,NA,912,0.006412466,0.238762433,,,
913,-121.965067,45.791424,2080,550,1412,Point,0,169,1/4/18,2,NA,NA,0.291761,1.70701e+13,1,NA,460,46003,0,1,0,5.50004e+13,1707,1,95377,5.50004e+13,7,2,2,5.50004e+13,5.50004e+13,5.50004e+13,5.50004e+13,270.747746,5.50003e+13,0.605784,0,0,0,5.50004e+13,5.50004e+13,7,5.50004e+13,5.50004e+13,0,1,76.084442,92.534927,1.70701e+13,0,0,0,0,0.0252,0.1059,0.1059,-9998,65952,73282,66776,0.222991,0.291761,0,0,0,A,1707,0.003543,95377,5.50004e+13,7,2,2,5.50004e+13,5.50004e+13,5.50004e+13,5.50004e+13,270.747746,5.50003e+13,0.605784,0,0,0,5.50004e+13,5.50004e+13,7,5.50004e+13,5.50004e+13,0,1,76.084442,92.534927,1.70701e+13,0,0,0,0,0.0252,0.1059,0.1059,-9998,65952,73282,66776,0.222991,0.291761,0,0,0,A,1707,NA,NA,913,0.006683077,0.276725342,,,
914,-121.964811,45.791444,2080,551,1413,Point,0,169,1/4/18,2,NA,NA,0.291761,1.70701e+13,1,NA,460,46003,0,1,0,5.50004e+13,1707,1,95377,5.50004e+13,7,2,2,5.50004e+13,5.50004e+13,5.50004e+13,5.50004e+13,270.747746,5.50003e+13,0.605784,0,0,0,5.50004e+13,5.50004e+13,7,5.50004e+13,5.50004e+13,0,1,76.084442,92.534927,1.70701e+13,0,0,0,0,0.0252,0.1059,0.1059,-9998,65952,73282,66776,0.222991,0.291761,0,0,0,A,1707,0.003543,95377,5.50004e+13,7,2,2,5.50004e+13,5.50004e+13,5.50004e+13,5.50004e+13,270.747746,5.50003e+13,0.605784,0,0,0,5.50004e+13,5.50004e+13,7,5.50004e+13,5.50004e+13,0,1,76.084442,92.534927,1.70701e+13,0,0,0,0,0.0252,0.1059,0.1059,-9998,65952,73282,66776,0.222991,0.291761,0,0,0,A,1707,NA,NA,914,0.006957972,0.257798916,,,
915,-121.964568,45.791502,2080,552,1414,Point,0,169,1/4/18,2,NA,NA,0.291761,1.70701e+13,1,NA,460,46003,0,1,0,5.50004e+13,1707,1,95377,5.50004e+13,7,2,2,5.50004e+13,5.50004e+13,5.50004e+13,5.50004e+13,270.747746,5.50003e+13,0.605784,0,0,0,5.50004e+13,5.50004e+13,7,5.50004e+13,5.50004e+13,0,1,76.084442,92.534927,1.70701e+13,0,0,0,0,0.0252,0.1059,0.1059,-9998,65952,73282,66776,0.222991,0.291761,0,0,0,A,1707,0.003543,95377,5.50004e+13,7,2,2,5.50004e+13,5.50004e+13,5.50004e+13,5.50004e+13,270.747746,5.50003e+13,0.605784,0,0,0,5.50004e+13,5.50004e+13,7,5.50004e+13,5.50004e+13,0,1,76.084442,92.534927,1.70701e+13,0,0,0,0,0.0252,0.1059,0.1059,-9998,65952,73282,66776,0.222991,0.291761,0,0,0,A,1707,NA,NA,915,0.007231974,0.244946239,,,
916,-121.96432,45.791548,2080,553,1415,Point,0,169,1/4/18,2,NA,NA,0.291761,1.70701e+13,1,NA,460,46003,0,1,0,5.50004e+13,1707,1,95377,5.50004e+13,7,2,2,5.50004e+13,5.50004e+13,5.50004e+13,5.50004e+13,270.747746,5.50003e+13,0.605784,0,0,0,5.50004e+13,5.50004e+13,7,5.50004e+13,5.50004e+13,0,1,76.084442,92.534927,1.70701e+13,0,0,0,0,0.0252,0.1059,0.1059,-9998,65952,73282,66776,0.222991,0.291761,0,0,0,A,1707,0.003543,95377,5.50004e+13,7,2,2,5.50004e+13,5.50004e+13,5.50004e+13,5.50004e+13,270.747746,5.50003e+13,0.605784,0,0,0,5.50004e+13,5.50004e+13,7,5.50004e+13,5.50004e+13,0,1,76.084442,92.534927,1.70701e+13,0,0,0,0,0.0252,0.1059,0.1059,-9998,65952,73282,66776,0.222991,0.291761,0,0,0,A,1707,NA,NA,916,0.007505778,0.226294597,,,
917,-121.964186,45.791674,2080,554,1416,Point,0,169,1/4/18,2,NA,NA,0.291761,1.70701e+13,1,NA,460,46003,0,1,0,5.50004e+13,1707,1,95377,5.50004e+13,7,2,2,5.50004e+13,5.50004e+13,5.50004e+13,5.50004e+13,270.747746,5.50003e+13,0.605784,0,0,0,5.50004e+13,5.50004e+13,7,5.50004e+13,5.50004e+13,0,1,76.084442,92.534927,1.70701e+13,0,0,0,0,0.0252,0.1059,0.1059,-9998,65952,73282,66776,0.222991,0.291761,0,0,0,A,1707,0.003543,95377,5.50004e+13,7,2,2,5.50004e+13,5.50004e+13,5.50004e+13,5.50004e+13,270.747746,5.50003e+13,0.605784,0,0,0,5.50004e+13,5.50004e+13,7,5.50004e+13,5.50004e+13,0,1,76.084442,92.534927,1.70701e+13,0,0,0,0,0.0252,0.1059,0.1059,-9998,65952,73282,66776,0.222991,0.291761,0,0,0,A,1707,NA,NA,917,0.00774535,0.226294597,,,
918,-121.949869,45.778012,2081,821,1417,Point,0,170,1/4/18,2,NA,NA,0.486495,1.70701e+13,1,NA,460,46003,0,1,0,5.50004e+13,1707,1,126037,5.50004e+13,6,1,1,5.50004e+13,5.50004e+13,5.50004e+13,5.50004e+13,269.521008,5.50003e+13,0.486495,0,1,0,0,0,5,5.50004e+13,5.50004e+13,0,1,0,100,1.70701e+13,0,0,0,0,0.0993,0.0993,0.0993,67332,52453,67332,52896,0.373511,0.386495,1,0,0.0299,A,1707,0.004906,126037,5.50004e+13,6,1,1,5.50004e+13,5.50004e+13,5.50004e+13,5.50004e+13,269.521008,5.50003e+13,0.486495,0,1,0,0,0,5,5.50004e+13,5.50004e+13,0,1,0,100,1.70701e+13,0,0,0,0,0.0993,0.0993,0.0993,67332,52453,67332,52896,0.373511,0.386495,1,0,0.0299,A,1707,NA,NA,918,0.015260184,0.500342918,,,
919,-121.949913,45.778259,2081,822,1418,Point,0,170,1/4/18,2,NA,NA,0.486495,1.70701e+13,1,NA,460,46003,0,1,0,5.50004e+13,1707,1,126037,5.50004e+13,6,1,1,5.50004e+13,5.50004e+13,5.50004e+13,5.50004e+13,269.521008,5.50003e+13,0.486495,0,1,0,0,0,5,5.50004e+13,5.50004e+13,0,1,0,100,1.70701e+13,0,0,0,0,0.0993,0.0993,0.0993,67332,52453,67332,52896,0.373511,0.386495,1,0,0.0299,A,1707,0.004906,126037,5.50004e+13,6,1,1,5.50004e+13,5.50004e+13,5.50004e+13,5.50004e+13,269.521008,5.50003e+13,0.486495,0,1,0,0,0,5,5.50004e+13,5.50004e+13,0,1,0,100,1.70701e+13,0,0,0,0,0.0993,0.0993,0.0993,67332,52453,67332,52896,0.373511,0.386495,1,0,0.0299,A,1707,NA,NA,919,0.016171796,0.529563343,,,
920,-121.949985,45.778502,2081,823,1419,Point,0,170,1/4/18,2,NA,NA,0.486495,1.70701e+13,1,NA,460,46003,0,1,0,5.50004e+13,1707,1,126037,5.50004e+13,6,1,1,5.50004e+13,5.50004e+13,5.50004e+13,5.50004e+13,269.521008,5.50003e+13,0.486495,0,1,0,0,0,5,5.50004e+13,5.50004e+13,0,1,0,100,1.70701e+13,0,0,0,0,0.0993,0.0993,0.0993,67332,52453,67332,52896,0.373511,0.386495,1,0,0.0299,A,1707,0.004906,126037,5.50004e+13,6,1,1,5.50004e+13,5.50004e+13,5.50004e+13,5.50004e+13,269.521008,5.50003e+13,0.486495,0,1,0,0,0,5,5.50004e+13,5.50004e+13,0,1,0,100,1.70701e+13,0,0,0,0,0.0993,0.0993,0.0993,67332,52453,67332,52896,0.373511,0.386495,1,0,0.0299,A,1707,NA,NA,920,0.017080683,0.61682363,,,
921,-121.950165,45.778675,2081,824,1420,Point,0,170,1/4/18,2,NA,NA,0.486495,1.70701e+13,1,NA,460,46003,0,1,0,5.50004e+13,1707,1,126037,5.50004e+13,6,1,1,5.50004e+13,5.50004e+13,5.50004e+13,5.50004e+13,269.521008,5.50003e+13,0.486495,0,1,0,0,0,5,5.50004e+13,5.50004e+13,0,1,0,100,1.70701e+13,0,0,0,0,0.0993,0.0993,0.0993,67332,52453,67332,52896,0.373511,0.386495,1,0,0.0299,A,1707,0.004906,126037,5.50004e+13,6,1,1,5.50004e+13,5.50004e+13,5.50004e+13,5.50004e+13,269.521008,5.50003e+13,0.486495,0,1,0,0,0,5,5.50004e+13,5.50004e+13,0,1,0,100,1.70701e+13,0,0,0,0,0.0993,0.0993,0.0993,67332,52453,67332,52896,0.373511,0.386495,1,0,0.0299,A,1707,NA,NA,921,0.017864403,0.61682363,,,
922,-121.95034,45.778863,2081,825,1421,Point,0,170,1/4/18,2,NA,NA,0.486495,1.70701e+13,1,NA,460,46003,0,1,0,5.50004e+13,1707,1,126037,5.50004e+13,6,1,1,5.50004e+13,5.50004e+13,5.50004e+13,5.50004e+13,269.521008,5.50003e+13,0.486495,0,1,0,0,0,5,5.50004e+13,5.50004e+13,0,1,0,100,1.70701e+13,0,0,0,0,0.0993,0.0993,0.0993,67332,52453,67332,52896,0.373511,0.386495,1,0,0.0299,A,1707,0.004906,126037,5.50004e+13,6,1,1,5.50004e+13,5.50004e+13,5.50004e+13,5.50004e+13,269.521008,5.50003e+13,0.486495,0,1,0,0,0,5,5.50004e+13,5.50004e+13,0,1,0,100,1.70701e+13,0,0,0,0,0.0993,0.0993,0.0993,67332,52453,67332,52896,0.373511,0.386495,1,0,0.0299,A,1707,NA,NA,922,0.018686104,0.641825337,,,
923,-121.950497,45.779023,2081,826,1422,Point,0,170,1/4/18,2,NA,NA,0.486495,1.70701e+13,1,NA,460,46003,0,1,0,5.50004e+13,1707,1,126037,5.50004e+13,6,1,1,5.50004e+13,5.50004e+13,5.50004e+13,5.50004e+13,269.521008,5.50003e+13,0.486495,0,1,0,0,0,5,5.50004e+13,5.50004e+13,0,1,0,100,1.70701e+13,0,0,0,0,0.0993,0.0993,0.0993,67332,52453,67332,52896,0.373511,0.386495,1,0,0.0299,A,1707,0.004906,126037,5.50004e+13,6,1,1,5.50004e+13,5.50004e+13,5.50004e+13,5.50004e+13,269.521008,5.50003e+13,0.486495,0,1,0,0,0,5,5.50004e+13,5.50004e+13,0,1,0,100,1.70701e+13,0,0,0,0,0.0993,0.0993,0.0993,67332,52453,67332,52896,0.373511,0.386495,1,0,0.0299,A,1707,NA,NA,923,0.019396912,0.560949096,,,
924,-121.950687,45.779159,2081,827,1423,Point,0,170,1/4/18,2,NA,NA,0.486495,1.70701e+13,1,NA,460,46003,0,1,0,5.50004e+13,1707,1,126037,5.50004e+13,6,1,1,5.50004e+13,5.50004e+13,5.50004e+13,5.50004e+13,269.521008,5.50003e+13,0.486495,0,1,0,0,0,5,5.50004e+13,5.50004e+13,0,1,0,100,1.70701e+13,0,0,0,0,0.0993,0.0993,0.0993,67332,52453,67332,52896,0.373511,0.386495,1,0,0.0299,A,1707,0.004906,126037,5.50004e+13,6,1,1,5.50004e+13,5.50004e+13,5.50004e+13,5.50004e+13,269.521008,5.50003e+13,0.486495,0,1,0,0,0,5,5.50004e+13,5.50004e+13,0,1,0,100,1.70701e+13,0,0,0,0,0.0993,0.0993,0.0993,67332,52453,67332,52896,0.373511,0.386495,1,0,0.0299,A,1707,NA,NA,924,0.020093446,0.581659295,,,
925,-121.950903,45.779266,2081,828,1424,Point,0,170,1/4/18,2,NA,NA,0.486495,1.70701e+13,1,NA,460,46003,0,1,0,5.50004e+13,1707,1,126037,5.50004e+13,6,1,1,5.50004e+13,5.50004e+13,5.50004e+13,5.50004e+13,269.521008,5.50003e+13,0.486495,0,1,0,0,0,5,5.50004e+13,5.50004e+13,0,1,0,100,1.70701e+13,0,0,0,0,0.0993,0.0993,0.0993,67332,52453,67332,52896,0.373511,0.386495,1,0,0.0299,A,1707,0.004906,126037,5.50004e+13,6,1,1,5.50004e+13,5.50004e+13,5.50004e+13,5.50004e+13,269.521008,5.50003e+13,0.486495,0,1,0,0,0,5,5.50004e+13,5.50004e+13,0,1,0,100,1.70701e+13,0,0,0,0,0.0993,0.0993,0.0993,67332,52453,67332,52896,0.373511,0.386495,1,0,0.0299,A,1707,NA,NA,925,0.020771648,0.680162262,,,
926,-121.950994,45.779481,2081,829,1425,Point,0,170,1/4/18,2,NA,NA,0.486495,1.70701e+13,1,NA,460,46003,0,1,0,5.50004e+13,1707,1,126037,5.50004e+13,6,1,1,5.50004e+13,5.50004e+13,5.50004e+13,5.50004e+13,269.521008,5.50003e+13,0.486495,0,1,0,0,0,5,5.50004e+13,5.50004e+13,0,1,0,100,1.70701e+13,0,0,0,0,0.0993,0.0993,0.0993,67332,52453,67332,52896,0.373511,0.386495,1,0,0.0299,A,1707,0.004906,126037,5.50004e+13,6,1,1,5.50004e+13,5.50004e+13,5.50004e+13,5.50004e+13,269.521008,5.50003e+13,0.486495,0,1,0,0,0,5,5.50004e+13,5.50004e+13,0,1,0,100,1.70701e+13,0,0,0,0,0.0993,0.0993,0.0993,67332,52453,67332,52896,0.373511,0.386495,1,0,0.0299,A,1707,NA,NA,926,0.021592868,0.520431113,,,
927,-121.950957,45.779728,2081,830,1426,Point,0,170,1/4/18,2,NA,NA,0.486495,1.70701e+13,1,NA,460,46003,0,1,0,5.50004e+13,1707,1,126037,5.50004e+13,6,1,1,5.50004e+13,5.50004e+13,5.50004e+13,5.50004e+13,269.521008,5.50003e+13,0.486495,0,1,0,0,0,5,5.50004e+13,5.50004e+13,0,1,0,100,1.70701e+13,0,0,0,0,0.0993,0.0993,0.0993,67332,52453,67332,52896,0.373511,0.386495,1,0,0.0299,A,1707,0.004906,126037,5.50004e+13,6,1,1,5.50004e+13,5.50004e+13,5.50004e+13,5.50004e+13,269.521008,5.50003e+13,0.486495,0,1,0,0,0,5,5.50004e+13,5.50004e+13,0,1,0,100,1.70701e+13,0,0,0,0,0.0993,0.0993,0.0993,67332,52453,67332,52896,0.373511,0.386495,1,0,0.0299,A,1707,NA,NA,927,0.022502435,0.437836547,,,
928,-121.950999,45.779982,2081,831,1427,Point,0,170,1/4/18,2,NA,NA,0.486495,1.70701e+13,1,NA,460,46003,0,1,0,5.50004e+13,1707,1,126037,5.50004e+13,6,1,1,5.50004e+13,5.50004e+13,5.50004e+13,5.50004e+13,269.521008,5.50003e+13,0.486495,0,1,0,0,0,5,5.50004e+13,5.50004e+13,0,1,0,100,1.70701e+13,0,0,0,0,0.0993,0.0993,0.0993,67332,52453,67332,52896,0.373511,0.386495,1,0,0.0299,A,1707,0.004906,126037,5.50004e+13,6,1,1,5.50004e+13,5.50004e+13,5.50004e+13,5.50004e+13,269.521008,5.50003e+13,0.486495,0,1,0,0,0,5,5.50004e+13,5.50004e+13,0,1,0,100,1.70701e+13,0,0,0,0,0.0993,0.0993,0.0993,67332,52453,67332,52896,0.373511,0.386495,1,0,0.0299,A,1707,NA,NA,928,0.023438889,0.502282654,,,
929,-121.951053,45.780228,2081,832,1428,Point,0,170,1/4/18,2,NA,NA,0.486495,1.70701e+13,1,NA,460,46003,0,1,0,5.50004e+13,1707,1,126037,5.50004e+13,6,1,1,5.50004e+13,5.50004e+13,5.50004e+13,5.50004e+13,269.521008,5.50003e+13,0.486495,0,1,0,0,0,5,5.50004e+13,5.50004e+13,0,1,0,100,1.70701e+13,0,0,0,0,0.0993,0.0993,0.0993,67332,52453,67332,52896,0.373511,0.386495,1,0,0.0299,A,1707,0.004906,126037,5.50004e+13,6,1,1,5.50004e+13,5.50004e+13,5.50004e+13,5.50004e+13,269.521008,5.50003e+13,0.486495,0,1,0,0,0,5,5.50004e+13,5.50004e+13,0,1,0,100,1.70701e+13,0,0,0,0,0.0993,0.0993,0.0993,67332,52453,67332,52896,0.373511,0.386495,1,0,0.0299,A,1707,NA,NA,929,0.024350403,0.569326227,,,
930,-121.950969,45.780459,2081,833,1429,Point,0,170,1/4/18,2,NA,NA,0.486495,1.70701e+13,1,NA,460,46003,0,1,0,5.50004e+13,1707,1,126037,5.50004e+13,6,1,1,5.50004e+13,5.50004e+13,5.50004e+13,5.50004e+13,269.521008,5.50003e+13,0.486495,0,1,0,0,0,5,5.50004e+13,5.50004e+13,0,1,0,100,1.70701e+13,0,0,0,0,0.0993,0.0993,0.0993,67332,52453,67332,52896,0.373511,0.386495,1,0,0.0299,A,1707,0.004906,126037,5.50004e+13,6,1,1,5.50004e+13,5.50004e+13,5.50004e+13,5.50004e+13,269.521008,5.50003e+13,0.486495,0,1,0,0,0,5,5.50004e+13,5.50004e+13,0,1,0,100,1.70701e+13,0,0,0,0,0.0993,0.0993,0.0993,67332,52453,67332,52896,0.373511,0.386495,1,0,0.0299,A,1707,NA,NA,930,0.025223372,0.559413143,,,
931,-121.950853,45.780674,2081,834,1430,Point,0,170,1/4/18,2,NA,NA,0.486495,1.70701e+13,1,NA,460,46003,0,1,0,5.50004e+13,1707,1,126037,5.50004e+13,6,1,1,5.50004e+13,5.50004e+13,5.50004e+13,5.50004e+13,269.521008,5.50003e+13,0.486495,0,1,0,0,0,5,5.50004e+13,5.50004e+13,0,1,0,100,1.70701e+13,0,0,0,0,0.0993,0.0993,0.0993,67332,52453,67332,52896,0.373511,0.386495,1,0,0.0299,A,1707,0.004906,126037,5.50004e+13,6,1,1,5.50004e+13,5.50004e+13,5.50004e+13,5.50004e+13,269.521008,5.50003e+13,0.486495,0,1,0,0,0,5,5.50004e+13,5.50004e+13,0,1,0,100,1.70701e+13,0,0,0,0,0.0993,0.0993,0.0993,67332,52453,67332,52896,0.373511,0.386495,1,0,0.0299,A,1707,NA,NA,931,0.026065027,0.508619844,,,
932,-121.95091,45.780878,2081,835,1431,Point,0,170,1/4/18,2,NA,NA,0.486495,1.70701e+13,1,NA,460,46003,0,1,0,5.50004e+13,1707,1,126037,5.50004e+13,6,1,1,5.50004e+13,5.50004e+13,5.50004e+13,5.50004e+13,269.521008,5.50003e+13,0.486495,0,1,0,0,0,5,5.50004e+13,5.50004e+13,0,1,0,100,1.70701e+13,0,0,0,0,0.0993,0.0993,0.0993,67332,52453,67332,52896,0.373511,0.386495,1,0,0.0299,A,1707,0.004906,126037,5.50004e+13,6,1,1,5.50004e+13,5.50004e+13,5.50004e+13,5.50004e+13,269.521008,5.50003e+13,0.486495,0,1,0,0,0,5,5.50004e+13,5.50004e+13,0,1,0,100,1.70701e+13,0,0,0,0,0.0993,0.0993,0.0993,67332,52453,67332,52896,0.373511,0.386495,1,0,0.0299,A,1707,NA,NA,932,0.0268263,0.508619844,,,
933,-121.950941,45.781089,2081,836,1432,Point,0,170,1/4/18,2,NA,NA,0.486495,1.70701e+13,1,NA,460,46003,0,1,0,5.50004e+13,1707,1,126037,5.50004e+13,6,1,1,5.50004e+13,5.50004e+13,5.50004e+13,5.50004e+13,269.521008,5.50003e+13,0.486495,0,1,0,0,0,5,5.50004e+13,5.50004e+13,0,1,0,100,1.70701e+13,0,0,0,0,0.0993,0.0993,0.0993,67332,52453,67332,52896,0.373511,0.386495,1,0,0.0299,A,1707,0.004906,126037,5.50004e+13,6,1,1,5.50004e+13,5.50004e+13,5.50004e+13,5.50004e+13,269.521008,5.50003e+13,0.486495,0,1,0,0,0,5,5.50004e+13,5.50004e+13,0,1,0,100,1.70701e+13,0,0,0,0,0.0993,0.0993,0.0993,67332,52453,67332,52896,0.373511,0.386495,1,0,0.0299,A,1707,NA,NA,933,0.027603138,0.465615595,,,
934,-121.950971,45.78132,2081,837,1433,Point,0,170,1/4/18,2,NA,NA,0.486495,1.70701e+13,1,NA,460,46003,0,1,0,5.50004e+13,1707,1,126037,5.50004e+13,6,1,1,5.50004e+13,5.50004e+13,5.50004e+13,5.50004e+13,269.521008,5.50003e+13,0.486495,0,1,0,0,0,5,5.50004e+13,5.50004e+13,0,1,0,100,1.70701e+13,0,0,0,0,0.0993,0.0993,0.0993,67332,52453,67332,52896,0.373511,0.386495,1,0,0.0299,A,1707,0.004906,126037,5.50004e+13,6,1,1,5.50004e+13,5.50004e+13,5.50004e+13,5.50004e+13,269.521008,5.50003e+13,0.486495,0,1,0,0,0,5,5.50004e+13,5.50004e+13,0,1,0,100,1.70701e+13,0,0,0,0,0.0993,0.0993,0.0993,67332,52453,67332,52896,0.373511,0.386495,1,0,0.0299,A,1707,NA,NA,934,0.028452637,0.436890841,,,
935,-121.951189,45.781429,2081,838,1434,Point,0,170,1/4/18,2,NA,NA,0.486495,1.70701e+13,1,NA,460,46003,0,1,0,5.50004e+13,1707,1,126037,5.50004e+13,6,1,1,5.50004e+13,5.50004e+13,5.50004e+13,5.50004e+13,269.521008,5.50003e+13,0.486495,0,1,0,0,0,5,5.50004e+13,5.50004e+13,0,1,0,100,1.70701e+13,0,0,0,0,0.0993,0.0993,0.0993,67332,52453,67332,52896,0.373511,0.386495,1,0,0.0299,A,1707,0.004906,126037,5.50004e+13,6,1,1,5.50004e+13,5.50004e+13,5.50004e+13,5.50004e+13,269.521008,5.50003e+13,0.486495,0,1,0,0,0,5,5.50004e+13,5.50004e+13,0,1,0,100,1.70701e+13,0,0,0,0,0.0993,0.0993,0.0993,67332,52453,67332,52896,0.373511,0.386495,1,0,0.0299,A,1707,NA,NA,935,0.029139243,0.592083175,,,
936,-121.951423,45.781525,2081,839,1435,Point,0,170,1/4/18,2,NA,NA,0.486495,1.70701e+13,1,NA,460,46003,0,1,0,5.50004e+13,1707,1,126037,5.50004e+13,6,1,1,5.50004e+13,5.50004e+13,5.50004e+13,5.50004e+13,269.521008,5.50003e+13,0.486495,0,1,0,0,0,5,5.50004e+13,5.50004e+13,0,1,0,100,1.70701e+13,0,0,0,0,0.0993,0.0993,0.0993,67332,52453,67332,52896,0.373511,0.386495,1,0,0.0299,A,1707,0.004906,126037,5.50004e+13,6,1,1,5.50004e+13,5.50004e+13,5.50004e+13,5.50004e+13,269.521008,5.50003e+13,0.486495,0,1,0,0,0,5,5.50004e+13,5.50004e+13,0,1,0,100,1.70701e+13,0,0,0,0,0.0993,0.0993,0.0993,67332,52453,67332,52896,0.373511,0.386495,1,0,0.0299,A,1707,NA,NA,936,0.029834347,0.486160663,,,
937,-121.951666,45.781593,2081,840,1436,Point,0,170,1/4/18,2,NA,NA,0.486495,1.70701e+13,1,NA,460,46003,0,1,0,5.50004e+13,1707,1,126037,5.50004e+13,6,1,1,5.50004e+13,5.50004e+13,5.50004e+13,5.50004e+13,269.521008,5.50003e+13,0.486495,0,1,0,0,0,5,5.50004e+13,5.50004e+13,0,1,0,100,1.70701e+13,0,0,0,0,0.0993,0.0993,0.0993,67332,52453,67332,52896,0.373511,0.386495,1,0,0.0299,A,1707,0.004906,126037,5.50004e+13,6,1,1,5.50004e+13,5.50004e+13,5.50004e+13,5.50004e+13,269.521008,5.50003e+13,0.486495,0,1,0,0,0,5,5.50004e+13,5.50004e+13,0,1,0,100,1.70701e+13,0,0,0,0,0.0993,0.0993,0.0993,67332,52453,67332,52896,0.373511,0.386495,1,0,0.0299,A,1707,NA,NA,937,0.030504993,0.516038439,,,
938,-121.951672,45.781593,2081,841,1437,Point,0,170,1/4/18,2,NA,NA,0.486495,1.70701e+13,1,NA,460,46003,0,1,0,5.50004e+13,1707,1,126037,5.50004e+13,6,1,1,5.50004e+13,5.50004e+13,5.50004e+13,5.50004e+13,269.521008,5.50003e+13,0.486495,0,1,0,0,0,5,5.50004e+13,5.50004e+13,0,1,0,100,1.70701e+13,0,0,0,0,0.0993,0.0993,0.0993,67332,52453,67332,52896,0.373511,0.386495,1,0,0.0299,A,1707,0.004906,126037,5.50004e+13,6,1,1,5.50004e+13,5.50004e+13,5.50004e+13,5.50004e+13,269.521008,5.50003e+13,0.486495,0,1,0,0,0,5,5.50004e+13,5.50004e+13,0,1,0,100,1.70701e+13,0,0,0,0,0.0993,0.0993,0.0993,67332,52453,67332,52896,0.373511,0.386495,1,0,0.0299,A,1707,NA,NA,938,0.030520368,0.516038439,,,
939,-121.953148,45.780303,2082,524,1438,Point,0,171,1/4/18,2,1522756,Martha Creek,0.198361,1.70701e+13,1,NA,460,46003,0,1,0,5.50004e+13,1707,1,182541,5.50004e+13,5,3,3,5.50004e+13,5.50004e+13,5.50004e+13,5.50004e+13,269.521008,5.50003e+13,2.580263,0,0,0,5.50004e+13,5.50004e+13,5,5.50004e+13,5.50004e+13,0,1,43.683529,57.439831,1.70701e+13,0,0,0,0,0.032,0.465,0.465,-9998,52896,58228,52896,0.268803,0.198361,0,0,0,A,1707,0.00212,182541,5.50004e+13,5,3,3,5.50004e+13,5.50004e+13,5.50004e+13,5.50004e+13,269.521008,5.50003e+13,2.580263,0,0,0,5.50004e+13,5.50004e+13,5,5.50004e+13,5.50004e+13,0,1,43.683529,57.439831,1.70701e+13,0,0,0,0,0.032,0.465,0.465,-9998,52896,58228,52896,0.268803,0.198361,0,0,0,A,1707,NA,NA,939,0.061040742,0.367166249,,,
940,-121.952979,45.780494,2082,525,1439,Point,0,171,1/4/18,2,1522756,Martha Creek,0.198361,1.70701e+13,1,NA,460,46003,0,1,0,5.50004e+13,1707,1,182541,5.50004e+13,5,3,3,5.50004e+13,5.50004e+13,5.50004e+13,5.50004e+13,269.521008,5.50003e+13,2.580263,0,0,0,5.50004e+13,5.50004e+13,5,5.50004e+13,5.50004e+13,0,1,43.683529,57.439831,1.70701e+13,0,0,0,0,0.032,0.465,0.465,-9998,52896,58228,52896,0.268803,0.198361,0,0,0,A,1707,0.00212,182541,5.50004e+13,5,3,3,5.50004e+13,5.50004e+13,5.50004e+13,5.50004e+13,269.521008,5.50003e+13,2.580263,0,0,0,5.50004e+13,5.50004e+13,5,5.50004e+13,5.50004e+13,0,1,43.683529,57.439831,1.70701e+13,0,0,0,0,0.032,0.465,0.465,-9998,52896,58228,52896,0.268803,0.198361,0,0,0,A,1707,NA,NA,940,0.062359302,0.466682768,,,
941,-121.95279,45.780662,2082,526,1440,Point,0,171,1/4/18,2,1522756,Martha Creek,0.198361,1.70701e+13,1,NA,460,46003,0,1,0,5.50004e+13,1707,1,182541,5.50004e+13,5,3,3,5.50004e+13,5.50004e+13,5.50004e+13,5.50004e+13,269.521008,5.50003e+13,2.580263,0,0,0,5.50004e+13,5.50004e+13,5,5.50004e+13,5.50004e+13,0,1,43.683529,57.439831,1.70701e+13,0,0,0,0,0.032,0.465,0.465,-9998,52896,58228,52896,0.268803,0.198361,0,0,0,A,1707,0.00212,182541,5.50004e+13,5,3,3,5.50004e+13,5.50004e+13,5.50004e+13,5.50004e+13,269.521008,5.50003e+13,2.580263,0,0,0,5.50004e+13,5.50004e+13,5,5.50004e+13,5.50004e+13,0,1,43.683529,57.439831,1.70701e+13,0,0,0,0,0.032,0.465,0.465,-9998,52896,58228,52896,0.268803,0.198361,0,0,0,A,1707,NA,NA,941,0.063614249,0.309835883,,,
942,-121.952597,45.780795,2082,527,1441,Point,0,171,1/4/18,2,1522756,Martha Creek,0.198361,1.70701e+13,1,NA,460,46003,0,1,0,5.50004e+13,1707,1,182541,5.50004e+13,5,3,3,5.50004e+13,5.50004e+13,5.50004e+13,5.50004e+13,269.521008,5.50003e+13,2.580263,0,0,0,5.50004e+13,5.50004e+13,5,5.50004e+13,5.50004e+13,0,1,43.683529,57.439831,1.70701e+13,0,0,0,0,0.032,0.465,0.465,-9998,52896,58228,52896,0.268803,0.198361,0,0,0,A,1707,0.00212,182541,5.50004e+13,5,3,3,5.50004e+13,5.50004e+13,5.50004e+13,5.50004e+13,269.521008,5.50003e+13,2.580263,0,0,0,5.50004e+13,5.50004e+13,5,5.50004e+13,5.50004e+13,0,1,43.683529,57.439831,1.70701e+13,0,0,0,0,0.032,0.465,0.465,-9998,52896,58228,52896,0.268803,0.198361,0,0,0,A,1707,NA,NA,942,0.06472677,0.455576727,,,
943,-121.952438,45.780981,2082,528,1442,Point,0,171,1/4/18,2,1522756,Martha Creek,0.198361,1.70701e+13,1,NA,460,46003,0,1,0,5.50004e+13,1707,1,182541,5.50004e+13,5,3,3,5.50004e+13,5.50004e+13,5.50004e+13,5.50004e+13,269.521008,5.50003e+13,2.580263,0,0,0,5.50004e+13,5.50004e+13,5,5.50004e+13,5.50004e+13,0,1,43.683529,57.439831,1.70701e+13,0,0,0,0,0.032,0.465,0.465,-9998,52896,58228,52896,0.268803,0.198361,0,0,0,A,1707,0.00212,182541,5.50004e+13,5,3,3,5.50004e+13,5.50004e+13,5.50004e+13,5.50004e+13,269.521008,5.50003e+13,2.580263,0,0,0,5.50004e+13,5.50004e+13,5,5.50004e+13,5.50004e+13,0,1,43.683529,57.439831,1.70701e+13,0,0,0,0,0.032,0.465,0.465,-9998,52896,58228,52896,0.268803,0.198361,0,0,0,A,1707,NA,NA,943,0.065998904,0.398639477,,,
944,-121.952308,45.78117,2082,529,1443,Point,0,171,1/4/18,2,1522756,Martha Creek,0.198361,1.70701e+13,1,NA,460,46003,0,1,0,5.50004e+13,1707,1,182541,5.50004e+13,5,3,3,5.50004e+13,5.50004e+13,5.50004e+13,5.50004e+13,269.521008,5.50003e+13,2.580263,0,0,0,5.50004e+13,5.50004e+13,5,5.50004e+13,5.50004e+13,0,1,43.683529,57.439831,1.70701e+13,0,0,0,0,0.032,0.465,0.465,-9998,52896,58228,52896,0.268803,0.198361,0,0,0,A,1707,0.00212,182541,5.50004e+13,5,3,3,5.50004e+13,5.50004e+13,5.50004e+13,5.50004e+13,269.521008,5.50003e+13,2.580263,0,0,0,5.50004e+13,5.50004e+13,5,5.50004e+13,5.50004e+13,0,1,43.683529,57.439831,1.70701e+13,0,0,0,0,0.032,0.465,0.465,-9998,52896,58228,52896,0.268803,0.198361,0,0,0,A,1707,NA,NA,944,0.067230051,0.398639477,,,
945,-121.95213,45.781341,2082,530,1444,Point,0,171,1/4/18,2,1522756,Martha Creek,0.198361,1.70701e+13,1,NA,460,46003,0,1,0,5.50004e+13,1707,1,182541,5.50004e+13,5,3,3,5.50004e+13,5.50004e+13,5.50004e+13,5.50004e+13,269.521008,5.50003e+13,2.580263,0,0,0,5.50004e+13,5.50004e+13,5,5.50004e+13,5.50004e+13,0,1,43.683529,57.439831,1.70701e+13,0,0,0,0,0.032,0.465,0.465,-9998,52896,58228,52896,0.268803,0.198361,0,0,0,A,1707,0.00212,182541,5.50004e+13,5,3,3,5.50004e+13,5.50004e+13,5.50004e+13,5.50004e+13,269.521008,5.50003e+13,2.580263,0,0,0,5.50004e+13,5.50004e+13,5,5.50004e+13,5.50004e+13,0,1,43.683529,57.439831,1.70701e+13,0,0,0,0,0.032,0.465,0.465,-9998,52896,58228,52896,0.268803,0.198361,0,0,0,A,1707,NA,NA,945,0.068471754,0.44858731,,,
946,-121.951914,45.781448,2082,531,1445,Point,0,171,1/4/18,2,1522756,Martha Creek,0.198361,1.70701e+13,1,NA,460,46003,0,1,0,5.50004e+13,1707,1,182541,5.50004e+13,5,3,3,5.50004e+13,5.50004e+13,5.50004e+13,5.50004e+13,269.521008,5.50003e+13,2.580263,0,0,0,5.50004e+13,5.50004e+13,5,5.50004e+13,5.50004e+13,0,1,43.683529,57.439831,1.70701e+13,0,0,0,0,0.032,0.465,0.465,-9998,52896,58228,52896,0.268803,0.198361,0,0,0,A,1707,0.00212,182541,5.50004e+13,5,3,3,5.50004e+13,5.50004e+13,5.50004e+13,5.50004e+13,269.521008,5.50003e+13,2.580263,0,0,0,5.50004e+13,5.50004e+13,5,5.50004e+13,5.50004e+13,0,1,43.683529,57.439831,1.70701e+13,0,0,0,0,0.032,0.465,0.465,-9998,52896,58228,52896,0.268803,0.198361,0,0,0,A,1707,NA,NA,946,0.069558661,0.44858731,,,
947,-121.951722,45.781576,2082,532,1446,Point,0,171,1/4/18,2,1522756,Martha Creek,0.198361,1.70701e+13,1,NA,460,46003,0,1,0,5.50004e+13,1707,1,182541,5.50004e+13,5,3,3,5.50004e+13,5.50004e+13,5.50004e+13,5.50004e+13,269.521008,5.50003e+13,2.580263,0,0,0,5.50004e+13,5.50004e+13,5,5.50004e+13,5.50004e+13,0,1,43.683529,57.439831,1.70701e+13,0,0,0,0,0.032,0.465,0.465,-9998,52896,58228,52896,0.268803,0.198361,0,0,0,A,1707,0.00212,182541,5.50004e+13,5,3,3,5.50004e+13,5.50004e+13,5.50004e+13,5.50004e+13,269.521008,5.50003e+13,2.580263,0,0,0,5.50004e+13,5.50004e+13,5,5.50004e+13,5.50004e+13,0,1,43.683529,57.439831,1.70701e+13,0,0,0,0,0.032,0.465,0.465,-9998,52896,58228,52896,0.268803,0.198361,0,0,0,A,1707,NA,NA,947,0.070647804,0.516038439,,,
948,-121.951672,45.781593,2082,533,1447,Point,0,171,1/4/18,2,1522756,Martha Creek,0.198361,1.70701e+13,1,NA,460,46003,0,1,0,5.50004e+13,1707,1,182541,5.50004e+13,5,3,3,5.50004e+13,5.50004e+13,5.50004e+13,5.50004e+13,269.521008,5.50003e+13,2.580263,0,0,0,5.50004e+13,5.50004e+13,5,5.50004e+13,5.50004e+13,0,1,43.683529,57.439831,1.70701e+13,0,0,0,0,0.032,0.465,0.465,-9998,52896,58228,52896,0.268803,0.198361,0,0,0,A,1707,0.00212,182541,5.50004e+13,5,3,3,5.50004e+13,5.50004e+13,5.50004e+13,5.50004e+13,269.521008,5.50003e+13,2.580263,0,0,0,5.50004e+13,5.50004e+13,5,5.50004e+13,5.50004e+13,0,1,43.683529,57.439831,1.70701e+13,0,0,0,0,0.032,0.465,0.465,-9998,52896,58228,52896,0.268803,0.198361,0,0,0,A,1707,NA,NA,948,0.070876108,0.516038439,,,
949,-121.947425,45.785503,2083,949,1464,Point,0,174,1/4/18,2,1522756,Martha Creek,0.266929,1.70701e+13,1,NA,460,46006,0,1,0,5.50004e+13,1707,1,188164,5.50004e+13,5,5,5,5.50004e+13,5.50004e+13,5.50004e+13,5.50004e+13,268.571381,5.50003e+13,22.573601,0,0,0,5.50004e+13,5.50004e+13,5,5.50004e+13,5.50004e+13,0,1,91.611763,98.615288,1.70701e+13,0,0,0,0,0.0978,3.8171,3.8171,-9998,41184,42052,41184,0.032518,0.266929,0,0,0,A,1707,0.002907,188164,5.50004e+13,5,5,5,5.50004e+13,5.50004e+13,5.50004e+13,5.50004e+13,268.571381,5.50003e+13,22.573601,0,0,0,5.50004e+13,5.50004e+13,5,5.50004e+13,5.50004e+13,0,1,91.611763,98.615288,1.70701e+13,0,0,0,0,0.0978,3.8171,3.8171,-9998,41184,42052,41184,0.032518,0.266929,0,0,0,A,1707,NA,NA,949,0.601063769,0.129167134,,,
950,-121.947257,45.785662,2083,950,1465,Point,0,174,1/4/18,2,1522756,Martha Creek,0.266929,1.70701e+13,1,NA,460,46006,0,1,0,5.50004e+13,1707,1,188164,5.50004e+13,5,5,5,5.50004e+13,5.50004e+13,5.50004e+13,5.50004e+13,268.571381,5.50003e+13,22.573601,0,0,0,5.50004e+13,5.50004e+13,5,5.50004e+13,5.50004e+13,0,1,91.611763,98.615288,1.70701e+13,0,0,0,0,0.0978,3.8171,3.8171,-9998,41184,42052,41184,0.032518,0.266929,0,0,0,A,1707,0.002907,188164,5.50004e+13,5,5,5,5.50004e+13,5.50004e+13,5.50004e+13,5.50004e+13,268.571381,5.50003e+13,22.573601,0,0,0,5.50004e+13,5.50004e+13,5,5.50004e+13,5.50004e+13,0,1,91.611763,98.615288,1.70701e+13,0,0,0,0,0.0978,3.8171,3.8171,-9998,41184,42052,41184,0.032518,0.266929,0,0,0,A,1707,NA,NA,950,0.603683451,0.186793716,,,
951,-121.947135,45.785872,2083,951,1466,Point,0,174,1/4/18,2,1522756,Martha Creek,0.266929,1.70701e+13,1,NA,460,46006,0,1,0,5.50004e+13,1707,1,188164,5.50004e+13,5,5,5,5.50004e+13,5.50004e+13,5.50004e+13,5.50004e+13,268.571381,5.50003e+13,22.573601,0,0,0,5.50004e+13,5.50004e+13,5,5.50004e+13,5.50004e+13,0,1,91.611763,98.615288,1.70701e+13,0,0,0,0,0.0978,3.8171,3.8171,-9998,41184,42052,41184,0.032518,0.266929,0,0,0,A,1707,0.002907,188164,5.50004e+13,5,5,5,5.50004e+13,5.50004e+13,5.50004e+13,5.50004e+13,268.571381,5.50003e+13,22.573601,0,0,0,5.50004e+13,5.50004e+13,5,5.50004e+13,5.50004e+13,0,1,91.611763,98.615288,1.70701e+13,0,0,0,0,0.0978,3.8171,3.8171,-9998,41184,42052,41184,0.032518,0.266929,0,0,0,A,1707,NA,NA,951,0.606686769,0.14199086,,,
952,-121.947027,45.78609,2083,952,1467,Point,0,174,1/4/18,2,1522756,Martha Creek,0.266929,1.70701e+13,1,NA,460,46006,0,1,0,5.50004e+13,1707,1,188164,5.50004e+13,5,5,5,5.50004e+13,5.50004e+13,5.50004e+13,5.50004e+13,268.571381,5.50003e+13,22.573601,0,0,0,5.50004e+13,5.50004e+13,5,5.50004e+13,5.50004e+13,0,1,91.611763,98.615288,1.70701e+13,0,0,0,0,0.0978,3.8171,3.8171,-9998,41184,42052,41184,0.032518,0.266929,0,0,0,A,1707,0.002907,188164,5.50004e+13,5,5,5,5.50004e+13,5.50004e+13,5.50004e+13,5.50004e+13,268.571381,5.50003e+13,22.573601,0,0,0,5.50004e+13,5.50004e+13,5,5.50004e+13,5.50004e+13,0,1,91.611763,98.615288,1.70701e+13,0,0,0,0,0.0978,3.8171,3.8171,-9998,41184,42052,41184,0.032518,0.266929,0,0,0,A,1707,NA,NA,952,0.609743611,0.177087264,,,
953,-121.946876,45.78626,2083,953,1468,Point,0,174,1/4/18,2,1522756,Martha Creek,0.266929,1.70701e+13,1,NA,460,46006,0,1,0,5.50004e+13,1707,1,188164,5.50004e+13,5,5,5,5.50004e+13,5.50004e+13,5.50004e+13,5.50004e+13,268.571381,5.50003e+13,22.573601,0,0,0,5.50004e+13,5.50004e+13,5,5.50004e+13,5.50004e+13,0,1,91.611763,98.615288,1.70701e+13,0,0,0,0,0.0978,3.8171,3.8171,-9998,41184,42052,41184,0.032518,0.266929,0,0,0,A,1707,0.002907,188164,5.50004e+13,5,5,5,5.50004e+13,5.50004e+13,5.50004e+13,5.50004e+13,268.571381,5.50003e+13,22.573601,0,0,0,5.50004e+13,5.50004e+13,5,5.50004e+13,5.50004e+13,0,1,91.611763,98.615288,1.70701e+13,0,0,0,0,0.0978,3.8171,3.8171,-9998,41184,42052,41184,0.032518,0.266929,0,0,0,A,1707,NA,NA,953,0.612395404,0.17374862,,,
954,-121.94662,45.786265,2083,954,1469,Point,0,174,1/4/18,2,1522756,Martha Creek,0.266929,1.70701e+13,1,NA,460,46006,0,1,0,5.50004e+13,1707,1,188164,5.50004e+13,5,5,5,5.50004e+13,5.50004e+13,5.50004e+13,5.50004e+13,268.571381,5.50003e+13,22.573601,0,0,0,5.50004e+13,5.50004e+13,5,5.50004e+13,5.50004e+13,0,1,91.611763,98.615288,1.70701e+13,0,0,0,0,0.0978,3.8171,3.8171,-9998,41184,42052,41184,0.032518,0.266929,0,0,0,A,1707,0.002907,188164,5.50004e+13,5,5,5,5.50004e+13,5.50004e+13,5.50004e+13,5.50004e+13,268.571381,5.50003e+13,22.573601,0,0,0,5.50004e+13,5.50004e+13,5,5.50004e+13,5.50004e+13,0,1,91.611763,98.615288,1.70701e+13,0,0,0,0,0.0978,3.8171,3.8171,-9998,41184,42052,41184,0.032518,0.266929,0,0,0,A,1707,NA,NA,954,0.614769259,0.132512591,,,
955,-121.946393,45.786355,2083,955,1470,Point,0,174,1/4/18,2,1522756,Martha Creek,0.266929,1.70701e+13,1,NA,460,46006,0,1,0,5.50004e+13,1707,1,188164,5.50004e+13,5,5,5,5.50004e+13,5.50004e+13,5.50004e+13,5.50004e+13,268.571381,5.50003e+13,22.573601,0,0,0,5.50004e+13,5.50004e+13,5,5.50004e+13,5.50004e+13,0,1,91.611763,98.615288,1.70701e+13,0,0,0,0,0.0978,3.8171,3.8171,-9998,41184,42052,41184,0.032518,0.266929,0,0,0,A,1707,0.002907,188164,5.50004e+13,5,5,5,5.50004e+13,5.50004e+13,5.50004e+13,5.50004e+13,268.571381,5.50003e+13,22.573601,0,0,0,5.50004e+13,5.50004e+13,5,5.50004e+13,5.50004e+13,0,1,91.611763,98.615288,1.70701e+13,0,0,0,0,0.0978,3.8171,3.8171,-9998,41184,42052,41184,0.032518,0.266929,0,0,0,A,1707,NA,NA,955,0.617187762,0.132512591,,,
956,-121.946215,45.786528,2083,956,1471,Point,0,174,1/4/18,2,1522756,Martha Creek,0.266929,1.70701e+13,1,NA,460,46006,0,1,0,5.50004e+13,1707,1,188164,5.50004e+13,5,5,5,5.50004e+13,5.50004e+13,5.50004e+13,5.50004e+13,268.571381,5.50003e+13,22.573601,0,0,0,5.50004e+13,5.50004e+13,5,5.50004e+13,5.50004e+13,0,1,91.611763,98.615288,1.70701e+13,0,0,0,0,0.0978,3.8171,3.8171,-9998,41184,42052,41184,0.032518,0.266929,0,0,0,A,1707,0.002907,188164,5.50004e+13,5,5,5,5.50004e+13,5.50004e+13,5.50004e+13,5.50004e+13,268.571381,5.50003e+13,22.573601,0,0,0,5.50004e+13,5.50004e+13,5,5.50004e+13,5.50004e+13,0,1,91.611763,98.615288,1.70701e+13,0,0,0,0,0.0978,3.8171,3.8171,-9998,41184,42052,41184,0.032518,0.266929,0,0,0,A,1707,NA,NA,956,0.620011912,0.115471942,,,
957,-121.946037,45.786665,2083,957,1472,Point,0,174,1/4/18,2,1522756,Martha Creek,0.266929,1.70701e+13,1,NA,460,46006,0,1,0,5.50004e+13,1707,1,188164,5.50004e+13,5,5,5,5.50004e+13,5.50004e+13,5.50004e+13,5.50004e+13,268.571381,5.50003e+13,22.573601,0,0,0,5.50004e+13,5.50004e+13,5,5.50004e+13,5.50004e+13,0,1,91.611763,98.615288,1.70701e+13,0,0,0,0,0.0978,3.8171,3.8171,-9998,41184,42052,41184,0.032518,0.266929,0,0,0,A,1707,0.002907,188164,5.50004e+13,5,5,5,5.50004e+13,5.50004e+13,5.50004e+13,5.50004e+13,268.571381,5.50003e+13,22.573601,0,0,0,5.50004e+13,5.50004e+13,5,5.50004e+13,5.50004e+13,0,1,91.611763,98.615288,1.70701e+13,0,0,0,0,0.0978,3.8171,3.8171,-9998,41184,42052,41184,0.032518,0.266929,0,0,0,A,1707,NA,NA,957,0.622464838,0.04573149,,,
958,-121.945797,45.78675,2083,958,1473,Point,0,174,1/4/18,2,1522756,Martha Creek,0.266929,1.70701e+13,1,NA,460,46006,0,1,0,5.50004e+13,1707,1,188164,5.50004e+13,5,5,5,5.50004e+13,5.50004e+13,5.50004e+13,5.50004e+13,268.571381,5.50003e+13,22.573601,0,0,0,5.50004e+13,5.50004e+13,5,5.50004e+13,5.50004e+13,0,1,91.611763,98.615288,1.70701e+13,0,0,0,0,0.0978,3.8171,3.8171,-9998,41184,42052,41184,0.032518,0.266929,0,0,0,A,1707,0.002907,188164,5.50004e+13,5,5,5,5.50004e+13,5.50004e+13,5.50004e+13,5.50004e+13,268.571381,5.50003e+13,22.573601,0,0,0,5.50004e+13,5.50004e+13,5,5.50004e+13,5.50004e+13,0,1,91.611763,98.615288,1.70701e+13,0,0,0,0,0.0978,3.8171,3.8171,-9998,41184,42052,41184,0.032518,0.266929,0,0,0,A,1707,NA,NA,958,0.62495825,0.04573149,,,
959,-121.945585,45.786871,2083,959,1474,Point,0,174,1/4/18,2,1522756,Martha Creek,0.266929,1.70701e+13,1,NA,460,46006,0,1,0,5.50004e+13,1707,1,188164,5.50004e+13,5,5,5,5.50004e+13,5.50004e+13,5.50004e+13,5.50004e+13,268.571381,5.50003e+13,22.573601,0,0,0,5.50004e+13,5.50004e+13,5,5.50004e+13,5.50004e+13,0,1,91.611763,98.615288,1.70701e+13,0,0,0,0,0.0978,3.8171,3.8171,-9998,41184,42052,41184,0.032518,0.266929,0,0,0,A,1707,0.002907,188164,5.50004e+13,5,5,5,5.50004e+13,5.50004e+13,5.50004e+13,5.50004e+13,268.571381,5.50003e+13,22.573601,0,0,0,5.50004e+13,5.50004e+13,5,5.50004e+13,5.50004e+13,0,1,91.611763,98.615288,1.70701e+13,0,0,0,0,0.0978,3.8171,3.8171,-9998,41184,42052,41184,0.032518,0.266929,0,0,0,A,1707,NA,NA,959,0.627494287,0.052566053,,,
960,-121.945428,45.787067,2083,960,1475,Point,0,174,1/4/18,2,1522756,Martha Creek,0.266929,1.70701e+13,1,NA,460,46006,0,1,0,5.50004e+13,1707,1,188164,5.50004e+13,5,5,5,5.50004e+13,5.50004e+13,5.50004e+13,5.50004e+13,268.571381,5.50003e+13,22.573601,0,0,0,5.50004e+13,5.50004e+13,5,5.50004e+13,5.50004e+13,0,1,91.611763,98.615288,1.70701e+13,0,0,0,0,0.0978,3.8171,3.8171,-9998,41184,42052,41184,0.032518,0.266929,0,0,0,A,1707,0.002907,188164,5.50004e+13,5,5,5,5.50004e+13,5.50004e+13,5.50004e+13,5.50004e+13,268.571381,5.50003e+13,22.573601,0,0,0,5.50004e+13,5.50004e+13,5,5.50004e+13,5.50004e+13,0,1,91.611763,98.615288,1.70701e+13,0,0,0,0,0.0978,3.8171,3.8171,-9998,41184,42052,41184,0.032518,0.266929,0,0,0,A,1707,NA,NA,960,0.630471049,0.074820621,,,
961,-121.945361,45.787082,2083,961,1476,Point,0,174,1/4/18,2,1522756,Martha Creek,0.266929,1.70701e+13,1,NA,460,46006,0,1,0,5.50004e+13,1707,1,188164,5.50004e+13,5,5,5,5.50004e+13,5.50004e+13,5.50004e+13,5.50004e+13,268.571381,5.50003e+13,22.573601,0,0,0,5.50004e+13,5.50004e+13,5,5.50004e+13,5.50004e+13,0,1,91.611763,98.615288,1.70701e+13,0,0,0,0,0.0978,3.8171,3.8171,-9998,41184,42052,41184,0.032518,0.266929,0,0,0,A,1707,0.002907,188164,5.50004e+13,5,5,5,5.50004e+13,5.50004e+13,5.50004e+13,5.50004e+13,268.571381,5.50003e+13,22.573601,0,0,0,5.50004e+13,5.50004e+13,5,5.50004e+13,5.50004e+13,0,1,91.611763,98.615288,1.70701e+13,0,0,0,0,0.0978,3.8171,3.8171,-9998,41184,42052,41184,0.032518,0.266929,0,0,0,A,1707,NA,NA,961,0.631123104,0.074820621,,,
962,-121.944653,45.787609,2084,931,1477,Point,0,175,1/4/18,2,1522756,Martha Creek,0.12894,1.70701e+13,1,NA,460,46006,0,1,0,5.50004e+13,1707,1,57006,5.50004e+13,5,5,5,5.50004e+13,5.50004e+13,5.50004e+13,5.50004e+13,268.34641,5.50003e+13,26.032175,0,0,0,5.50004e+13,5.50004e+13,5,5.50004e+13,5.50004e+13,0,1,85.709862,89.092102,1.70701e+13,0,0,0,0,0.0135,4.2864,4.2864,-9998,39943,40652,40352,0.023267,0.12894,0,0,0,A,1707,0.001574,57006,5.50004e+13,5,5,5,5.50004e+13,5.50004e+13,5.50004e+13,5.50004e+13,268.34641,5.50003e+13,26.032175,0,0,0,5.50004e+13,5.50004e+13,5,5.50004e+13,5.50004e+13,0,1,85.709862,89.092102,1.70701e+13,0,0,0,0,0.0135,4.2864,4.2864,-9998,39943,40652,40352,0.023267,0.12894,0,0,0,A,1707,NA,NA,962,0.688721456,0.088858511,,,
963,-121.944405,45.787633,2084,932,1478,Point,0,175,1/4/18,2,1522756,Martha Creek,0.12894,1.70701e+13,1,NA,460,46006,0,1,0,5.50004e+13,1707,1,57006,5.50004e+13,5,5,5,5.50004e+13,5.50004e+13,5.50004e+13,5.50004e+13,268.34641,5.50003e+13,26.032175,0,0,0,5.50004e+13,5.50004e+13,5,5.50004e+13,5.50004e+13,0,1,85.709862,89.092102,1.70701e+13,0,0,0,0,0.0135,4.2864,4.2864,-9998,39943,40652,40352,0.023267,0.12894,0,0,0,A,1707,0.001574,57006,5.50004e+13,5,5,5,5.50004e+13,5.50004e+13,5.50004e+13,5.50004e+13,268.34641,5.50003e+13,26.032175,0,0,0,5.50004e+13,5.50004e+13,5,5.50004e+13,5.50004e+13,0,1,85.709862,89.092102,1.70701e+13,0,0,0,0,0.0135,4.2864,4.2864,-9998,39943,40652,40352,0.023267,0.12894,0,0,0,A,1707,NA,NA,963,0.68937994,0.088858511,,,
964,-121.944159,45.787698,2084,933,1479,Point,0,175,1/4/18,2,1522756,Martha Creek,0.12894,1.70701e+13,1,NA,460,46006,0,1,0,5.50004e+13,1707,1,57006,5.50004e+13,5,5,5,5.50004e+13,5.50004e+13,5.50004e+13,5.50004e+13,268.34641,5.50003e+13,26.032175,0,0,0,5.50004e+13,5.50004e+13,5,5.50004e+13,5.50004e+13,0,1,85.709862,89.092102,1.70701e+13,0,0,0,0,0.0135,4.2864,4.2864,-9998,39943,40652,40352,0.023267,0.12894,0,0,0,A,1707,0.001574,57006,5.50004e+13,5,5,5,5.50004e+13,5.50004e+13,5.50004e+13,5.50004e+13,268.34641,5.50003e+13,26.032175,0,0,0,5.50004e+13,5.50004e+13,5,5.50004e+13,5.50004e+13,0,1,85.709862,89.092102,1.70701e+13,0,0,0,0,0.0135,4.2864,4.2864,-9998,39943,40652,40352,0.023267,0.12894,0,0,0,A,1707,NA,NA,964,0.69007156,0.069424846,,,
965,-121.943913,45.787742,2084,934,1480,Point,0,175,1/4/18,2,1522756,Martha Creek,0.12894,1.70701e+13,1,NA,460,46006,0,1,0,5.50004e+13,1707,1,57006,5.50004e+13,5,5,5,5.50004e+13,5.50004e+13,5.50004e+13,5.50004e+13,268.34641,5.50003e+13,26.032175,0,0,0,5.50004e+13,5.50004e+13,5,5.50004e+13,5.50004e+13,0,1,85.709862,89.092102,1.70701e+13,0,0,0,0,0.0135,4.2864,4.2864,-9998,39943,40652,40352,0.023267,0.12894,0,0,0,A,1707,0.001574,57006,5.50004e+13,5,5,5,5.50004e+13,5.50004e+13,5.50004e+13,5.50004e+13,268.34641,5.50003e+13,26.032175,0,0,0,5.50004e+13,5.50004e+13,5,5.50004e+13,5.50004e+13,0,1,85.709862,89.092102,1.70701e+13,0,0,0,0,0.0135,4.2864,4.2864,-9998,39943,40652,40352,0.023267,0.12894,0,0,0,A,1707,NA,NA,965,0.690739381,0.049883252,,,
966,-121.943684,45.787848,2084,935,1481,Point,0,175,1/4/18,2,1522756,Martha Creek,0.12894,1.70701e+13,1,NA,460,46006,0,1,0,5.50004e+13,1707,1,57006,5.50004e+13,5,5,5,5.50004e+13,5.50004e+13,5.50004e+13,5.50004e+13,268.34641,5.50003e+13,26.032175,0,0,0,5.50004e+13,5.50004e+13,5,5.50004e+13,5.50004e+13,0,1,85.709862,89.092102,1.70701e+13,0,0,0,0,0.0135,4.2864,4.2864,-9998,39943,40652,40352,0.023267,0.12894,0,0,0,A,1707,0.001574,57006,5.50004e+13,5,5,5,5.50004e+13,5.50004e+13,5.50004e+13,5.50004e+13,268.34641,5.50003e+13,26.032175,0,0,0,5.50004e+13,5.50004e+13,5,5.50004e+13,5.50004e+13,0,1,85.709862,89.092102,1.70701e+13,0,0,0,0,0.0135,4.2864,4.2864,-9998,39943,40652,40352,0.023267,0.12894,0,0,0,A,1707,NA,NA,966,0.691461577,0.038605305,,,
967,-121.943447,45.787915,2084,936,1482,Point,0,175,1/4/18,2,1522756,Martha Creek,0.12894,1.70701e+13,1,NA,460,46006,0,1,0,5.50004e+13,1707,1,57006,5.50004e+13,5,5,5,5.50004e+13,5.50004e+13,5.50004e+13,5.50004e+13,268.34641,5.50003e+13,26.032175,0,0,0,5.50004e+13,5.50004e+13,5,5.50004e+13,5.50004e+13,0,1,85.709862,89.092102,1.70701e+13,0,0,0,0,0.0135,4.2864,4.2864,-9998,39943,40652,40352,0.023267,0.12894,0,0,0,A,1707,0.001574,57006,5.50004e+13,5,5,5,5.50004e+13,5.50004e+13,5.50004e+13,5.50004e+13,268.34641,5.50003e+13,26.032175,0,0,0,5.50004e+13,5.50004e+13,5,5.50004e+13,5.50004e+13,0,1,85.709862,89.092102,1.70701e+13,0,0,0,0,0.0135,4.2864,4.2864,-9998,39943,40652,40352,0.023267,0.12894,0,0,0,A,1707,NA,NA,967,0.692133883,0.066705893,,,
968,-121.943196,45.787936,2084,937,1483,Point,0,175,1/4/18,2,1522756,Martha Creek,0.12894,1.70701e+13,1,NA,460,46006,0,1,0,5.50004e+13,1707,1,57006,5.50004e+13,5,5,5,5.50004e+13,5.50004e+13,5.50004e+13,5.50004e+13,268.34641,5.50003e+13,26.032175,0,0,0,5.50004e+13,5.50004e+13,5,5.50004e+13,5.50004e+13,0,1,85.709862,89.092102,1.70701e+13,0,0,0,0,0.0135,4.2864,4.2864,-9998,39943,40652,40352,0.023267,0.12894,0,0,0,A,1707,0.001574,57006,5.50004e+13,5,5,5,5.50004e+13,5.50004e+13,5.50004e+13,5.50004e+13,268.34641,5.50003e+13,26.032175,0,0,0,5.50004e+13,5.50004e+13,5,5.50004e+13,5.50004e+13,0,1,85.709862,89.092102,1.70701e+13,0,0,0,0,0.0135,4.2864,4.2864,-9998,39943,40652,40352,0.023267,0.12894,0,0,0,A,1707,NA,NA,968,0.692798747,0.044112798,,,
969,-121.94317,45.78793,2084,938,1484,Point,0,175,1/4/18,2,1522756,Martha Creek,0.12894,1.70701e+13,1,NA,460,46006,0,1,0,5.50004e+13,1707,1,57006,5.50004e+13,5,5,5,5.50004e+13,5.50004e+13,5.50004e+13,5.50004e+13,268.34641,5.50003e+13,26.032175,0,0,0,5.50004e+13,5.50004e+13,5,5.50004e+13,5.50004e+13,0,1,85.709862,89.092102,1.70701e+13,0,0,0,0,0.0135,4.2864,4.2864,-9998,39943,40652,40352,0.023267,0.12894,0,0,0,A,1707,0.001574,57006,5.50004e+13,5,5,5,5.50004e+13,5.50004e+13,5.50004e+13,5.50004e+13,268.34641,5.50003e+13,26.032175,0,0,0,5.50004e+13,5.50004e+13,5,5.50004e+13,5.50004e+13,0,1,85.709862,89.092102,1.70701e+13,0,0,0,0,0.0135,4.2864,4.2864,-9998,39943,40652,40352,0.023267,0.12894,0,0,0,A,1707,NA,NA,969,0.692870754,0.044112798,,,
970,-121.96585,45.789228,2085,264,1485,Point,0,176,1/4/18,2,NA,NA,0.22162,1.70701e+13,1,NA,460,46003,0,1,0,5.50004e+13,1707,1,239414,5.50004e+13,8,2,2,5.50004e+13,5.50004e+13,5.50004e+13,5.50004e+13,270.487936,5.50003e+13,1.115701,0,0,0,5.50004e+13,5.50004e+13,7,5.50004e+13,5.50004e+13,0,1,61.001839,73.411682,1.70701e+13,0,0,0,0,0.0224,0.163,0.163,-9998,64674,68856,65923,0.132343,0.22162,1,0,0,A,1707,0.002605,239414,5.50004e+13,8,2,2,5.50004e+13,5.50004e+13,5.50004e+13,5.50004e+13,270.487936,5.50003e+13,1.115701,0,0,0,5.50004e+13,5.50004e+13,7,5.50004e+13,5.50004e+13,0,1,61.001839,73.411682,1.70701e+13,0,0,0,0,0.0224,0.163,0.163,-9998,64674,68856,65923,0.132343,0.22162,1,0,0,A,1707,NA,NA,970,0.003442379,0.272292204,,,
971,-121.965706,45.789037,2085,265,1486,Point,0,176,1/4/18,2,NA,NA,0.22162,1.70701e+13,1,NA,460,46003,0,1,0,5.50004e+13,1707,1,239414,5.50004e+13,8,2,2,5.50004e+13,5.50004e+13,5.50004e+13,5.50004e+13,270.487936,5.50003e+13,1.115701,0,0,0,5.50004e+13,5.50004e+13,7,5.50004e+13,5.50004e+13,0,1,61.001839,73.411682,1.70701e+13,0,0,0,0,0.0224,0.163,0.163,-9998,64674,68856,65923,0.132343,0.22162,1,0,0,A,1707,0.002605,239414,5.50004e+13,8,2,2,5.50004e+13,5.50004e+13,5.50004e+13,5.50004e+13,270.487936,5.50003e+13,1.115701,0,0,0,5.50004e+13,5.50004e+13,7,5.50004e+13,5.50004e+13,0,1,61.001839,73.411682,1.70701e+13,0,0,0,0,0.0224,0.163,0.163,-9998,64674,68856,65923,0.132343,0.22162,1,0,0,A,1707,NA,NA,971,0.003834438,0.236378284,,,
972,-121.965461,45.788982,2085,266,1487,Point,0,176,1/4/18,2,NA,NA,0.22162,1.70701e+13,1,NA,460,46003,0,1,0,5.50004e+13,1707,1,239414,5.50004e+13,8,2,2,5.50004e+13,5.50004e+13,5.50004e+13,5.50004e+13,270.487936,5.50003e+13,1.115701,0,0,0,5.50004e+13,5.50004e+13,7,5.50004e+13,5.50004e+13,0,1,61.001839,73.411682,1.70701e+13,0,0,0,0,0.0224,0.163,0.163,-9998,64674,68856,65923,0.132343,0.22162,1,0,0,A,1707,0.002605,239414,5.50004e+13,8,2,2,5.50004e+13,5.50004e+13,5.50004e+13,5.50004e+13,270.487936,5.50003e+13,1.115701,0,0,0,5.50004e+13,5.50004e+13,7,5.50004e+13,5.50004e+13,0,1,61.001839,73.411682,1.70701e+13,0,0,0,0,0.0224,0.163,0.163,-9998,64674,68856,65923,0.132343,0.22162,1,0,0,A,1707,NA,NA,972,0.004161259,0.224821357,,,
973,-121.965216,45.788924,2085,267,1488,Point,0,176,1/4/18,2,NA,NA,0.22162,1.70701e+13,1,NA,460,46003,0,1,0,5.50004e+13,1707,1,239414,5.50004e+13,8,2,2,5.50004e+13,5.50004e+13,5.50004e+13,5.50004e+13,270.487936,5.50003e+13,1.115701,0,0,0,5.50004e+13,5.50004e+13,7,5.50004e+13,5.50004e+13,0,1,61.001839,73.411682,1.70701e+13,0,0,0,0,0.0224,0.163,0.163,-9998,64674,68856,65923,0.132343,0.22162,1,0,0,A,1707,0.002605,239414,5.50004e+13,8,2,2,5.50004e+13,5.50004e+13,5.50004e+13,5.50004e+13,270.487936,5.50003e+13,1.115701,0,0,0,5.50004e+13,5.50004e+13,7,5.50004e+13,5.50004e+13,0,1,61.001839,73.411682,1.70701e+13,0,0,0,0,0.0224,0.163,0.163,-9998,64674,68856,65923,0.132343,0.22162,1,0,0,A,1707,NA,NA,973,0.004489785,0.21415523,,,
974,-121.964969,45.788864,2085,268,1489,Point,0,176,1/4/18,2,NA,NA,0.22162,1.70701e+13,1,NA,460,46003,0,1,0,5.50004e+13,1707,1,239414,5.50004e+13,8,2,2,5.50004e+13,5.50004e+13,5.50004e+13,5.50004e+13,270.487936,5.50003e+13,1.115701,0,0,0,5.50004e+13,5.50004e+13,7,5.50004e+13,5.50004e+13,0,1,61.001839,73.411682,1.70701e+13,0,0,0,0,0.0224,0.163,0.163,-9998,64674,68856,65923,0.132343,0.22162,1,0,0,A,1707,0.002605,239414,5.50004e+13,8,2,2,5.50004e+13,5.50004e+13,5.50004e+13,5.50004e+13,270.487936,5.50003e+13,1.115701,0,0,0,5.50004e+13,5.50004e+13,7,5.50004e+13,5.50004e+13,0,1,61.001839,73.411682,1.70701e+13,0,0,0,0,0.0224,0.163,0.163,-9998,64674,68856,65923,0.132343,0.22162,1,0,0,A,1707,NA,NA,974,0.004821892,0.210527665,,,
975,-121.96474,45.78876,2085,269,1490,Point,0,176,1/4/18,2,NA,NA,0.22162,1.70701e+13,1,NA,460,46003,0,1,0,5.50004e+13,1707,1,239414,5.50004e+13,8,2,2,5.50004e+13,5.50004e+13,5.50004e+13,5.50004e+13,270.487936,5.50003e+13,1.115701,0,0,0,5.50004e+13,5.50004e+13,7,5.50004e+13,5.50004e+13,0,1,61.001839,73.411682,1.70701e+13,0,0,0,0,0.0224,0.163,0.163,-9998,64674,68856,65923,0.132343,0.22162,1,0,0,A,1707,0.002605,239414,5.50004e+13,8,2,2,5.50004e+13,5.50004e+13,5.50004e+13,5.50004e+13,270.487936,5.50003e+13,1.115701,0,0,0,5.50004e+13,5.50004e+13,7,5.50004e+13,5.50004e+13,0,1,61.001839,73.411682,1.70701e+13,0,0,0,0,0.0224,0.163,0.163,-9998,64674,68856,65923,0.132343,0.22162,1,0,0,A,1707,NA,NA,975,0.005168677,0.210527665,,,
976,-121.964486,45.788776,2085,270,1491,Point,0,176,1/4/18,2,NA,NA,0.22162,1.70701e+13,1,NA,460,46003,0,1,0,5.50004e+13,1707,1,239414,5.50004e+13,8,2,2,5.50004e+13,5.50004e+13,5.50004e+13,5.50004e+13,270.487936,5.50003e+13,1.115701,0,0,0,5.50004e+13,5.50004e+13,7,5.50004e+13,5.50004e+13,0,1,61.001839,73.411682,1.70701e+13,0,0,0,0,0.0224,0.163,0.163,-9998,64674,68856,65923,0.132343,0.22162,1,0,0,A,1707,0.002605,239414,5.50004e+13,8,2,2,5.50004e+13,5.50004e+13,5.50004e+13,5.50004e+13,270.487936,5.50003e+13,1.115701,0,0,0,5.50004e+13,5.50004e+13,7,5.50004e+13,5.50004e+13,0,1,61.001839,73.411682,1.70701e+13,0,0,0,0,0.0224,0.163,0.163,-9998,64674,68856,65923,0.132343,0.22162,1,0,0,A,1707,NA,NA,976,0.005492606,0.217703321,,,
977,-121.964243,45.788716,2085,271,1492,Point,0,176,1/4/18,2,NA,NA,0.22162,1.70701e+13,1,NA,460,46003,0,1,0,5.50004e+13,1707,1,239414,5.50004e+13,8,2,2,5.50004e+13,5.50004e+13,5.50004e+13,5.50004e+13,270.487936,5.50003e+13,1.115701,0,0,0,5.50004e+13,5.50004e+13,7,5.50004e+13,5.50004e+13,0,1,61.001839,73.411682,1.70701e+13,0,0,0,0,0.0224,0.163,0.163,-9998,64674,68856,65923,0.132343,0.22162,1,0,0,A,1707,0.002605,239414,5.50004e+13,8,2,2,5.50004e+13,5.50004e+13,5.50004e+13,5.50004e+13,270.487936,5.50003e+13,1.115701,0,0,0,5.50004e+13,5.50004e+13,7,5.50004e+13,5.50004e+13,0,1,61.001839,73.411682,1.70701e+13,0,0,0,0,0.0224,0.163,0.163,-9998,64674,68856,65923,0.132343,0.22162,1,0,0,A,1707,NA,NA,977,0.005819919,0.213391373,,,
978,-121.96403,45.788617,2085,272,1493,Point,0,176,1/4/18,2,NA,NA,0.22162,1.70701e+13,1,NA,460,46003,0,1,0,5.50004e+13,1707,1,239414,5.50004e+13,8,2,2,5.50004e+13,5.50004e+13,5.50004e+13,5.50004e+13,270.487936,5.50003e+13,1.115701,0,0,0,5.50004e+13,5.50004e+13,7,5.50004e+13,5.50004e+13,0,1,61.001839,73.411682,1.70701e+13,0,0,0,0,0.0224,0.163,0.163,-9998,64674,68856,65923,0.132343,0.22162,1,0,0,A,1707,0.002605,239414,5.50004e+13,8,2,2,5.50004e+13,5.50004e+13,5.50004e+13,5.50004e+13,270.487936,5.50003e+13,1.115701,0,0,0,5.50004e+13,5.50004e+13,7,5.50004e+13,5.50004e+13,0,1,61.001839,73.411682,1.70701e+13,0,0,0,0,0.0224,0.163,0.163,-9998,64674,68856,65923,0.132343,0.22162,1,0,0,A,1707,NA,NA,978,0.006144733,0.213526008,,,
979,-121.96379,45.788548,2085,273,1494,Point,0,176,1/4/18,2,NA,NA,0.22162,1.70701e+13,1,NA,460,46003,0,1,0,5.50004e+13,1707,1,239414,5.50004e+13,8,2,2,5.50004e+13,5.50004e+13,5.50004e+13,5.50004e+13,270.487936,5.50003e+13,1.115701,0,0,0,5.50004e+13,5.50004e+13,7,5.50004e+13,5.50004e+13,0,1,61.001839,73.411682,1.70701e+13,0,0,0,0,0.0224,0.163,0.163,-9998,64674,68856,65923,0.132343,0.22162,1,0,0,A,1707,0.002605,239414,5.50004e+13,8,2,2,5.50004e+13,5.50004e+13,5.50004e+13,5.50004e+13,270.487936,5.50003e+13,1.115701,0,0,0,5.50004e+13,5.50004e+13,7,5.50004e+13,5.50004e+13,0,1,61.001839,73.411682,1.70701e+13,0,0,0,0,0.0224,0.163,0.163,-9998,64674,68856,65923,0.132343,0.22162,1,0,0,A,1707,NA,NA,979,0.006474314,0.240906735,,,
980,-121.963602,45.788391,2085,274,1495,Point,0,176,1/4/18,2,NA,NA,0.22162,1.70701e+13,1,NA,460,46003,0,1,0,5.50004e+13,1707,1,239414,5.50004e+13,8,2,2,5.50004e+13,5.50004e+13,5.50004e+13,5.50004e+13,270.487936,5.50003e+13,1.115701,0,0,0,5.50004e+13,5.50004e+13,7,5.50004e+13,5.50004e+13,0,1,61.001839,73.411682,1.70701e+13,0,0,0,0,0.0224,0.163,0.163,-9998,64674,68856,65923,0.132343,0.22162,1,0,0,A,1707,0.002605,239414,5.50004e+13,8,2,2,5.50004e+13,5.50004e+13,5.50004e+13,5.50004e+13,270.487936,5.50003e+13,1.115701,0,0,0,5.50004e+13,5.50004e+13,7,5.50004e+13,5.50004e+13,0,1,61.001839,73.411682,1.70701e+13,0,0,0,0,0.0224,0.163,0.163,-9998,64674,68856,65923,0.132343,0.22162,1,0,0,A,1707,NA,NA,980,0.006846168,0.240682308,,,
981,-121.963582,45.788375,2085,275,1496,Point,0,176,1/4/18,2,NA,NA,0.22162,1.70701e+13,1,NA,460,46003,0,1,0,5.50004e+13,1707,1,239414,5.50004e+13,8,2,2,5.50004e+13,5.50004e+13,5.50004e+13,5.50004e+13,270.487936,5.50003e+13,1.115701,0,0,0,5.50004e+13,5.50004e+13,7,5.50004e+13,5.50004e+13,0,1,61.001839,73.411682,1.70701e+13,0,0,0,0,0.0224,0.163,0.163,-9998,64674,68856,65923,0.132343,0.22162,1,0,0,A,1707,0.002605,239414,5.50004e+13,8,2,2,5.50004e+13,5.50004e+13,5.50004e+13,5.50004e+13,270.487936,5.50003e+13,1.115701,0,0,0,5.50004e+13,5.50004e+13,7,5.50004e+13,5.50004e+13,0,1,61.001839,73.411682,1.70701e+13,0,0,0,0,0.0224,0.163,0.163,-9998,64674,68856,65923,0.132343,0.22162,1,0,0,A,1707,NA,NA,981,0.006884759,0.240682308,,,
982,-121.935709,45.790288,2086,519,1497,Point,0,177,1/4/18,2,1522756,Martha Creek,0.084516,1.70701e+13,1,NA,460,46006,0,1,0,5.50004e+13,1707,1,245521,5.50004e+13,5,5,5,5.50004e+13,5.50004e+13,5.50004e+13,5.50004e+13,267.49388,5.50003e+13,33.977054,0,0,0,5.50004e+13,5.50004e+13,5,5.50004e+13,5.50004e+13,0,1,63.344391,65.561829,1.70701e+13,0,0,0,0,0.0043,5.6445,5.6445,-9998,36981,37751,37751,1e-05,0.084516,0,0,0,A,1707,0.000927,245521,5.50004e+13,5,5,5,5.50004e+13,5.50004e+13,5.50004e+13,5.50004e+13,267.49388,5.50003e+13,33.977054,0,0,0,5.50004e+13,5.50004e+13,5,5.50004e+13,5.50004e+13,0,1,63.344391,65.561829,1.70701e+13,0,0,0,0,0.0043,5.6445,5.6445,-9998,36981,37751,37751,1e-05,0.084516,0,0,0,A,1707,NA,NA,982,0.913551743,0.085423102,,,
983,-121.935673,45.790535,2086,520,1498,Point,0,177,1/4/18,2,1522756,Martha Creek,0.084516,1.70701e+13,1,NA,460,46006,0,1,0,5.50004e+13,1707,1,245521,5.50004e+13,5,5,5,5.50004e+13,5.50004e+13,5.50004e+13,5.50004e+13,267.49388,5.50003e+13,33.977054,0,0,0,5.50004e+13,5.50004e+13,5,5.50004e+13,5.50004e+13,0,1,63.344391,65.561829,1.70701e+13,0,0,0,0,0.0043,5.6445,5.6445,-9998,36981,37751,37751,1e-05,0.084516,0,0,0,A,1707,0.000927,245521,5.50004e+13,5,5,5,5.50004e+13,5.50004e+13,5.50004e+13,5.50004e+13,267.49388,5.50003e+13,33.977054,0,0,0,5.50004e+13,5.50004e+13,5,5.50004e+13,5.50004e+13,0,1,63.344391,65.561829,1.70701e+13,0,0,0,0,0.0043,5.6445,5.6445,-9998,36981,37751,37751,1e-05,0.084516,0,0,0,A,1707,NA,NA,983,0.914001204,0.076782055,,,
984,-121.935472,45.790665,2086,521,1499,Point,0,177,1/4/18,2,1522756,Martha Creek,0.084516,1.70701e+13,1,NA,460,46006,0,1,0,5.50004e+13,1707,1,245521,5.50004e+13,5,5,5,5.50004e+13,5.50004e+13,5.50004e+13,5.50004e+13,267.49388,5.50003e+13,33.977054,0,0,0,5.50004e+13,5.50004e+13,5,5.50004e+13,5.50004e+13,0,1,63.344391,65.561829,1.70701e+13,0,0,0,0,0.0043,5.6445,5.6445,-9998,36981,37751,37751,1e-05,0.084516,0,0,0,A,1707,0.000927,245521,5.50004e+13,5,5,5,5.50004e+13,5.50004e+13,5.50004e+13,5.50004e+13,267.49388,5.50003e+13,33.977054,0,0,0,5.50004e+13,5.50004e+13,5,5.50004e+13,5.50004e+13,0,1,63.344391,65.561829,1.70701e+13,0,0,0,0,0.0043,5.6445,5.6445,-9998,36981,37751,37751,1e-05,0.084516,0,0,0,A,1707,NA,NA,984,0.914347875,0.056308081,,,
985,-121.935227,45.790728,2086,522,1500,Point,0,177,1/4/18,2,1522756,Martha Creek,0.084516,1.70701e+13,1,NA,460,46006,0,1,0,5.50004e+13,1707,1,245521,5.50004e+13,5,5,5,5.50004e+13,5.50004e+13,5.50004e+13,5.50004e+13,267.49388,5.50003e+13,33.977054,0,0,0,5.50004e+13,5.50004e+13,5,5.50004e+13,5.50004e+13,0,1,63.344391,65.561829,1.70701e+13,0,0,0,0,0.0043,5.6445,5.6445,-9998,36981,37751,37751,1e-05,0.084516,0,0,0,A,1707,0.000927,245521,5.50004e+13,5,5,5,5.50004e+13,5.50004e+13,5.50004e+13,5.50004e+13,267.49388,5.50003e+13,33.977054,0,0,0,5.50004e+13,5.50004e+13,5,5.50004e+13,5.50004e+13,0,1,63.344391,65.561829,1.70701e+13,0,0,0,0,0.0043,5.6445,5.6445,-9998,36981,37751,37751,1e-05,0.084516,0,0,0,A,1707,NA,NA,985,0.914678445,0.066308081,,,
986,-121.935078,45.790755,2086,523,1501,Point,0,177,1/4/18,2,1522756,Martha Creek,0.084516,1.70701e+13,1,NA,460,46006,0,1,0,5.50004e+13,1707,1,245521,5.50004e+13,5,5,5,5.50004e+13,5.50004e+13,5.50004e+13,5.50004e+13,267.49388,5.50003e+13,33.977054,0,0,0,5.50004e+13,5.50004e+13,5,5.50004e+13,5.50004e+13,0,1,63.344391,65.561829,1.70701e+13,0,0,0,0,0.0043,5.6445,5.6445,-9998,36981,37751,37751,1e-05,0.084516,0,0,0,A,1707,0.000927,245521,5.50004e+13,5,5,5,5.50004e+13,5.50004e+13,5.50004e+13,5.50004e+13,267.49388,5.50003e+13,33.977054,0,0,0,5.50004e+13,5.50004e+13,5,5.50004e+13,5.50004e+13,0,1,63.344391,65.561829,1.70701e+13,0,0,0,0,0.0043,5.6445,5.6445,-9998,36981,37751,37751,1e-05,0.084516,0,0,0,A,1707,NA,NA,986,0.91487337,0.067620219,,,
987,-121.959554,45.790656,2087,286,1502,Point,0,178,1/4/18,2,NA,NA,0.038655,1.70701e+13,1,NA,460,46003,0,1,0,5.50004e+13,1707,1,194011,5.50004e+13,6,2,2,5.50004e+13,5.50004e+13,5.50004e+13,5.50004e+13,270.333547,5.50003e+13,1.597159,0,0,0,5.50004e+13,5.50004e+13,6,5.50004e+13,5.50004e+13,0,1,25.168039,31.151979,1.70701e+13,0,0,0,0,0.0019,0.2055,0.2055,-9998,62070,62944,62070,0.226103,0.038655,0,0,0,A,1707,0.000395,194011,5.50004e+13,6,2,2,5.50004e+13,5.50004e+13,5.50004e+13,5.50004e+13,270.333547,5.50003e+13,1.597159,0,0,0,5.50004e+13,5.50004e+13,6,5.50004e+13,5.50004e+13,0,1,25.168039,31.151979,1.70701e+13,0,0,0,0,0.0019,0.2055,0.2055,-9998,62070,62944,62070,0.226103,0.038655,0,0,0,A,1707,NA,NA,987,0.03912631,0.177117558,,,
988,-121.959409,45.790475,2087,287,1503,Point,0,178,1/4/18,2,NA,NA,0.038655,1.70701e+13,1,NA,460,46003,0,1,0,5.50004e+13,1707,1,194011,5.50004e+13,6,2,2,5.50004e+13,5.50004e+13,5.50004e+13,5.50004e+13,270.333547,5.50003e+13,1.597159,0,0,0,5.50004e+13,5.50004e+13,6,5.50004e+13,5.50004e+13,0,1,25.168039,31.151979,1.70701e+13,0,0,0,0,0.0019,0.2055,0.2055,-9998,62070,62944,62070,0.226103,0.038655,0,0,0,A,1707,0.000395,194011,5.50004e+13,6,2,2,5.50004e+13,5.50004e+13,5.50004e+13,5.50004e+13,270.333547,5.50003e+13,1.597159,0,0,0,5.50004e+13,5.50004e+13,6,5.50004e+13,5.50004e+13,0,1,25.168039,31.151979,1.70701e+13,0,0,0,0,0.0019,0.2055,0.2055,-9998,62070,62944,62070,0.226103,0.038655,0,0,0,A,1707,NA,NA,988,0.039502795,0.18834249,,,
989,-121.959338,45.790372,2087,288,1504,Point,0,178,1/4/18,2,NA,NA,0.038655,1.70701e+13,1,NA,460,46003,0,1,0,5.50004e+13,1707,1,194011,5.50004e+13,6,2,2,5.50004e+13,5.50004e+13,5.50004e+13,5.50004e+13,270.333547,5.50003e+13,1.597159,0,0,0,5.50004e+13,5.50004e+13,6,5.50004e+13,5.50004e+13,0,1,25.168039,31.151979,1.70701e+13,0,0,0,0,0.0019,0.2055,0.2055,-9998,62070,62944,62070,0.226103,0.038655,0,0,0,A,1707,0.000395,194011,5.50004e+13,6,2,2,5.50004e+13,5.50004e+13,5.50004e+13,5.50004e+13,270.333547,5.50003e+13,1.597159,0,0,0,5.50004e+13,5.50004e+13,6,5.50004e+13,5.50004e+13,0,1,25.168039,31.151979,1.70701e+13,0,0,0,0,0.0019,0.2055,0.2055,-9998,62070,62944,62070,0.226103,0.038655,0,0,0,A,1707,NA,NA,989,0.039710285,0.210023837,,,
990,-121.959857,45.791972,2088,447,1505,Point,0,179,1/4/18,2,NA,NA,0.162583,1.70701e+13,1,NA,460,46003,0,1,0,5.50004e+13,1707,1,259839,5.50004e+13,6,2,2,5.50004e+13,5.50004e+13,5.50004e+13,5.50004e+13,270.372202,5.50003e+13,1.030547,0,0,0,5.50004e+13,5.50004e+13,6,5.50004e+13,5.50004e+13,0,1,31.151979,56.322521,1.70701e+13,0,0,0,0,0.0088,0.1464,0.1464,-9998,62607,64279,62944,0.082112,0.162583,0,0,0,A,1707,0.00159,259839,5.50004e+13,6,2,2,5.50004e+13,5.50004e+13,5.50004e+13,5.50004e+13,270.372202,5.50003e+13,1.030547,0,0,0,5.50004e+13,5.50004e+13,6,5.50004e+13,5.50004e+13,0,1,31.151979,56.322521,1.70701e+13,0,0,0,0,0.0088,0.1464,0.1464,-9998,62607,64279,62944,0.082112,0.162583,0,0,0,A,1707,NA,NA,990,0.018840872,0.124000532,,,
991,-121.959748,45.791745,2088,448,1506,Point,0,179,1/4/18,2,NA,NA,0.162583,1.70701e+13,1,NA,460,46003,0,1,0,5.50004e+13,1707,1,259839,5.50004e+13,6,2,2,5.50004e+13,5.50004e+13,5.50004e+13,5.50004e+13,270.372202,5.50003e+13,1.030547,0,0,0,5.50004e+13,5.50004e+13,6,5.50004e+13,5.50004e+13,0,1,31.151979,56.322521,1.70701e+13,0,0,0,0,0.0088,0.1464,0.1464,-9998,62607,64279,62944,0.082112,0.162583,0,0,0,A,1707,0.00159,259839,5.50004e+13,6,2,2,5.50004e+13,5.50004e+13,5.50004e+13,5.50004e+13,270.372202,5.50003e+13,1.030547,0,0,0,5.50004e+13,5.50004e+13,6,5.50004e+13,5.50004e+13,0,1,31.151979,56.322521,1.70701e+13,0,0,0,0,0.0088,0.1464,0.1464,-9998,62607,64279,62944,0.082112,0.162583,0,0,0,A,1707,NA,NA,991,0.019305115,0.120142021,,,
992,-121.959721,45.791489,2088,449,1507,Point,0,179,1/4/18,2,NA,NA,0.162583,1.70701e+13,1,NA,460,46003,0,1,0,5.50004e+13,1707,1,259839,5.50004e+13,6,2,2,5.50004e+13,5.50004e+13,5.50004e+13,5.50004e+13,270.372202,5.50003e+13,1.030547,0,0,0,5.50004e+13,5.50004e+13,6,5.50004e+13,5.50004e+13,0,1,31.151979,56.322521,1.70701e+13,0,0,0,0,0.0088,0.1464,0.1464,-9998,62607,64279,62944,0.082112,0.162583,0,0,0,A,1707,0.00159,259839,5.50004e+13,6,2,2,5.50004e+13,5.50004e+13,5.50004e+13,5.50004e+13,270.372202,5.50003e+13,1.030547,0,0,0,5.50004e+13,5.50004e+13,6,5.50004e+13,5.50004e+13,0,1,31.151979,56.322521,1.70701e+13,0,0,0,0,0.0088,0.1464,0.1464,-9998,62607,64279,62944,0.082112,0.162583,0,0,0,A,1707,NA,NA,992,0.019802765,0.120875995,,,
993,-121.959603,45.791278,2088,450,1508,Point,0,179,1/4/18,2,NA,NA,0.162583,1.70701e+13,1,NA,460,46003,0,1,0,5.50004e+13,1707,1,259839,5.50004e+13,6,2,2,5.50004e+13,5.50004e+13,5.50004e+13,5.50004e+13,270.372202,5.50003e+13,1.030547,0,0,0,5.50004e+13,5.50004e+13,6,5.50004e+13,5.50004e+13,0,1,31.151979,56.322521,1.70701e+13,0,0,0,0,0.0088,0.1464,0.1464,-9998,62607,64279,62944,0.082112,0.162583,0,0,0,A,1707,0.00159,259839,5.50004e+13,6,2,2,5.50004e+13,5.50004e+13,5.50004e+13,5.50004e+13,270.372202,5.50003e+13,1.030547,0,0,0,5.50004e+13,5.50004e+13,6,5.50004e+13,5.50004e+13,0,1,31.151979,56.322521,1.70701e+13,0,0,0,0,0.0088,0.1464,0.1464,-9998,62607,64279,62944,0.082112,0.162583,0,0,0,A,1707,NA,NA,993,0.020242015,0.137743881,,,
994,-121.959445,45.791106,2088,451,1509,Point,0,179,1/4/18,2,NA,NA,0.162583,1.70701e+13,1,NA,460,46003,0,1,0,5.50004e+13,1707,1,259839,5.50004e+13,6,2,2,5.50004e+13,5.50004e+13,5.50004e+13,5.50004e+13,270.372202,5.50003e+13,1.030547,0,0,0,5.50004e+13,5.50004e+13,6,5.50004e+13,5.50004e+13,0,1,31.151979,56.322521,1.70701e+13,0,0,0,0,0.0088,0.1464,0.1464,-9998,62607,64279,62944,0.082112,0.162583,0,0,0,A,1707,0.00159,259839,5.50004e+13,6,2,2,5.50004e+13,5.50004e+13,5.50004e+13,5.50004e+13,270.372202,5.50003e+13,1.030547,0,0,0,5.50004e+13,5.50004e+13,6,5.50004e+13,5.50004e+13,0,1,31.151979,56.322521,1.70701e+13,0,0,0,0,0.0088,0.1464,0.1464,-9998,62607,64279,62944,0.082112,0.162583,0,0,0,A,1707,NA,NA,994,0.020638383,0.156063874,,,
995,-121.95944,45.790883,2088,452,1510,Point,0,179,1/4/18,2,NA,NA,0.162583,1.70701e+13,1,NA,460,46003,0,1,0,5.50004e+13,1707,1,259839,5.50004e+13,6,2,2,5.50004e+13,5.50004e+13,5.50004e+13,5.50004e+13,270.372202,5.50003e+13,1.030547,0,0,0,5.50004e+13,5.50004e+13,6,5.50004e+13,5.50004e+13,0,1,31.151979,56.322521,1.70701e+13,0,0,0,0,0.0088,0.1464,0.1464,-9998,62607,64279,62944,0.082112,0.162583,0,0,0,A,1707,0.00159,259839,5.50004e+13,6,2,2,5.50004e+13,5.50004e+13,5.50004e+13,5.50004e+13,270.372202,5.50003e+13,1.030547,0,0,0,5.50004e+13,5.50004e+13,6,5.50004e+13,5.50004e+13,0,1,31.151979,56.322521,1.70701e+13,0,0,0,0,0.0088,0.1464,0.1464,-9998,62607,64279,62944,0.082112,0.162583,0,0,0,A,1707,NA,NA,995,0.02107076,0.170430609,,,
996,-121.959559,45.790697,2088,453,1511,Point,0,179,1/4/18,2,NA,NA,0.162583,1.70701e+13,1,NA,460,46003,0,1,0,5.50004e+13,1707,1,259839,5.50004e+13,6,2,2,5.50004e+13,5.50004e+13,5.50004e+13,5.50004e+13,270.372202,5.50003e+13,1.030547,0,0,0,5.50004e+13,5.50004e+13,6,5.50004e+13,5.50004e+13,0,1,31.151979,56.322521,1.70701e+13,0,0,0,0,0.0088,0.1464,0.1464,-9998,62607,64279,62944,0.082112,0.162583,0,0,0,A,1707,0.00159,259839,5.50004e+13,6,2,2,5.50004e+13,5.50004e+13,5.50004e+13,5.50004e+13,270.372202,5.50003e+13,1.030547,0,0,0,5.50004e+13,5.50004e+13,6,5.50004e+13,5.50004e+13,0,1,31.151979,56.322521,1.70701e+13,0,0,0,0,0.0088,0.1464,0.1464,-9998,62607,64279,62944,0.082112,0.162583,0,0,0,A,1707,NA,NA,996,0.021465823,0.170430609,,,
997,-121.959554,45.790656,2088,454,1512,Point,0,179,1/4/18,2,NA,NA,0.162583,1.70701e+13,1,NA,460,46003,0,1,0,5.50004e+13,1707,1,259839,5.50004e+13,6,2,2,5.50004e+13,5.50004e+13,5.50004e+13,5.50004e+13,270.372202,5.50003e+13,1.030547,0,0,0,5.50004e+13,5.50004e+13,6,5.50004e+13,5.50004e+13,0,1,31.151979,56.322521,1.70701e+13,0,0,0,0,0.0088,0.1464,0.1464,-9998,62607,64279,62944,0.082112,0.162583,0,0,0,A,1707,0.00159,259839,5.50004e+13,6,2,2,5.50004e+13,5.50004e+13,5.50004e+13,5.50004e+13,270.372202,5.50003e+13,1.030547,0,0,0,5.50004e+13,5.50004e+13,6,5.50004e+13,5.50004e+13,0,1,31.151979,56.322521,1.70701e+13,0,0,0,0,0.0088,0.1464,0.1464,-9998,62607,64279,62944,0.082112,0.162583,0,0,0,A,1707,NA,NA,997,0.021545597,0.177117558,,,
998,-121.949919,45.792032,2089,656,1513,Point,0,180,1/4/18,2,NA,NA,0.35149,1.70701e+13,1,NA,460,46003,0,1,0,5.50004e+13,1707,1,227801,5.50004e+13,6,1,1,5.50004e+13,5.50004e+13,5.50004e+13,5.50004e+13,269.114892,5.50003e+13,0.35149,0,1,0,0,0,6,5.50004e+13,5.50004e+13,0,1,55.37812,100,1.70701e+13,0,0,0,0,0.0568,0.0568,0.0568,54805,49870,54805,50053,0.188954,0.25149,0,0,0.0036,A,1707,0.000767,227801,5.50004e+13,6,1,1,5.50004e+13,5.50004e+13,5.50004e+13,5.50004e+13,269.114892,5.50003e+13,0.35149,0,1,0,0,0,6,5.50004e+13,5.50004e+13,0,1,55.37812,100,1.70701e+13,0,0,0,0,0.0568,0.0568,0.0568,54805,49870,54805,50053,0.188954,0.25149,0,0,0.0036,A,1707,NA,NA,998,0.008728887,0.217315655,,,
999,-121.949688,45.791923,2089,657,1514,Point,0,180,1/4/18,2,NA,NA,0.35149,1.70701e+13,1,NA,460,46003,0,1,0,5.50004e+13,1707,1,227801,5.50004e+13,6,1,1,5.50004e+13,5.50004e+13,5.50004e+13,5.50004e+13,269.114892,5.50003e+13,0.35149,0,1,0,0,0,6,5.50004e+13,5.50004e+13,0,1,55.37812,100,1.70701e+13,0,0,0,0,0.0568,0.0568,0.0568,54805,49870,54805,50053,0.188954,0.25149,0,0,0.0036,A,1707,0.000767,227801,5.50004e+13,6,1,1,5.50004e+13,5.50004e+13,5.50004e+13,5.50004e+13,269.114892,5.50003e+13,0.35149,0,1,0,0,0,6,5.50004e+13,5.50004e+13,0,1,55.37812,100,1.70701e+13,0,0,0,0,0.0568,0.0568,0.0568,54805,49870,54805,50053,0.188954,0.25149,0,0,0.0036,A,1707,NA,NA,999,0.011500388,0.217315655,,,
1000,-121.949515,45.791754,2089,658,1515,Point,0,180,1/4/18,2,NA,NA,0.35149,1.70701e+13,1,NA,460,46003,0,1,0,5.50004e+13,1707,1,227801,5.50004e+13,6,1,1,5.50004e+13,5.50004e+13,5.50004e+13,5.50004e+13,269.114892,5.50003e+13,0.35149,0,1,0,0,0,6,5.50004e+13,5.50004e+13,0,1,55.37812,100,1.70701e+13,0,0,0,0,0.0568,0.0568,0.0568,54805,49870,54805,50053,0.188954,0.25149,0,0,0.0036,A,1707,0.000767,227801,5.50004e+13,6,1,1,5.50004e+13,5.50004e+13,5.50004e+13,5.50004e+13,269.114892,5.50003e+13,0.35149,0,1,0,0,0,6,5.50004e+13,5.50004e+13,0,1,55.37812,100,1.70701e+13,0,0,0,0,0.0568,0.0568,0.0568,54805,49870,54805,50053,0.188954,0.25149,0,0,0.0036,A,1707,NA,NA,1000,0.014455916,0.278430958,,,
1001,-121.949338,45.791583,2089,659,1516,Point,0,180,1/4/18,2,NA,NA,0.35149,1.70701e+13,1,NA,460,46003,0,1,0,5.50004e+13,1707,1,227801,5.50004e+13,6,1,1,5.50004e+13,5.50004e+13,5.50004e+13,5.50004e+13,269.114892,5.50003e+13,0.35149,0,1,0,0,0,6,5.50004e+13,5.50004e+13,0,1,55.37812,100,1.70701e+13,0,0,0,0,0.0568,0.0568,0.0568,54805,49870,54805,50053,0.188954,0.25149,0,0,0.0036,A,1707,0.000767,227801,5.50004e+13,6,1,1,5.50004e+13,5.50004e+13,5.50004e+13,5.50004e+13,269.114892,5.50003e+13,0.35149,0,1,0,0,0,6,5.50004e+13,5.50004e+13,0,1,55.37812,100,1.70701e+13,0,0,0,0,0.0568,0.0568,0.0568,54805,49870,54805,50053,0.188954,0.25149,0,0,0.0036,A,1707,NA,NA,1001,0.017457774,0.248480013,,,