"Permanent_Identifier","coords.x1","coords.x2","X.1","X","OBJECTID","ORIG_FID","FDate","Resolution","GNIS_ID","GNIS_Name","LengthKM","ReachCode","FlowDir","WBArea_Per","FType","FCode","MainPath","InNetwork","Visibility","Shape_Leng","NHDPlusID","VPUID","Enabled","slope","row_count","Q_multiplier"
1001,-96.59809269,39.10006301,45,45,45,3,"3/26/2012",2,NA,NA,0.356,1.02701e+13,1,NA,460,46003,0,1,0,0.003494145,2.3001e+13,1027,1,0.004511241,45,0.0118727632973413
1001,-96.59793719,39.10022191,46,46,46,3,"3/26/2012",2,NA,NA,0.356,1.02701e+13,1,NA,460,46003,0,1,0,0.003494145,2.3001e+13,1027,1,0.009172884,46,0.0124052915449501
1001,-96.59770597,39.10038536,47,47,47,3,"3/26/2012",2,NA,NA,0.356,1.02701e+13,1,NA,460,46003,0,1,0,0.003494145,2.3001e+13,1027,1,0.007187694,47,0.0130535716759043
1001,-96.59787555,39.10065785,48,48,48,3,"3/26/2012",2,NA,NA,0.356,1.02701e+13,1,NA,460,46003,0,1,0,0.003494145,2.3001e+13,1027,1,0.004918588,48,0.0138606244206619
1001,-96.59809927,39.10089134,49,49,49,3,"3/26/2012",2,NA,NA,0.356,1.02701e+13,1,NA,460,46003,0,1,0,0.003494145,2.3001e+13,1027,1,0.008391743,49,0.0146371558664073
1001,-96.59824967,39.10120427,50,50,50,3,"3/26/2012",2,NA,NA,0.356,1.02701e+13,1,NA,460,46003,0,1,0,0.003494145,2.3001e+13,1027,1,0.009159142,50,0.0155276650634697
1001,-96.59845044,39.10148066,51,51,51,3,"3/26/2012",2,NA,NA,0.356,1.02701e+13,1,NA,460,46003,0,1,0,0.003494145,2.3001e+13,1027,1,0.011912452,51,0.0163740345149743
1001,-96.59831352,39.10176892,52,52,52,3,"3/26/2012",2,NA,NA,0.356,1.02701e+13,1,NA,460,46003,0,1,0,0.003494145,2.3001e+13,1027,1,0.007869303,52,0.0171931632678025
1001,-96.59816649,39.10205091,53,53,53,3,"3/26/2012",2,NA,NA,0.356,1.02701e+13,1,NA,460,46003,0,1,0,0.003494145,2.3001e+13,1027,1,0.013084216,53,0.0180043081537756
1001,-96.59821716,39.10238013,54,54,54,3,"3/26/2012",2,NA,NA,0.356,1.02701e+13,1,NA,460,46003,0,1,0,0.003494145,2.3001e+13,1027,1,0.007251872,54,0.0188879562583735
1001,-96.5985014,39.10257868,55,55,55,3,"3/26/2012",2,NA,NA,0.356,1.02701e+13,1,NA,460,46003,0,1,0,0.003494145,2.3001e+13,1027,1,0.009492252,55,0.0196806294221933
1001,-96.59851689,39.10258807,56,56,56,3,"3/26/2012",2,NA,NA,0.356,1.02701e+13,1,NA,460,46003,0,1,0,0.003494145,2.3001e+13,1027,1,8.29977e-05,56,0.0197213817254673
1002,-96.59777976,39.09976467,206,206,206,11,"3/26/2012",2,NA,NA,0.043,1.02701e+13,1,52554000,558,55800,0,1,0,0.000432354,2.3001e+13,1027,1,0.005628495,206,0.00593638164867065
1002,-96.59803135,39.10000453,207,207,207,11,"3/26/2012",2,NA,NA,0.043,1.02701e+13,1,52554000,558,55800,0,1,0,0.000432354,2.3001e+13,1027,1,0.005421588,207,0.0107091258720937
1002,-96.59809269,39.10006301,208,208,208,11,"3/26/2012",2,NA,NA,0.043,1.02701e+13,1,52554000,558,55800,0,1,0,0.000432354,2.3001e+13,1027,1,0.005214682,208,0.0118727632973413
1003,-96.56265943,39.09804387,712,712,712,32,"3/26/2012",2,NA,NA,0.885,1.02701e+13,1,NA,460,46003,0,1,0,0.009735002,2.3001e+13,1027,1,0.042698497,712,0.0181547299061545
1003,-96.56298576,39.0979319,713,713,713,32,"3/26/2012",2,NA,NA,0.885,1.02701e+13,1,NA,460,46003,0,1,0,0.009735002,2.3001e+13,1027,1,0.04338525,713,0.0188013987564357
1003,-96.56330284,39.09779971,714,714,714,32,"3/26/2012",2,NA,NA,0.885,1.02701e+13,1,NA,460,46003,0,1,0,0.009735002,2.3001e+13,1027,1,0.048198639,714,0.0194535872722442
1003,-96.56360337,39.09762534,715,715,715,32,"3/26/2012",2,NA,NA,0.885,1.02701e+13,1,NA,460,46003,0,1,0,0.009735002,2.3001e+13,1027,1,0.042675545,715,0.0201331295431168
1003,-96.56392361,39.09754038,716,716,716,32,"3/26/2012",2,NA,NA,0.885,1.02701e+13,1,NA,460,46003,0,1,0,0.009735002,2.3001e+13,1027,1,0.041374735,716,0.0207466597044068
1003,-96.56425596,39.0976353,717,717,717,32,"3/26/2012",2,NA,NA,0.885,1.02701e+13,1,NA,460,46003,0,1,0,0.009735002,2.3001e+13,1027,1,0.03689841,717,0.0213886242080744
1003,-96.56458762,39.09773799,718,718,718,32,"3/26/2012",2,NA,NA,0.885,1.02701e+13,1,NA,460,46003,0,1,0,0.009735002,2.3001e+13,1027,1,0.043306674,718,0.0220358706442387
1003,-96.56490479,39.09787958,719,719,719,32,"3/26/2012",2,NA,NA,0.885,1.02701e+13,1,NA,460,46003,0,1,0,0.009735002,2.3001e+13,1027,1,0.044477708,719,0.0226988028765922
1003,-96.56520504,39.09805098,720,720,720,32,"3/26/2012",2,NA,NA,0.885,1.02701e+13,1,NA,460,46003,0,1,0,0.009735002,2.3001e+13,1027,1,0.04336074,720,0.0233738282891684
1003,-96.56536594,39.09834787,721,721,721,32,"3/26/2012",2,NA,NA,0.885,1.02701e+13,1,NA,460,46003,0,1,0,0.009735002,2.3001e+13,1027,1,0.034107589,721,0.0241239162581518
1003,-96.56567113,39.09850131,722,722,722,32,"3/26/2012",2,NA,NA,0.885,1.02701e+13,1,NA,460,46003,0,1,0,0.009735002,2.3001e+13,1027,1,0.034839261,722,0.0247826187032979
1003,-96.56599779,39.09849429,723,723,723,32,"3/26/2012",2,NA,NA,0.885,1.02701e+13,1,NA,460,46003,0,1,0,0.009735002,2.3001e+13,1027,1,0.03321457,723,0.0253752703296623
1003,-96.56629592,39.09833166,724,724,724,32,"3/26/2012",2,NA,NA,0.885,1.02701e+13,1,NA,460,46003,0,1,0,0.009735002,2.3001e+13,1027,1,0.031589879,724,0.0260352810392508
1003,-96.56658601,39.09814538,725,725,725,32,"3/26/2012",2,NA,NA,0.885,1.02701e+13,1,NA,460,46003,0,1,0,0.009735002,2.3001e+13,1027,1,0.047295629,725,0.0267170144989421
1003,-96.56692119,39.09811914,726,726,726,32,"3/26/2012",2,NA,NA,0.885,1.02701e+13,1,NA,460,46003,0,1,0,0.009735002,2.3001e+13,1027,1,0.057760107,726,0.0273279559742705
1003,-96.56723878,39.09798747,727,727,727,32,"3/26/2012",2,NA,NA,0.885,1.02701e+13,1,NA,460,46003,0,1,0,0.009735002,2.3001e+13,1027,1,0.068224584,727,0.0279803894865293
1003,-96.56757102,39.09803157,728,728,728,32,"3/26/2012",2,NA,NA,0.885,1.02701e+13,1,NA,460,46003,0,1,0,0.009735002,2.3001e+13,1027,1,0.078689062,728,0.0285916194562262
1003,-96.56788882,39.09805857,729,729,729,32,"3/26/2012",2,NA,NA,0.885,1.02701e+13,1,NA,460,46003,0,1,0,0.009735002,2.3001e+13,1027,1,0.065481613,729,0.029171396839527
1003,-96.56810766,39.09779044,730,730,730,32,"3/26/2012",2,NA,NA,0.885,1.02701e+13,1,NA,460,46003,0,1,0,0.009735002,2.3001e+13,1027,1,0.053161109,730,0.0299109735395967
1003,-96.56839147,39.09762317,731,731,731,32,"3/26/2012",2,NA,NA,0.885,1.02701e+13,1,NA,460,46003,0,1,0,0.009735002,2.3001e+13,1027,1,0.042379264,731,0.0305563432911222
1003,-96.56873384,39.09762721,732,732,732,32,"3/26/2012",2,NA,NA,0.885,1.02701e+13,1,NA,460,46003,0,1,0,0.009735002,2.3001e+13,1027,1,0.0356666,732,0.0311773399526667
1003,-96.5690626,39.09773621,733,733,733,32,"3/26/2012",2,NA,NA,0.885,1.02701e+13,1,NA,460,46003,0,1,0,0.009735002,2.3001e+13,1027,1,0.03316123,733,0.0318253094264638
1003,-96.56940513,39.09777135,734,734,734,32,"3/26/2012",2,NA,NA,0.885,1.02701e+13,1,NA,460,46003,0,1,0,0.009735002,2.3001e+13,1027,1,0.030358003,734,0.0324518847057682
1003,-96.56974772,39.0977276,735,735,735,32,"3/26/2012",2,NA,NA,0.885,1.02701e+13,1,NA,460,46003,0,1,0,0.009735002,2.3001e+13,1027,1,0.025997074,735,0.0330814967620908
1003,-96.57007122,39.0976007,736,736,736,32,"3/26/2012",2,NA,NA,0.885,1.02701e+13,1,NA,460,46003,0,1,0,0.009735002,2.3001e+13,1027,1,0.027648613,736,0.0337383483366818
1003,-96.5703889,39.09746492,737,737,737,32,"3/26/2012",2,NA,NA,0.885,1.02701e+13,1,NA,460,46003,0,1,0,0.009735002,2.3001e+13,1027,1,0.019441698,737,0.0343954761427777
1003,-96.57073204,39.09747586,738,738,738,32,"3/26/2012",2,NA,NA,0.885,1.02701e+13,1,NA,460,46003,0,1,0,0.009735002,2.3001e+13,1027,1,0.029708164,738,0.0350183201325453
1003,-96.57105978,39.09739888,739,739,739,32,"3/26/2012",2,NA,NA,0.885,1.02701e+13,1,NA,460,46003,0,1,0,0.009735002,2.3001e+13,1027,1,0.047454109,739,0.0356391303052886
1003,-96.57137135,39.09724721,740,740,740,32,"3/26/2012",2,NA,NA,0.885,1.02701e+13,1,NA,460,46003,0,1,0,0.009735002,2.3001e+13,1027,1,0.054603452,740,0.0363054003214623
1003,-96.57137329,39.09724634,741,741,741,32,"3/26/2012",2,NA,NA,0.885,1.02701e+13,1,NA,460,46003,0,1,0,0.009735002,2.3001e+13,1027,1,0.056742336,741,0.036309459812309
1004,-96.56708709,39.09351794,179,179,179,10,"3/26/2012",2,480854,"North Branch Kings Creek",0.85,1.02701e+13,1,NA,460,46003,0,1,0,0.008875085,2.3001e+13,1027,1,0.012212638,179,0.112875727648333
1004,-96.56742857,39.0935486,180,180,180,10,"3/26/2012",2,480854,"North Branch Kings Creek",0.85,1.02701e+13,1,NA,460,46003,0,1,0,0.008875085,2.3001e+13,1027,1,0.018490202,180,0.113779931330466
1004,-96.56776579,39.09362459,181,181,181,10,"3/26/2012",2,480854,"North Branch Kings Creek",0.85,1.02701e+13,1,NA,460,46003,0,1,0,0.008875085,2.3001e+13,1027,1,0.017072041,181,0.114703329285271
1004,-96.5680824,39.09376777,182,182,182,10,"3/26/2012",2,480854,"North Branch Kings Creek",0.85,1.02701e+13,1,NA,460,46003,0,1,0,0.008875085,2.3001e+13,1027,1,0.012629869,182,0.115666250026963
1004,-96.56829254,39.09402577,183,183,183,10,"3/26/2012",2,480854,"North Branch Kings Creek",0.85,1.02701e+13,1,NA,460,46003,0,1,0,0.008875085,2.3001e+13,1027,1,0.012650058,183,0.116697766672202
1004,-96.56834685,39.09434338,184,184,184,10,"3/26/2012",2,480854,"North Branch Kings Creek",0.85,1.02701e+13,1,NA,460,46003,0,1,0,0.008875085,2.3001e+13,1027,1,0.008938043,184,0.117779365656329
1004,-96.56816827,39.09462668,185,185,185,10,"3/26/2012",2,480854,"North Branch Kings Creek",0.85,1.02701e+13,1,NA,460,46003,0,1,0,0.008875085,2.3001e+13,1027,1,0.003760127,185,0.118844815750003
1004,-96.56836124,39.09489053,186,186,186,10,"3/26/2012",2,480854,"North Branch Kings Creek",0.85,1.02701e+13,1,NA,460,46003,0,1,0,0.008875085,2.3001e+13,1027,1,0.006358685,186,0.119869956839235
1004,-96.56870713,39.09489798,187,187,187,10,"3/26/2012",2,480854,"North Branch Kings Creek",0.85,1.02701e+13,1,NA,460,46003,0,1,0,0.008875085,2.3001e+13,1027,1,8.29977e-05,187,0.120780148371281
1004,-96.56904783,39.0949624,188,188,188,10,"3/26/2012",2,480854,"North Branch Kings Creek",0.85,1.02701e+13,1,NA,460,46003,0,1,0,0.008875085,2.3001e+13,1027,1,0.005918741,188,0.121702344891689
1004,-96.56937901,39.09506398,189,189,189,10,"3/26/2012",2,480854,"North Branch Kings Creek",0.85,1.02701e+13,1,NA,460,46003,0,1,0,0.008875085,2.3001e+13,1027,1,0.00626004,189,0.12263854773931
1004,-96.56972139,39.09512179,190,190,190,10,"3/26/2012",2,480854,"North Branch Kings Creek",0.85,1.02701e+13,1,NA,460,46003,0,1,0,0.008875085,2.3001e+13,1027,1,0.009567077,190,0.123560055650173
1004,-96.56996045,39.0949251,191,191,191,10,"3/26/2012",2,480854,"North Branch Kings Creek",0.85,1.02701e+13,1,NA,460,46003,0,1,0,0.008875085,2.3001e+13,1027,1,0.009300779,191,0.12447452523276
1004,-96.57025449,39.09483209,192,192,192,10,"3/26/2012",2,480854,"North Branch Kings Creek",0.85,1.02701e+13,1,NA,460,46003,0,1,0,0.008875085,2.3001e+13,1027,1,0.016337932,192,0.125309275042588
1004,-96.57052699,39.095035,193,193,193,10,"3/26/2012",2,480854,"North Branch Kings Creek",0.85,1.02701e+13,1,NA,460,46003,0,1,0,0.008875085,2.3001e+13,1027,1,0.010870445,193,0.126300709007982
1004,-96.57080871,39.09523747,194,194,194,10,"3/26/2012",2,480854,"North Branch Kings Creek",0.85,1.02701e+13,1,NA,460,46003,0,1,0,0.008875085,2.3001e+13,1027,1,0.009800244,194,0.127308807400307
1004,-96.57093037,39.095531,195,195,195,10,"3/26/2012",2,480854,"North Branch Kings Creek",0.85,1.02701e+13,1,NA,460,46003,0,1,0,0.008875085,2.3001e+13,1027,1,0.009955444,195,0.128350043378474
1004,-96.57072441,39.09580907,196,196,196,10,"3/26/2012",2,480854,"North Branch Kings Creek",0.85,1.02701e+13,1,NA,460,46003,0,1,0,0.008875085,2.3001e+13,1027,1,0.007089695,196,0.129433819905608
1004,-96.57069713,39.09606058,197,197,197,10,"3/26/2012",2,480854,"North Branch Kings Creek",0.85,1.02701e+13,1,NA,460,46003,0,1,0,0.008875085,2.3001e+13,1027,1,8.29977e-05,197,0.13028584314738
1004,-96.57102539,39.09605537,198,198,198,10,"3/26/2012",2,480854,"North Branch Kings Creek",0.85,1.02701e+13,1,NA,460,46003,0,1,0,0.008875085,2.3001e+13,1027,1,0.004760874,198,0.131149477373819
1004,-96.5713388,39.09609581,199,199,199,10,"3/26/2012",2,480854,"North Branch Kings Creek",0.85,1.02701e+13,1,NA,460,46003,0,1,0,0.008875085,2.3001e+13,1027,1,0.008489338,199,0.131985096526712
1004,-96.57127631,39.09639609,200,200,200,10,"3/26/2012",2,480854,"North Branch Kings Creek",0.85,1.02701e+13,1,NA,460,46003,0,1,0,0.008875085,2.3001e+13,1027,1,0.007365658,200,0.133011961777677
1004,-96.5709753,39.09656731,201,201,201,10,"3/26/2012",2,480854,"North Branch Kings Creek",0.85,1.02701e+13,1,NA,460,46003,0,1,0,0.008875085,2.3001e+13,1027,1,0.009282204,201,0.133992243249234
1004,-96.57075205,39.09681975,202,202,202,10,"3/26/2012",2,480854,"North Branch Kings Creek",0.85,1.02701e+13,1,NA,460,46003,0,1,0,0.008875085,2.3001e+13,1027,1,0.01812396,202,0.135027122918953
1004,-96.57095996,39.09705757,203,203,203,10,"3/26/2012",2,480854,"North Branch Kings Creek",0.85,1.02701e+13,1,NA,460,46003,0,1,0,0.008875085,2.3001e+13,1027,1,0.00731199,203,0.135998482872367
1004,-96.57129776,39.09710128,204,204,204,10,"3/26/2012",2,480854,"North Branch Kings Creek",0.85,1.02701e+13,1,NA,460,46003,0,1,0,0.008875085,2.3001e+13,1027,1,8.29977e-05,204,0.136899186507613
1004,-96.57137329,39.09724634,205,205,205,10,"3/26/2012",2,480854,"North Branch Kings Creek",0.85,1.02701e+13,1,NA,460,46003,0,1,0,0.008875085,2.3001e+13,1027,1,0.013318657,205,0.137427619150015
1005,-96.58618643,39.09117081,297,297,297,17,"3/26/2012",2,480856,"South Branch Kings Creek",0.187,1.02701e+13,1,NA,460,46003,0,1,0,0.001840656,2.3001e+13,1027,1,0.03138073,297,0.335202052006697
1005,-96.58647258,39.09134685,298,298,298,17,"3/26/2012",2,480856,"South Branch Kings Creek",0.187,1.02701e+13,1,NA,460,46003,0,1,0,0.001840656,2.3001e+13,1027,1,0.031697703,298,0.335494637191439
1005,-96.58673006,39.09156759,299,299,299,17,"3/26/2012",2,480856,"South Branch Kings Creek",0.187,1.02701e+13,1,NA,460,46003,0,1,0,0.001840656,2.3001e+13,1027,1,0.032014676,299,0.335801846619495
1005,-96.5869394,39.09181092,300,300,300,17,"3/26/2012",2,480856,"South Branch Kings Creek",0.187,1.02701e+13,1,NA,460,46003,0,1,0,0.001840656,2.3001e+13,1027,1,0.031422301,300,0.336103544407299
1005,-96.5870841,39.09211216,301,301,301,17,"3/26/2012",2,480856,"South Branch Kings Creek",0.187,1.02701e+13,1,NA,460,46003,0,1,0,0.001840656,2.3001e+13,1027,1,0.044753632,301,0.336434796527498
1005,-96.58708542,39.09241781,302,302,302,17,"3/26/2012",2,480856,"South Branch Kings Creek",0.187,1.02701e+13,1,NA,460,46003,0,1,0,0.001840656,2.3001e+13,1027,1,0.03639294,302,0.336749569408207
1005,-96.58708709,39.09251841,303,303,303,17,"3/26/2012",2,480856,"South Branch Kings Creek",0.187,1.02701e+13,1,NA,460,46003,0,1,0,0.001840656,2.3001e+13,1027,1,0.037110241,303,0.3368531801496
1006,-96.58538029,39.08813587,339,339,339,20,"3/26/2012",2,NA,NA,0.431,1.02701e+13,1,NA,460,46003,0,1,0,0.00417399,2.3001e+13,1027,1,0.037522764,339,0.119971738829926
1006,-96.58549136,39.08840141,340,340,340,20,"3/26/2012",2,NA,NA,0.431,1.02701e+13,1,NA,460,46003,0,1,0,0.00417399,2.3001e+13,1027,1,0.028700919,340,0.120343253943905
1006,-96.58562938,39.08871782,341,341,341,20,"3/26/2012",2,NA,NA,0.431,1.02701e+13,1,NA,460,46003,0,1,0,0.00417399,2.3001e+13,1027,1,0.040555411,341,0.120787798279847
1006,-96.58574871,39.08901736,342,342,342,20,"3/26/2012",2,NA,NA,0.431,1.02701e+13,1,NA,460,46003,0,1,0,0.00417399,2.3001e+13,1027,1,0.029275696,342,0.121205008292175
1006,-96.58599978,39.08919781,343,343,343,20,"3/26/2012",2,NA,NA,0.431,1.02701e+13,1,NA,460,46003,0,1,0,0.00417399,2.3001e+13,1027,1,0.028928519,343,0.121559067979295
1006,-96.58611015,39.08951402,344,344,344,20,"3/26/2012",2,NA,NA,0.431,1.02701e+13,1,NA,460,46003,0,1,0,0.00417399,2.3001e+13,1027,1,0.02627792,344,0.121994974841079
1006,-96.58581912,39.08956695,345,345,345,20,"3/26/2012",2,NA,NA,0.431,1.02701e+13,1,NA,460,46003,0,1,0,0.00417399,2.3001e+13,1027,1,0.023853071,345,0.122304776103594
1006,-96.58598192,39.08982921,346,346,346,20,"3/26/2012",2,NA,NA,0.431,1.02701e+13,1,NA,460,46003,0,1,0,0.00417399,2.3001e+13,1027,1,0.022413367,346,0.122692312329402
1006,-96.58626992,39.08991782,347,347,347,20,"3/26/2012",2,NA,NA,0.431,1.02701e+13,1,NA,460,46003,0,1,0,0.00417399,2.3001e+13,1027,1,0.032285938,347,0.123013289770902
1006,-96.58624601,39.09025104,348,348,348,20,"3/26/2012",2,NA,NA,0.431,1.02701e+13,1,NA,460,46003,0,1,0,0.00417399,2.3001e+13,1027,1,0.034821779,348,0.123457232461646
1006,-96.58630539,39.0905853,349,349,349,20,"3/26/2012",2,NA,NA,0.431,1.02701e+13,1,NA,460,46003,0,1,0,0.00417399,2.3001e+13,1027,1,0.022923035,349,0.123906106761953
1006,-96.58631373,39.09091252,350,350,350,20,"3/26/2012",2,NA,NA,0.431,1.02701e+13,1,NA,460,46003,0,1,0,0.00417399,2.3001e+13,1027,1,0.038676084,350,0.124341461677263
1006,-96.58618889,39.09116956,351,351,351,20,"3/26/2012",2,NA,NA,0.431,1.02701e+13,1,NA,460,46003,0,1,0,0.00417399,2.3001e+13,1027,1,0.039087563,351,0.124707048328961
1006,-96.58618643,39.09117081,352,352,352,20,"3/26/2012",2,NA,NA,0.431,1.02701e+13,1,NA,460,46003,0,1,0,0.00417399,2.3001e+13,1027,1,0.008885353,352,0.124710092616769
1007,-96.57713343,39.08802327,261,261,261,16,"3/26/2012",2,480856,"South Branch Kings Creek",1.104,1.02701e+13,1,NA,460,46003,0,1,0,0.011847163,2.3001e+13,1027,1,0.011516312,261,0.155720583040226
1007,-96.57744663,39.08813608,262,262,262,16,"3/26/2012",2,480856,"South Branch Kings Creek",1.104,1.02701e+13,1,NA,460,46003,0,1,0,0.011847163,2.3001e+13,1027,1,0.013888752,262,0.157266056363656
1007,-96.5777712,39.08825347,263,263,263,16,"3/26/2012",2,480856,"South Branch Kings Creek",1.104,1.02701e+13,1,NA,460,46003,0,1,0,0.011847163,2.3001e+13,1027,1,0.025171016,263,0.158868803102638
1007,-96.5780594,39.08844051,264,264,264,16,"3/26/2012",2,480856,"South Branch Kings Creek",1.104,1.02701e+13,1,NA,460,46003,0,1,0,0.011847163,2.3001e+13,1027,1,0.044898478,264,0.160548710565207
1007,-96.57832931,39.08863245,265,265,265,16,"3/26/2012",2,480856,"South Branch Kings Creek",1.104,1.02701e+13,1,NA,460,46003,0,1,0,0.011847163,2.3001e+13,1027,1,0.036381204,265,0.162185360866981
1007,-96.57867413,39.08861045,266,266,266,16,"3/26/2012",2,480856,"South Branch Kings Creek",1.104,1.02701e+13,1,NA,460,46003,0,1,0,0.011847163,2.3001e+13,1027,1,0.035843659,266,0.163735036735332
1007,-96.57897453,39.08871139,267,267,267,16,"3/26/2012",2,480856,"South Branch Kings Creek",1.104,1.02701e+13,1,NA,460,46003,0,1,0,0.011847163,2.3001e+13,1027,1,0.035969763,267,0.165200323456146
1007,-96.57895201,39.08902828,268,268,268,16,"3/26/2012",2,480856,"South Branch Kings Creek",1.104,1.02701e+13,1,NA,460,46003,0,1,0,0.011847163,2.3001e+13,1027,1,0.028537033,268,0.167024445806599
1007,-96.57880384,39.08933757,269,269,269,16,"3/26/2012",2,480856,"South Branch Kings Creek",1.104,1.02701e+13,1,NA,460,46003,0,1,0,0.011847163,2.3001e+13,1027,1,0.024561462,269,0.168921945004012
1007,-96.57899652,39.08959535,270,270,270,16,"3/26/2012",2,480856,"South Branch Kings Creek",1.104,1.02701e+13,1,NA,460,46003,0,1,0,0.011847163,2.3001e+13,1027,1,0.022869634,270,0.170636575572612
1007,-96.5793038,39.08956207,271,271,271,16,"3/26/2012",2,480856,"South Branch Kings Creek",1.104,1.02701e+13,1,NA,460,46003,0,1,0,0.011847163,2.3001e+13,1027,1,0.015285692,271,0.172026145256863
1007,-96.57964159,39.08954636,272,272,272,16,"3/26/2012",2,480856,"South Branch Kings Creek",1.104,1.02701e+13,1,NA,460,46003,0,1,0,0.011847163,2.3001e+13,1027,1,0.019466936,272,0.173541837246421
1007,-96.57989901,39.08972223,273,273,273,16,"3/26/2012",2,480856,"South Branch Kings Creek",1.104,1.02701e+13,1,NA,460,46003,0,1,0,0.011847163,2.3001e+13,1027,1,0.018579954,273,0.175075195331209
1007,-96.58001487,39.09000061,274,274,274,16,"3/26/2012",2,480856,"South Branch Kings Creek",1.104,1.02701e+13,1,NA,460,46003,0,1,0,0.011847163,2.3001e+13,1027,1,0.010661885,274,0.176757244547911
1007,-96.58034947,39.08995901,275,275,275,16,"3/26/2012",2,480856,"South Branch Kings Creek",1.104,1.02701e+13,1,NA,460,46003,0,1,0,0.011847163,2.3001e+13,1027,1,0.013777821,275,0.178274899683836
1007,-96.58068225,39.09002222,276,276,276,16,"3/26/2012",2,480856,"South Branch Kings Creek",1.104,1.02701e+13,1,NA,460,46003,0,1,0,0.011847163,2.3001e+13,1027,1,0.021758481,276,0.1798090862273
1007,-96.58102464,39.09000106,277,277,277,16,"3/26/2012",2,480856,"South Branch Kings Creek",1.104,1.02701e+13,1,NA,460,46003,0,1,0,0.011847163,2.3001e+13,1027,1,0.016004066,277,0.181347495058187
1007,-96.58137052,39.09002497,278,278,278,16,"3/26/2012",2,480856,"South Branch Kings Creek",1.104,1.02701e+13,1,NA,460,46003,0,1,0,0.011847163,2.3001e+13,1027,1,0.004920152,278,0.182902804231773
1007,-96.58169946,39.09012783,279,279,279,16,"3/26/2012",2,480856,"South Branch Kings Creek",1.104,1.02701e+13,1,NA,460,46003,0,1,0,0.011847163,2.3001e+13,1027,1,0.007026961,279,0.184490337846415
1007,-96.58204295,39.0901326,280,280,280,16,"3/26/2012",2,480856,"South Branch Kings Creek",1.104,1.02701e+13,1,NA,460,46003,0,1,0,0.011847163,2.3001e+13,1027,1,0.00913377,280,0.186029100627065
1007,-96.58235298,39.08999201,281,281,281,16,"3/26/2012",2,480856,"South Branch Kings Creek",1.104,1.02701e+13,1,NA,460,46003,0,1,0,0.011847163,2.3001e+13,1027,1,0.035359389,281,0.187635737927699
1007,-96.58269206,39.09000548,282,282,282,16,"3/26/2012",2,480856,"South Branch Kings Creek",1.104,1.02701e+13,1,NA,460,46003,0,1,0,0.011847163,2.3001e+13,1027,1,0.034748969,282,0.189156478481398
1007,-96.58302921,39.09001972,283,283,283,16,"3/26/2012",2,480856,"South Branch Kings Creek",1.104,1.02701e+13,1,NA,460,46003,0,1,0,0.011847163,2.3001e+13,1027,1,0.034138548,283,0.190668818423108
1007,-96.58336483,39.08994253,284,284,284,16,"3/26/2012",2,480856,"South Branch Kings Creek",1.104,1.02701e+13,1,NA,460,46003,0,1,0,0.011847163,2.3001e+13,1027,1,0.033528128,284,0.192236189159664
1007,-96.58370747,39.08991961,285,285,285,16,"3/26/2012",2,480856,"South Branch Kings Creek",1.104,1.02701e+13,1,NA,460,46003,0,1,0,0.011847163,2.3001e+13,1027,1,0.016498096,285,0.193776548110271
1007,-96.58403741,39.0900273,286,286,286,16,"3/26/2012",2,480856,"South Branch Kings Creek",1.104,1.02701e+13,1,NA,460,46003,0,1,0,0.011847163,2.3001e+13,1027,1,0.034805566,286,0.195378759707999
1007,-96.58433275,39.09020095,287,287,287,16,"3/26/2012",2,480856,"South Branch Kings Creek",1.104,1.02701e+13,1,NA,460,46003,0,1,0,0.011847163,2.3001e+13,1027,1,0.045874747,287,0.197035881563371
1007,-96.58449185,39.09049873,288,288,288,16,"3/26/2012",2,480856,"South Branch Kings Creek",1.104,1.02701e+13,1,NA,460,46003,0,1,0,0.011847163,2.3001e+13,1027,1,0.044436149,288,0.198889808898349
1007,-96.58443977,39.09084197,289,289,289,16,"3/26/2012",2,480856,"South Branch Kings Creek",1.104,1.02701e+13,1,NA,460,46003,0,1,0,0.011847163,2.3001e+13,1027,1,0.04013015,289,0.20087633125925
1007,-96.58463024,39.09111113,290,290,290,16,"3/26/2012",2,480856,"South Branch Kings Creek",1.104,1.02701e+13,1,NA,460,46003,0,1,0,0.011847163,2.3001e+13,1027,1,0.035824151,290,0.202642975204144
1007,-96.58494164,39.09119476,291,291,291,16,"3/26/2012",2,480856,"South Branch Kings Creek",1.104,1.02701e+13,1,NA,460,46003,0,1,0,0.011847163,2.3001e+13,1027,1,0.029858865,291,0.204118240533538
1007,-96.58519742,39.09141159,292,292,292,16,"3/26/2012",2,480856,"South Branch Kings Creek",1.104,1.02701e+13,1,NA,460,46003,0,1,0,0.011847163,2.3001e+13,1027,1,0.036974965,292,0.205811046448758
1007,-96.58549846,39.09129963,293,293,293,16,"3/26/2012",2,480856,"South Branch Kings Creek",1.104,1.02701e+13,1,NA,460,46003,0,1,0,0.011847163,2.3001e+13,1027,1,0.044091064,293,0.207305085528226
1007,-96.5858306,39.09121794,294,294,294,16,"3/26/2012",2,480856,"South Branch Kings Creek",1.104,1.02701e+13,1,NA,460,46003,0,1,0,0.011847163,2.3001e+13,1027,1,0.051207164,294,0.208865075445555
1007,-96.58615817,39.09116597,295,295,295,16,"3/26/2012",2,480856,"South Branch Kings Creek",1.104,1.02701e+13,1,NA,460,46003,0,1,0,0.011847163,2.3001e+13,1027,1,0.058323263,295,0.210362361741129
1007,-96.58618643,39.09117081,296,296,296,16,"3/26/2012",2,480856,"South Branch Kings Creek",1.104,1.02701e+13,1,NA,460,46003,0,1,0,0.011847163,2.3001e+13,1027,1,0.031063758,296,0.210491959389927
1008,-96.56165463,39.08554267,90,90,90,6,"3/26/2012",2,NA,NA,1.112,1.02701e+13,1,NA,460,46003,0,1,0,0.010839586,2.3001e+13,1027,1,0.024595269,90,0.0148371142887862
1008,-96.5617105,39.08586563,91,91,91,6,"3/26/2012",2,NA,NA,1.112,1.02701e+13,1,NA,460,46003,0,1,0,0.010839586,2.3001e+13,1027,1,0.022188644,91,0.0153374212136657
1008,-96.56190024,39.08615688,92,92,92,6,"3/26/2012",2,NA,NA,1.112,1.02701e+13,1,NA,460,46003,0,1,0,0.010839586,2.3001e+13,1027,1,0.013161037,92,0.0158388910076608
1008,-96.56203476,39.08647656,93,93,93,6,"3/26/2012",2,NA,NA,1.112,1.02701e+13,1,NA,460,46003,0,1,0,0.010839586,2.3001e+13,1027,1,0.015899259,93,0.0163553942421344
1008,-96.56219001,39.08678575,94,94,94,6,"3/26/2012",2,NA,NA,1.112,1.02701e+13,1,NA,460,46003,0,1,0,0.010839586,2.3001e+13,1027,1,0.022464022,94,0.0168651257542611
1008,-96.5623698,39.08707953,95,95,95,6,"3/26/2012",2,NA,NA,1.112,1.02701e+13,1,NA,460,46003,0,1,0,0.010839586,2.3001e+13,1027,1,0.021061755,95,0.0173648213586156
1008,-96.56248953,39.08740404,96,96,96,6,"3/26/2012",2,NA,NA,1.112,1.02701e+13,1,NA,460,46003,0,1,0,0.010839586,2.3001e+13,1027,1,0.024021242,96,0.0178832086781487
1008,-96.56270862,39.08766496,97,97,97,6,"3/26/2012",2,NA,NA,1.112,1.02701e+13,1,NA,460,46003,0,1,0,0.010839586,2.3001e+13,1027,1,0.038241985,97,0.0183619301498682
1008,-96.56283568,39.08795318,98,98,98,6,"3/26/2012",2,NA,NA,1.112,1.02701e+13,1,NA,460,46003,0,1,0,0.010839586,2.3001e+13,1027,1,0.021357698,98,0.0188298034116582
1008,-96.56274914,39.08826403,99,99,99,6,"3/26/2012",2,NA,NA,1.112,1.02701e+13,1,NA,460,46003,0,1,0,0.010839586,2.3001e+13,1027,1,0.024471135,99,0.0193181359056689
1008,-96.56289015,39.08857789,100,100,100,6,"3/26/2012",2,NA,NA,1.112,1.02701e+13,1,NA,460,46003,0,1,0,0.010839586,2.3001e+13,1027,1,0.020084234,100,0.0198286683886878
1008,-96.5631486,39.08880786,101,101,101,6,"3/26/2012",2,NA,NA,1.112,1.02701e+13,1,NA,460,46003,0,1,0,0.010839586,2.3001e+13,1027,1,0.028227624,101,0.0202979964002014
1008,-96.56314149,39.08913372,102,102,102,6,"3/26/2012",2,NA,NA,1.112,1.02701e+13,1,NA,460,46003,0,1,0,0.010839586,2.3001e+13,1027,1,0.030051217,102,0.0207983420534629
1008,-96.56329373,39.08942079,103,103,103,6,"3/26/2012",2,NA,NA,1.112,1.02701e+13,1,NA,460,46003,0,1,0,0.010839586,2.3001e+13,1027,1,0.031874809,103,0.0212752197567359
1008,-96.56353729,39.08965693,104,104,104,6,"3/26/2012",2,NA,NA,1.112,1.02701e+13,1,NA,460,46003,0,1,0,0.010839586,2.3001e+13,1027,1,0.029965188,104,0.0217403486955681
1008,-96.56358796,39.08998106,105,105,105,6,"3/26/2012",2,NA,NA,1.112,1.02701e+13,1,NA,460,46003,0,1,0,0.010839586,2.3001e+13,1027,1,0.028340497,105,0.0222416452790088
1008,-96.56368711,39.09028616,106,106,106,6,"3/26/2012",2,NA,NA,1.112,1.02701e+13,1,NA,460,46003,0,1,0,0.010839586,2.3001e+13,1027,1,0.026715806,106,0.0227248349337082
1008,-96.5639726,39.09046945,107,107,107,6,"3/26/2012",2,NA,NA,1.112,1.02701e+13,1,NA,460,46003,0,1,0,0.010839586,2.3001e+13,1027,1,0.025091115,107,0.0231673839725485
1008,-96.56421303,39.09065227,108,108,108,6,"3/26/2012",2,NA,NA,1.112,1.02701e+13,1,NA,460,46003,0,1,0,0.010839586,2.3001e+13,1027,1,0.016020609,108,0.0235692819924243
1008,-96.5643642,39.09094402,109,109,109,6,"3/26/2012",2,NA,NA,1.112,1.02701e+13,1,NA,460,46003,0,1,0,0.010839586,2.3001e+13,1027,1,0.012006761,109,0.0240523255146576
1008,-96.56468975,39.09106051,110,110,110,6,"3/26/2012",2,NA,NA,1.112,1.02701e+13,1,NA,460,46003,0,1,0,0.010839586,2.3001e+13,1027,1,0.026263008,110,0.0244809123387371
1008,-96.56477075,39.09136288,111,111,111,6,"3/26/2012",2,NA,NA,1.112,1.02701e+13,1,NA,460,46003,0,1,0,0.010839586,2.3001e+13,1027,1,0.022436001,111,0.02495513053545
1008,-96.5650339,39.09156989,112,112,112,6,"3/26/2012",2,NA,NA,1.112,1.02701e+13,1,NA,460,46003,0,1,0,0.010839586,2.3001e+13,1027,1,0.018789334,112,0.0254024814998673
1008,-96.56534229,39.09172999,113,113,113,6,"3/26/2012",2,NA,NA,1.112,1.02701e+13,1,NA,460,46003,0,1,0,0.010839586,2.3001e+13,1027,1,0.031499524,113,0.0258458130195929
1008,-96.56562847,39.09192041,114,114,114,6,"3/26/2012",2,NA,NA,1.112,1.02701e+13,1,NA,460,46003,0,1,0,0.010839586,2.3001e+13,1027,1,0.028300491,114,0.0262960238361733
1008,-96.56575058,39.09223992,115,115,115,6,"3/26/2012",2,NA,NA,1.112,1.02701e+13,1,NA,460,46003,0,1,0,0.010839586,2.3001e+13,1027,1,0.025101457,115,0.0268078413956828
1008,-96.56595147,39.09251269,116,116,116,6,"3/26/2012",2,NA,NA,1.112,1.02701e+13,1,NA,460,46003,0,1,0,0.010839586,2.3001e+13,1027,1,0.019009038,116,0.0272906772783969
1008,-96.5660612,39.09281619,117,117,117,6,"3/26/2012",2,NA,NA,1.112,1.02701e+13,1,NA,460,46003,0,1,0,0.010839586,2.3001e+13,1027,1,0.018220077,117,0.027774763494257
1008,-96.5663704,39.09272994,118,118,118,6,"3/26/2012",2,NA,NA,1.112,1.02701e+13,1,NA,460,46003,0,1,0,0.010839586,2.3001e+13,1027,1,0.017431117,118,0.0281676685869829
1008,-96.56664323,39.09291791,119,119,119,6,"3/26/2012",2,NA,NA,1.112,1.02701e+13,1,NA,460,46003,0,1,0,0.010839586,2.3001e+13,1027,1,0.016642156,119,0.0286033517871918
1008,-96.5668867,39.09316592,120,120,120,6,"3/26/2012",2,NA,NA,1.112,1.02701e+13,1,NA,460,46003,0,1,0,0.010839586,2.3001e+13,1027,1,0.006124793,120,0.0290827463013102
1008,-96.56705121,39.09346507,121,121,121,6,"3/26/2012",2,NA,NA,1.112,1.02701e+13,1,NA,460,46003,0,1,0,0.010839586,2.3001e+13,1027,1,0.012874848,121,0.02958240872886
1008,-96.56708709,39.09351794,122,122,122,6,"3/26/2012",2,NA,NA,1.112,1.02701e+13,1,NA,460,46003,0,1,0,0.010839586,2.3001e+13,1027,1,0.014623833,122,0.0296742285775723
1009,-96.56653649,39.08525281,769,769,769,36,"3/26/2012",2,NA,NA,1.335,1.02701e+13,1,NA,460,46003,0,1,0,0.014093905,2.3001e+13,1027,1,0.020633893,769,0.0301580475217719
1009,-96.56674521,39.0854612,770,770,770,36,"3/26/2012",2,NA,NA,1.335,1.02701e+13,1,NA,460,46003,0,1,0,0.014093905,2.3001e+13,1027,1,0.013109402,770,0.0308468774211055
1009,-96.56691696,39.08572992,771,771,771,36,"3/26/2012",2,NA,NA,1.335,1.02701e+13,1,NA,460,46003,0,1,0,0.014093905,2.3001e+13,1027,1,0.012306681,771,0.0316291203940303
1009,-96.56718847,39.08592207,772,772,772,36,"3/26/2012",2,NA,NA,1.335,1.02701e+13,1,NA,460,46003,0,1,0,0.014093905,2.3001e+13,1027,1,0.018929803,772,0.0323738810597658
1009,-96.56752974,39.08597495,773,773,773,36,"3/26/2012",2,NA,NA,1.335,1.02701e+13,1,NA,460,46003,0,1,0,0.014093905,2.3001e+13,1027,1,0.030030724,773,0.0330804648491372
1009,-96.56786223,39.08595326,774,774,774,36,"3/26/2012",2,NA,NA,1.335,1.02701e+13,1,NA,460,46003,0,1,0,0.014093905,2.3001e+13,1027,1,0.018479847,774,0.0337580155614316
1009,-96.56818335,39.08603621,775,775,775,36,"3/26/2012",2,NA,NA,1.335,1.02701e+13,1,NA,460,46003,0,1,0,0.014093905,2.3001e+13,1027,1,0.025197766,775,0.0344450016155572
1009,-96.56849794,39.08617249,776,776,776,36,"3/26/2012",2,NA,NA,1.335,1.02701e+13,1,NA,460,46003,0,1,0,0.014093905,2.3001e+13,1027,1,0.014602428,776,0.0351758967064091
1009,-96.56874132,39.08640762,777,777,777,36,"3/26/2012",2,NA,NA,1.335,1.02701e+13,1,NA,460,46003,0,1,0,0.014093905,2.3001e+13,1027,1,0.016190295,777,0.0359630557888617
1009,-96.56906508,39.08653301,778,778,778,36,"3/26/2012",2,NA,NA,1.335,1.02701e+13,1,NA,460,46003,0,1,0,0.014093905,2.3001e+13,1027,1,0.010187767,778,0.0366972189229379
1009,-96.56939726,39.0866351,779,779,779,36,"3/26/2012",2,NA,NA,1.335,1.02701e+13,1,NA,460,46003,0,1,0,0.014093905,2.3001e+13,1027,1,0.014082537,779,0.0374223285898726
1009,-96.56974014,39.08668104,780,780,780,36,"3/26/2012",2,NA,NA,1.335,1.02701e+13,1,NA,460,46003,0,1,0,0.014093905,2.3001e+13,1027,1,0.001636585,780,0.0381288248801702
1009,-96.57008474,39.08664426,781,781,781,36,"3/26/2012",2,NA,NA,1.335,1.02701e+13,1,NA,460,46003,0,1,0,0.014093905,2.3001e+13,1027,1,0.014628609,781,0.0388351312525246
1009,-96.5704136,39.08653447,782,782,782,36,"3/26/2012",2,NA,NA,1.335,1.02701e+13,1,NA,460,46003,0,1,0,0.014093905,2.3001e+13,1027,1,0.009582057,782,0.0395616369272596
1009,-96.57075426,39.08648526,783,783,783,36,"3/26/2012",2,NA,NA,1.335,1.02701e+13,1,NA,460,46003,0,1,0,0.014093905,2.3001e+13,1027,1,0.037152079,783,0.0402651949686896
1009,-96.57105835,39.08663444,784,784,784,36,"3/26/2012",2,NA,NA,1.335,1.02701e+13,1,NA,460,46003,0,1,0,0.014093905,2.3001e+13,1027,1,0.031740921,784,0.040994863047606
1009,-96.5712006,39.08694104,785,785,785,36,"3/26/2012",2,NA,NA,1.335,1.02701e+13,1,NA,460,46003,0,1,0,0.014093905,2.3001e+13,1027,1,0.026329764,785,0.0418443706093937
1009,-96.57123453,39.08726731,786,786,786,36,"3/26/2012",2,NA,NA,1.335,1.02701e+13,1,NA,460,46003,0,1,0,0.014093905,2.3001e+13,1027,1,0.021902424,786,0.0426972978927412
1009,-96.57133727,39.08755796,787,787,787,36,"3/26/2012",2,NA,NA,1.335,1.02701e+13,1,NA,460,46003,0,1,0,0.014093905,2.3001e+13,1027,1,0.01870339,787,0.0434828366497224
1009,-96.57159978,39.08776259,788,788,788,36,"3/26/2012",2,NA,NA,1.335,1.02701e+13,1,NA,460,46003,0,1,0,0.014093905,2.3001e+13,1027,1,0.015504356,788,0.0442367953400311
1009,-96.57172743,39.08807859,789,789,789,36,"3/26/2012",2,NA,NA,1.335,1.02701e+13,1,NA,460,46003,0,1,0,0.014093905,2.3001e+13,1027,1,0.012305323,789,0.0451000136271069
1009,-96.57170212,39.08842155,790,790,790,36,"3/26/2012",2,NA,NA,1.335,1.02701e+13,1,NA,460,46003,0,1,0,0.014093905,2.3001e+13,1027,1,0.009095435,790,0.0459951183309086
1009,-96.571811,39.08874128,791,791,791,36,"3/26/2012",2,NA,NA,1.335,1.02701e+13,1,NA,460,46003,0,1,0,0.014093905,2.3001e+13,1027,1,0.022802232,791,0.0468570564066188
1009,-96.57213074,39.08885557,792,792,792,36,"3/26/2012",2,NA,NA,1.335,1.02701e+13,1,NA,460,46003,0,1,0,0.014093905,2.3001e+13,1027,1,0.025724069,792,0.0475713656738656
1009,-96.57241549,39.08905392,793,793,793,36,"3/26/2012",2,NA,NA,1.335,1.02701e+13,1,NA,460,46003,0,1,0,0.014093905,2.3001e+13,1027,1,0.016235433,793,0.0483468964583742
1009,-96.57270282,39.08920623,794,794,794,36,"3/26/2012",2,NA,NA,1.335,1.02701e+13,1,NA,460,46003,0,1,0,0.014093905,2.3001e+13,1027,1,0.031962804,794,0.0490525329428783
1009,-96.57304985,39.08921771,795,795,795,36,"3/26/2012",2,NA,NA,1.335,1.02701e+13,1,NA,460,46003,0,1,0,0.014093905,2.3001e+13,1027,1,0.032559036,795,0.0497578512025305
1009,-96.57339727,39.08921818,796,796,796,36,"3/26/2012",2,NA,NA,1.335,1.02701e+13,1,NA,460,46003,0,1,0,0.014093905,2.3001e+13,1027,1,0.026118256,796,0.0504633278183008
1009,-96.57371937,39.08931892,797,797,797,36,"3/26/2012",2,NA,NA,1.335,1.02701e+13,1,NA,460,46003,0,1,0,0.014093905,2.3001e+13,1027,1,0.025317687,797,0.0511680946192961
1009,-96.57403806,39.08942781,798,798,798,36,"3/26/2012",2,NA,NA,1.335,1.02701e+13,1,NA,460,46003,0,1,0,0.014093905,2.3001e+13,1027,1,0.019802662,798,0.0518746952754597
1009,-96.57434357,39.08946009,799,799,799,36,"3/26/2012",2,NA,NA,1.335,1.02701e+13,1,NA,460,46003,0,1,0,0.014093905,2.3001e+13,1027,1,0.015096144,799,0.0525007417030377
1009,-96.57460209,39.08959689,800,800,800,36,"3/26/2012",2,NA,NA,1.335,1.02701e+13,1,NA,460,46003,0,1,0,0.014093905,2.3001e+13,1027,1,0.00781178,800,0.0531352741690588
1009,-96.57490373,39.08944815,801,801,801,36,"3/26/2012",2,NA,NA,1.335,1.02701e+13,1,NA,460,46003,0,1,0,0.014093905,2.3001e+13,1027,1,0.004900854,801,0.0538601014333235
1009,-96.57521529,39.08930607,802,802,802,36,"3/26/2012",2,NA,NA,1.335,1.02701e+13,1,NA,460,46003,0,1,0,0.014093905,2.3001e+13,1027,1,0.017677648,802,0.0545931146281184
1009,-96.57555711,39.08933748,803,803,803,36,"3/26/2012",2,NA,NA,1.335,1.02701e+13,1,NA,460,46003,0,1,0,0.014093905,2.3001e+13,1027,1,0.014760054,803,0.0552920262005722
1009,-96.57586038,39.08920027,804,804,804,36,"3/26/2012",2,NA,NA,1.335,1.02701e+13,1,NA,460,46003,0,1,0,0.014093905,2.3001e+13,1027,1,0.024345411,804,0.0560041065842086
1009,-96.57607622,39.08892854,805,805,805,36,"3/26/2012",2,NA,NA,1.335,1.02701e+13,1,NA,460,46003,0,1,0,0.014093905,2.3001e+13,1027,1,0.028464652,805,0.0568368139503403
1009,-96.57625032,39.08864094,806,806,806,36,"3/26/2012",2,NA,NA,1.335,1.02701e+13,1,NA,460,46003,0,1,0,0.014093905,2.3001e+13,1027,1,0.027552377,806,0.0576654003589378
1009,-96.57656913,39.08850775,807,807,807,36,"3/26/2012",2,NA,NA,1.335,1.02701e+13,1,NA,460,46003,0,1,0,0.014093905,2.3001e+13,1027,1,0.026640102,807,0.0583999395778168
1009,-96.57688228,39.08837204,808,808,808,36,"3/26/2012",2,NA,NA,1.335,1.02701e+13,1,NA,460,46003,0,1,0,0.014093905,2.3001e+13,1027,1,0.025727827,808,0.0591275389447467
1009,-96.57695174,39.08806972,809,809,809,36,"3/26/2012",2,NA,NA,1.335,1.02701e+13,1,NA,460,46003,0,1,0,0.014093905,2.3001e+13,1027,1,0.024815552,809,0.0599278020936648
1009,-96.57713343,39.08802327,810,810,810,36,"3/26/2012",2,NA,NA,1.335,1.02701e+13,1,NA,460,46003,0,1,0,0.014093905,2.3001e+13,1027,1,0.023903277,810,0.0603160950435437
1010,-96.58863103,39.08140021,426,426,426,25,"3/26/2012",2,NA,NA,0.898,1.02701e+13,1,NA,460,46003,0,1,0,0.00860202,2.3001e+13,1027,1,0.013557413,426,0.0117038106501605
1010,-96.58869847,39.08171269,427,427,427,25,"3/26/2012",2,NA,NA,0.898,1.02701e+13,1,NA,460,46003,0,1,0,0.00860202,2.3001e+13,1027,1,0.009084927,427,0.0121829430299719
1010,-96.58863183,39.08205271,428,428,428,25,"3/26/2012",2,NA,NA,0.898,1.02701e+13,1,NA,460,46003,0,1,0,0.00860202,2.3001e+13,1027,1,0.010628478,428,0.0127030437607636
1010,-96.58856223,39.08239064,429,429,429,25,"3/26/2012",2,NA,NA,0.898,1.02701e+13,1,NA,460,46003,0,1,0,0.00860202,2.3001e+13,1027,1,0.009216186,429,0.0132205620925019
1010,-96.58862113,39.08271809,430,430,430,25,"3/26/2012",2,NA,NA,0.898,1.02701e+13,1,NA,460,46003,0,1,0,0.00860202,2.3001e+13,1027,1,0.013900426,430,0.0137205343024436
1010,-96.58853124,39.08303947,431,431,431,25,"3/26/2012",2,NA,NA,0.898,1.02701e+13,1,NA,460,46003,0,1,0,0.00860202,2.3001e+13,1027,1,0.018584665,431,0.014217898853767
1010,-96.58837565,39.08334297,432,432,432,25,"3/26/2012",2,NA,NA,0.898,1.02701e+13,1,NA,460,46003,0,1,0,0.00860202,2.3001e+13,1027,1,0.03014173,432,0.0147120903329182
1010,-96.58823833,39.08364074,433,433,433,25,"3/26/2012",2,NA,NA,0.898,1.02701e+13,1,NA,460,46003,0,1,0,0.00860202,2.3001e+13,1027,1,0.031578112,433,0.0151905414559634
1010,-96.58805527,39.08389511,434,434,434,25,"3/26/2012",2,NA,NA,0.898,1.02701e+13,1,NA,460,46003,0,1,0,0.00860202,2.3001e+13,1027,1,0.033014494,434,0.0156315390865551
1010,-96.58784984,39.08416928,435,435,435,25,"3/26/2012",2,NA,NA,0.898,1.02701e+13,1,NA,460,46003,0,1,0,0.00860202,2.3001e+13,1027,1,0.034450875,435,0.0161116174429389
1010,-96.58771997,39.08447317,436,436,436,25,"3/26/2012",2,NA,NA,0.898,1.02701e+13,1,NA,460,46003,0,1,0,0.00860202,2.3001e+13,1027,1,0.052325515,436,0.016595940958713
1010,-96.58747963,39.08472347,437,437,437,25,"3/26/2012",2,NA,NA,0.898,1.02701e+13,1,NA,460,46003,0,1,0,0.00860202,2.3001e+13,1027,1,0.035731781,437,0.0170686595316606
1010,-96.58740199,39.08505694,438,438,438,25,"3/26/2012",2,NA,NA,0.898,1.02701e+13,1,NA,460,46003,0,1,0,0.00860202,2.3001e+13,1027,1,0.028316283,438,0.0175811266490189
1010,-96.58713619,39.08526796,439,439,439,25,"3/26/2012",2,NA,NA,0.898,1.02701e+13,1,NA,460,46003,0,1,0,0.00860202,2.3001e+13,1027,1,0.036101052,439,0.0180282584386667
1010,-96.58723777,39.08551259,440,440,440,25,"3/26/2012",2,NA,NA,0.898,1.02701e+13,1,NA,460,46003,0,1,0,0.00860202,2.3001e+13,1027,1,0.039786048,440,0.0184170461290642
1010,-96.58701697,39.08575182,441,441,441,25,"3/26/2012",2,NA,NA,0.898,1.02701e+13,1,NA,460,46003,0,1,0,0.00860202,2.3001e+13,1027,1,0.040391519,441,0.0188626433845328
1010,-96.58689223,39.08605809,442,442,442,25,"3/26/2012",2,NA,NA,0.898,1.02701e+13,1,NA,460,46003,0,1,0,0.00860202,2.3001e+13,1027,1,0.04451017,442,0.0193485185641107
1010,-96.58687851,39.08639198,443,443,443,25,"3/26/2012",2,NA,NA,0.898,1.02701e+13,1,NA,460,46003,0,1,0,0.00860202,2.3001e+13,1027,1,0.0396941,443,0.0198536457348072
1010,-96.58677143,39.08670225,444,444,444,25,"3/26/2012",2,NA,NA,0.898,1.02701e+13,1,NA,460,46003,0,1,0,0.00860202,2.3001e+13,1027,1,0.028163495,444,0.0203394725132288
1010,-96.5866233,39.08698563,445,445,445,25,"3/26/2012",2,NA,NA,0.898,1.02701e+13,1,NA,460,46003,0,1,0,0.00860202,2.3001e+13,1027,1,0.020296697,445,0.0208021580163024
1010,-96.58653578,39.08730338,446,446,446,25,"3/26/2012",2,NA,NA,0.898,1.02701e+13,1,NA,460,46003,0,1,0,0.00860202,2.3001e+13,1027,1,0.025593479,446,0.0212935662905898
1010,-96.58627193,39.08751952,447,447,447,25,"3/26/2012",2,NA,NA,0.898,1.02701e+13,1,NA,460,46003,0,1,0,0.00860202,2.3001e+13,1027,1,0.022163718,447,0.021744661516415
1010,-96.5861357,39.08783782,448,448,448,25,"3/26/2012",2,NA,NA,0.898,1.02701e+13,1,NA,460,46003,0,1,0,0.00860202,2.3001e+13,1027,1,0.030094787,448,0.0222520239565011
1010,-96.58589799,39.08808408,449,449,449,25,"3/26/2012",2,NA,NA,0.898,1.02701e+13,1,NA,460,46003,0,1,0,0.00860202,2.3001e+13,1027,1,0.036398198,449,0.0227179882907716
1010,-96.58560411,39.0880097,450,450,450,25,"3/26/2012",2,NA,NA,0.898,1.02701e+13,1,NA,460,46003,0,1,0,0.00860202,2.3001e+13,1027,1,0.032976272,450,0.0230821040766237
1010,-96.58538029,39.08813587,451,451,451,25,"3/26/2012",2,NA,NA,0.898,1.02701e+13,1,NA,460,46003,0,1,0,0.00860202,2.3001e+13,1027,1,0.023953652,451,0.023407621300321
1011,-96.59385549,39.07931121,574,574,574,29,"3/26/2012",2,NA,NA,2.044,1.02701e+13,1,NA,460,46003,0,1,0,0.020223323,2.3001e+13,1027,1,0.054973829,574,0.0381410601010644
1011,-96.59376299,39.07964265,575,575,575,29,"3/26/2012",2,NA,NA,2.044,1.02701e+13,1,NA,460,46003,0,1,0,0.020223323,2.3001e+13,1027,1,0.054647312,575,0.0388964513786865
1011,-96.593878,39.07996792,576,576,576,29,"3/26/2012",2,NA,NA,2.044,1.02701e+13,1,NA,460,46003,0,1,0,0.020223323,2.3001e+13,1027,1,0.054320795,576,0.0396478457393359
1011,-96.59391717,39.08028068,577,577,577,29,"3/26/2012",2,NA,NA,2.044,1.02701e+13,1,NA,460,46003,0,1,0,0.020223323,2.3001e+13,1027,1,0.033698402,577,0.0403476851657729
1011,-96.59391409,39.08060176,578,578,578,29,"3/26/2012",2,NA,NA,2.044,1.02701e+13,1,NA,460,46003,0,1,0,0.020223323,2.3001e+13,1027,1,0.035521994,578,0.0410627630095308
1011,-96.59407347,39.0808951,579,579,579,29,"3/26/2012",2,NA,NA,2.044,1.02701e+13,1,NA,460,46003,0,1,0,0.020223323,2.3001e+13,1027,1,0.037345587,579,0.0417722056412364
1011,-96.59390588,39.08116252,580,580,580,29,"3/26/2012",2,NA,NA,2.044,1.02701e+13,1,NA,460,46003,0,1,0,0.020223323,2.3001e+13,1027,1,0.03916918,580,0.0424350082990494
1011,-96.59372741,39.08137457,581,581,581,29,"3/26/2012",2,NA,NA,2.044,1.02701e+13,1,NA,460,46003,0,1,0,0.020223323,2.3001e+13,1027,1,0.039265664,581,0.0429997907130007
1011,-96.59361799,39.08163756,582,582,582,29,"3/26/2012",2,NA,NA,2.044,1.02701e+13,1,NA,460,46003,0,1,0,0.020223323,2.3001e+13,1027,1,0.028183777,582,0.0436155050098577
1011,-96.59363408,39.08191608,583,583,583,29,"3/26/2012",2,NA,NA,2.044,1.02701e+13,1,NA,460,46003,0,1,0,0.020223323,2.3001e+13,1027,1,0.03496329,583,0.0442364086327925
1011,-96.59365022,39.08223519,584,584,584,29,"3/26/2012",2,NA,NA,2.044,1.02701e+13,1,NA,460,46003,0,1,0,0.020223323,2.3001e+13,1027,1,0.045532647,584,0.0449476313888479
1011,-96.59363989,39.082579,585,585,585,29,"3/26/2012",2,NA,NA,2.044,1.02701e+13,1,NA,460,46003,0,1,0,0.020223323,2.3001e+13,1027,1,0.035521195,585,0.0457135200247285
1011,-96.59373793,39.08290715,586,586,586,29,"3/26/2012",2,NA,NA,2.044,1.02701e+13,1,NA,460,46003,0,1,0,0.020223323,2.3001e+13,1027,1,0.033946797,586,0.0464638743653467
1011,-96.59352303,39.08316044,587,587,587,29,"3/26/2012",2,NA,NA,2.044,1.02701e+13,1,NA,460,46003,0,1,0,0.020223323,2.3001e+13,1027,1,0.028675621,587,0.0471401349006868
1011,-96.59350251,39.08350312,588,588,588,29,"3/26/2012",2,NA,NA,2.044,1.02701e+13,1,NA,460,46003,0,1,0,0.020223323,2.3001e+13,1027,1,0.034038163,588,0.0479041278624527
1011,-96.59338967,39.08382437,589,589,589,29,"3/26/2012",2,NA,NA,2.044,1.02701e+13,1,NA,460,46003,0,1,0,0.020223323,2.3001e+13,1027,1,0.03356941,589,0.0486458892310871
1011,-96.59342783,39.08416887,590,590,590,29,"3/26/2012",2,NA,NA,2.044,1.02701e+13,1,NA,460,46003,0,1,0,0.020223323,2.3001e+13,1027,1,0.021774868,590,0.0494159585434548
1011,-96.59360642,39.08444499,591,591,591,29,"3/26/2012",2,NA,NA,2.044,1.02701e+13,1,NA,460,46003,0,1,0,0.020223323,2.3001e+13,1027,1,0.025872263,591,0.0501045988122716
1011,-96.59347603,39.08474636,592,592,592,29,"3/26/2012",2,NA,NA,2.044,1.02701e+13,1,NA,460,46003,0,1,0,0.020223323,2.3001e+13,1027,1,0.021081363,592,0.0508128919497445
1011,-96.59350789,39.08506856,593,593,593,29,"3/26/2012",2,NA,NA,2.044,1.02701e+13,1,NA,460,46003,0,1,0,0.020223323,2.3001e+13,1027,1,0.027877727,593,0.0515325723022415
1011,-96.59344601,39.08524594,594,594,594,29,"3/26/2012",2,NA,NA,2.044,1.02701e+13,1,NA,460,46003,0,1,0,0.020223323,2.3001e+13,1027,1,0.01768357,594,0.0519419452601263
1011,-96.59333888,39.08554848,595,595,595,29,"3/26/2012",2,NA,NA,2.044,1.02701e+13,1,NA,460,46003,0,1,0,0.020223323,2.3001e+13,1027,1,0.017231721,595,0.0526409010253497
1011,-96.593016,39.08558225,596,596,596,29,"3/26/2012",2,NA,NA,2.044,1.02701e+13,1,NA,460,46003,0,1,0,0.020223323,2.3001e+13,1027,1,0.032883173,596,0.0532063349896807
1011,-96.59277634,39.08568447,597,597,597,29,"3/26/2012",2,NA,NA,2.044,1.02701e+13,1,NA,460,46003,0,1,0,0.020223323,2.3001e+13,1027,1,0.038151421,597,0.0536805217408364
1011,-96.5924535,39.08576946,598,598,598,29,"3/26/2012",2,NA,NA,2.044,1.02701e+13,1,NA,460,46003,0,1,0,0.020223323,2.3001e+13,1027,1,0.021985414,598,0.0542719654893284
1011,-96.59237457,39.08607353,599,599,599,29,"3/26/2012",2,NA,NA,2.044,1.02701e+13,1,NA,460,46003,0,1,0,0.020223323,2.3001e+13,1027,1,0.037956836,599,0.0549628603539382
1011,-96.59244045,39.08633515,600,600,600,29,"3/26/2012",2,NA,NA,2.044,1.02701e+13,1,NA,460,46003,0,1,0,0.020223323,2.3001e+13,1027,1,0.039569982,600,0.0555566131881721
1011,-96.59246988,39.08662241,601,601,601,29,"3/26/2012",2,NA,NA,2.044,1.02701e+13,1,NA,460,46003,0,1,0,0.020223323,2.3001e+13,1027,1,0.034687389,601,0.0561983892193675
1011,-96.59213755,39.08670562,602,602,602,29,"3/26/2012",2,NA,NA,2.044,1.02701e+13,1,NA,460,46003,0,1,0,0.020223323,2.3001e+13,1027,1,0.03711002,602,0.0568042294859988
1011,-96.59213383,39.08699612,603,603,603,29,"3/26/2012",2,NA,NA,2.044,1.02701e+13,1,NA,460,46003,0,1,0,0.020223323,2.3001e+13,1027,1,0.037530346,603,0.0574512174049635
1011,-96.59180411,39.08704147,604,604,604,29,"3/26/2012",2,NA,NA,2.044,1.02701e+13,1,NA,460,46003,0,1,0,0.020223323,2.3001e+13,1027,1,0.02137592,604,0.0580323314178206
1011,-96.59151078,39.08720354,605,605,605,29,"3/26/2012",2,NA,NA,2.044,1.02701e+13,1,NA,460,46003,0,1,0,0.020223323,2.3001e+13,1027,1,0.020586959,605,0.0586564054628144
1011,-96.59119295,39.08719405,606,606,606,29,"3/26/2012",2,NA,NA,2.044,1.02701e+13,1,NA,460,46003,0,1,0,0.020223323,2.3001e+13,1027,1,0.019797999,606,0.0592084424401893
1011,-96.5909551,39.0869555,607,607,607,29,"3/26/2012",2,NA,NA,2.044,1.02701e+13,1,NA,460,46003,0,1,0,0.020223323,2.3001e+13,1027,1,0.029300972,607,0.0598812402419865
1011,-96.59063174,39.0869889,608,608,608,29,"3/26/2012",2,NA,NA,2.044,1.02701e+13,1,NA,460,46003,0,1,0,0.020223323,2.3001e+13,1027,1,0.035964694,608,0.0604473800322143
1011,-96.59040894,39.08725492,609,609,609,29,"3/26/2012",2,NA,NA,2.044,1.02701e+13,1,NA,460,46003,0,1,0,0.020223323,2.3001e+13,1027,1,0.042628415,609,0.0611548521438272
1011,-96.59012013,39.08741012,610,610,610,29,"3/26/2012",2,NA,NA,2.044,1.02701e+13,1,NA,460,46003,0,1,0,0.020223323,2.3001e+13,1027,1,0.049292137,610,0.0617637282432496
1011,-96.59005601,39.08772358,611,611,611,29,"3/26/2012",2,NA,NA,2.044,1.02701e+13,1,NA,460,46003,0,1,0,0.020223323,2.3001e+13,1027,1,0.041190249,611,0.062470631830466
1011,-96.5897523,39.08789153,612,612,612,29,"3/26/2012",2,NA,NA,2.044,1.02701e+13,1,NA,460,46003,0,1,0,0.020223323,2.3001e+13,1027,1,0.029445248,612,0.0631169723498998
1011,-96.58960303,39.08818527,613,613,613,29,"3/26/2012",2,NA,NA,2.044,1.02701e+13,1,NA,460,46003,0,1,0,0.020223323,2.3001e+13,1027,1,0.036186599,613,0.0638205767183725
1011,-96.5893235,39.0883802,614,614,614,29,"3/26/2012",2,NA,NA,2.044,1.02701e+13,1,NA,460,46003,0,1,0,0.020223323,2.3001e+13,1027,1,0.034827706,614,0.0644715982214697
1011,-96.58903334,39.08857097,615,615,615,29,"3/26/2012",2,NA,NA,2.044,1.02701e+13,1,NA,460,46003,0,1,0,0.020223323,2.3001e+13,1027,1,0.047719541,615,0.065130469618466
1011,-96.58873331,39.08874636,616,616,616,29,"3/26/2012",2,NA,NA,2.044,1.02701e+13,1,NA,460,46003,0,1,0,0.020223323,2.3001e+13,1027,1,0.033968931,616,0.0657814122168412
1011,-96.58859462,39.08903278,617,617,617,29,"3/26/2012",2,NA,NA,2.044,1.02701e+13,1,NA,460,46003,0,1,0,0.020223323,2.3001e+13,1027,1,0.042684369,617,0.0664631876199642
1011,-96.58884912,39.08925554,618,618,618,29,"3/26/2012",2,NA,NA,2.044,1.02701e+13,1,NA,460,46003,0,1,0,0.020223323,2.3001e+13,1027,1,0.057444871,618,0.067127426358925
1011,-96.58896906,39.08953604,619,619,619,29,"3/26/2012",2,NA,NA,2.044,1.02701e+13,1,NA,460,46003,0,1,0,0.020223323,2.3001e+13,1027,1,0.044617721,619,0.0677858823084031
1011,-96.5887535,39.0898008,620,620,620,29,"3/26/2012",2,NA,NA,2.044,1.02701e+13,1,NA,460,46003,0,1,0,0.020223323,2.3001e+13,1027,1,0.037535136,620,0.06848418709006
1011,-96.58849193,39.08996383,621,621,621,29,"3/26/2012",2,NA,NA,2.044,1.02701e+13,1,NA,460,46003,0,1,0,0.020223323,2.3001e+13,1027,1,0.044991388,621,0.0690654884256004
1011,-96.58862464,39.09028075,622,622,622,29,"3/26/2012",2,NA,NA,2.044,1.02701e+13,1,NA,460,46003,0,1,0,0.020223323,2.3001e+13,1027,1,0.027955116,622,0.0698079137798907
1011,-96.58856766,39.09054598,623,623,623,29,"3/26/2012",2,NA,NA,2.044,1.02701e+13,1,NA,460,46003,0,1,0,0.020223323,2.3001e+13,1027,1,0.027133476,623,0.0704068134411794
1011,-96.58839826,39.09079817,624,624,624,29,"3/26/2012",2,NA,NA,2.044,1.02701e+13,1,NA,460,46003,0,1,0,0.020223323,2.3001e+13,1027,1,0.040142057,624,0.0710407481105942
1011,-96.58813106,39.09095291,625,625,625,29,"3/26/2012",2,NA,NA,2.044,1.02701e+13,1,NA,460,46003,0,1,0,0.020223323,2.3001e+13,1027,1,0.035043889,625,0.0716185083438555
1011,-96.58829175,39.09125138,626,626,626,29,"3/26/2012",2,NA,NA,2.044,1.02701e+13,1,NA,460,46003,0,1,0,0.020223323,2.3001e+13,1027,1,0.038940445,626,0.0723393471380689
1011,-96.58831021,39.09154896,627,627,627,29,"3/26/2012",2,NA,NA,2.044,1.02701e+13,1,NA,460,46003,0,1,0,0.020223323,2.3001e+13,1027,1,0.047247196,627,0.0730028447526574
1011,-96.58816741,39.0918331,628,628,628,29,"3/26/2012",2,NA,NA,2.044,1.02701e+13,1,NA,460,46003,0,1,0,0.020223323,2.3001e+13,1027,1,0.04036831,628,0.0736824374015872
1011,-96.58782708,39.09188982,629,629,629,29,"3/26/2012",2,NA,NA,2.044,1.02701e+13,1,NA,460,46003,0,1,0,0.020223323,2.3001e+13,1027,1,0.030635862,629,0.0742864386737606
1011,-96.58749789,39.09199161,630,630,630,29,"3/26/2012",2,NA,NA,2.044,1.02701e+13,1,NA,460,46003,0,1,0,0.020223323,2.3001e+13,1027,1,0.034963394,630,0.0749010805065311
1011,-96.58728681,39.09222172,631,631,631,29,"3/26/2012",2,NA,NA,2.044,1.02701e+13,1,NA,460,46003,0,1,0,0.020223323,2.3001e+13,1027,1,0.028509827,631,0.0755310151817491
1011,-96.58713475,39.09247818,632,632,632,29,"3/26/2012",2,NA,NA,2.044,1.02701e+13,1,NA,460,46003,0,1,0,0.020223323,2.3001e+13,1027,1,0.026884947,632,0.0761601833223118
1011,-96.58708709,39.09251841,633,633,633,29,"3/26/2012",2,NA,NA,2.044,1.02701e+13,1,NA,460,46003,0,1,0,0.020223323,2.3001e+13,1027,1,0.013693172,633,0.0762821202021288
1012,-96.58846956,39.07710967,539,539,539,27,"3/26/2012",2,NA,NA,0.906,1.02701e+13,1,NA,460,46000,0,1,0,0.009017533,2.3001e+13,1027,1,0.021470216,539,0.0111047967192468
1012,-96.58817714,39.07729392,540,540,540,27,"3/26/2012",2,NA,NA,0.906,1.02701e+13,1,NA,460,46000,0,1,0,0.009017533,2.3001e+13,1027,1,0.020865692,540,0.0115212655008438
1012,-96.58788579,39.07747932,541,541,541,27,"3/26/2012",2,NA,NA,0.906,1.02701e+13,1,NA,460,46000,0,1,0,0.009017533,2.3001e+13,1027,1,0.027018624,541,0.011937844177816
1012,-96.5875842,39.07763732,542,542,542,27,"3/26/2012",2,NA,NA,0.906,1.02701e+13,1,NA,460,46000,0,1,0,0.009017533,2.3001e+13,1027,1,0.024243157,542,0.0123403199323536
1012,-96.58740109,39.07790411,543,543,543,27,"3/26/2012",2,NA,NA,0.906,1.02701e+13,1,NA,460,46000,0,1,0,0.009017533,2.3001e+13,1027,1,8.29977e-05,543,0.0127702633810682
1012,-96.58728176,39.07821715,544,544,544,27,"3/26/2012",2,NA,NA,0.906,1.02701e+13,1,NA,460,46000,0,1,0,0.009017533,2.3001e+13,1027,1,0.024134221,544,0.0132343077556452
1012,-96.5872757,39.07854339,545,545,545,27,"3/26/2012",2,NA,NA,0.906,1.02701e+13,1,NA,460,46000,0,1,0,0.009017533,2.3001e+13,1027,1,0.020803294,545,0.0136979382171034
1012,-96.58706179,39.07877804,546,546,546,27,"3/26/2012",2,NA,NA,0.906,1.02701e+13,1,NA,460,46000,0,1,0,0.009017533,2.3001e+13,1027,1,0.025325145,546,0.0141069721474332
1012,-96.58679879,39.0789774,547,547,547,27,"3/26/2012",2,NA,NA,0.906,1.02701e+13,1,NA,460,46000,0,1,0,0.009017533,2.3001e+13,1027,1,0.022578126,547,0.0145132979105491
1012,-96.58650433,39.07916068,548,548,548,27,"3/26/2012",2,NA,NA,0.906,1.02701e+13,1,NA,460,46000,0,1,0,0.009017533,2.3001e+13,1027,1,0.047951092,548,0.014930658110103
1012,-96.58626218,39.07940206,549,549,549,27,"3/26/2012",2,NA,NA,0.906,1.02701e+13,1,NA,460,46000,0,1,0,0.009017533,2.3001e+13,1027,1,0.022596167,549,0.0153660604227767
1012,-96.58605862,39.07967772,550,550,550,27,"3/26/2012",2,NA,NA,0.906,1.02701e+13,1,NA,460,46000,0,1,0,0.009017533,2.3001e+13,1027,1,0.01947013,550,0.0158180168070185
1012,-96.58584001,39.07993927,551,551,551,27,"3/26/2012",2,NA,NA,0.906,1.02701e+13,1,NA,460,46000,0,1,0,0.009017533,2.3001e+13,1027,1,0.010304118,551,0.0162615845929127
1012,-96.5856081,39.08018667,552,552,552,27,"3/26/2012",2,NA,NA,0.906,1.02701e+13,1,NA,460,46000,0,1,0,0.009017533,2.3001e+13,1027,1,0.006989838,552,0.0166969699480338
1012,-96.58558131,39.08053248,553,553,553,27,"3/26/2012",2,NA,NA,0.906,1.02701e+13,1,NA,460,46000,0,1,0,0.009017533,2.3001e+13,1027,1,0.017252862,553,0.01718925562366
1012,-96.5854443,39.08082654,554,554,554,27,"3/26/2012",2,NA,NA,0.906,1.02701e+13,1,NA,460,46000,0,1,0,0.009017533,2.3001e+13,1027,1,0.021686949,554,0.0176338099251627
1012,-96.58514202,39.08085573,555,555,555,27,"3/26/2012",2,NA,NA,0.906,1.02701e+13,1,NA,460,46000,0,1,0,0.009017533,2.3001e+13,1027,1,0.028274501,555,0.017971153612608
1012,-96.58490415,39.08109014,556,556,556,27,"3/26/2012",2,NA,NA,0.906,1.02701e+13,1,NA,460,46000,0,1,0,0.009017533,2.3001e+13,1027,1,0.016344711,556,0.0183958365105271
1012,-96.58469596,39.08135067,557,557,557,27,"3/26/2012",2,NA,NA,0.906,1.02701e+13,1,NA,460,46000,0,1,0,0.009017533,2.3001e+13,1027,1,0.028156883,557,0.0188319784653209
1012,-96.58465107,39.08167829,558,558,558,27,"3/26/2012",2,NA,NA,0.906,1.02701e+13,1,NA,460,46000,0,1,0,0.009017533,2.3001e+13,1027,1,0.014774017,558,0.0193001687002839
1012,-96.58446939,39.08192238,559,559,559,27,"3/26/2012",2,NA,NA,0.906,1.02701e+13,1,NA,460,46000,0,1,0,0.009017533,2.3001e+13,1027,1,0.013661466,559,0.0197011555388612
1012,-96.58436748,39.08222087,560,560,560,27,"3/26/2012",2,NA,NA,0.906,1.02701e+13,1,NA,460,46000,0,1,0,0.009017533,2.3001e+13,1027,1,0.002637267,560,0.0201400654324578
1012,-96.58415439,39.08247426,561,561,561,27,"3/26/2012",2,NA,NA,0.906,1.02701e+13,1,NA,460,46000,0,1,0,0.009017533,2.3001e+13,1027,1,0.01076591,561,0.0205705778161203
1012,-96.58393843,39.08269386,562,562,562,27,"3/26/2012",2,NA,NA,0.906,1.02701e+13,1,NA,460,46000,0,1,0,0.009017533,2.3001e+13,1027,1,0.020861559,562,0.0209637436813356
1012,-96.58363538,39.08284596,563,563,563,27,"3/26/2012",2,NA,NA,0.906,1.02701e+13,1,NA,460,46000,0,1,0,0.009017533,2.3001e+13,1027,1,0.019551659,563,0.0213629414658456
1012,-96.58332324,39.08299708,564,564,564,27,"3/26/2012",2,NA,NA,0.906,1.02701e+13,1,NA,460,46000,0,1,0,0.009017533,2.3001e+13,1027,1,0.010995395,564,0.0217699025597355
1012,-96.58319583,39.08329014,565,565,565,27,"3/26/2012",2,NA,NA,0.906,1.02701e+13,1,NA,460,46000,0,1,0,0.009017533,2.3001e+13,1027,1,0.02802672,565,0.0222095934384936
1013,-96.58319583,39.08329014,209,209,209,12,"3/26/2012",2,NA,NA,0.726,1.02701e+13,1,NA,460,46003,0,1,0,0.007218083,2.3001e+13,1027,1,0.034781669,209,0.0708295574976577
1013,-96.58316726,39.08361511,210,210,210,12,"3/26/2012",2,NA,NA,0.726,1.02701e+13,1,NA,460,46003,0,1,0,0.007218083,2.3001e+13,1027,1,0.033541671,210,0.07217304779524
1013,-96.58312498,39.08389264,211,211,211,12,"3/26/2012",2,NA,NA,0.726,1.02701e+13,1,NA,460,46003,0,1,0,0.007218083,2.3001e+13,1027,1,0.033565376,211,0.0733257682171304
1013,-96.58344103,39.08399701,212,212,212,12,"3/26/2012",2,NA,NA,0.726,1.02701e+13,1,NA,460,46003,0,1,0,0.007218083,2.3001e+13,1027,1,0.033809189,212,0.0744291650796611
1013,-96.58341854,39.08431755,213,213,213,12,"3/26/2012",2,NA,NA,0.726,1.02701e+13,1,NA,460,46003,0,1,0,0.007218083,2.3001e+13,1027,1,0.038746322,213,0.0757532163010934
1013,-96.58314084,39.0845049,214,214,214,12,"3/26/2012",2,NA,NA,0.726,1.02701e+13,1,NA,460,46003,0,1,0,0.007218083,2.3001e+13,1027,1,0.033747384,214,0.0769338864699447
1013,-96.58288558,39.08473307,215,215,215,12,"3/26/2012",2,NA,NA,0.726,1.02701e+13,1,NA,460,46003,0,1,0,0.007218083,2.3001e+13,1027,1,0.039815373,215,0.078182462307353
1013,-96.58296713,39.08502622,216,216,216,12,"3/26/2012",2,NA,NA,0.726,1.02701e+13,1,NA,460,46003,0,1,0,0.007218083,2.3001e+13,1027,1,0.036737675,216,0.0794196587327981
1013,-96.58294458,39.08534818,217,217,217,12,"3/26/2012",2,NA,NA,0.726,1.02701e+13,1,NA,460,46003,0,1,0,0.007218083,2.3001e+13,1027,1,0.03395674,217,0.080749568760832
1013,-96.58309044,39.08562846,218,218,218,12,"3/26/2012",2,NA,NA,0.726,1.02701e+13,1,NA,460,46003,0,1,0,0.007218083,2.3001e+13,1027,1,0.03856401,218,0.081997055358241
1013,-96.58338958,39.08574833,219,219,219,12,"3/26/2012",2,NA,NA,0.726,1.02701e+13,1,NA,460,46003,0,1,0,0.007218083,2.3001e+13,1027,1,0.040253272,219,0.0830782911126378
1013,-96.58339019,39.08608646,220,220,220,12,"3/26/2012",2,NA,NA,0.726,1.02701e+13,1,NA,460,46003,0,1,0,0.007218083,2.3001e+13,1027,1,0.053499554,220,0.0844729193916329
1013,-96.58324536,39.08639565,221,221,221,12,"3/26/2012",2,NA,NA,0.726,1.02701e+13,1,NA,460,46003,0,1,0,0.007218083,2.3001e+13,1027,1,0.066745836,221,0.0858305024062416
1013,-96.58341148,39.0866764,222,222,222,12,"3/26/2012",2,NA,NA,0.726,1.02701e+13,1,NA,460,46003,0,1,0,0.007218083,2.3001e+13,1027,1,0.047207131,222,0.0871056541374682
1013,-96.58368143,39.08687883,223,223,223,12,"3/26/2012",2,NA,NA,0.726,1.02701e+13,1,NA,460,46003,0,1,0,0.007218083,2.3001e+13,1027,1,0.047207131,223,0.088309841862357
1013,-96.58382699,39.08718883,224,224,224,12,"3/26/2012",2,NA,NA,0.726,1.02701e+13,1,NA,460,46003,0,1,0,0.007218083,2.3001e+13,1027,1,0.047207131,224,0.0896713666295643
1013,-96.5840423,39.08743747,225,225,225,12,"3/26/2012",2,NA,NA,0.726,1.02701e+13,1,NA,460,46003,0,1,0,0.007218083,2.3001e+13,1027,1,0.047207131,225,0.0909085771466749
1013,-96.58438669,39.08747112,226,226,226,12,"3/26/2012",2,NA,NA,0.726,1.02701e+13,1,NA,460,46003,0,1,0,0.007218083,2.3001e+13,1027,1,0.049118377,226,0.092024249000721
1013,-96.5847285,39.08752291,227,227,227,12,"3/26/2012",2,NA,NA,0.726,1.02701e+13,1,NA,460,46003,0,1,0,0.007218083,2.3001e+13,1027,1,0.046119573,227,0.093143532745599
1013,-96.58492146,39.08779397,228,228,228,12,"3/26/2012",2,NA,NA,0.726,1.02701e+13,1,NA,460,46003,0,1,0,0.007218083,2.3001e+13,1027,1,0.034685838,228,0.0944220554745829
1013,-96.58513192,39.08805775,229,229,229,12,"3/26/2012",2,NA,NA,0.726,1.02701e+13,1,NA,460,46003,0,1,0,0.007218083,2.3001e+13,1027,1,0.037928471,229,0.0957031970681694
1013,-96.58538029,39.08813587,230,230,230,12,"3/26/2012",2,NA,NA,0.726,1.02701e+13,1,NA,460,46003,0,1,0,0.007218083,2.3001e+13,1027,1,0.035417641,230,0.0965641175296051
1014,-96.57766649,39.07574207,403,403,403,24,"3/26/2012",2,NA,NA,0.744,1.02701e+13,1,NA,460,46000,0,1,0,0.007411846,2.3001e+13,1027,1,0.032054018,403,0.0068963398712888
1014,-96.57786,39.0760217,404,404,404,24,"3/26/2012",2,NA,NA,0.744,1.02701e+13,1,NA,460,46000,0,1,0,0.007411846,2.3001e+13,1027,1,0.030659669,404,0.00724850186244377
1014,-96.5780867,39.07627835,405,405,405,24,"3/26/2012",2,NA,NA,0.744,1.02701e+13,1,NA,460,46000,0,1,0,0.007411846,2.3001e+13,1027,1,0.036283979,405,0.00759388218569325
1014,-96.57837679,39.07646679,406,406,406,24,"3/26/2012",2,NA,NA,0.744,1.02701e+13,1,NA,460,46000,0,1,0,0.007411846,2.3001e+13,1027,1,0.032469417,406,0.00792013472886609
1014,-96.57862905,39.07670475,407,407,407,24,"3/26/2012",2,NA,NA,0.744,1.02701e+13,1,NA,460,46000,0,1,0,0.007411846,2.3001e+13,1027,1,0.022677124,407,0.00826228633030869
1014,-96.57888474,39.07693768,408,408,408,24,"3/26/2012",2,NA,NA,0.744,1.02701e+13,1,NA,460,46000,0,1,0,0.007411846,2.3001e+13,1027,1,0.022915222,408,0.008602077274297
1014,-96.57912471,39.07718155,409,409,409,24,"3/26/2012",2,NA,NA,0.744,1.02701e+13,1,NA,460,46000,0,1,0,0.007411846,2.3001e+13,1027,1,0.020165833,409,0.00894273862328541
1014,-96.57927769,39.07749082,410,410,410,24,"3/26/2012",2,NA,NA,0.744,1.02701e+13,1,NA,460,46000,0,1,0,0.007411846,2.3001e+13,1027,1,0.019311194,410,0.00931013463298241
1014,-96.57952736,39.0777191,411,411,411,24,"3/26/2012",2,NA,NA,0.744,1.02701e+13,1,NA,460,46000,0,1,0,0.007411846,2.3001e+13,1027,1,0.025942222,411,0.0096426270285178
1014,-96.57975881,39.07795719,412,412,412,24,"3/26/2012",2,NA,NA,0.744,1.02701e+13,1,NA,460,46000,0,1,0,0.007411846,2.3001e+13,1027,1,0.031690681,412,0.00997372942180287
1014,-96.57988069,39.07827201,413,413,413,24,"3/26/2012",2,NA,NA,0.744,1.02701e+13,1,NA,460,46000,0,1,0,0.007411846,2.3001e+13,1027,1,0.032466891,413,0.010338221676119
1014,-96.57996997,39.07859094,414,414,414,24,"3/26/2012",2,NA,NA,0.744,1.02701e+13,1,NA,460,46000,0,1,0,0.007411846,2.3001e+13,1027,1,0.033429572,414,0.0107000456751289
1014,-96.5801557,39.078824,415,415,415,24,"3/26/2012",2,NA,NA,0.744,1.02701e+13,1,NA,460,46000,0,1,0,0.007411846,2.3001e+13,1027,1,0.017725463,415,0.0110041510249968
1014,-96.58024814,39.07906209,416,416,416,24,"3/26/2012",2,NA,NA,0.744,1.02701e+13,1,NA,460,46000,0,1,0,0.007411846,2.3001e+13,1027,1,0.018060383,416,0.0112798729217961
1014,-96.58051325,39.07928106,417,417,417,24,"3/26/2012",2,NA,NA,0.744,1.02701e+13,1,NA,460,46000,0,1,0,0.007411846,2.3001e+13,1027,1,0.02301413,417,0.0116135880909156
1014,-96.58051365,39.07952419,418,418,418,24,"3/26/2012",2,NA,NA,0.744,1.02701e+13,1,NA,460,46000,0,1,0,0.007411846,2.3001e+13,1027,1,0.01868153,418,0.0118830774315767
1014,-96.58083907,39.0795568,419,419,419,24,"3/26/2012",2,NA,NA,0.744,1.02701e+13,1,NA,460,46000,0,1,0,0.007411846,2.3001e+13,1027,1,0.013180217,419,0.0121665302886277
1014,-96.58088666,39.07980565,420,420,420,24,"3/26/2012",2,NA,NA,0.744,1.02701e+13,1,NA,460,46000,0,1,0,0.007411846,2.3001e+13,1027,1,0.025554119,420,0.0124454068928182
1014,-96.58108059,39.07995092,421,421,421,24,"3/26/2012",2,NA,NA,0.744,1.02701e+13,1,NA,460,46000,0,1,0,0.007411846,2.3001e+13,1027,1,0.019799496,421,0.0126777796079863
1014,-96.58124587,39.08023666,422,422,422,24,"3/26/2012",2,NA,NA,0.744,1.02701e+13,1,NA,460,46000,0,1,0,0.007411846,2.3001e+13,1027,1,0.026956521,422,0.0130251977217062
1014,-96.58154857,39.08039498,423,423,423,24,"3/26/2012",2,NA,NA,0.744,1.02701e+13,1,NA,460,46000,0,1,0,0.007411846,2.3001e+13,1027,1,0.026393563,423,0.0133401278318742
1014,-96.58180773,39.08061149,424,424,424,24,"3/26/2012",2,NA,NA,0.744,1.02701e+13,1,NA,460,46000,0,1,0,0.007411846,2.3001e+13,1027,1,0.025830605,424,0.0136683343916914
1014,-96.58180669,39.08072367,425,425,425,24,"3/26/2012",2,NA,NA,0.744,1.02701e+13,1,NA,460,46000,0,1,0,0.007411846,2.3001e+13,1027,1,0.015197599,425,0.0137926797425776
1015,-96.58180669,39.08072367,249,249,249,15,"3/26/2012",2,NA,NA,0.362,1.02701e+13,1,NA,460,46003,0,1,0,0.003549954,2.3001e+13,1027,1,0.026886189,249,0.0418004208456848
1015,-96.58168317,39.08100574,250,250,250,15,"3/26/2012",2,NA,NA,0.362,1.02701e+13,1,NA,460,46003,0,1,0,0.003549954,2.3001e+13,1027,1,0.038574779,250,0.042449608029651
1015,-96.58200495,39.08112256,251,251,251,15,"3/26/2012",2,NA,NA,0.362,1.02701e+13,1,NA,460,46003,0,1,0,0.003549954,2.3001e+13,1027,1,0.050263369,251,0.0430522338862791
1015,-96.58228622,39.08132512,252,252,252,15,"3/26/2012",2,NA,NA,0.362,1.02701e+13,1,NA,460,46003,0,1,0,0.003549954,2.3001e+13,1027,1,0.048799145,252,0.04370236143917
1015,-96.58234761,39.08166475,253,253,253,15,"3/26/2012",2,NA,NA,0.362,1.02701e+13,1,NA,460,46003,0,1,0,0.003549954,2.3001e+13,1027,1,0.042172304,253,0.044449427763612
1015,-96.58226268,39.08199167,254,254,254,15,"3/26/2012",2,NA,NA,0.362,1.02701e+13,1,NA,460,46003,0,1,0,0.003549954,2.3001e+13,1027,1,0.050398413,254,0.0451759549525958
1015,-96.58248172,39.08222603,255,255,255,15,"3/26/2012",2,NA,NA,0.362,1.02701e+13,1,NA,460,46003,0,1,0,0.003549954,2.3001e+13,1027,1,0.043471407,255,0.0458075007024214
1015,-96.58254386,39.08254769,256,256,256,15,"3/26/2012",2,NA,NA,0.362,1.02701e+13,1,NA,460,46003,0,1,0,0.003549954,2.3001e+13,1027,1,0.04118328,256,0.0465160180269683
1015,-96.58263425,39.08286797,257,257,257,15,"3/26/2012",2,NA,NA,0.362,1.02701e+13,1,NA,460,46003,0,1,0,0.003549954,2.3001e+13,1027,1,0.042933865,257,0.0472303092433915
1015,-96.58286248,39.08310725,258,258,258,15,"3/26/2012",2,NA,NA,0.362,1.02701e+13,1,NA,460,46003,0,1,0,0.003549954,2.3001e+13,1027,1,0.037458168,258,0.0478797305712969
1015,-96.58317448,39.0832205,259,259,259,15,"3/26/2012",2,NA,NA,0.362,1.02701e+13,1,NA,460,46003,0,1,0,0.003549954,2.3001e+13,1027,1,0.037287406,259,0.0484640084856283
1015,-96.58319583,39.08329014,260,260,260,15,"3/26/2012",2,NA,NA,0.362,1.02701e+13,1,NA,460,46003,0,1,0,0.003549954,2.3001e+13,1027,1,0.034632656,260,0.0486199640591641
1016,-96.55347009,39.08732674,304,304,304,18,"3/26/2012",2,NA,NA,0.722,1.02701e+13,1,NA,460,46000,0,1,0,0.007609798,2.3001e+13,1027,1,0.01388137,304,0.00973781621023853
1016,-96.55364634,39.08761499,305,305,305,18,"3/26/2012",2,NA,NA,0.722,1.02701e+13,1,NA,460,46000,0,1,0,0.007609798,2.3001e+13,1027,1,0.014328843,305,0.010244013544896
1016,-96.5539063,39.08779822,306,306,306,18,"3/26/2012",2,NA,NA,0.722,1.02701e+13,1,NA,460,46000,0,1,0,0.007609798,2.3001e+13,1027,1,0.01931476,306,0.0106770627936011
1016,-96.55405629,39.08807017,307,307,307,18,"3/26/2012",2,NA,NA,0.722,1.02701e+13,1,NA,460,46000,0,1,0,0.007609798,2.3001e+13,1027,1,0.014211845,307,0.0111463275232161
1016,-96.55428317,39.0883239,308,308,308,18,"3/26/2012",2,NA,NA,0.722,1.02701e+13,1,NA,460,46000,0,1,0,0.007609798,2.3001e+13,1027,1,0.01914285,308,0.0116366022868555
1016,-96.55458117,39.08848473,309,309,309,18,"3/26/2012",2,NA,NA,0.722,1.02701e+13,1,NA,460,46000,0,1,0,0.007609798,2.3001e+13,1027,1,0.016165369,309,0.0120844392051995
1016,-96.55490433,39.0886116,310,310,310,18,"3/26/2012",2,NA,NA,0.722,1.02701e+13,1,NA,460,46000,0,1,0,0.007609798,2.3001e+13,1027,1,0.016787863,310,0.0125314934825609
1016,-96.55518425,39.08880489,311,311,311,18,"3/26/2012",2,NA,NA,0.722,1.02701e+13,1,NA,460,46000,0,1,0,0.007609798,2.3001e+13,1027,1,0.010987463,311,0.0129935504533008
1016,-96.55550828,39.08891971,312,312,312,18,"3/26/2012",2,NA,NA,0.722,1.02701e+13,1,NA,460,46000,0,1,0,0.007609798,2.3001e+13,1027,1,0.015687188,312,0.01343331873803
1016,-96.55584935,39.08897565,313,313,313,18,"3/26/2012",2,NA,NA,0.722,1.02701e+13,1,NA,460,46000,0,1,0,0.007609798,2.3001e+13,1027,1,0.015025583,313,0.0138639297614668
1016,-96.55617625,39.08909193,314,314,314,18,"3/26/2012",2,NA,NA,0.722,1.02701e+13,1,NA,460,46000,0,1,0,0.007609798,2.3001e+13,1027,1,0.011452119,314,0.0143078834354154
1016,-96.55648674,39.08923725,315,315,315,18,"3/26/2012",2,NA,NA,0.722,1.02701e+13,1,NA,460,46000,0,1,0,0.007609798,2.3001e+13,1027,1,0.006347195,315,0.0147553448499016
1016,-96.55677202,39.08940937,316,316,316,18,"3/26/2012",2,NA,NA,0.722,1.02701e+13,1,NA,460,46000,0,1,0,0.007609798,2.3001e+13,1027,1,0.012600216,316,0.0152010769054513
1016,-96.55707427,39.08957848,317,317,317,18,"3/26/2012",2,NA,NA,0.722,1.02701e+13,1,NA,460,46000,0,1,0,0.007609798,2.3001e+13,1027,1,0.011227024,317,0.0156607653299385
1016,-96.55734032,39.08979812,318,318,318,18,"3/26/2012",2,NA,NA,0.722,1.02701e+13,1,NA,460,46000,0,1,0,0.007609798,2.3001e+13,1027,1,0.011737747,318,0.016139597840222
1016,-96.55759159,39.09003171,319,319,319,18,"3/26/2012",2,NA,NA,0.722,1.02701e+13,1,NA,460,46000,0,1,0,0.007609798,2.3001e+13,1027,1,0.01260927,319,0.016622815741155
1016,-96.55784145,39.09023995,320,320,320,18,"3/26/2012",2,NA,NA,0.722,1.02701e+13,1,NA,460,46000,0,1,0,0.007609798,2.3001e+13,1027,1,0.013262621,320,0.0170747796972517
1016,-96.55789883,39.09046281,321,321,321,18,"3/26/2012",2,NA,NA,0.722,1.02701e+13,1,NA,460,46000,0,1,0,0.007609798,2.3001e+13,1027,1,0.010206195,321,0.0174351244872482
1016,-96.55821752,39.09060159,322,322,322,18,"3/26/2012",2,NA,NA,0.722,1.02701e+13,1,NA,460,46000,0,1,0,0.007609798,2.3001e+13,1027,1,0.012974774,322,0.0178861467684742
1016,-96.55828107,39.09089246,323,323,323,18,"3/26/2012",2,NA,NA,0.722,1.02701e+13,1,NA,460,46000,0,1,0,0.007609798,2.3001e+13,1027,1,0.015280632,323,0.0183539031114262
1016,-96.55856387,39.09098285,324,324,324,18,"3/26/2012",2,NA,NA,0.722,1.02701e+13,1,NA,460,46000,0,1,0,0.007609798,2.3001e+13,1027,1,0.011804398,324,0.0187315274636003
1016,-96.55886704,39.09102044,325,325,325,18,"3/26/2012",2,NA,NA,0.722,1.02701e+13,1,NA,460,46000,0,1,0,0.007609798,2.3001e+13,1027,1,0.015738223,325,0.0191107837222396
1016,-96.55916203,39.09103134,326,326,326,18,"3/26/2012",2,NA,NA,0.722,1.02701e+13,1,NA,460,46000,0,1,0,0.007609798,2.3001e+13,1027,1,0.017005281,326,0.0194756324204771
1017,-96.55789876,39.08586661,140,140,140,8,"3/26/2012",2,480854,"North Branch Kings Creek",0.736,1.02701e+13,1,NA,460,46003,0,1,0,0.007209398,2.3001e+13,1027,1,0.014555139,140,0.00803677023975917
1017,-96.55815979,39.08609615,141,141,141,8,"3/26/2012",2,480854,"North Branch Kings Creek",0.736,1.02701e+13,1,NA,460,46003,0,1,0,0.007209398,2.3001e+13,1027,1,0.018927591,141,0.00844257619418156
1017,-96.55839214,39.08635244,142,142,142,8,"3/26/2012",2,480854,"North Branch Kings Creek",0.736,1.02701e+13,1,NA,460,46003,0,1,0,0.007209398,2.3001e+13,1027,1,0.021206184,142,0.00885776607497084
1017,-96.55851635,39.08667447,143,143,143,8,"3/26/2012",2,480854,"North Branch Kings Creek",0.736,1.02701e+13,1,NA,460,46003,0,1,0,0.007209398,2.3001e+13,1027,1,0.011819557,143,0.00930266853882801
1017,-96.55857254,39.0870168,144,144,144,8,"3/26/2012",2,480854,"North Branch Kings Creek",0.736,1.02701e+13,1,NA,460,46003,0,1,0,0.007209398,2.3001e+13,1027,1,0.009764364,144,0.00975928639041621
1017,-96.55860158,39.0873631,145,145,145,8,"3/26/2012",2,480854,"North Branch Kings Creek",0.736,1.02701e+13,1,NA,460,46003,0,1,0,0.007209398,2.3001e+13,1027,1,0.015472133,145,0.0102184435137428
1017,-96.55883972,39.08756608,146,146,146,8,"3/26/2012",2,480854,"North Branch Kings Creek",0.736,1.02701e+13,1,NA,460,46003,0,1,0,0.007209398,2.3001e+13,1027,1,0.013647031,146,0.0105823361368579
1017,-96.55868219,39.08778436,147,147,147,8,"3/26/2012",2,480854,"North Branch Kings Creek",0.736,1.02701e+13,1,NA,460,46003,0,1,0,0.007209398,2.3001e+13,1027,1,0.004371338,147,0.0109136810632133
1017,-96.55876519,39.08796586,148,148,148,8,"3/26/2012",2,480854,"North Branch Kings Creek",0.736,1.02701e+13,1,NA,460,46003,0,1,0,0.007209398,2.3001e+13,1027,1,0.012761657,148,0.0111686131130174
1017,-96.55896183,39.08824866,149,149,149,8,"3/26/2012",2,480854,"North Branch Kings Creek",0.736,1.02701e+13,1,NA,460,46003,0,1,0,0.007209398,2.3001e+13,1027,1,0.007250112,149,0.0115941829123428
1017,-96.55896842,39.08853594,150,150,150,8,"3/26/2012",2,480854,"North Branch Kings Creek",0.736,1.02701e+13,1,NA,460,46003,0,1,0,0.007209398,2.3001e+13,1027,1,0.010772613,150,0.011974335734713
1017,-96.55883066,39.08881699,151,151,151,8,"3/26/2012",2,480854,"North Branch Kings Creek",0.736,1.02701e+13,1,NA,460,46003,0,1,0,0.007209398,2.3001e+13,1027,1,0.010024021,151,0.0123723916758707
1017,-96.55890961,39.08913737,152,152,152,8,"3/26/2012",2,480854,"North Branch Kings Creek",0.736,1.02701e+13,1,NA,460,46003,0,1,0,0.007209398,2.3001e+13,1027,1,0.006070546,152,0.0128040234057219
1017,-96.55887287,39.08941173,153,153,153,8,"3/26/2012",2,480854,"North Branch Kings Creek",0.736,1.02701e+13,1,NA,460,46003,0,1,0,0.007209398,2.3001e+13,1027,1,0.008951964,153,0.0131689927960601
1017,-96.55857305,39.08958262,154,154,154,8,"3/26/2012",2,480854,"North Branch Kings Creek",0.736,1.02701e+13,1,NA,460,46003,0,1,0,0.007209398,2.3001e+13,1027,1,0.021950735,154,0.01355199291658
1017,-96.55843583,39.08989043,155,155,155,8,"3/26/2012",2,480854,"North Branch Kings Creek",0.736,1.02701e+13,1,NA,460,46003,0,1,0,0.007209398,2.3001e+13,1027,1,0.017388505,155,0.0139831247093119
1017,-96.5584696,39.09022783,156,156,156,8,"3/26/2012",2,480854,"North Branch Kings Creek",0.736,1.02701e+13,1,NA,460,46003,0,1,0,0.007209398,2.3001e+13,1027,1,0.018158615,156,0.0144308851929582
1017,-96.55859616,39.09053743,157,157,157,8,"3/26/2012",2,480854,"North Branch Kings Creek",0.736,1.02701e+13,1,NA,460,46003,0,1,0,0.007209398,2.3001e+13,1027,1,0.027314647,157,0.014860791622502
1017,-96.55887717,39.09068022,158,158,158,8,"3/26/2012",2,480854,"North Branch Kings Creek",0.736,1.02701e+13,1,NA,460,46003,0,1,0,0.007209398,2.3001e+13,1027,1,0.018250342,158,0.0152066838192206
1017,-96.55868059,39.09086184,159,159,159,8,"3/26/2012",2,480854,"North Branch Kings Creek",0.736,1.02701e+13,1,NA,460,46003,0,1,0,0.007209398,2.3001e+13,1027,1,0.007842576,159,0.0155210476464317
1017,-96.55897876,39.09092898,160,160,160,8,"3/26/2012",2,480854,"North Branch Kings Creek",0.736,1.02701e+13,1,NA,460,46003,0,1,0,0.007209398,2.3001e+13,1027,1,0.008776392,160,0.0158410573632629
1017,-96.55916203,39.09103134,161,161,161,8,"3/26/2012",2,480854,"North Branch Kings Creek",0.736,1.02701e+13,1,NA,460,46003,0,1,0,0.007209398,2.3001e+13,1027,1,0.004812519,161,0.0160735404795183
1018,-96.55916203,39.09103134,57,57,57,4,"3/26/2012",2,480854,"North Branch Kings Creek",0.924,1.02701e+13,1,NA,460,46003,0,1,0,0.009928804,2.3001e+13,1027,1,0.022991002,57,0.0355491728999954
1018,-96.55932571,39.09132291,58,58,58,4,"3/26/2012",2,480854,"North Branch Kings Creek",0.924,1.02701e+13,1,NA,460,46003,0,1,0,0.009928804,2.3001e+13,1027,1,0.006025962,58,0.0374297703620654
1018,-96.55938096,39.09165865,59,59,59,4,"3/26/2012",2,480854,"North Branch Kings Creek",0.924,1.02701e+13,1,NA,460,46003,0,1,0,0.009928804,2.3001e+13,1027,1,0.010055821,59,0.0394299643333292
1018,-96.55959763,39.09189654,60,60,60,4,"3/26/2012",2,480854,"North Branch Kings Creek",0.924,1.02701e+13,1,NA,460,46003,0,1,0,0.009928804,2.3001e+13,1027,1,0.023923377,60,0.0411537976448703
1018,-96.55992502,39.09199666,61,61,61,4,"3/26/2012",2,480854,"North Branch Kings Creek",0.924,1.02701e+13,1,NA,460,46003,0,1,0,0.009928804,2.3001e+13,1027,1,0.015083712,61,0.0427733383390467
1018,-96.559977,39.09230051,62,62,62,4,"3/26/2012",2,480854,"North Branch Kings Creek",0.924,1.02701e+13,1,NA,460,46003,0,1,0,0.009928804,2.3001e+13,1027,1,0.01179383,62,0.0445847264388113
1018,-96.55999944,39.09262212,63,63,63,4,"3/26/2012",2,480854,"North Branch Kings Creek",0.924,1.02701e+13,1,NA,460,46003,0,1,0,0.009928804,2.3001e+13,1027,1,0.031457296,63,0.0464879839482118
1018,-96.56025466,39.09284689,64,64,64,4,"3/26/2012",2,480854,"North Branch Kings Creek",0.924,1.02701e+13,1,NA,460,46003,0,1,0,0.009928804,2.3001e+13,1027,1,0.027411696,64,0.0482615015016027
1018,-96.56056364,39.09296626,65,65,65,4,"3/26/2012",2,480854,"North Branch Kings Creek",0.924,1.02701e+13,1,NA,460,46003,0,1,0,0.009928804,2.3001e+13,1027,1,0.008510567,65,0.0498495694350802
1018,-96.56089667,39.09302285,66,66,66,4,"3/26/2012",2,480854,"North Branch Kings Creek",0.924,1.02701e+13,1,NA,460,46003,0,1,0,0.009928804,2.3001e+13,1027,1,0.015626666,66,0.0514191646968908
1018,-96.56120039,39.09319003,67,67,67,4,"3/26/2012",2,480854,"North Branch Kings Creek",0.924,1.02701e+13,1,NA,460,46003,0,1,0,0.009928804,2.3001e+13,1027,1,0.022742766,67,0.0531314701052318
1018,-96.56141065,39.09344731,68,68,68,4,"3/26/2012",2,480854,"North Branch Kings Creek",0.924,1.02701e+13,1,NA,460,46003,0,1,0,0.009928804,2.3001e+13,1027,1,0.020918607,68,0.0549339110581552
1018,-96.56160959,39.09372117,69,69,69,4,"3/26/2012",2,480854,"North Branch Kings Creek",0.924,1.02701e+13,1,NA,460,46003,0,1,0,0.009928804,2.3001e+13,1027,1,0.015507449,69,0.056793498693459
1018,-96.56191615,39.093766,70,70,70,4,"3/26/2012",2,480854,"North Branch Kings Creek",0.924,1.02701e+13,1,NA,460,46003,0,1,0,0.009928804,2.3001e+13,1027,1,0.010096292,70,0.0582297937288956
1018,-96.56225194,39.09385438,71,71,71,4,"3/26/2012",2,480854,"North Branch Kings Creek",0.924,1.02701e+13,1,NA,460,46003,0,1,0,0.009928804,2.3001e+13,1027,1,0.004685135,71,0.0598618604775252
1018,-96.56258844,39.09393661,72,72,72,4,"3/26/2012",2,480854,"North Branch Kings Creek",0.924,1.02701e+13,1,NA,460,46003,0,1,0,0.009928804,2.3001e+13,1027,1,0.007706915,72,0.0614857814444988
1018,-96.56293597,39.09394382,73,73,73,4,"3/26/2012",2,480854,"North Branch Kings Creek",0.924,1.02701e+13,1,NA,460,46003,0,1,0,0.009928804,2.3001e+13,1027,1,0.010210251,73,0.063086657538737
1018,-96.56328081,39.09390429,74,74,74,4,"3/26/2012",2,480854,"North Branch Kings Creek",0.924,1.02701e+13,1,NA,460,46003,0,1,0,0.009928804,2.3001e+13,1027,1,0.012713587,74,0.0646916690672454
1018,-96.56361327,39.09380444,75,75,75,4,"3/26/2012",2,480854,"North Branch Kings Creek",0.924,1.02701e+13,1,NA,460,46003,0,1,0,0.009928804,2.3001e+13,1027,1,0.015216923,75,0.0663323525365376
1018,-96.56395247,39.09377377,76,76,76,4,"3/26/2012",2,480854,"North Branch Kings Creek",0.924,1.02701e+13,1,NA,460,46003,0,1,0,0.009928804,2.3001e+13,1027,1,0.01772026,76,0.0679047860898799
1018,-96.56428609,39.09386814,77,77,77,4,"3/26/2012",2,480854,"North Branch Kings Creek",0.924,1.02701e+13,1,NA,460,46003,0,1,0,0.009928804,2.3001e+13,1027,1,0.020223596,77,0.0695391249502346
1018,-96.56460948,39.09376491,78,78,78,4,"3/26/2012",2,480854,"North Branch Kings Creek",0.924,1.02701e+13,1,NA,460,46003,0,1,0,0.009928804,2.3001e+13,1027,1,0.022726932,78,0.0711483725523143
1018,-96.56494231,39.09369757,79,79,79,4,"3/26/2012",2,480854,"North Branch Kings Creek",0.924,1.02701e+13,1,NA,460,46003,0,1,0,0.009928804,2.3001e+13,1027,1,0.010291378,79,0.0727318107336371
1018,-96.56528697,39.09374076,80,80,80,4,"3/26/2012",2,480854,"North Branch Kings Creek",0.924,1.02701e+13,1,NA,460,46003,0,1,0,0.009928804,2.3001e+13,1027,1,0.018723665,80,0.0743392984134532
1018,-96.56562647,39.09368507,81,81,81,4,"3/26/2012",2,480854,"North Branch Kings Creek",0.924,1.02701e+13,1,NA,460,46003,0,1,0,0.009928804,2.3001e+13,1027,1,0.022379772,81,0.0759368963150371
1018,-96.56595841,39.09359257,82,82,82,4,"3/26/2012",2,480854,"North Branch Kings Creek",0.924,1.02701e+13,1,NA,460,46003,0,1,0,0.009928804,2.3001e+13,1027,1,0.011728929,82,0.0775602151261863
1018,-96.56626212,39.09372961,83,83,83,4,"3/26/2012",2,480854,"North Branch Kings Creek",0.924,1.02701e+13,1,NA,460,46003,0,1,0,0.009928804,2.3001e+13,1027,1,0.005335137,83,0.0791762773915585
1018,-96.56656999,39.0936601,84,84,84,4,"3/26/2012",2,480854,"North Branch Kings Creek",0.924,1.02701e+13,1,NA,460,46003,0,1,0,0.009928804,2.3001e+13,1027,1,0.009859604,84,0.0806522686658062
1018,-96.56689295,39.09354123,85,85,85,4,"3/26/2012",2,480854,"North Branch Kings Creek",0.924,1.02701e+13,1,NA,460,46003,0,1,0,0.009928804,2.3001e+13,1027,1,0.009702311,85,0.0822969850535984
1018,-96.56708709,39.09351794,86,86,86,4,"3/26/2012",2,480854,"North Branch Kings Creek",0.924,1.02701e+13,1,NA,460,46003,0,1,0,0.009928804,2.3001e+13,1027,1,0.008681504,86,0.0832014990707605
1019,-96.59851689,39.10258807,381,381,381,23,"3/26/2012",2,480855,"Kings Creek",0.686,1.02701e+13,1,NA,460,46000,0,1,0,0.007016526,2.3001e+13,1027,1,0.059842927,381,0.931689372878492
1019,-96.59885561,39.10255231,382,382,382,23,"3/26/2012",2,480855,"Kings Creek",0.686,1.02701e+13,1,NA,460,46000,0,1,0,0.007016526,2.3001e+13,1027,1,0.105311144,382,0.932364009077171
1019,-96.59918469,39.10262494,383,383,383,23,"3/26/2012",2,480855,"Kings Creek",0.686,1.02701e+13,1,NA,460,46000,0,1,0,0.007016526,2.3001e+13,1027,1,0.114784509,383,0.933039063766525
1019,-96.59949146,39.10276245,384,384,384,23,"3/26/2012",2,480855,"Kings Creek",0.686,1.02701e+13,1,NA,460,46000,0,1,0,0.007016526,2.3001e+13,1027,1,0.124257875,384,0.933737575694934
1019,-96.59974579,39.10298585,385,385,385,23,"3/26/2012",2,480855,"Kings Creek",0.686,1.02701e+13,1,NA,460,46000,0,1,0,0.007016526,2.3001e+13,1027,1,0.133731241,385,0.934494014057036
1019,-96.59984501,39.1033012,386,386,386,23,"3/26/2012",2,480855,"Kings Creek",0.686,1.02701e+13,1,NA,460,46000,0,1,0,0.007016526,2.3001e+13,1027,1,0.128071319,386,0.9353164716625
1019,-96.59972388,39.10362046,387,387,387,23,"3/26/2012",2,480855,"Kings Creek",0.686,1.02701e+13,1,NA,460,46000,0,1,0,0.007016526,2.3001e+13,1027,1,0.122411397,387,0.936159776914184
1019,-96.59970321,39.10396507,388,388,388,23,"3/26/2012",2,480855,"Kings Creek",0.686,1.02701e+13,1,NA,460,46000,0,1,0,0.007016526,2.3001e+13,1027,1,0.027750774,388,0.937033651571884
1019,-96.59969949,39.10430055,389,389,389,23,"3/26/2012",2,480855,"Kings Creek",0.686,1.02701e+13,1,NA,460,46000,0,1,0,0.007016526,2.3001e+13,1027,1,0.033839042,389,0.937883478295473
1019,-96.59997877,39.10440485,390,390,390,23,"3/26/2012",2,480855,"Kings Creek",0.686,1.02701e+13,1,NA,460,46000,0,1,0,0.007016526,2.3001e+13,1027,1,0.03992731,390,0.9384947229243
1019,-96.60024805,39.10424865,391,391,391,23,"3/26/2012",2,480855,"Kings Creek",0.686,1.02701e+13,1,NA,460,46000,0,1,0,0.007016526,2.3001e+13,1027,1,0.046015578,391,0.939157295629395
1019,-96.60042661,39.10448933,392,392,392,23,"3/26/2012",2,480855,"Kings Creek",0.686,1.02701e+13,1,NA,460,46000,0,1,0,0.007016526,2.3001e+13,1027,1,0.052103846,392,0.939861482918006
1019,-96.60070219,39.1046488,393,393,393,23,"3/26/2012",2,480855,"Kings Creek",0.686,1.02701e+13,1,NA,460,46000,0,1,0,0.007016526,2.3001e+13,1027,1,0.043440697,393,0.940538974469259
1019,-96.60104179,39.10469651,394,394,394,23,"3/26/2012",2,480855,"Kings Creek",0.686,1.02701e+13,1,NA,460,46000,0,1,0,0.007016526,2.3001e+13,1027,1,0.038063279,394,0.941220027176168
1019,-96.60092258,39.10449536,395,395,395,23,"3/26/2012",2,480855,"Kings Creek",0.686,1.02701e+13,1,NA,460,46000,0,1,0,0.007016526,2.3001e+13,1027,1,0.03268586,395,0.941781251991963
1019,-96.60071455,39.10428184,396,396,396,23,"3/26/2012",2,480855,"Kings Creek",0.686,1.02701e+13,1,NA,460,46000,0,1,0,0.007016526,2.3001e+13,1027,1,0.027308441,396,0.94246029805534
1019,-96.60090562,39.1040389,397,397,397,23,"3/26/2012",2,480855,"Kings Creek",0.686,1.02701e+13,1,NA,460,46000,0,1,0,0.007016526,2.3001e+13,1027,1,0.034639807,397,0.943182035885025
1019,-96.60124037,39.10400878,398,398,398,23,"3/26/2012",2,480855,"Kings Creek",0.686,1.02701e+13,1,NA,460,46000,0,1,0,0.007016526,2.3001e+13,1027,1,0.051034656,398,0.943847104911524
1019,-96.60148941,39.10424456,399,399,399,23,"3/26/2012",2,480855,"Kings Creek",0.686,1.02701e+13,1,NA,460,46000,0,1,0,0.007016526,2.3001e+13,1027,1,0.037610799,399,0.944620598977372
1019,-96.60175874,39.10420743,400,400,400,23,"3/26/2012",2,480855,"Kings Creek",0.686,1.02701e+13,1,NA,460,46000,0,1,0,0.007016526,2.3001e+13,1027,1,0.037703993,400,0.945160416333555
1019,-96.60191623,39.10392577,401,401,401,23,"3/26/2012",2,480855,"Kings Creek",0.686,1.02701e+13,1,NA,460,46000,0,1,0,0.007016526,2.3001e+13,1027,1,0.045288753,401,0.945938649799447
1019,-96.60198003,39.10391907,402,402,402,23,"3/26/2012",2,480855,"Kings Creek",0.686,1.02701e+13,1,NA,460,46000,0,1,0,0.007016526,2.3001e+13,1027,1,0.056932932,402,0.946065707220422
1020,-96.60198003,39.10391907,327,327,327,19,"3/26/2012",2,480855,"Kings Creek",0.977,1.02701e+13,1,NA,460,46003,0,1,0,0.010361413,2.3001e+13,1027,1,0.056606414,327,0.946065707220422
1020,-96.60228186,39.10408847,328,328,328,19,"3/26/2012",2,480855,"Kings Creek",0.977,1.02701e+13,1,NA,460,46003,0,1,0,0.010361413,2.3001e+13,1027,1,0.056279897,328,0.951723912029674
1020,-96.60261269,39.10413733,329,329,329,19,"3/26/2012",2,480855,"Kings Creek",0.977,1.02701e+13,1,NA,460,46003,0,1,0,0.010361413,2.3001e+13,1027,1,0.025267647,329,0.956845745160227
1020,-96.6029079,39.10418842,330,330,330,19,"3/26/2012",2,480855,"Kings Creek",0.977,1.02701e+13,1,NA,460,46003,0,1,0,0.010361413,2.3001e+13,1027,1,0.024704689,330,0.961445593509455
1020,-96.60284426,39.10447637,331,331,331,19,"3/26/2012",2,480855,"Kings Creek",0.977,1.02701e+13,1,NA,460,46003,0,1,0,0.010361413,2.3001e+13,1027,1,0.024141731,331,0.967149817497366
1020,-96.60250635,39.10446191,332,332,332,19,"3/26/2012",2,480855,"Kings Creek",0.977,1.02701e+13,1,NA,460,46003,0,1,0,0.010361413,2.3001e+13,1027,1,0.023578773,332,0.972297458699539
1020,-96.60222176,39.10464529,333,333,333,19,"3/26/2012",2,480855,"Kings Creek",0.977,1.02701e+13,1,NA,460,46003,0,1,0,0.010361413,2.3001e+13,1027,1,0.027905703,333,0.977914887143307
1020,-96.6024996,39.10474907,334,334,334,19,"3/26/2012",2,480855,"Kings Creek",0.977,1.02701e+13,1,NA,460,46003,0,1,0,0.010361413,2.3001e+13,1027,1,0.02028068,334,0.982601603885074
1020,-96.60284289,39.10480321,335,335,335,19,"3/26/2012",2,480855,"Kings Creek",0.977,1.02701e+13,1,NA,460,46003,0,1,0,0.010361413,2.3001e+13,1027,1,0.025035668,335,0.98792920675115
1020,-96.60318273,39.10487622,336,336,336,19,"3/26/2012",2,480855,"Kings Creek",0.977,1.02701e+13,1,NA,460,46003,0,1,0,0.010361413,2.3001e+13,1027,1,0.019332469,336,0.993291338799826
1020,-96.60338497,39.10509715,337,337,337,19,"3/26/2012",2,480855,"Kings Creek",0.977,1.02701e+13,1,NA,460,46003,0,1,0,0.010361413,2.3001e+13,1027,1,0.008293625,337,0.998589063490453
1020,-96.60339556,39.10516895,338,338,338,19,"3/26/2012",2,480855,"Kings Creek",0.977,1.02701e+13,1,NA,460,46003,0,1,0,0.010361413,2.3001e+13,1027,1,0.004567715,338,1
1021,-96.59242863,39.10132307,6,6,6,1,"3/26/2012",2,480855,"Kings Creek",0.864,1.02701e+13,1,NA,460,46003,0,1,0,0.008988493,2.3001e+13,1027,1,0.077676573,6,0.850430829250311
1021,-96.59266527,39.10156777,7,7,7,1,"3/26/2012",2,480855,"Kings Creek",0.864,1.02701e+13,1,NA,460,46003,0,1,0,0.008988493,2.3001e+13,1027,1,0.077676573,7,0.852971054294718
1021,-96.59294119,39.10145914,8,8,8,1,"3/26/2012",2,480855,"Kings Creek",0.864,1.02701e+13,1,NA,460,46003,0,1,0,0.008988493,2.3001e+13,1027,1,0.077676573,8,0.85496810964272
1021,-96.5932854,39.10144734,9,9,9,1,"3/26/2012",2,480855,"Kings Creek",0.864,1.02701e+13,1,NA,460,46003,0,1,0,0.008988493,2.3001e+13,1027,1,0.058192114,9,0.857193858601324
1021,-96.59361817,39.10153963,10,10,10,1,"3/26/2012",2,480855,"Kings Creek",0.864,1.02701e+13,1,NA,460,46003,0,1,0,0.008988493,2.3001e+13,1027,1,0.064280383,10,0.859475666611472
1021,-96.5939546,39.10159183,11,11,11,1,"3/26/2012",2,480855,"Kings Creek",0.864,1.02701e+13,1,NA,460,46003,0,1,0,0.008988493,2.3001e+13,1027,1,0.070368651,11,0.861691673068483
1021,-96.59428172,39.10167309,12,12,12,1,"3/26/2012",2,480855,"Kings Creek",0.864,1.02701e+13,1,NA,460,46003,0,1,0,0.008988493,2.3001e+13,1027,1,0.076456919,12,0.863909658425848
1021,-96.59459027,39.10182346,13,13,13,1,"3/26/2012",2,480855,"Kings Creek",0.864,1.02701e+13,1,NA,460,46003,0,1,0,0.008988493,2.3001e+13,1027,1,0.071467002,13,0.866260651524635
1021,-96.59471925,39.10211751,14,14,14,1,"3/26/2012",2,480855,"Kings Creek",0.864,1.02701e+13,1,NA,460,46003,0,1,0,0.008988493,2.3001e+13,1027,1,0.067068155,14,0.868837004484351
1021,-96.59469888,39.10246397,15,15,15,1,"3/26/2012",2,480855,"Kings Creek",0.864,1.02701e+13,1,NA,460,46003,0,1,0,0.008988493,2.3001e+13,1027,1,0.058004486,15,0.871712438024056
1021,-96.5947351,39.10280502,16,16,16,1,"3/26/2012",2,480855,"Kings Creek",0.864,1.02701e+13,1,NA,460,46003,0,1,0,0.008988493,2.3001e+13,1027,1,0.059228444,16,0.874549670263538
1021,-96.59472095,39.10314023,17,17,17,1,"3/26/2012",2,480855,"Kings Creek",0.864,1.02701e+13,1,NA,460,46003,0,1,0,0.008988493,2.3001e+13,1027,1,0.059217975,17,0.877330323205644
1021,-96.59492679,39.10337825,18,18,18,1,"3/26/2012",2,480855,"Kings Creek",0.864,1.02701e+13,1,NA,460,46003,0,1,0,0.008988493,2.3001e+13,1027,1,0.059572954,18,0.879709876349726
1021,-96.59522484,39.10355082,19,19,19,1,"3/26/2012",2,480855,"Kings Creek",0.864,1.02701e+13,1,NA,460,46003,0,1,0,0.008988493,2.3001e+13,1027,1,0.054195535,19,0.882108622696573
1021,-96.59547954,39.10375748,20,20,20,1,"3/26/2012",2,480855,"Kings Creek",0.864,1.02701e+13,1,NA,460,46003,0,1,0,0.008988493,2.3001e+13,1027,1,0.048818116,20,0.884484057921633
1021,-96.595763,39.10389018,21,21,21,1,"3/26/2012",2,480855,"Kings Creek",0.864,1.02701e+13,1,NA,460,46003,0,1,0,0.008988493,2.3001e+13,1027,1,0.085757946,21,0.8866202470983
1021,-96.59593059,39.10361981,22,22,22,1,"3/26/2012",2,480855,"Kings Creek",0.864,1.02701e+13,1,NA,460,46003,0,1,0,0.008988493,2.3001e+13,1027,1,0.101188914,22,0.889109560651863
1021,-96.59623349,39.10347924,23,23,23,1,"3/26/2012",2,480855,"Kings Creek",0.864,1.02701e+13,1,NA,460,46003,0,1,0,0.008988493,2.3001e+13,1027,1,0.116619882,23,0.89138702025898
1021,-96.59658097,39.10348317,24,24,24,1,"3/26/2012",2,480855,"Kings Creek",0.864,1.02701e+13,1,NA,460,46003,0,1,0,0.008988493,2.3001e+13,1027,1,0.13205085,24,0.893631914500486
1021,-96.59688777,39.10336723,25,25,25,1,"3/26/2012",2,480855,"Kings Creek",0.864,1.02701e+13,1,NA,460,46003,0,1,0,0.008988493,2.3001e+13,1027,1,0.114018874,25,0.895834592835742
1021,-96.59721452,39.10330716,26,26,26,1,"3/26/2012",2,480855,"Kings Creek",0.864,1.02701e+13,1,NA,460,46003,0,1,0,0.008988493,2.3001e+13,1027,1,0.100700295,26,0.89800330129083
1021,-96.59754807,39.1033852,27,27,27,1,"3/26/2012",2,480855,"Kings Creek",0.864,1.02701e+13,1,NA,460,46003,0,1,0,0.008988493,2.3001e+13,1027,1,0.074798795,27,0.900253024789311
1021,-96.59787564,39.1034177,28,28,28,1,"3/26/2012",2,480855,"Kings Creek",0.864,1.02701e+13,1,NA,460,46003,0,1,0,0.008988493,2.3001e+13,1027,1,0.078977385,28,0.902386156417712
1021,-96.59821995,39.1033774,29,29,29,1,"3/26/2012",2,480855,"Kings Creek",0.864,1.02701e+13,1,NA,460,46003,0,1,0,0.008988493,2.3001e+13,1027,1,0.07557757,29,0.904635294917876
1021,-96.59847372,39.10317166,30,30,30,1,"3/26/2012",2,480855,"Kings Creek",0.864,1.02701e+13,1,NA,460,46003,0,1,0,0.008988493,2.3001e+13,1027,1,0.079591571,30,0.907001073626361
1021,-96.59841522,39.10283417,31,31,31,1,"3/26/2012",2,480855,"Kings Creek",0.864,1.02701e+13,1,NA,460,46003,0,1,0,0.008988493,2.3001e+13,1027,1,0.0783957,31,0.909824530931982
1021,-96.59851689,39.10258807,32,32,32,1,"3/26/2012",2,480855,"Kings Creek",0.864,1.02701e+13,1,NA,460,46003,0,1,0,0.008988493,2.3001e+13,1027,1,0.069119313,32,0.911967991153025
1022,-96.57137329,39.09724634,452,452,452,26,"3/26/2012",2,480854,"North Branch Kings Creek",2.742,1.02701e+13,1,NA,460,46003,0,1,0,0.029614459,2.3001e+13,1027,1,0.055240157,452,0.173737078962324
1022,-96.57170115,39.09735848,453,453,453,26,"3/26/2012",2,480854,"North Branch Kings Creek",2.742,1.02701e+13,1,NA,460,46003,0,1,0,0.029614459,2.3001e+13,1027,1,0.046381503,453,0.176040214335363
1022,-96.57201615,39.09748584,454,454,454,26,"3/26/2012",2,480854,"North Branch Kings Creek",2.742,1.02701e+13,1,NA,460,46003,0,1,0,0.029614459,2.3001e+13,1027,1,0.030276509,454,0.178322921420189
1022,-96.57228909,39.09769863,455,455,455,26,"3/26/2012",2,480854,"North Branch Kings Creek",2.742,1.02701e+13,1,NA,460,46003,0,1,0,0.029614459,2.3001e+13,1027,1,0.015409547,455,0.180806410137905
1022,-96.57260866,39.09782115,456,456,456,26,"3/26/2012",2,480854,"North Branch Kings Creek",2.742,1.02701e+13,1,NA,460,46003,0,1,0,0.029614459,2.3001e+13,1027,1,0.021904851,456,0.183097324087107
1022,-96.57280097,39.09809792,457,457,457,26,"3/26/2012",2,480854,"North Branch Kings Creek",2.742,1.02701e+13,1,NA,460,46003,0,1,0,0.029614459,2.3001e+13,1027,1,0.028400155,457,0.185695388836379
1022,-96.57307934,39.09827173,458,458,458,26,"3/26/2012",2,480854,"North Branch Kings Creek",2.742,1.02701e+13,1,NA,460,46003,0,1,0,0.029614459,2.3001e+13,1027,1,0.023268904,458,0.187989870936759
1022,-96.57332025,39.09844744,459,459,459,26,"3/26/2012",2,480854,"North Branch Kings Creek",2.742,1.02701e+13,1,NA,460,46003,0,1,0,0.029614459,2.3001e+13,1027,1,0.027953143,459,0.190112385152388
1022,-96.57357324,39.09864679,460,460,460,26,"3/26/2012",2,480854,"North Branch Kings Creek",2.742,1.02701e+13,1,NA,460,46003,0,1,0,0.029614459,2.3001e+13,1027,1,0.032637382,460,0.192426705351154
1022,-96.57390818,39.09871903,461,461,461,26,"3/26/2012",2,480854,"North Branch Kings Creek",2.742,1.02701e+13,1,NA,460,46003,0,1,0,0.029614459,2.3001e+13,1027,1,0.037321621,461,0.194662126324698
1022,-96.57409601,39.09899225,462,462,462,26,"3/26/2012",2,480854,"North Branch Kings Creek",2.742,1.02701e+13,1,NA,460,46003,0,1,0,0.029614459,2.3001e+13,1027,1,0.040060528,462,0.197220719387324
1022,-96.57443197,39.0989672,463,463,463,26,"3/26/2012",2,480854,"North Branch Kings Creek",2.742,1.02701e+13,1,NA,460,46003,0,1,0,0.029614459,2.3001e+13,1027,1,0.033546722,463,0.199391556370175
1022,-96.57477677,39.09900069,464,464,464,26,"3/26/2012",2,480854,"North Branch Kings Creek",2.742,1.02701e+13,1,NA,460,46003,0,1,0,0.029614459,2.3001e+13,1027,1,0.034495472,464,0.201626546632677
1022,-96.57493418,39.09925254,465,465,465,26,"3/26/2012",2,480854,"North Branch Kings Creek",2.742,1.02701e+13,1,NA,460,46003,0,1,0,0.029614459,2.3001e+13,1027,1,0.038097011,465,0.203938964235625
1022,-96.5746758,39.09946813,466,466,466,26,"3/26/2012",2,480854,"North Branch Kings Creek",2.742,1.02701e+13,1,NA,460,46003,0,1,0,0.029614459,2.3001e+13,1027,1,0.035685807,466,0.20637396655588
1022,-96.57433654,39.09940917,467,467,467,26,"3/26/2012",2,480854,"North Branch Kings Creek",2.742,1.02701e+13,1,NA,460,46003,0,1,0,0.029614459,2.3001e+13,1027,1,0.02269187,467,0.208609762150351
1022,-96.57407155,39.09956872,468,468,468,26,"3/26/2012",2,480854,"North Branch Kings Creek",2.742,1.02701e+13,1,NA,460,46003,0,1,0,0.029614459,2.3001e+13,1027,1,0.032984486,468,0.210763785659368
1022,-96.57422461,39.09982425,469,469,469,26,"3/26/2012",2,480854,"North Branch Kings Creek",2.742,1.02701e+13,1,NA,460,46003,0,1,0,0.029614459,2.3001e+13,1027,1,0.028448128,469,0.213091577717813
1022,-96.57452292,39.09995149,470,470,470,26,"3/26/2012",2,480854,"North Branch Kings Creek",2.742,1.02701e+13,1,NA,460,46003,0,1,0,0.029614459,2.3001e+13,1027,1,0.013770224,470,0.215279017315795
1022,-96.57428327,39.10011098,471,471,471,26,"3/26/2012",2,480854,"North Branch Kings Creek",2.742,1.02701e+13,1,NA,460,46003,0,1,0,0.029614459,2.3001e+13,1027,1,0.035365982,471,0.217306187621522
1022,-96.57403125,39.10031856,472,472,472,26,"3/26/2012",2,480854,"North Branch Kings Creek",2.742,1.02701e+13,1,NA,460,46003,0,1,0,0.029614459,2.3001e+13,1027,1,0.038483055,472,0.219664979265023
1022,-96.57403219,39.10065749,473,473,473,26,"3/26/2012",2,480854,"North Branch Kings Creek",2.742,1.02701e+13,1,NA,460,46003,0,1,0,0.029614459,2.3001e+13,1027,1,0.033309493,473,0.222462789795808
1022,-96.57429317,39.10086247,474,474,474,26,"3/26/2012",2,480854,"North Branch Kings Creek",2.742,1.02701e+13,1,NA,460,46003,0,1,0,0.029614459,2.3001e+13,1027,1,0.029829712,474,0.224846259417552
1022,-96.57463102,39.10093469,475,475,475,26,"3/26/2012",2,480854,"North Branch Kings Creek",2.742,1.02701e+13,1,NA,460,46003,0,1,0,0.029614459,2.3001e+13,1027,1,0.037714847,475,0.227099616229031
1022,-96.57497777,39.10092728,476,476,476,26,"3/26/2012",2,480854,"North Branch Kings Creek",2.742,1.02701e+13,1,NA,460,46003,0,1,0,0.029614459,2.3001e+13,1027,1,0.026123527,476,0.229330762941791
1022,-96.57532397,39.10091828,477,477,477,26,"3/26/2012",2,480854,"North Branch Kings Creek",2.742,1.02701e+13,1,NA,460,46003,0,1,0,0.029614459,2.3001e+13,1027,1,0.015902196,477,0.231558772661205
1022,-96.57566925,39.10095765,478,478,478,26,"3/26/2012",2,480854,"North Branch Kings Creek",2.742,1.02701e+13,1,NA,460,46003,0,1,0,0.029614459,2.3001e+13,1027,1,0.026366674,478,0.233803278581778
1022,-96.5760157,39.10095726,479,479,479,26,"3/26/2012",2,480854,"North Branch Kings Creek",2.742,1.02701e+13,1,NA,460,46003,0,1,0,0.029614459,2.3001e+13,1027,1,0.036831151,479,0.236031658538271
1022,-96.57633514,39.10082313,480,480,480,26,"3/26/2012",2,480854,"North Branch Kings Creek",2.742,1.02701e+13,1,NA,460,46003,0,1,0,0.029614459,2.3001e+13,1027,1,0.034895459,480,0.238365650919219
1022,-96.57661062,39.10061469,481,481,481,26,"3/26/2012",2,480854,"North Branch Kings Creek",2.742,1.02701e+13,1,NA,460,46003,0,1,0,0.029614459,2.3001e+13,1027,1,0.041390763,481,0.240835512661244
1022,-96.57693531,39.1005369,482,482,482,26,"3/26/2012",2,480854,"North Branch Kings Creek",2.742,1.02701e+13,1,NA,460,46003,0,1,0,0.029614459,2.3001e+13,1027,1,0.047886067,482,0.243020433084059
1022,-96.5772654,39.10064132,483,483,483,26,"3/26/2012",2,480854,"North Branch Kings Creek",2.742,1.02701e+13,1,NA,460,46003,0,1,0,0.029614459,2.3001e+13,1027,1,0.054381371,483,0.245311895346443
1022,-96.57760237,39.10071826,484,484,484,26,"3/26/2012",2,480854,"North Branch Kings Creek",2.742,1.02701e+13,1,NA,460,46003,0,1,0,0.029614459,2.3001e+13,1027,1,0.050170381,484,0.247570446293377
1022,-96.57793687,39.10080217,485,485,485,26,"3/26/2012",2,480854,"North Branch Kings Creek",2.742,1.02701e+13,1,NA,460,46003,0,1,0,0.029614459,2.3001e+13,1027,1,0.055744045,485,0.249830716587048
1022,-96.57821958,39.1010019,486,486,486,26,"3/26/2012",2,480854,"North Branch Kings Creek",2.742,1.02701e+13,1,NA,460,46003,0,1,0,0.029614459,2.3001e+13,1027,1,0.059277074,486,0.252285285244135
1022,-96.57839472,39.1012706,487,487,487,26,"3/26/2012",2,480854,"North Branch Kings Creek",2.742,1.02701e+13,1,NA,460,46003,0,1,0,0.029614459,2.3001e+13,1027,1,0.058627958,487,0.254773022847958
1022,-96.57858066,39.10154015,488,488,488,26,"3/26/2012",2,480854,"North Branch Kings Creek",2.742,1.02701e+13,1,NA,460,46003,0,1,0,0.029614459,2.3001e+13,1027,1,0.062856372,488,0.257299153508156
1022,-96.57891174,39.1016022,489,489,489,26,"3/26/2012",2,480854,"North Branch Kings Creek",2.742,1.02701e+13,1,NA,460,46003,0,1,0,0.029614459,2.3001e+13,1027,1,0.05362665,489,0.259489387665584
1022,-96.57925553,39.10163186,490,490,490,26,"3/26/2012",2,480854,"North Branch Kings Creek",2.742,1.02701e+13,1,NA,460,46003,0,1,0,0.029614459,2.3001e+13,1027,1,0.050136562,490,0.26171414888458
1022,-96.579561,39.10178982,491,491,491,26,"3/26/2012",2,480854,"North Branch Kings Creek",2.742,1.02701e+13,1,NA,460,46003,0,1,0,0.029614459,2.3001e+13,1027,1,0.040794531,491,0.264072233754209
1022,-96.57990223,39.10173041,492,492,492,26,"3/26/2012",2,480854,"North Branch Kings Creek",2.742,1.02701e+13,1,NA,460,46003,0,1,0,0.029614459,2.3001e+13,1027,1,0.042008321,492,0.26632113544526
1022,-96.58023827,39.10164984,493,493,493,26,"3/26/2012",2,480854,"North Branch Kings Creek",2.742,1.02701e+13,1,NA,460,46003,0,1,0,0.029614459,2.3001e+13,1027,1,0.038141837,493,0.268582547790947
1022,-96.58052274,39.10146204,494,494,494,26,"3/26/2012",2,480854,"North Branch Kings Creek",2.742,1.02701e+13,1,NA,460,46003,0,1,0,0.029614459,2.3001e+13,1027,1,0.039062987,494,0.270980694574653
1022,-96.58062514,39.1011364,495,495,495,26,"3/26/2012",2,480854,"North Branch Kings Creek",2.742,1.02701e+13,1,NA,460,46003,0,1,0,0.029614459,2.3001e+13,1027,1,0.04086035,495,0.273748305987645
1022,-96.58095557,39.10106411,496,496,496,26,"3/26/2012",2,480854,"North Branch Kings Creek",2.742,1.02701e+13,1,NA,460,46003,0,1,0,0.029614459,2.3001e+13,1027,1,0.042657712,496,0.275955824089292
1022,-96.58127888,39.10117225,497,497,497,26,"3/26/2012",2,480854,"North Branch Kings Creek",2.742,1.02701e+13,1,NA,460,46003,0,1,0,0.029614459,2.3001e+13,1027,1,0.044455075,497,0.27821886152857
1022,-96.58160092,39.10129996,498,498,498,26,"3/26/2012",2,480854,"North Branch Kings Creek",2.742,1.02701e+13,1,NA,460,46003,0,1,0,0.029614459,2.3001e+13,1027,1,0.046252437,498,0.280543067170939
1022,-96.58193819,39.10136122,499,499,499,26,"3/26/2012",2,480854,"North Branch Kings Creek",2.742,1.02701e+13,1,NA,460,46003,0,1,0,0.029614459,2.3001e+13,1027,1,0.048049799,499,0.282770548303606
1022,-96.58227927,39.10142486,500,500,500,26,"3/26/2012",2,480854,"North Branch Kings Creek",2.742,1.02701e+13,1,NA,460,46003,0,1,0,0.029614459,2.3001e+13,1027,1,0.049847162,500,0.285026394622474
1022,-96.58262495,39.1014254,501,501,501,26,"3/26/2012",2,480854,"North Branch Kings Creek",2.742,1.02701e+13,1,NA,460,46003,0,1,0,0.029614459,2.3001e+13,1027,1,0.059118349,501,0.287249809366911
1022,-96.5829681,39.10144209,502,502,502,26,"3/26/2012",2,480854,"North Branch Kings Creek",2.742,1.02701e+13,1,NA,460,46003,0,1,0,0.029614459,2.3001e+13,1027,1,0.061810234,502,0.289461242255478
1022,-96.5833117,39.10147864,503,503,503,26,"3/26/2012",2,480854,"North Branch Kings Creek",2.742,1.02701e+13,1,NA,460,46003,0,1,0,0.029614459,2.3001e+13,1027,1,0.058904946,503,0.291691772785712
1022,-96.58359568,39.10166956,504,504,504,26,"3/26/2012",2,480854,"North Branch Kings Creek",2.742,1.02701e+13,1,NA,460,46003,0,1,0,0.029614459,2.3001e+13,1027,1,0.053287945,504,0.29410426112263
1022,-96.5838993,39.1018335,505,505,505,26,"3/26/2012",2,480854,"North Branch Kings Creek",2.742,1.02701e+13,1,NA,460,46003,0,1,0,0.029614459,2.3001e+13,1027,1,0.046520103,505,0.296480205993845
1022,-96.58416852,39.10203817,506,506,506,26,"3/26/2012",2,480854,"North Branch Kings Creek",2.742,1.02701e+13,1,NA,460,46003,0,1,0,0.029614459,2.3001e+13,1027,1,0.042628135,506,0.298899486945096
1022,-96.58440017,39.10228277,507,507,507,26,"3/26/2012",2,480854,"North Branch Kings Creek",2.742,1.02701e+13,1,NA,460,46003,0,1,0,0.029614459,2.3001e+13,1027,1,0.037589037,507,0.301408838208577
1022,-96.58464558,39.10244787,508,508,508,26,"3/26/2012",2,480854,"North Branch Kings Creek",2.742,1.02701e+13,1,NA,460,46003,0,1,0,0.029614459,2.3001e+13,1027,1,0.035302798,508,0.303494247315201
1022,-96.58498529,39.10249675,509,509,509,26,"3/26/2012",2,480854,"North Branch Kings Creek",2.742,1.02701e+13,1,NA,460,46003,0,1,0,0.029614459,2.3001e+13,1027,1,0.032825785,509,0.30571617028121
1022,-96.58530973,39.10241037,510,510,510,26,"3/26/2012",2,480854,"North Branch Kings Creek",2.742,1.02701e+13,1,NA,460,46003,0,1,0,0.029614459,2.3001e+13,1027,1,0.029440696,510,0.307921397669625
1022,-96.58562489,39.10228166,511,511,511,26,"3/26/2012",2,480854,"North Branch Kings Creek",2.742,1.02701e+13,1,NA,460,46003,0,1,0,0.029614459,2.3001e+13,1027,1,0.03719065,511,0.310210045705102
1022,-96.58577317,39.10200117,512,512,512,26,"3/26/2012",2,480854,"North Branch Kings Creek",2.742,1.02701e+13,1,NA,460,46003,0,1,0,0.029614459,2.3001e+13,1027,1,0.03658023,512,0.312714170157449
1022,-96.5861134,39.10196733,513,513,513,26,"3/26/2012",2,480854,"North Branch Kings Creek",2.742,1.02701e+13,1,NA,460,46003,0,1,0,0.029614459,2.3001e+13,1027,1,0.03596981,513,0.314920265921462
1022,-96.58643645,39.10189076,514,514,514,26,"3/26/2012",2,480854,"North Branch Kings Creek",2.742,1.02701e+13,1,NA,460,46003,0,1,0,0.029614459,2.3001e+13,1027,1,0.094410245,514,0.317092115652709
1022,-96.58676277,39.10180462,515,515,515,26,"3/26/2012",2,480854,"North Branch Kings Creek",2.742,1.02701e+13,1,NA,460,46003,0,1,0,0.029614459,2.3001e+13,1027,1,0.108624848,515,0.319308169379726
1022,-96.5870621,39.10193777,516,516,516,26,"3/26/2012",2,480854,"North Branch Kings Creek",2.742,1.02701e+13,1,NA,460,46003,0,1,0,0.029614459,2.3001e+13,1027,1,0.122839452,516,0.321525097278917
1022,-96.58700811,39.10220771,517,517,517,26,"3/26/2012",2,480854,"North Branch Kings Creek",2.742,1.02701e+13,1,NA,460,46003,0,1,0,0.029614459,2.3001e+13,1027,1,0.137054055,517,0.323780298533048
1022,-96.58694435,39.10250918,518,518,518,26,"3/26/2012",2,480854,"North Branch Kings Creek",2.742,1.02701e+13,1,NA,460,46003,0,1,0,0.029614459,2.3001e+13,1027,1,0.098819358,518,0.326302442147235
1022,-96.58727793,39.10246,519,519,519,26,"3/26/2012",2,480854,"North Branch Kings Creek",2.742,1.02701e+13,1,NA,460,46003,0,1,0,0.029614459,2.3001e+13,1027,1,0.089429497,519,0.328486063593057
1022,-96.58761823,39.10244887,520,520,520,26,"3/26/2012",2,480854,"North Branch Kings Creek",2.742,1.02701e+13,1,NA,460,46003,0,1,0,0.029614459,2.3001e+13,1027,1,0.092240826,520,0.330676765384453
1022,-96.58790736,39.10237433,521,521,521,26,"3/26/2012",2,480854,"North Branch Kings Creek",2.742,1.02701e+13,1,NA,460,46003,0,1,0,0.029614459,2.3001e+13,1027,1,0.086858284,521,0.332635573511635
1022,-96.58822519,39.10224468,522,522,522,26,"3/26/2012",2,480854,"North Branch Kings Creek",2.742,1.02701e+13,1,NA,460,46003,0,1,0,0.029614459,2.3001e+13,1027,1,0.076891047,522,0.334943035481994
1022,-96.58856543,39.10223429,523,523,523,26,"3/26/2012",2,480854,"North Branch Kings Creek",2.742,1.02701e+13,1,NA,460,46003,0,1,0,0.029614459,2.3001e+13,1027,1,0.086364412,523,0.33713311061074
1022,-96.58874739,39.10198608,524,524,524,26,"3/26/2012",2,480854,"North Branch Kings Creek",2.742,1.02701e+13,1,NA,460,46003,0,1,0,0.029614459,2.3001e+13,1027,1,0.095837778,524,0.339492736191841
1022,-96.58908934,39.10196027,525,525,525,26,"3/26/2012",2,480854,"North Branch Kings Creek",2.742,1.02701e+13,1,NA,460,46003,0,1,0,0.029614459,2.3001e+13,1027,1,0.053994278,525,0.341702433461843
1022,-96.58933769,39.1018154,526,526,526,26,"3/26/2012",2,480854,"North Branch Kings Creek",2.742,1.02701e+13,1,NA,460,46003,0,1,0,0.029614459,2.3001e+13,1027,1,0.053667761,526,0.34369785869782
1022,-96.58926241,39.10151054,527,527,527,26,"3/26/2012",2,480854,"North Branch Kings Creek",2.742,1.02701e+13,1,NA,460,46003,0,1,0,0.029614459,2.3001e+13,1027,1,0.053341244,527,0.346260579442604
1022,-96.58960219,39.10152434,528,528,528,26,"3/26/2012",2,480854,"North Branch Kings Creek",2.742,1.02701e+13,1,NA,460,46003,0,1,0,0.029614459,2.3001e+13,1027,1,0.053014727,528,0.348449005046325
1022,-96.5899205,39.10143857,529,529,529,26,"3/26/2012",2,480854,"North Branch Kings Creek",2.742,1.02701e+13,1,NA,460,46003,0,1,0,0.029614459,2.3001e+13,1027,1,0.052089844,529,0.350615335980414
1022,-96.59023458,39.10151736,530,530,530,26,"3/26/2012",2,480854,"North Branch Kings Creek",2.742,1.02701e+13,1,NA,460,46003,0,1,0,0.029614459,2.3001e+13,1027,1,0.051766436,530,0.352737611643112
1022,-96.59051485,39.10169733,531,531,531,26,"3/26/2012",2,480854,"North Branch Kings Creek",2.742,1.02701e+13,1,NA,460,46003,0,1,0,0.029614459,2.3001e+13,1027,1,0.065981039,531,0.355073580902009
1022,-96.59084361,39.10172945,532,532,532,26,"3/26/2012",2,480854,"North Branch Kings Creek",2.742,1.02701e+13,1,NA,460,46003,0,1,0,0.029614459,2.3001e+13,1027,1,0.080195642,532,0.357204711613919
1022,-96.59118012,39.10171631,533,533,533,26,"3/26/2012",2,480854,"North Branch Kings Creek",2.742,1.02701e+13,1,NA,460,46003,0,1,0,0.029614459,2.3001e+13,1027,1,0.116751475,533,0.359371847636753
1022,-96.59147625,39.10155732,534,534,534,26,"3/26/2012",2,480854,"North Branch Kings Creek",2.742,1.02701e+13,1,NA,460,46003,0,1,0,0.029614459,2.3001e+13,1027,1,0.111091553,534,0.3616849323108
1022,-96.59180539,39.10146795,535,535,535,26,"3/26/2012",2,480854,"North Branch Kings Creek",2.742,1.02701e+13,1,NA,460,46003,0,1,0,0.029614459,2.3001e+13,1027,1,0.105431631,535,0.363926814150776
1022,-96.59215164,39.10149306,536,536,536,26,"3/26/2012",2,480854,"North Branch Kings Creek",2.742,1.02701e+13,1,NA,460,46003,0,1,0,0.029614459,2.3001e+13,1027,1,0.09977171,536,0.366163514032378
1022,-96.5924564,39.10138222,537,537,537,26,"3/26/2012",2,480854,"North Branch Kings Creek",2.742,1.02701e+13,1,NA,460,46003,0,1,0,0.029614459,2.3001e+13,1027,1,0.082358604,537,0.368326750771152
1022,-96.59242863,39.10132307,538,538,538,26,"3/26/2012",2,480854,"North Branch Kings Creek",2.742,1.02701e+13,1,NA,460,46003,0,1,0,0.029614459,2.3001e+13,1027,1,0.077997447,538,0.368846667793018
1023,-96.58708709,39.09251841,634,634,634,30,"3/26/2012",2,480856,"South Branch Kings Creek",1.56,1.02701e+13,1,NA,460,46003,0,1,0,0.0158683,2.3001e+13,1027,1,0.039465041,634,0.413135300351729
1023,-96.58735614,39.09270525,635,635,635,30,"3/26/2012",2,480856,"South Branch Kings Creek",1.56,1.02701e+13,1,NA,460,46003,0,1,0,0.0158683,2.3001e+13,1027,1,0.054896009,635,0.414581501561755
1023,-96.58769055,39.09278769,636,636,636,30,"3/26/2012",2,480856,"South Branch Kings Creek",1.56,1.02701e+13,1,NA,460,46003,0,1,0,0.0158683,2.3001e+13,1027,1,0.070326977,636,0.415989037377745
1023,-96.58803787,39.0927812,637,637,637,30,"3/26/2012",2,480856,"South Branch Kings Creek",1.56,1.02701e+13,1,NA,460,46003,0,1,0,0.0158683,2.3001e+13,1027,1,0.011240579,637,0.417383230903513
1023,-96.58834941,39.0929001,638,638,638,30,"3/26/2012",2,480856,"South Branch Kings Creek",1.56,1.02701e+13,1,NA,460,46003,0,1,0,0.0158683,2.3001e+13,1027,1,0.013347389,638,0.418775322538173
1023,-96.58847839,39.09320721,639,639,639,30,"3/26/2012",2,480856,"South Branch Kings Creek",1.56,1.02701e+13,1,NA,460,46003,0,1,0,0.0158683,2.3001e+13,1027,1,0.015454198,639,0.420439372966512
1023,-96.5883766,39.09353799,640,640,640,30,"3/26/2012",2,480856,"South Branch Kings Creek",1.56,1.02701e+13,1,NA,460,46003,0,1,0,0.0158683,2.3001e+13,1027,1,0.017561007,640,0.422191063367169
1023,-96.58814622,39.09377961,641,641,641,30,"3/26/2012",2,480856,"South Branch Kings Creek",1.56,1.02701e+13,1,NA,460,46003,0,1,0,0.0158683,2.3001e+13,1027,1,0.011883806,641,0.423741184946647
1023,-96.58802807,39.09410014,642,642,642,30,"3/26/2012",2,480856,"South Branch Kings Creek",1.56,1.02701e+13,1,NA,460,46003,0,1,0,0.0158683,2.3001e+13,1027,1,0.022093997,642,0.425458544504327
1023,-96.58819311,39.09427007,643,643,643,30,"3/26/2012",2,480856,"South Branch Kings Creek",1.56,1.02701e+13,1,NA,460,46003,0,1,0,0.0158683,2.3001e+13,1027,1,0.02197641,643,0.426555992444211
1023,-96.58853561,39.09431795,644,644,644,30,"3/26/2012",2,480856,"South Branch Kings Creek",1.56,1.02701e+13,1,NA,460,46003,0,1,0,0.0158683,2.3001e+13,1027,1,0.023129746,644,0.427952354559289
1023,-96.5887898,39.09449961,645,645,645,30,"3/26/2012",2,480856,"South Branch Kings Creek",1.56,1.02701e+13,1,NA,460,46003,0,1,0,0.0158683,2.3001e+13,1027,1,0.025524964,645,0.429336410240233
1023,-96.58891106,39.09476612,646,646,646,30,"3/26/2012",2,480856,"South Branch Kings Creek",1.56,1.02701e+13,1,NA,460,46003,0,1,0,0.0158683,2.3001e+13,1027,1,0.019526907,646,0.430792551890277
1023,-96.58925669,39.09478388,647,647,647,30,"3/26/2012",2,480856,"South Branch Kings Creek",1.56,1.02701e+13,1,NA,460,46003,0,1,0,0.0158683,2.3001e+13,1027,1,0.016845465,647,0.43218253593569
1023,-96.58953311,39.09498209,648,648,648,30,"3/26/2012",2,480856,"South Branch Kings Creek",1.56,1.02701e+13,1,NA,460,46003,0,1,0,0.0158683,2.3001e+13,1027,1,0.01566836,648,0.433689937749458
1023,-96.58960242,39.09524867,649,649,649,30,"3/26/2012",2,480856,"South Branch Kings Creek",1.56,1.02701e+13,1,NA,460,46003,0,1,0,0.0158683,2.3001e+13,1027,1,0.012107195,649,0.435090620840613
1023,-96.58930393,39.0953825,650,650,650,30,"3/26/2012",2,480856,"South Branch Kings Creek",1.56,1.02701e+13,1,NA,460,46003,0,1,0,0.0158683,2.3001e+13,1027,1,0.015320867,650,0.436472532029052
1023,-96.58899086,39.09546617,651,651,651,30,"3/26/2012",2,480856,"South Branch Kings Creek",1.56,1.02701e+13,1,NA,460,46003,0,1,0,0.0158683,2.3001e+13,1027,1,0.023901543,651,0.437800666674658
1023,-96.58887473,39.09577715,652,652,652,30,"3/26/2012",2,480856,"South Branch Kings Creek",1.56,1.02701e+13,1,NA,460,46003,0,1,0,0.0158683,2.3001e+13,1027,1,0.025294422,652,0.43946852797925
1023,-96.58898946,39.09610134,653,653,653,30,"3/26/2012",2,480856,"South Branch Kings Creek",1.56,1.02701e+13,1,NA,460,46003,0,1,0,0.0158683,2.3001e+13,1027,1,8.29977e-05,653,0.441200308518216
1023,-96.5891639,39.09638399,654,654,654,30,"3/26/2012",2,480856,"South Branch Kings Creek",1.56,1.02701e+13,1,NA,460,46003,0,1,0,0.0158683,2.3001e+13,1027,1,0.014667875,654,0.442815426007849
1023,-96.58911069,39.09668078,655,655,655,30,"3/26/2012",2,480856,"South Branch Kings Creek",1.56,1.02701e+13,1,NA,460,46003,0,1,0,0.0158683,2.3001e+13,1027,1,0.005251837,655,0.444358631220819
1023,-96.58883014,39.09687976,656,656,656,30,"3/26/2012",2,480856,"South Branch Kings Creek",1.56,1.02701e+13,1,NA,460,46003,0,1,0,0.0158683,2.3001e+13,1027,1,0.007360944,656,0.445880914136759
1023,-96.58849283,39.09692303,657,657,657,30,"3/26/2012",2,480856,"South Branch Kings Creek",1.56,1.02701e+13,1,NA,460,46003,0,1,0,0.0158683,2.3001e+13,1027,1,0.002384285,657,0.447252676751344
1023,-96.58823851,39.0971308,658,658,658,30,"3/26/2012",2,480856,"South Branch Kings Creek",1.56,1.02701e+13,1,NA,460,46003,0,1,0,0.0158683,2.3001e+13,1027,1,0.027366216,658,0.448731271440165
1023,-96.58829667,39.09747262,659,659,659,30,"3/26/2012",2,480856,"South Branch Kings Creek",1.56,1.02701e+13,1,NA,460,46003,0,1,0,0.0158683,2.3001e+13,1027,1,0.01292408,659,0.450506926290792
1023,-96.58842065,39.09779681,660,660,660,30,"3/26/2012",2,480856,"South Branch Kings Creek",1.56,1.02701e+13,1,NA,460,46003,0,1,0,0.0158683,2.3001e+13,1027,1,0.028595521,660,0.452248939325629
1023,-96.58851572,39.09812899,661,661,661,30,"3/26/2012",2,480856,"South Branch Kings Creek",1.56,1.02701e+13,1,NA,460,46003,0,1,0,0.0158683,2.3001e+13,1027,1,0.009485969,661,0.454001570060443
1023,-96.58872075,39.09840067,662,662,662,30,"3/26/2012",2,480856,"South Branch Kings Creek",1.56,1.02701e+13,1,NA,460,46003,0,1,0,0.0158683,2.3001e+13,1027,1,0.015574237,662,0.455624599452497
1023,-96.58897226,39.09863427,663,663,663,30,"3/26/2012",2,480856,"South Branch Kings Creek",1.56,1.02701e+13,1,NA,460,46003,0,1,0,0.0158683,2.3001e+13,1027,1,0.021662506,663,0.457194836017968
1023,-96.58929468,39.09874174,664,664,664,30,"3/26/2012",2,480856,"South Branch Kings Creek",1.56,1.02701e+13,1,NA,460,46003,0,1,0,0.0158683,2.3001e+13,1027,1,0.05595338,664,0.458601998414893
1023,-96.5896322,39.09867779,665,665,665,30,"3/26/2012",2,480856,"South Branch Kings Creek",1.56,1.02701e+13,1,NA,460,46003,0,1,0,0.0158683,2.3001e+13,1027,1,0.055626863,665,0.459995813818293
1023,-96.58996087,39.09865089,666,666,666,30,"3/26/2012",2,480856,"South Branch Kings Creek",1.56,1.02701e+13,1,NA,460,46003,0,1,0,0.0158683,2.3001e+13,1027,1,0.055300346,666,0.46132190994793
1023,-96.59013313,39.0989438,667,667,667,30,"3/26/2012",2,480856,"South Branch Kings Creek",1.56,1.02701e+13,1,NA,460,46003,0,1,0,0.0158683,2.3001e+13,1027,1,0.031518152,667,0.462981127152412
1023,-96.59020967,39.09927019,668,668,668,30,"3/26/2012",2,480856,"South Branch Kings Creek",1.56,1.02701e+13,1,NA,460,46003,0,1,0,0.0158683,2.3001e+13,1027,1,0.027212153,668,0.464689749563141
1023,-96.59037631,39.09947792,669,669,669,30,"3/26/2012",2,480856,"South Branch Kings Creek",1.56,1.02701e+13,1,NA,460,46003,0,1,0,0.0158683,2.3001e+13,1027,1,0.022906155,669,0.465951274328958
1023,-96.59051777,39.09977465,670,670,670,30,"3/26/2012",2,480856,"South Branch Kings Creek",1.56,1.02701e+13,1,NA,460,46003,0,1,0,0.0158683,2.3001e+13,1027,1,0.018600156,670,0.467581349700785
1023,-96.59031288,39.10003289,671,671,671,30,"3/26/2012",2,480856,"South Branch Kings Creek",1.56,1.02701e+13,1,NA,460,46003,0,1,0,0.0158683,2.3001e+13,1027,1,0.014110485,671,0.469144807285694
1023,-96.59050475,39.10030476,672,672,672,30,"3/26/2012",2,480856,"South Branch Kings Creek",1.56,1.02701e+13,1,NA,460,46003,0,1,0,0.0158683,2.3001e+13,1027,1,0.011282124,672,0.470742565233751
1023,-96.59065764,39.10053186,673,673,673,30,"3/26/2012",2,480856,"South Branch Kings Creek",1.56,1.02701e+13,1,NA,460,46003,0,1,0,0.0158683,2.3001e+13,1027,1,0.019458876,673,0.472063190982882
1023,-96.59099015,39.10060995,674,674,674,30,"3/26/2012",2,480856,"South Branch Kings Creek",1.56,1.02701e+13,1,NA,460,46003,0,1,0,0.0158683,2.3001e+13,1027,1,0.035035372,674,0.473456689980508
1023,-96.59124762,39.10080483,675,675,675,30,"3/26/2012",2,480856,"South Branch Kings Creek",1.56,1.02701e+13,1,NA,460,46003,0,1,0,0.0158683,2.3001e+13,1027,1,0.032638892,675,0.474896986690598
1023,-96.59132809,39.10109049,676,676,676,30,"3/26/2012",2,480856,"South Branch Kings Creek",1.56,1.02701e+13,1,NA,460,46003,0,1,0,0.0158683,2.3001e+13,1027,1,0.030242411,676,0.476403054080233
1023,-96.59167057,39.1010483,677,677,677,30,"3/26/2012",2,480856,"South Branch Kings Creek",1.56,1.02701e+13,1,NA,460,46003,0,1,0,0.0158683,2.3001e+13,1027,1,0.050566541,677,0.477794332023324
1023,-96.59201213,39.10100127,678,678,678,30,"3/26/2012",2,480856,"South Branch Kings Creek",1.56,1.02701e+13,1,NA,460,46003,0,1,0,0.0158683,2.3001e+13,1027,1,0.041290154,678,0.479186084861524
1023,-96.59222646,39.10122831,679,679,679,30,"3/26/2012",2,480856,"South Branch Kings Creek",1.56,1.02701e+13,1,NA,460,46003,0,1,0,0.0158683,2.3001e+13,1027,1,0.032013768,679,0.480637490464187
1023,-96.59242863,39.10132307,680,680,680,30,"3/26/2012",2,480856,"South Branch Kings Creek",1.56,1.02701e+13,1,NA,460,46003,0,1,0,0.0158683,2.3001e+13,1027,1,0.022737381,680,0.481584161457293
1024,-96.57416076,39.08091974,681,681,681,31,"3/26/2012",2,480856,"South Branch Kings Creek",1.041,1.02701e+13,1,NA,460,46003,0,1,0,0.010312647,2.3001e+13,1027,1,0.018423083,681,0.0588799975425069
1024,-96.57435617,39.08117735,682,682,682,31,"3/26/2012",2,480856,"South Branch Kings Creek",1.041,1.02701e+13,1,NA,460,46003,0,1,0,0.010312647,2.3001e+13,1027,1,8.29977e-05,682,0.0601322766938356
1024,-96.57440482,39.08152092,683,683,683,31,"3/26/2012",2,480856,"South Branch Kings Creek",1.041,1.02701e+13,1,NA,460,46003,0,1,0,0.010312647,2.3001e+13,1027,1,0.006258432,683,0.0615786810813088
1024,-96.57452988,39.08183483,684,684,684,31,"3/26/2012",2,480856,"South Branch Kings Creek",1.041,1.02701e+13,1,NA,460,46003,0,1,0,0.010312647,2.3001e+13,1027,1,0.006998145,684,0.0629541105917417
1024,-96.57435332,39.08211295,685,685,685,31,"3/26/2012",2,480856,"South Branch Kings Creek",1.041,1.02701e+13,1,NA,460,46003,0,1,0,0.010312647,2.3001e+13,1027,1,0.021476949,685,0.0642525754032904
1024,-96.57416899,39.08235846,686,686,686,31,"3/26/2012",2,480856,"South Branch Kings Creek",1.041,1.02701e+13,1,NA,460,46003,0,1,0,0.010312647,2.3001e+13,1027,1,0.019382984,686,0.0654428855220977
1024,-96.57431163,39.08266212,687,687,687,31,"3/26/2012",2,480856,"South Branch Kings Creek",1.041,1.02701e+13,1,NA,460,46003,0,1,0,0.010312647,2.3001e+13,1027,1,0.030513439,687,0.0667960371112363
1024,-96.57459459,39.0828337,688,688,688,31,"3/26/2012",2,480856,"South Branch Kings Creek",1.041,1.02701e+13,1,NA,460,46003,0,1,0,0.010312647,2.3001e+13,1027,1,0.032280012,688,0.067965277015882
1024,-96.57465943,39.08314567,689,689,689,31,"3/26/2012",2,480856,"South Branch Kings Creek",1.041,1.02701e+13,1,NA,460,46003,0,1,0,0.010312647,2.3001e+13,1027,1,0.022114005,689,0.069287738350319
1024,-96.57469545,39.0834602,690,690,690,31,"3/26/2012",2,480856,"South Branch Kings Creek",1.041,1.02701e+13,1,NA,460,46003,0,1,0,0.010312647,2.3001e+13,1027,1,0.025832586,690,0.0706091276859573
1024,-96.57498872,39.08352344,691,691,691,31,"3/26/2012",2,480856,"South Branch Kings Creek",1.041,1.02701e+13,1,NA,460,46003,0,1,0,0.010312647,2.3001e+13,1027,1,0.027268967,691,0.0716015121284014
1024,-96.57514678,39.08376373,692,692,692,31,"3/26/2012",2,480856,"South Branch Kings Creek",1.041,1.02701e+13,1,NA,460,46003,0,1,0,0.010312647,2.3001e+13,1027,1,0.028705349,692,0.0727314466423246
1024,-96.57529093,39.08405254,693,693,693,31,"3/26/2012",2,480856,"South Branch Kings Creek",1.041,1.02701e+13,1,NA,460,46003,0,1,0,0.010312647,2.3001e+13,1027,1,0.012327747,693,0.0740281962211066
1024,-96.57554703,39.08428757,694,694,694,31,"3/26/2012",2,480856,"South Branch Kings Creek",1.041,1.02701e+13,1,NA,460,46003,0,1,0,0.010312647,2.3001e+13,1027,1,0.013468299,694,0.0753184828856543
1024,-96.57571591,39.0845826,695,695,695,31,"3/26/2012",2,480856,"South Branch Kings Creek",1.041,1.02701e+13,1,NA,460,46003,0,1,0,0.010312647,2.3001e+13,1027,1,0.014608851,695,0.0766703261878132
1024,-96.57592127,39.08483013,696,696,696,31,"3/26/2012",2,480856,"South Branch Kings Creek",1.041,1.02701e+13,1,NA,460,46003,0,1,0,0.010312647,2.3001e+13,1027,1,0.015749403,696,0.0779037832474899
1024,-96.57604634,39.0851398,697,697,697,31,"3/26/2012",2,480856,"South Branch Kings Creek",1.041,1.02701e+13,1,NA,460,46003,0,1,0,0.010312647,2.3001e+13,1027,1,0.010253442,697,0.0792622834171196
1024,-96.57625154,39.085408,698,698,698,31,"3/26/2012",2,480856,"South Branch Kings Creek",1.041,1.02701e+13,1,NA,460,46003,0,1,0,0.010312647,2.3001e+13,1027,1,0.012321375,698,0.080568947907124
1024,-96.57616918,39.08573241,699,699,699,31,"3/26/2012",2,480856,"South Branch Kings Creek",1.041,1.02701e+13,1,NA,460,46003,0,1,0,0.010312647,2.3001e+13,1027,1,0.003430951,699,0.0819527657724917
1024,-96.57629848,39.08598127,700,700,700,31,"3/26/2012",2,480856,"South Branch Kings Creek",1.041,1.02701e+13,1,NA,460,46003,0,1,0,0.010312647,2.3001e+13,1027,1,0.014855251,700,0.0830762611474306
1024,-96.57655497,39.08618919,701,701,701,31,"3/26/2012",2,480856,"South Branch Kings Creek",1.041,1.02701e+13,1,NA,460,46003,0,1,0,0.010312647,2.3001e+13,1027,1,0.00372077,701,0.0842831825886375
1024,-96.57687832,39.08629977,702,702,702,31,"3/26/2012",2,480856,"South Branch Kings Creek",1.041,1.02701e+13,1,NA,460,46003,0,1,0,0.010312647,2.3001e+13,1027,1,0.019449877,702,0.0854347497709818
1024,-96.57721647,39.08637829,703,703,703,31,"3/26/2012",2,480856,"South Branch Kings Creek",1.041,1.02701e+13,1,NA,460,46003,0,1,0,0.010312647,2.3001e+13,1027,1,0.014852365,703,0.0865854323766763
1024,-96.5774317,39.08663655,704,704,704,31,"3/26/2012",2,480856,"South Branch Kings Creek",1.041,1.02701e+13,1,NA,460,46003,0,1,0,0.010312647,2.3001e+13,1027,1,0.014334585,704,0.0878740650839521
1024,-96.57719004,39.08682421,705,705,705,31,"3/26/2012",2,480856,"South Branch Kings Creek",1.041,1.02701e+13,1,NA,460,46003,0,1,0,0.010312647,2.3001e+13,1027,1,0.007043781,705,0.0889866039914822
1024,-96.57724002,39.08698931,706,706,706,31,"3/26/2012",2,480856,"South Branch Kings Creek",1.041,1.02701e+13,1,NA,460,46003,0,1,0,0.010312647,2.3001e+13,1027,1,0.02908172,706,0.0896964356475787
1024,-96.57750073,39.08715009,707,707,707,31,"3/26/2012",2,480856,"South Branch Kings Creek",1.041,1.02701e+13,1,NA,460,46003,0,1,0,0.010312647,2.3001e+13,1027,1,0.012567575,707,0.0907806475686332
1024,-96.57735798,39.08743809,708,708,708,31,"3/26/2012",2,480856,"South Branch Kings Creek",1.041,1.02701e+13,1,NA,460,46003,0,1,0,0.010312647,2.3001e+13,1027,1,0.019065401,708,0.0920725791704717
1024,-96.57703587,39.08756254,709,709,709,31,"3/26/2012",2,480856,"South Branch Kings Creek",1.041,1.02701e+13,1,NA,460,46003,0,1,0,0.010312647,2.3001e+13,1027,1,0.03165639,709,0.0932450281674413
1024,-96.57696343,39.08787374,710,710,710,31,"3/26/2012",2,480856,"South Branch Kings Creek",1.041,1.02701e+13,1,NA,460,46003,0,1,0,0.010312647,2.3001e+13,1027,1,0.018037473,710,0.0945685063377324
1024,-96.57713343,39.08802327,711,711,711,31,"3/26/2012",2,480856,"South Branch Kings Creek",1.041,1.02701e+13,1,NA,460,46003,0,1,0,0.010312647,2.3001e+13,1027,1,0.003615071,711,0.0954044879966824
1025,-96.57329376,39.07579861,123,123,123,7,"3/26/2012",2,NA,NA,0.584,1.02701e+13,1,NA,460,46007,0,1,0,0.005490872,2.3001e+13,1027,1,0.008995023,123,0.00508009891409526
1025,-96.57339429,39.07612068,124,124,124,7,"3/26/2012",2,NA,NA,0.584,1.02701e+13,1,NA,460,46007,0,1,0,0.005490872,2.3001e+13,1027,1,0.006541944,124,0.00541638627134
1025,-96.57343523,39.07646079,125,125,125,7,"3/26/2012",2,NA,NA,0.584,1.02701e+13,1,NA,460,46007,0,1,0,0.005490872,2.3001e+13,1027,1,0.014978893,125,0.00576295951716645
1025,-96.57345537,39.07680427,126,126,126,7,"3/26/2012",2,NA,NA,0.584,1.02701e+13,1,NA,460,46007,0,1,0,0.005490872,2.3001e+13,1027,1,0.009800372,126,0.00611180007695157
1025,-96.57349443,39.07709303,127,127,127,7,"3/26/2012",2,NA,NA,0.584,1.02701e+13,1,NA,460,46007,0,1,0,0.005490872,2.3001e+13,1027,1,0.011650638,127,0.00640638470517307
1025,-96.5737433,39.07727851,128,128,128,7,"3/26/2012",2,NA,NA,0.584,1.02701e+13,1,NA,460,46007,0,1,0,0.005490872,2.3001e+13,1027,1,0.016430934,128,0.00667867647518043
1025,-96.5736424,39.07759982,129,129,129,7,"3/26/2012",2,NA,NA,0.584,1.02701e+13,1,NA,460,46007,0,1,0,0.005490872,2.3001e+13,1027,1,0.01553325,129,0.00701428381162552
1025,-96.57359666,39.07793445,130,130,130,7,"3/26/2012",2,NA,NA,0.584,1.02701e+13,1,NA,460,46007,0,1,0,0.005490872,2.3001e+13,1027,1,0.008147303,130,0.00735570330642333
1025,-96.57373255,39.07821263,131,131,131,7,"3/26/2012",2,NA,NA,0.584,1.02701e+13,1,NA,460,46007,0,1,0,0.005490872,2.3001e+13,1027,1,0.005235408,131,0.0076576958173052
1025,-96.57382037,39.07852786,132,132,132,7,"3/26/2012",2,NA,NA,0.584,1.02701e+13,1,NA,460,46007,0,1,0,0.005490872,2.3001e+13,1027,1,0.016019885,132,0.00798496477349192
1025,-96.57388115,39.07885297,133,133,133,7,"3/26/2012",2,NA,NA,0.584,1.02701e+13,1,NA,460,46007,0,1,0,0.005490872,2.3001e+13,1027,1,0.012078109,133,0.00831828786002856
1025,-96.57397202,39.07915537,134,134,134,7,"3/26/2012",2,NA,NA,0.584,1.02701e+13,1,NA,460,46007,0,1,0,0.005490872,2.3001e+13,1027,1,0.008571351,134,0.00863338986532041
1025,-96.57414553,39.07943903,135,135,135,7,"3/26/2012",2,NA,NA,0.584,1.02701e+13,1,NA,460,46007,0,1,0,0.005490872,2.3001e+13,1027,1,0.012900287,135,0.00895221052845698
1025,-96.57433976,39.07970006,136,136,136,7,"3/26/2012",2,NA,NA,0.584,1.02701e+13,1,NA,460,46007,0,1,0,0.005490872,2.3001e+13,1027,1,0.015610982,136,0.00925835338848528
1025,-96.57438888,39.08003495,137,137,137,7,"3/26/2012",2,NA,NA,0.584,1.02701e+13,1,NA,460,46007,0,1,0,0.005490872,2.3001e+13,1027,1,0.003186302,137,0.00960032844942028
1025,-96.57440785,39.08035494,138,138,138,7,"3/26/2012",2,NA,NA,0.584,1.02701e+13,1,NA,460,46007,0,1,0,0.005490872,2.3001e+13,1027,1,0.00350983,138,0.00992532010087659
1025,-96.57461869,39.08051801,139,139,139,7,"3/26/2012",2,NA,NA,0.584,1.02701e+13,1,NA,460,46007,0,1,0,0.005490872,2.3001e+13,1027,1,0.011684862,139,0.0101601978281905
1026,-96.57461869,39.08051801,87,87,87,5,"3/26/2012",2,NA,NA,0.067,1.02701e+13,1,NA,460,46007,0,1,0,0.000686189,2.3001e+13,1027,1,0.0066946,87,0.0194756324204771
1026,-96.57434764,39.08072099,88,88,88,5,"3/26/2012",2,NA,NA,0.067,1.02701e+13,1,NA,460,46007,0,1,0,0.000686189,2.3001e+13,1027,1,0.006244586,88,0.0196716836703273
1026,-96.57416076,39.08091974,89,89,89,5,"3/26/2012",2,NA,NA,0.067,1.02701e+13,1,NA,460,46007,0,1,0,0.000686189,2.3001e+13,1027,1,0.008767404,89,0.0198365767121815
1027,-96.56813076,39.07716254,162,162,162,9,"3/26/2012",2,NA,NA,0.536,1.02701e+13,1,NA,460,46007,0,1,0,0.005402049,2.3001e+13,1027,1,0.008852137,162,0.00745311564040733
1027,-96.56842877,39.07733765,163,163,163,9,"3/26/2012",2,NA,NA,0.536,1.02701e+13,1,NA,460,46007,0,1,0,0.005402049,2.3001e+13,1027,1,0.011828179,163,0.00793942251440992
1027,-96.56867814,39.07753647,164,164,164,9,"3/26/2012",2,NA,NA,0.536,1.02701e+13,1,NA,460,46007,0,1,0,0.005402049,2.3001e+13,1027,1,0.00947214,164,0.00840425018846895
1027,-96.56892583,39.07773118,165,165,165,9,"3/26/2012",2,NA,NA,0.536,1.02701e+13,1,NA,460,46007,0,1,0,0.005402049,2.3001e+13,1027,1,0.013618601,165,0.008862645171858
1027,-96.56925498,39.07779738,166,166,166,9,"3/26/2012",2,NA,NA,0.536,1.02701e+13,1,NA,460,46007,0,1,0,0.005402049,2.3001e+13,1027,1,0.010357505,166,0.00930559212811686
1027,-96.56940702,39.07797173,167,167,167,9,"3/26/2012",2,NA,NA,0.536,1.02701e+13,1,NA,460,46007,0,1,0,0.005402049,2.3001e+13,1027,1,0.002345825,167,0.0096580207328195
1027,-96.56968371,39.07808032,168,168,168,9,"3/26/2012",2,NA,NA,0.536,1.02701e+13,1,NA,460,46007,0,1,0,0.005402049,2.3001e+13,1027,1,0.010427313,168,0.01006168433652
1027,-96.56992898,39.07829145,169,169,169,9,"3/26/2012",2,NA,NA,0.536,1.02701e+13,1,NA,460,46007,0,1,0,0.005402049,2.3001e+13,1027,1,0.015235139,169,0.0105378388215171
1027,-96.5701499,39.07847585,170,170,170,9,"3/26/2012",2,NA,NA,0.536,1.02701e+13,1,NA,460,46007,0,1,0,0.005402049,2.3001e+13,1027,1,0.013634847,170,0.0109596210233969
1027,-96.57037249,39.07873574,171,171,171,9,"3/26/2012",2,NA,NA,0.536,1.02701e+13,1,NA,460,46007,0,1,0,0.005402049,2.3001e+13,1027,1,0.011697841,171,0.0114820131697958
1027,-96.57053891,39.0790216,172,172,172,9,"3/26/2012",2,NA,NA,0.536,1.02701e+13,1,NA,460,46007,0,1,0,0.005402049,2.3001e+13,1027,1,0.006988011,172,0.0120068028054147
1027,-96.57067222,39.07930047,173,173,173,9,"3/26/2012",2,NA,NA,0.536,1.02701e+13,1,NA,460,46007,0,1,0,0.005402049,2.3001e+13,1027,1,0.004104571,173,0.0125043182885807
1027,-96.57073638,39.07963035,174,174,174,9,"3/26/2012",2,NA,NA,0.536,1.02701e+13,1,NA,460,46007,0,1,0,0.005402049,2.3001e+13,1027,1,8.29977e-05,174,0.0130621017814065
1027,-96.5708151,39.07995364,175,175,175,9,"3/26/2012",2,NA,NA,0.536,1.02701e+13,1,NA,460,46007,0,1,0,0.005402049,2.3001e+13,1027,1,8.29977e-05,175,0.0136122149719471
1027,-96.57113655,39.08007275,176,176,176,9,"3/26/2012",2,NA,NA,0.536,1.02701e+13,1,NA,460,46007,0,1,0,0.005402049,2.3001e+13,1027,1,0.014516876,176,0.014075989980238
1027,-96.57131148,39.080365,177,177,177,9,"3/26/2012",2,NA,NA,0.536,1.02701e+13,1,NA,460,46007,0,1,0,0.005402049,2.3001e+13,1027,1,0.018301301,177,0.0146151178178635
1027,-96.57141109,39.08052087,178,178,178,9,"3/26/2012",2,NA,NA,0.536,1.02701e+13,1,NA,460,46007,0,1,0,0.005402049,2.3001e+13,1027,1,0.015959264,178,0.0149062312808147
1028,-96.57141109,39.08052087,742,742,742,33,"3/26/2012",2,480856,"South Branch Kings Creek",0.262,1.02701e+13,1,NA,460,46003,0,1,0,0.002941985,2.3001e+13,1027,1,0.021373238,742,0.0343127467092632
1028,-96.57175329,39.08047445,743,743,743,33,"3/26/2012",2,480856,"South Branch Kings Creek",0.262,1.02701e+13,1,NA,460,46003,0,1,0,0.002941985,2.3001e+13,1027,1,0.028337394,743,0.0348713577000784
1028,-96.572058,39.08059224,744,744,744,33,"3/26/2012",2,480856,"South Branch Kings Creek",0.262,1.02701e+13,1,NA,460,46003,0,1,0,0.002941985,2.3001e+13,1027,1,0.023163027,744,0.0354183640177958
1028,-96.57235307,39.08047735,745,745,745,33,"3/26/2012",2,480856,"South Branch Kings Creek",0.262,1.02701e+13,1,NA,460,46003,0,1,0,0.002941985,2.3001e+13,1027,1,0.024621433,745,0.0359488248106143
1028,-96.57269247,39.08053728,746,746,746,33,"3/26/2012",2,480856,"South Branch Kings Creek",0.262,1.02701e+13,1,NA,460,46003,0,1,0,0.002941985,2.3001e+13,1027,1,0.021574769,746,0.0365084919209084
1028,-96.57301439,39.08066776,747,747,747,33,"3/26/2012",2,480856,"South Branch Kings Creek",0.262,1.02701e+13,1,NA,460,46003,0,1,0,0.002941985,2.3001e+13,1027,1,0.023342962,747,0.0370920343857908
1028,-96.573357,39.0806784,748,748,748,33,"3/26/2012",2,480856,"South Branch Kings Creek",0.262,1.02701e+13,1,NA,460,46003,0,1,0,0.002941985,2.3001e+13,1027,1,0.01807881,748,0.0376434676262944
1028,-96.57366832,39.080823,749,749,749,33,"3/26/2012",2,480856,"South Branch Kings Creek",0.262,1.02701e+13,1,NA,460,46003,0,1,0,0.002941985,2.3001e+13,1027,1,0.015285714,749,0.0382263028367839
1028,-96.57400317,39.08089468,750,750,750,33,"3/26/2012",2,480856,"South Branch Kings Creek",0.262,1.02701e+13,1,NA,460,46003,0,1,0,0.002941985,2.3001e+13,1027,1,0.021825848,750,0.0387847593586925
1028,-96.57416076,39.08091974,751,751,751,33,"3/26/2012",2,480856,"South Branch Kings Creek",0.262,1.02701e+13,1,NA,460,46003,0,1,0,0.002941985,2.3001e+13,1027,1,0.01492191,751,0.0390434208303255
1029,-96.56704443,39.07878127,752,752,752,34,"3/26/2012",2,NA,NA,0.341,1.02701e+13,1,NA,460,46007,0,1,0,0.003385039,2.3001e+13,1027,1,8.29977e-05,752,0.00148985516150337
1029,-96.56731888,39.07894756,753,753,753,34,"3/26/2012",2,NA,NA,0.341,1.02701e+13,1,NA,460,46007,0,1,0,0.003385039,2.3001e+13,1027,1,8.29977e-05,753,0.00163301889232249
1029,-96.56747818,39.07925073,754,754,754,34,"3/26/2012",2,NA,NA,0.341,1.02701e+13,1,NA,460,46007,0,1,0,0.003385039,2.3001e+13,1027,1,8.29977e-05,754,0.00180612286828314
1029,-96.56760401,39.07953562,755,755,755,34,"3/26/2012",2,NA,NA,0.341,1.02701e+13,1,NA,460,46007,0,1,0,0.003385039,2.3001e+13,1027,1,8.29977e-05,755,0.00196532434930568
1029,-96.56793387,39.07961851,756,756,756,34,"3/26/2012",2,NA,NA,0.341,1.02701e+13,1,NA,460,46007,0,1,0,0.003385039,2.3001e+13,1027,1,0.004473472,756,0.00210805796119441
1029,-96.56799395,39.07994136,757,757,757,34,"3/26/2012",2,NA,NA,0.341,1.02701e+13,1,NA,460,46007,0,1,0,0.003385039,2.3001e+13,1027,1,0.009966612,757,0.00228043176603087
1029,-96.56818083,39.08021393,758,758,758,34,"3/26/2012",2,NA,NA,0.341,1.02701e+13,1,NA,460,46007,0,1,0,0.003385039,2.3001e+13,1027,1,0.010984453,758,0.00244372765844191
1029,-96.56834442,39.08049205,759,759,759,34,"3/26/2012",2,NA,NA,0.341,1.02701e+13,1,NA,460,46007,0,1,0,0.003385039,2.3001e+13,1027,1,0.010544069,759,0.00260538907571873
1029,-96.56851451,39.08075514,760,760,760,34,"3/26/2012",2,NA,NA,0.341,1.02701e+13,1,NA,460,46007,0,1,0,0.003385039,2.3001e+13,1027,1,0.00904847,760,0.00276105281775371
1029,-96.56864388,39.0809679,761,761,761,34,"3/26/2012",2,NA,NA,0.341,1.02701e+13,1,NA,460,46007,0,1,0,0.003385039,2.3001e+13,1027,1,0.006992812,761,0.00288545773129042
1029,-96.56885083,39.08104407,762,762,762,34,"3/26/2012",2,NA,NA,0.341,1.02701e+13,1,NA,460,46007,0,1,0,0.003385039,2.3001e+13,1027,1,0.010362637,762,0.00297971032300674
1030,-96.56689029,39.08046707,566,566,566,28,"3/26/2012",2,480856,"South Branch Kings Creek",0.209,1.02701e+13,1,NA,460,46003,0,1,0,0.002265932,2.3001e+13,1027,1,0.005007776,566,0.00630884543904649
1030,-96.56718167,39.08061279,567,567,567,28,"3/26/2012",2,480856,"South Branch Kings Creek",0.209,1.02701e+13,1,NA,460,46003,0,1,0,0.002265932,2.3001e+13,1027,1,0.004800869,567,0.00726686182477954
1030,-96.56747498,39.08075825,568,568,568,28,"3/26/2012",2,480856,"South Branch Kings Creek",0.209,1.02701e+13,1,NA,460,46003,0,1,0,0.002265932,2.3001e+13,1027,1,0.004593963,568,0.00822888024919497
1030,-96.56778615,39.08084817,569,569,569,28,"3/26/2012",2,480856,"South Branch Kings Creek",0.209,1.02701e+13,1,NA,460,46003,0,1,0,0.002265932,2.3001e+13,1027,1,0.004387057,569,0.00914722617847831
1030,-96.56807336,39.08103648,570,570,570,28,"3/26/2012",2,480856,"South Branch Kings Creek",0.209,1.02701e+13,1,NA,460,46003,0,1,0,0.002265932,2.3001e+13,1027,1,0.011564755,570,0.0101858012127708
1030,-96.56840672,39.08111729,571,571,571,28,"3/26/2012",2,480856,"South Branch Kings Creek",0.209,1.02701e+13,1,NA,460,46003,0,1,0,0.002265932,2.3001e+13,1027,1,0.008394679,571,0.0111518570994046
1030,-96.56872818,39.08116873,572,572,572,28,"3/26/2012",2,480856,"South Branch Kings Creek",0.209,1.02701e+13,1,NA,460,46003,0,1,0,0.002265932,2.3001e+13,1027,1,0.004968929,572,0.0120599502927178
1030,-96.56885083,39.08104407,573,573,573,28,"3/26/2012",2,480856,"South Branch Kings Creek",0.209,1.02701e+13,1,NA,460,46003,0,1,0,0.002265932,2.3001e+13,1027,1,0.004689177,573,0.012617690878093
1031,-96.56885083,39.08104407,353,353,353,21,"3/26/2012",2,480856,"South Branch Kings Creek",0.265,1.02701e+13,1,NA,460,46003,0,1,0,0.00291005,2.3001e+13,1027,1,0.013617227,353,0.0155974012010997
1031,-96.56919387,39.08102008,354,354,354,21,"3/26/2012",2,480856,"South Branch Kings Creek",0.265,1.02701e+13,1,NA,460,46003,0,1,0,0.00291005,2.3001e+13,1027,1,0.027845931,354,0.0160618704418725
1031,-96.56951977,39.08092029,355,355,355,21,"3/26/2012",2,480856,"South Branch Kings Creek",0.265,1.02701e+13,1,NA,460,46003,0,1,0,0.00291005,2.3001e+13,1027,1,0.02544945,355,0.0165340665203215
1031,-96.56980362,39.08081359,356,356,356,21,"3/26/2012",2,480856,"South Branch Kings Creek",0.265,1.02701e+13,1,NA,460,46003,0,1,0,0.00291005,2.3001e+13,1027,1,0.02305297,356,0.0169590508502779
1031,-96.57005913,39.08088046,357,357,357,21,"3/26/2012",2,480856,"South Branch Kings Creek",0.265,1.02701e+13,1,NA,460,46003,0,1,0,0.00291005,2.3001e+13,1027,1,0.020656489,357,0.0173225293699749
1031,-96.57039851,39.08087419,358,358,358,21,"3/26/2012",2,480856,"South Branch Kings Creek",0.265,1.02701e+13,1,NA,460,46003,0,1,0,0.00291005,2.3001e+13,1027,1,0.018353743,358,0.0177803339589199
1031,-96.57061206,39.08061715,359,359,359,21,"3/26/2012",2,480856,"South Branch Kings Creek",0.265,1.02701e+13,1,NA,460,46003,0,1,0,0.00291005,2.3001e+13,1027,1,0.019707825,359,0.0183101742633116
1031,-96.5709414,39.08054445,360,360,360,21,"3/26/2012",2,480856,"South Branch Kings Creek",0.265,1.02701e+13,1,NA,460,46003,0,1,0,0.00291005,2.3001e+13,1027,1,0.028600431,360,0.0187717818443878
1031,-96.57128355,39.08052634,361,361,361,21,"3/26/2012",2,480856,"South Branch Kings Creek",0.265,1.02701e+13,1,NA,460,46003,0,1,0,0.00291005,2.3001e+13,1027,1,0.020957659,361,0.0192342583732755
1031,-96.57141109,39.08052087,362,362,362,21,"3/26/2012",2,480856,"South Branch Kings Creek",0.265,1.02701e+13,1,NA,460,46003,0,1,0,0.00291005,2.3001e+13,1027,1,0.01575141,362,0.0194065154284486
1032,-96.57728436,39.07831214,811,811,811,37,"3/26/2012",2,NA,NA,0.249,1.02701e+13,1,NA,460,46007,0,1,0,0.002609145,2.3001e+13,1027,1,8.29977e-05,811,0.00148217549572243
1032,-96.57713007,39.07860344,812,812,812,37,"3/26/2012",2,NA,NA,0.249,1.02701e+13,1,NA,460,46007,0,1,0,0.002609145,2.3001e+13,1027,1,0.007115382,812,0.00169635100292983
1032,-96.57687628,39.07882904,813,813,813,37,"3/26/2012",2,NA,NA,0.249,1.02701e+13,1,NA,460,46007,0,1,0,0.002609145,2.3001e+13,1027,1,0.000920197,813,0.00190026062369254
1032,-96.57659973,39.07900498,814,814,814,37,"3/26/2012",2,NA,NA,0.249,1.02701e+13,1,NA,460,46007,0,1,0,0.002609145,2.3001e+13,1027,1,8.29977e-05,814,0.00208935352887609
1032,-96.57635468,39.07924378,815,815,815,37,"3/26/2012",2,NA,NA,0.249,1.02701e+13,1,NA,460,46007,0,1,0,0.002609145,2.3001e+13,1027,1,0.005821361,815,0.00229716802438191
1032,-96.57606291,39.0794068,816,816,816,37,"3/26/2012",2,NA,NA,0.249,1.02701e+13,1,NA,460,46007,0,1,0,0.002609145,2.3001e+13,1027,1,0.008843663,816,0.00248732643778345
1032,-96.57572371,39.07947438,817,817,817,37,"3/26/2012",2,NA,NA,0.249,1.02701e+13,1,NA,460,46007,0,1,0,0.002609145,2.3001e+13,1027,1,0.008906092,817,0.00267277791753685
1032,-96.57542113,39.07964179,818,818,818,37,"3/26/2012",2,NA,NA,0.249,1.02701e+13,1,NA,460,46007,0,1,0,0.002609145,2.3001e+13,1027,1,0.010046643,818,0.00286933008237473
1032,-96.57525776,39.07969954,819,819,819,37,"3/26/2012",2,NA,NA,0.249,1.02701e+13,1,NA,460,46007,0,1,0,0.002609145,2.3001e+13,1027,1,0.011187195,819,0.00296435099144485
1033,-96.57599556,39.07653021,33,33,33,2,"3/26/2012",2,NA,NA,0.378,1.02701e+13,1,NA,460,46007,0,1,0,0.003498199,2.3001e+13,1027,1,0.009309807,33,0.00272628135223555
1033,-96.57597992,39.0768762,34,34,34,2,"3/26/2012",2,NA,NA,0.378,1.02701e+13,1,NA,460,46007,0,1,0,0.003498199,2.3001e+13,1027,1,0.015973528,34,0.00301014654821824
1033,-96.57602988,39.07721391,35,35,35,2,"3/26/2012",2,NA,NA,0.378,1.02701e+13,1,NA,460,46007,0,1,0,0.003498199,2.3001e+13,1027,1,0.02263725,35,0.00328888147927493
1033,-96.57601528,39.07755858,36,36,36,2,"3/26/2012",2,NA,NA,0.378,1.02701e+13,1,NA,460,46007,0,1,0,0.003498199,2.3001e+13,1027,1,0.01127519,36,0.00357164235182463
1033,-96.57588767,39.0778767,37,37,37,2,"3/26/2012",2,NA,NA,0.378,1.02701e+13,1,NA,460,46007,0,1,0,0.003498199,2.3001e+13,1027,1,0.008933152,37,0.00384493238366785
1033,-96.57564855,39.07811834,38,38,38,2,"3/26/2012",2,NA,NA,0.378,1.02701e+13,1,NA,460,46007,0,1,0,0.003498199,2.3001e+13,1027,1,0.006591115,38,0.0040951500820564
1033,-96.57555008,39.07844726,39,39,39,2,"3/26/2012",2,NA,NA,0.378,1.02701e+13,1,NA,460,46007,0,1,0,0.003498199,2.3001e+13,1027,1,0.004249078,39,0.0043720879849904
1033,-96.57538,39.07874273,40,40,40,2,"3/26/2012",2,NA,NA,0.378,1.02701e+13,1,NA,460,46007,0,1,0,0.003498199,2.3001e+13,1027,1,0.009185296,40,0.0046376207252065
1033,-96.57535742,39.07906591,41,41,41,2,"3/26/2012",2,NA,NA,0.378,1.02701e+13,1,NA,460,46007,0,1,0,0.003498199,2.3001e+13,1027,1,0.003227093,41,0.00490299990881639
1033,-96.57543703,39.07939534,42,42,42,2,"3/26/2012",2,NA,NA,0.378,1.02701e+13,1,NA,460,46007,0,1,0,0.003498199,2.3001e+13,1027,1,0.00599441,42,0.00517786082390483
1033,-96.57527221,39.07968272,43,43,43,2,"3/26/2012",2,NA,NA,0.378,1.02701e+13,1,NA,460,46007,0,1,0,0.003498199,2.3001e+13,1027,1,0.002581328,43,0.00543596515063357
1033,-96.57525776,39.07969954,44,44,44,2,"3/26/2012",2,NA,NA,0.378,1.02701e+13,1,NA,460,46007,0,1,0,0.003498199,2.3001e+13,1027,1,0.005831279,44,0.0054525627044711
1034,-96.57525776,39.07969954,231,231,231,13,"3/26/2012",2,NA,NA,0.11,1.02701e+13,1,NA,460,46007,0,1,0,0.001073401,2.3001e+13,1027,1,0.022442551,231,0.00841691369591595
1034,-96.57510578,39.07999697,232,232,232,13,"3/26/2012",2,NA,NA,0.11,1.02701e+13,1,NA,460,46007,0,1,0,0.001073401,2.3001e+13,1027,1,0.029274619,232,0.00871442593227123
1034,-96.57488984,39.08025955,233,233,233,13,"3/26/2012",2,NA,NA,0.11,1.02701e+13,1,NA,460,46007,0,1,0,0.001073401,2.3001e+13,1027,1,0.018246407,233,0.00900426196494257
1034,-96.57464546,39.08050319,234,234,234,13,"3/26/2012",2,NA,NA,0.11,1.02701e+13,1,NA,460,46007,0,1,0,0.001073401,2.3001e+13,1027,1,0.013150118,234,0.00929165178512671
1034,-96.57461869,39.08051801,235,235,235,13,"3/26/2012",2,NA,NA,0.11,1.02701e+13,1,NA,460,46007,0,1,0,0.001073401,2.3001e+13,1027,1,0.036113436,235,0.00931543459228654
1035,-96.58104449,39.07419007,236,236,236,14,"3/26/2012",2,NA,NA,0.389,1.02701e+13,1,NA,460,46007,0,1,0,0.003848733,2.3001e+13,1027,1,0.048958072,236,0.00251893037615003
1035,-96.58137278,39.07430247,237,237,237,14,"3/26/2012",2,NA,NA,0.389,1.02701e+13,1,NA,460,46007,0,1,0,0.003848733,2.3001e+13,1027,1,0.043375837,237,0.00273762688567628
1035,-96.58160757,39.07452129,238,238,238,14,"3/26/2012",2,NA,NA,0.389,1.02701e+13,1,NA,460,46007,0,1,0,0.003848733,2.3001e+13,1027,1,0.065903568,238,0.00296083968598908
1035,-96.58179037,39.07478128,239,239,239,14,"3/26/2012",2,NA,NA,0.389,1.02701e+13,1,NA,460,46007,0,1,0,0.003848733,2.3001e+13,1027,1,0.052130501,239,0.00319282407981412
1035,-96.58189136,39.07504043,240,240,240,14,"3/26/2012",2,NA,NA,0.389,1.02701e+13,1,NA,460,46007,0,1,0,0.003848733,2.3001e+13,1027,1,0.051550025,240,0.00340475088612149
1035,-96.58199575,39.07535925,241,241,241,14,"3/26/2012",2,NA,NA,0.389,1.02701e+13,1,NA,460,46007,0,1,0,0.003848733,2.3001e+13,1027,1,0.049167513,241,0.00366221579849942
1035,-96.58219395,39.07558881,242,242,242,14,"3/26/2012",2,NA,NA,0.389,1.02701e+13,1,NA,460,46007,0,1,0,0.003848733,2.3001e+13,1027,1,0.050501389,242,0.00387872956466081
1035,-96.58232435,39.07588617,243,243,243,14,"3/26/2012",2,NA,NA,0.389,1.02701e+13,1,NA,460,46007,0,1,0,0.003848733,2.3001e+13,1027,1,0.028578735,243,0.00412462330230768
1035,-96.58234877,39.07619209,244,244,244,14,"3/26/2012",2,NA,NA,0.389,1.02701e+13,1,NA,460,46007,0,1,0,0.003848733,2.3001e+13,1027,1,0.026106292,244,0.00436446059536224
1035,-96.58249427,39.0764505,245,245,245,14,"3/26/2012",2,NA,NA,0.389,1.02701e+13,1,NA,460,46007,0,1,0,0.003848733,2.3001e+13,1027,1,0.0383017,245,0.00458527615560238
1035,-96.58271197,39.07666634,246,246,246,14,"3/26/2012",2,NA,NA,0.389,1.02701e+13,1,NA,460,46007,0,1,0,0.003848733,2.3001e+13,1027,1,0.036928973,246,0.00480010888260549
1035,-96.58296844,39.07686302,247,247,247,14,"3/26/2012",2,NA,NA,0.389,1.02701e+13,1,NA,460,46007,0,1,0,0.003848733,2.3001e+13,1027,1,0.04011757,247,0.00501954471084172
1035,-96.58298289,39.07688354,248,248,248,14,"3/26/2012",2,NA,NA,0.389,1.02701e+13,1,NA,460,46007,0,1,0,0.003848733,2.3001e+13,1027,1,0.042706395,248,0.00503786075230006
1036,-96.58298289,39.07688354,363,363,363,22,"3/26/2012",2,NA,NA,0.586,1.02701e+13,1,NA,460,46003,0,1,0,0.005824541,2.3001e+13,1027,1,0.052075791,363,0.0198135377148387
1036,-96.58285811,39.0771477,364,364,364,22,"3/26/2012",2,NA,NA,0.586,1.02701e+13,1,NA,460,46003,0,1,0,0.005824541,2.3001e+13,1027,1,0.041598306,364,0.0203193781730223
1036,-96.58291306,39.07731722,365,365,365,22,"3/26/2012",2,NA,NA,0.586,1.02701e+13,1,NA,460,46003,0,1,0,0.005824541,2.3001e+13,1027,1,0.04018777,365,0.0206335734777027
1036,-96.58293849,39.07762253,366,366,366,22,"3/26/2012",2,NA,NA,0.586,1.02701e+13,1,NA,460,46003,0,1,0,0.005824541,2.3001e+13,1027,1,0.036167046,366,0.021183361976005
1036,-96.58263073,39.07775234,367,367,367,22,"3/26/2012",2,NA,NA,0.586,1.02701e+13,1,NA,460,46003,0,1,0,0.005824541,2.3001e+13,1027,1,0.042146959,367,0.021673490751322
1036,-96.58255191,39.07802462,368,368,368,22,"3/26/2012",2,NA,NA,0.586,1.02701e+13,1,NA,460,46003,0,1,0,0.005824541,2.3001e+13,1027,1,0.030112839,368,0.0221750704962231
1036,-96.582518,39.07821479,369,369,369,22,"3/26/2012",2,NA,NA,0.586,1.02701e+13,1,NA,460,46003,0,1,0,0.005824541,2.3001e+13,1027,1,0.030429812,369,0.0225200854824342
1036,-96.58256992,39.07841786,370,370,370,22,"3/26/2012",2,NA,NA,0.586,1.02701e+13,1,NA,460,46003,0,1,0,0.005824541,2.3001e+13,1027,1,0.030746785,370,0.0228921720738903
1036,-96.58228986,39.07845335,371,371,371,22,"3/26/2012",2,NA,NA,0.586,1.02701e+13,1,NA,460,46003,0,1,0,0.005824541,2.3001e+13,1027,1,0.079992118,371,0.0232895818088811
1036,-96.58243799,39.07874894,372,372,372,22,"3/26/2012",2,NA,NA,0.586,1.02701e+13,1,NA,460,46003,0,1,0,0.005824541,2.3001e+13,1027,1,0.0932384,372,0.0238598308497917
1036,-96.58213486,39.07890744,373,373,373,22,"3/26/2012",2,NA,NA,0.586,1.02701e+13,1,NA,460,46003,0,1,0,0.005824541,2.3001e+13,1027,1,0.106484682,373,0.0243710857792595
1036,-96.58184673,39.07909307,374,374,374,22,"3/26/2012",2,NA,NA,0.586,1.02701e+13,1,NA,460,46003,0,1,0,0.005824541,2.3001e+13,1027,1,0.119730964,374,0.0248946602163498
1036,-96.58159776,39.07929806,375,375,375,22,"3/26/2012",2,NA,NA,0.586,1.02701e+13,1,NA,460,46003,0,1,0,0.005824541,2.3001e+13,1027,1,0.091043511,375,0.0254018966535724
1036,-96.58169124,39.07951071,376,376,376,22,"3/26/2012",2,NA,NA,0.586,1.02701e+13,1,NA,460,46003,0,1,0,0.005824541,2.3001e+13,1027,1,0.093144555,376,0.025805830764309
1036,-96.58180073,39.07983105,377,377,377,22,"3/26/2012",2,NA,NA,0.586,1.02701e+13,1,NA,460,46003,0,1,0,0.005824541,2.3001e+13,1027,1,0.09528614,377,0.0264015494395031
1036,-96.58178068,39.08016252,378,378,378,22,"3/26/2012",2,NA,NA,0.586,1.02701e+13,1,NA,460,46003,0,1,0,0.005824541,2.3001e+13,1027,1,0.063772703,378,0.0269978535915643
1036,-96.58181076,39.08049662,379,379,379,22,"3/26/2012",2,NA,NA,0.586,1.02701e+13,1,NA,460,46003,0,1,0,0.005824541,2.3001e+13,1027,1,0.06395877,379,0.0275996985832186
1036,-96.58180669,39.08072367,380,380,380,22,"3/26/2012",2,NA,NA,0.586,1.02701e+13,1,NA,460,46003,0,1,0,0.005824541,2.3001e+13,1027,1,0.06500724,380,0.0280077411031072
1037,-96.58256096,39.07313894,763,763,763,35,"3/26/2012",2,NA,NA,0.161,1.02701e+13,1,NA,460,46007,0,1,0,0.001714334,2.3001e+13,1027,1,0.005420314,763,0.000744927580751686
1037,-96.58286988,39.07328142,764,764,764,35,"3/26/2012",2,NA,NA,0.161,1.02701e+13,1,NA,460,46007,0,1,0,0.001714334,2.3001e+13,1027,1,0.004326901,764,0.000893286980087766
1037,-96.58319865,39.07338424,765,765,765,35,"3/26/2012",2,NA,NA,0.161,1.02701e+13,1,NA,460,46007,0,1,0,0.001714334,2.3001e+13,1027,1,0.003233487,765,0.00103970294026504
1037,-96.58349484,39.07355608,766,766,766,35,"3/26/2012",2,NA,NA,0.161,1.02701e+13,1,NA,460,46007,0,1,0,0.001714334,2.3001e+13,1027,1,0.002140074,766,0.00119231057052828
1037,-96.5836905,39.0738247,767,767,767,35,"3/26/2012",2,NA,NA,0.161,1.02701e+13,1,NA,460,46007,0,1,0,0.001714334,2.3001e+13,1027,1,0.001046661,767,0.0013561005419532
1037,-96.58397636,39.07394294,768,768,768,35,"3/26/2012",2,NA,NA,0.161,1.02701e+13,1,NA,460,46007,0,1,0,0.001714334,2.3001e+13,1027,1,8.29977e-05,768,0.00148985516150337
1038,-96.58411069,39.07287427,1,1,1,0,"3/26/2012",2,NA,NA,0.131,1.02701e+13,1,NA,460,46003,0,1,0,0.001226923,2.3001e+13,1027,1,0.012911738,1,0.00272244151934508
1038,-96.58404033,39.07319855,2,2,2,0,"3/26/2012",2,NA,NA,0.131,1.02701e+13,1,NA,460,46003,0,1,0,0.001226923,2.3001e+13,1027,1,0.014268874,2,0.00352061269717036
1038,-96.58403997,39.07353893,3,3,3,0,"3/26/2012",2,NA,NA,0.131,1.02701e+13,1,NA,460,46003,0,1,0,0.001226923,2.3001e+13,1027,1,0.01720682,3,0.00434668069551639
1038,-96.58387747,39.07379589,4,4,4,0,"3/26/2012",2,NA,NA,0.131,1.02701e+13,1,NA,460,46003,0,1,0,0.001226923,2.3001e+13,1027,1,0.029903071,4,0.00504194791070311
1038,-96.58397636,39.07394294,5,5,5,0,"3/26/2012",2,NA,NA,0.131,1.02701e+13,1,NA,460,46003,0,1,0,0.001226923,2.3001e+13,1027,1,0.011170574,5,0.00544488303869016
1039,-96.58397636,39.07394294,820,820,820,38,"3/26/2012",2,NA,NA,0.366,1.02701e+13,1,NA,460,46003,0,1,0,0.00344778,2.3001e+13,1027,1,0.027790058,820,0.00693473820019353
1039,-96.58390112,39.07426644,821,821,821,38,"3/26/2012",2,NA,NA,0.366,1.02701e+13,1,NA,460,46003,0,1,0,0.00344778,2.3001e+13,1027,1,0.014685853,821,0.00776374392011953
1039,-96.58392004,39.07459603,822,822,822,38,"3/26/2012",2,NA,NA,0.366,1.02701e+13,1,NA,460,46003,0,1,0,0.00344778,2.3001e+13,1027,1,8.29977e-05,822,0.00859564054385741
1039,-96.5837624,39.07489896,823,823,823,38,"3/26/2012",2,NA,NA,0.366,1.02701e+13,1,NA,460,46003,0,1,0,0.00344778,2.3001e+13,1027,1,8.29977e-05,823,0.00941992931360572
1039,-96.58355863,39.0751785,824,824,824,38,"3/26/2012",2,NA,NA,0.366,1.02701e+13,1,NA,460,46003,0,1,0,0.00344778,2.3001e+13,1027,1,0.003509009,824,0.0102306285091283
1039,-96.58348875,39.07547019,825,825,825,38,"3/26/2012",2,NA,NA,0.366,1.02701e+13,1,NA,460,46003,0,1,0,0.00344778,2.3001e+13,1027,1,0.065439363,825,0.0109788422640795
1039,-96.58332689,39.07575712,826,826,826,38,"3/26/2012",2,NA,NA,0.366,1.02701e+13,1,NA,460,46003,0,1,0,0.00344778,2.3001e+13,1027,1,0.072555462,826,0.011769191976262
1039,-96.58328342,39.07608019,827,827,827,38,"3/26/2012",2,NA,NA,0.366,1.02701e+13,1,NA,460,46003,0,1,0,0.00344778,2.3001e+13,1027,1,0.079671562,827,0.012588285032635
1039,-96.58308779,39.07630002,828,828,828,38,"3/26/2012",2,NA,NA,0.366,1.02701e+13,1,NA,460,46003,0,1,0,0.00344778,2.3001e+13,1027,1,0.086787661,828,0.0132628884789275
1039,-96.58310086,39.07663194,829,829,829,38,"3/26/2012",2,NA,NA,0.366,1.02701e+13,1,NA,460,46003,0,1,0,0.00344778,2.3001e+13,1027,1,0.07141534,829,0.0141002230825475
1039,-96.58298289,39.07688354,830,830,830,38,"3/26/2012",2,NA,NA,0.366,1.02701e+13,1,NA,460,46003,0,1,0,0.00344778,2.3001e+13,1027,1,0.054573661,830,0.0147756769625386
