,date,DayOfYear,Interp.Value,Uncertainty,LowerBound,UpperBound,gw_min,gw_max,AvgWaterTemp_C,daily_NEP,Month,NEP_median,NEP_lower,NEP_upper,NEP_max,atm_CO2_ppm,Year,Day,measured_discharge
1,2018-01-01,1,3452.509298,239.8966889,3212.612609,3692.405987,2831.830955,6845.270776,12.37356354,0.22220297,1,0.3,0.11,0.75,6.6,442.1245574,2018,1,NA
2,2018-01-02,2,3418.275871,244.0759369,3174.199934,3662.351808,2831.830955,6845.270776,12.1148125,0.22220297,1,0.3,0.11,0.75,6.6,448.0325801,2018,2,NA
3,2018-01-03,3,3384.314452,249.8746586,3134.439794,3634.189111,2831.830955,6845.270776,12.22878804,0.22220297,1,0.3,0.11,0.75,6.6,448.5317058,2018,3,NA
4,2018-01-04,4,3350.736316,257.1812829,3093.555033,3607.917599,2831.830955,6845.270776,11.81330671,0.22220297,1,0.3,0.11,0.75,6.6,442.4314005,2018,4,NA
5,2018-01-05,5,3317.652735,265.8386419,3051.814093,3583.491376,2831.830955,6845.270776,11.63248958,0.22220297,1,0.3,0.11,0.75,6.6,432.8627271,2018,5,NA
6,2018-01-06,6,3285.174981,275.655916,3009.519065,3560.830897,2831.830955,6845.270776,10.91198542,0.22220297,1,0.3,0.11,0.75,6.6,435.6534021,2018,6,NA
7,2018-01-07,7,3253.414328,286.4208769,2966.993451,3539.835204,2831.830955,6845.270776,10.61855833,0.22220297,1,0.3,0.11,0.75,6.6,437.5059397,2018,7,NA
8,2018-01-08,8,3222.482048,297.9106983,2924.571349,3520.392746,2831.830955,6845.270776,10.67629045,0.22220297,1,0.3,0.11,0.75,6.6,445.3585508,2018,8,0.0054525
9,2018-01-09,9,3192.489414,309.9005003,2882.588914,3502.389915,2831.830955,6845.270776,10.15266579,0.22220297,1,0.3,0.11,0.75,6.6,438.8535518,2018,9,0.005093263
10,2018-01-10,10,3163.5477,322.1695215,2841.378179,3485.717222,2831.830955,6845.270776,10.2048693,0.22220297,1,0.3,0.11,0.75,6.6,440.1345746,2018,10,0.004831895
11,2018-01-11,11,3135.768179,334.5052536,2801.262925,3470.273432,2831.830955,6845.270776,10.44206323,0.22220297,1,0.3,0.11,0.75,6.6,441.8393201,2018,11,0.004982184
12,2018-01-12,12,3109.262122,346.7060518,2762.55607,3455.968174,2831.830955,6845.270776,11.0484619,0.22220297,1,0.3,0.11,0.75,6.6,444.0079433,2018,12,0.006091458
13,2018-01-13,13,3084.140803,358.5827437,2725.558059,3442.723547,2831.830955,6845.270776,10.52588814,0.22220297,1,0.3,0.11,0.75,6.6,438.5426816,2018,13,0.006576042
14,2018-01-14,14,3060.515495,369.9596869,2690.555808,3430.475182,2831.830955,6845.270776,10.12681375,0.22220297,1,0.3,0.11,0.75,6.6,434.3812457,2018,14,0.005619792
15,2018-01-15,15,3038.497471,380.6756336,2657.821838,3419.173105,2831.830955,6845.270776,10.20616193,0.22220297,1,0.3,0.11,0.75,6.6,436.2268401,2018,15,0.006004896
16,2018-01-16,16,3018.166057,390.6109207,2627.555137,3408.776978,2831.830955,6845.270776,9.975501919,0.22220297,1,0.3,0.11,0.75,6.6,437.7047813,2018,16,0.00651375
17,2018-01-17,17,2999.472791,399.7682261,2599.704565,3399.241017,2831.830955,6845.270776,9.669804243,0.22220297,1,0.3,0.11,0.75,6.6,446.1169135,2018,17,0.005889792
18,2018-01-18,18,2982.337265,408.1939445,2574.143321,3390.53121,2831.830955,6845.270776,10.01579442,0.22220297,1,0.3,0.11,0.75,6.6,440.717267,2018,18,0.005593125
19,2018-01-19,19,2966.679071,415.9474528,2550.731618,3382.626523,2831.830955,6845.270776,9.93559861,0.22220297,1,0.3,0.11,0.75,6.6,437.2002294,2018,19,0.005702708
20,2018-01-20,20,2952.417799,423.0970381,2529.320761,3375.514837,2831.830955,6845.270776,9.957616319,0.22220297,1,0.3,0.11,0.75,6.6,436.6007424,2018,20,0.005762604
21,2018-01-21,21,2939.473042,429.7167462,2509.756296,3369.189788,2831.830955,6845.270776,9.691882302,0.22220297,1,0.3,0.11,0.75,6.6,432.5419538,2018,21,0.005454792
22,2018-01-22,22,2927.764391,435.8838982,2491.880493,3363.648289,2831.830955,6845.270776,9.887739965,0.22220297,1,0.3,0.11,0.75,6.6,438.7139544,2018,22,0.005477917
23,2018-01-23,23,2917.211438,441.6771056,2475.534332,3358.888544,2831.830955,6845.270776,9.940329861,0.22220297,1,0.3,0.11,0.75,6.6,434.3187889,2018,23,0.005769479
24,2018-01-24,24,2907.733774,447.1746717,2460.559102,3354.908446,2831.830955,6845.270776,9.793348393,0.22220297,1,0.3,0.11,0.75,6.6,437.755595,2018,24,0.004948125
25,2018-01-25,25,2899.250991,452.4533075,2446.797684,3351.704299,2831.830955,6845.270776,10.1423738,0.22220297,1,0.3,0.11,0.75,6.6,436.3641642,2018,25,0.004552258
26,2018-01-26,26,2891.682681,457.5871198,2434.095561,3349.2698,2831.830955,6845.270776,10.16272063,0.22220297,1,0.3,0.11,0.75,6.6,432.4529017,2018,26,0.004538333
27,2018-01-27,27,2884.948434,462.6468483,2422.301586,3347.595282,2831.830955,6845.270776,10.23429597,0.22220297,1,0.3,0.11,0.75,6.6,434.0223845,2018,27,0.004646354
28,2018-01-28,28,2878.967843,467.699342,2411.268501,3346.667185,2831.830955,6845.270776,10.3488926,0.22220297,1,0.3,0.11,0.75,6.6,434.7177661,2018,28,0.007726771
29,2018-01-29,29,2873.660499,472.8072715,2400.853228,3346.467771,2831.830955,6845.270776,9.797279621,0.22220297,1,0.3,0.11,0.75,6.6,431.3220036,2018,29,0.015500417
30,2018-01-30,30,2868.945994,478.02908,2390.916914,3346.975074,2831.830955,6845.270776,9.486072049,0.22220297,1,0.3,0.11,0.75,6.6,438.5904914,2018,30,0.017393958
31,2018-01-31,31,2864.74392,483.4191727,2381.324747,3348.163092,2831.830955,6845.270776,9.721756354,0.22220297,1,0.3,0.11,0.75,6.6,445.5237555,2018,31,0.018906771
32,2018-02-01,32,2860.973867,489.0283447,2371.945522,3350.002211,2831.830955,6845.270776,9.904528646,0.22220297,2,0.3,0.11,0.75,6.6,438.0963541,2018,32,0.019372917
33,2018-02-02,33,2857.565941,494.894993,2362.670948,3352.460934,2831.830955,6845.270776,10.04784284,0.22220297,2,0.3,0.11,0.75,6.6,440.4078733,2018,33,0.017920729
34,2018-02-03,34,2854.492303,501.0186408,2353.473662,3355.510944,2831.830955,6845.270776,10.115777,0.22220297,2,0.3,0.11,0.75,6.6,440.3117937,2018,34,0.014252083
35,2018-02-04,35,2851.735626,507.3904466,2344.34518,3359.126073,2831.830955,6845.270776,10.41596164,0.22220297,2,0.3,0.11,0.75,6.6,434.5784099,2018,35,0.025666875
36,2018-02-05,36,2849.278585,514.0027307,2335.275854,3363.281316,2831.830955,6845.270776,10.94686126,0.22220297,2,0.3,0.11,0.75,6.6,431.9515342,2018,36,0.053037604
37,2018-02-06,37,2847.103853,520.8487698,2326.255084,3367.952623,2831.830955,6845.270776,10.77515365,0.22220297,2,0.3,0.11,0.75,6.6,434.010332,2018,37,0.045847188
38,2018-02-07,38,2845.194105,527.9226188,2317.271486,3373.116724,2831.830955,6845.270776,11.09308775,0.22220297,2,0.3,0.11,0.75,6.6,440.1256723,2018,38,0.055027083
39,2018-02-08,39,2843.532015,535.2189611,2308.313053,3378.750976,2831.830955,6845.270776,10.70844671,0.22220297,2,0.3,0.11,0.75,6.6,436.0051936,2018,39,0.0708
40,2018-02-09,40,2842.100255,542.7329848,2299.367271,3384.83324,2831.830955,6845.270776,10.74007217,0.22220297,2,0.3,0.11,0.75,6.6,434.2549227,2018,40,0.052192292
41,2018-02-10,41,2840.881502,550.4602854,2290.421216,3391.341787,2831.830955,6845.270776,10.99977043,0.22220297,2,0.3,0.11,0.75,6.6,431.2665379,2018,41,0.046797917
42,2018-02-11,42,2839.858428,558.3967923,2281.461635,3398.25522,2831.830955,6845.270776,11.05843421,0.22220297,2,0.3,0.11,0.75,6.6,430.5070436,2018,42,0.307556563
43,2018-02-12,43,2839.013707,566.538718,2272.474989,3405.552425,2831.830955,6845.270776,11.28054934,0.22220297,2,0.3,0.11,0.75,6.6,431.1976189,2018,43,0.117658421
44,2018-02-13,44,2838.330014,574.8825286,2263.447486,3413.212543,2831.830955,6845.270776,11.0471633,0.22220297,2,0.3,0.11,0.75,6.6,435.6185573,2018,44,0.073534792
45,2018-02-14,45,2837.790023,583.4249331,2254.36509,3421.214956,2831.830955,6845.270776,10.82105213,0.22220297,2,0.3,0.11,0.75,6.6,433.8213437,2018,45,0.053048125
46,2018-02-15,46,2837.376407,592.162891,2245.213516,3429.539298,2831.830955,6845.270776,11.18446579,0.22220297,2,0.3,0.11,0.75,6.6,433.7028108,2018,46,0.048990208
47,2018-02-16,47,2837.071841,601.0936354,2235.978205,3438.165476,2831.830955,6845.270776,11.52521528,0.22220297,2,0.3,0.11,0.75,6.6,434.4330326,2018,47,0.046852604
48,2018-02-17,48,2836.858998,610.21471,2226.644288,3447.073708,2831.830955,6845.270776,11.42829688,0.22220297,2,0.3,0.11,0.75,6.6,431.4044551,2018,48,0.041727604
49,2018-02-18,49,2836.720553,619.5240191,2217.196534,3456.244572,2831.830955,6845.270776,11.36634375,0.22220297,2,0.3,0.11,0.75,6.6,431.1791785,2018,49,0.067588958
50,2018-02-19,50,2836.63918,629.0198888,2207.619291,3465.659068,2831.830955,6845.270776,11.14834166,0.22220297,2,0.3,0.11,0.75,6.6,434.1854774,2018,50,0.054373804
51,2018-02-20,51,2836.597552,638.7011375,2197.896414,3475.298689,2831.830955,6845.270776,11.1254401,0.22220297,2,0.3,0.11,0.75,6.6,436.3155068,2018,51,0.042045625
52,2018-02-21,52,2836.578344,648.5671547,2188.011189,3485.145498,2831.830955,6845.270776,11.55079789,0.22220297,2,0.3,0.11,0.75,6.6,435.5066719,2018,52,0.034418229
53,2018-02-22,53,2836.564229,658.6179871,2177.946242,3495.182216,2831.830955,6845.270776,12.08298079,0.22220297,2,0.3,0.11,0.75,6.6,434.808645,2018,53,0.028765313
54,2018-02-23,54,2836.537882,668.8544303,2167.683452,3505.392312,2831.830955,6845.270776,12.14190191,0.22220297,2,0.3,0.11,0.75,6.6,434.5127526,2018,54,0.025107396
55,2018-02-24,55,2836.481977,679.2781251,2157.203852,3515.760102,2831.830955,6845.270776,12.16443316,0.22220297,2,0.3,0.11,0.75,6.6,439.4919739,2018,55,0.024415104
56,2018-02-25,56,2836.379187,689.8916577,2146.487529,3526.270845,2831.830955,6845.270776,12.23291689,0.22220297,2,0.3,0.11,0.75,6.6,441.0585126,2018,56,0.035103542
57,2018-02-26,57,2836.212187,700.6986623,2135.513525,3536.910849,2831.830955,6845.270776,11.88646701,0.22220297,2,0.3,0.11,0.75,6.6,440.2580971,2018,57,0.065860104
58,2018-02-27,58,2835.963651,711.7039256,2124.259725,3547.667577,2831.830955,6845.270776,11.97156966,0.22220297,2,0.3,0.11,0.75,6.6,443.7449419,2018,58,0.072844375
59,2018-02-28,59,2835.616252,722.9134919,2112.70276,3558.529744,2831.830955,6845.270776,12.13455182,0.22220297,2,0.3,0.11,0.75,6.6,430.9826012,2018,59,0.055589167
60,2018-03-01,60,2835.152665,734.3347677,2100.817898,3569.487433,2831.830955,6845.270776,12.0956944,0.22220297,2,0.3,0.11,0.75,6.6,435.85403,2018,60,0.108390208
61,2018-03-02,61,2834.555564,745.9766253,2088.578939,3580.532189,2831.830955,6845.270776,11.98113715,0.22220297,3,0.3,0.11,0.75,6.6,434.1959707,2018,61,0.109643021
62,2018-03-03,62,2833.830583,757.843385,2075.987198,3591.673968,2831.830955,6845.270776,12.0563125,0.22220297,3,0.3,0.11,0.75,6.6,433.57771,2018,62,0.065468333
63,2018-03-04,63,2833.075196,769.9150478,2063.160148,3602.990244,2831.830955,6845.270776,12.03951215,0.22220297,3,0.3,0.11,0.75,6.6,432.9594493,2018,63,0.047989896
64,2018-03-05,64,2832.409839,782.1628192,2050.24702,3614.572659,2831.830955,6845.270776,11.86688674,0.22220297,3,0.3,0.11,0.75,6.6,434.2612691,2018,64,0.039748021
65,2018-03-06,65,2831.954948,794.5544327,2037.400515,3626.50938,2831.830955,6845.270776,12.05430295,0.22220297,3,0.3,0.11,0.75,6.6,429.7276235,2018,65,0.033993438
66,2018-03-07,66,2831.830955,807.0538871,2024.777068,3638.884843,2831.830955,6845.270776,11.8437206,0.22220297,3,0.3,0.11,0.75,6.6,433.6964266,2018,66,0.027814375
67,2018-03-08,67,2832.158298,819.621355,2012.536943,3651.779653,2831.830955,6845.270776,11.36965294,0.22220297,3,0.3,0.11,0.75,6.6,432.7544008,2018,67,0.023204111
68,2018-03-09,68,2833.057411,832.21324,2000.844171,3665.270651,2831.830955,6845.270776,11.42409211,0.22220297,3,0.3,0.11,0.75,6.6,437.0112672,2018,68,0.020590104
69,2018-03-10,69,2834.648729,844.7823626,1989.866366,3679.431092,2831.830955,6845.270776,12.0294071,0.22220297,3,0.3,0.11,0.75,6.6,437.6636665,2018,69,0.019055729
70,2018-03-11,70,2837.052687,857.2782517,1979.774435,3694.330939,2831.830955,6845.270776,12.21613021,0.22220297,3,0.3,0.11,0.75,6.6,438.1651679,2018,70,0.017765104
71,2018-03-12,71,2840.38972,869.6475276,1970.742192,3710.037248,2831.830955,6845.270776,12.19132979,0.22220297,3,0.3,0.11,0.75,6.6,438.7925087,2018,71,0.017444583
72,2018-03-13,72,2844.780263,881.8343604,1962.945903,3726.614623,2831.830955,6845.270776,11.8630331,0.22220297,3,0.3,0.11,0.75,6.6,436.6910025,2018,72,0.015226563
73,2018-03-14,73,2850.344751,893.7809913,1956.56376,3744.125743,2831.830955,6845.270776,11.9690842,0.22220297,3,0.3,0.11,0.75,6.6,433.0363404,2018,73,0.014697813
74,2018-03-15,74,2857.20362,905.4283097,1951.77531,3762.63193,2831.830955,6845.270776,11.92990811,0.22220297,3,0.3,0.11,0.75,6.6,431.1005173,2018,74,0.014777292
75,2018-03-16,75,2865.477304,916.716479,1948.760825,3782.193783,2831.830955,6845.270776,12.11723438,0.22220297,3,0.3,0.11,0.75,6.6,436.4186627,2018,75,0.015055833
76,2018-03-17,76,2875.286238,927.5856081,1947.70063,3802.871846,2831.830955,6845.270776,12.48179375,0.22220297,3,0.3,0.11,0.75,6.6,435.6327423,2018,76,0.014281771
77,2018-03-18,77,2886.750857,937.9764701,1948.774387,3824.727328,2831.830955,6845.270776,12.36707604,0.22220297,3,0.3,0.11,0.75,6.6,439.6809845,2018,77,0.013731474
78,2018-03-19,78,2899.991597,947.8312692,1952.160328,3847.822867,2831.830955,6845.270776,12.03188749,0.22220297,3,0.3,0.11,0.75,6.6,431.5672683,2018,78,0.013118737
79,2018-03-20,79,2915.128893,957.0944638,1958.034429,3872.223356,2831.830955,6845.270776,12.09871563,0.22220297,3,0.3,0.11,0.75,6.6,433.2030872,2018,79,0.019351042
80,2018-03-21,80,2932.283179,965.7136532,1966.569525,3897.996832,2831.830955,6845.270776,11.75534962,0.22220297,3,0.3,0.11,0.75,6.6,437.3024533,2018,80,0.020617813
81,2018-03-22,81,2951.57489,973.6405396,1977.93435,3925.21543,2831.830955,6845.270776,11.99570396,0.22220297,3,0.3,0.11,0.75,6.6,433.5075635,2018,81,0.020335
82,2018-03-23,82,2973.124462,980.8319813,1992.292481,3953.956443,2831.830955,6845.270776,12.21137307,0.22220297,3,0.3,0.11,0.75,6.6,437.9666535,2018,82,0.019726771
83,2018-03-24,83,2997.052329,987.2511515,2009.801178,3984.303481,2831.830955,6845.270776,12.64541667,0.22220297,3,0.3,0.11,0.75,6.6,433.3651815,2018,83,0.019560521
84,2018-03-25,84,3023.478928,992.8688266,2030.610101,4016.347754,2831.830955,6845.270776,12.81285938,0.22220297,3,0.3,0.11,0.75,6.6,431.7467728,2018,84,0.027556458
85,2018-03-26,85,3052.524692,997.6648232,2054.859868,4050.189515,2831.830955,6845.270776,12.88293835,0.22220297,3,0.3,0.11,0.75,6.6,433.5560237,2018,85,0.033983958
86,2018-03-27,86,3084.310056,1001.629612,2082.680445,4085.939668,2831.830955,6845.270776,12.85624375,0.22220297,3,0.3,0.11,0.75,6.6,434.3078519,2018,86,0.031303125
87,2018-03-28,87,3118.955457,1004.766131,2114.189326,4123.721588,2831.830955,6845.270776,13.11817296,0.22220297,3,0.3,0.11,0.75,6.6,436.8026758,2018,87,0.027871458
88,2018-03-29,88,3156.581328,1007.091836,2149.489492,4163.673164,2831.830955,6845.270776,13.13736354,0.22220297,3,0.3,0.11,0.75,6.6,435.2482647,2018,88,0.025232604
89,2018-03-30,89,3197.308105,1008.640999,2188.667106,4205.949105,2831.830955,6845.270776,13.40294271,0.22220297,3,0.3,0.11,0.75,6.6,440.6666832,2018,89,0.0296925
90,2018-03-31,90,3241.256223,1009.467296,2231.788928,4250.723519,2831.830955,6845.270776,12.97991354,0.22220297,3,0.3,0.11,0.75,6.6,442.0645923,2018,90,0.031360521
91,2018-04-01,91,3288.546117,1009.646681,2278.899437,4298.192798,2831.830955,6845.270776,12.76736737,0.22220297,3,0.3,0.11,0.75,6.6,432.7172755,2018,91,0.031122083
92,2018-04-02,92,3339.298222,1009.280565,2330.017658,4348.578787,2831.830955,6845.270776,12.40217469,0.22220297,4,0.3,0.11,0.75,6.6,437.2871788,2018,92,0.02799
93,2018-04-03,93,3393.574185,1008.513558,2385.060627,4402.087743,2831.830955,6845.270776,12.50234219,0.22220297,4,0.3,0.11,0.75,6.6,445.8001728,2018,93,0.024499322
94,2018-04-04,94,3451.200496,1007.569805,2443.630691,4458.770301,2831.830955,6845.270776,13.1547645,0.22220297,4,0.3,0.11,0.75,6.6,451.6285063,2018,94,0.024797195
95,2018-04-05,95,3511.944858,1006.692402,2505.252456,4518.63726,2831.830955,6845.270776,13.67886251,0.22220297,4,0.3,0.11,0.75,6.6,450.4480913,2018,95,0.025095068
96,2018-04-06,96,3575.574973,1006.122619,2569.452354,4581.697592,2831.830955,6845.270776,13.88539931,0.22220297,4,0.3,0.11,0.75,6.6,449.2676764,2018,96,0.025392942
97,2018-04-07,97,3641.858545,1006.095308,2635.763237,4647.953852,2831.830955,6845.270776,13.74110764,0.22220297,4,0.3,0.11,0.75,6.6,448.0872615,2018,97,0.025690815
98,2018-04-08,98,3710.563275,1006.834092,2703.729183,4717.397366,2831.830955,6845.270776,13.49585995,0.22220297,4,0.3,0.11,0.75,6.6,446.9068466,2018,98,0.025988688
99,2018-04-09,99,3781.456865,1008.546441,2772.910424,4790.003306,2831.830955,6845.270776,13.72877083,0.22220297,4,0.3,0.11,0.75,6.6,445.7264317,2018,99,0.026286561
100,2018-04-10,100,3854.30702,1011.41881,2842.88821,4865.72583,2831.830955,6845.270776,13.63477431,0.22220297,4,0.3,0.11,0.75,6.6,444.5460168,2018,100,0.026584434
101,2018-04-11,101,3928.88144,1015.612053,2913.269388,4944.493493,2831.830955,6845.270776,13.43354545,0.22220297,4,0.3,0.11,0.75,6.6,443.3656018,2018,101,0.026882308
102,2018-04-12,102,4004.947829,1021.257357,2983.690472,5026.205186,2831.830955,6845.270776,13.44971458,0.22220297,4,0.3,0.11,0.75,6.6,442.1851869,2018,102,0.024661979
103,2018-04-13,103,4082.273888,1028.452944,3053.820944,5110.726833,2831.830955,6845.270776,13.66797917,0.22220297,4,0.3,0.11,0.75,6.6,438.3344606,2018,103,0.022431667
104,2018-04-14,104,4160.627321,1037.261728,3123.365593,5197.88905,2831.830955,6845.270776,14.04654249,0.22220297,4,0.3,0.11,0.75,6.6,434.9360642,2018,104,0.02042
105,2018-04-15,105,4239.77583,1047.710088,3192.065742,5287.485919,2831.830955,6845.270776,13.51905382,0.22220297,4,0.3,0.11,0.75,6.6,442.9670372,2018,105,0.026465
106,2018-04-16,106,4319.487118,1059.787807,3259.69931,5379.274925,2831.830955,6845.270776,13.0221503,0.22220297,4,0.3,0.11,0.75,6.6,437.4995153,2018,106,0.058556146
107,2018-04-17,107,4399.528886,1073.449143,3326.079743,5472.978028,2831.830955,6845.270776,12.9888533,0.22220297,4,0.3,0.11,0.75,6.6,439.3048016,2018,107,0.0473625
108,2018-04-18,108,4479.668837,1088.61491,3391.053927,5568.283747,2831.830955,6845.270776,13.30168983,0.22220297,4,0.3,0.11,0.75,6.6,439.8569858,2018,108,0.038928542
109,2018-04-19,109,4559.674675,1105.175391,3454.499284,5664.850066,2831.830955,6845.270776,13.42527884,0.22220297,4,0.3,0.11,0.75,6.6,435.3787404,2018,109,0.031137292
110,2018-04-20,110,4639.3141,1122.993834,3516.320267,5762.307934,2831.830955,6845.270776,13.02810747,0.22220297,4,0.3,0.11,0.75,6.6,433.4472032,2018,110,0.024170104
111,2018-04-21,111,4718.354817,1141.910307,3576.44451,5860.265124,2831.830955,6845.270776,13.40288072,0.22220297,4,0.3,0.11,0.75,6.6,431.5156661,2018,111,0.020474896
112,2018-04-22,112,4796.564527,1161.745676,3634.818851,5958.310202,2831.830955,6845.270776,13.14844049,0.22220297,4,0.3,0.11,0.75,6.6,438.181667,2018,112,0.01818375
113,2018-04-23,113,4873.710932,1182.305509,3691.405424,6056.016441,2831.830955,6845.270776,12.97898264,0.22220297,4,0.3,0.11,0.75,6.6,445.9501419,2018,113,0.018471146
114,2018-04-24,114,4949.561736,1203.383763,3746.177973,6152.945499,2831.830955,6845.270776,13.18080382,0.22220297,4,0.3,0.11,0.75,6.6,436.4171661,2018,114,0.036328958
115,2018-04-25,115,5023.88464,1224.766151,3799.118489,6248.650791,2831.830955,6845.270776,13.37286074,0.22220297,4,0.3,0.11,0.75,6.6,426.8841904,2018,115,0.058604167
116,2018-04-26,116,5096.447348,1246.233127,3850.214221,6342.680475,2831.830955,6845.270776,13.29681581,0.22220297,4,0.3,0.11,0.75,6.6,445.4745527,2018,116,0.044562396
117,2018-04-27,117,5167.017562,1267.562482,3899.455079,6434.580044,2831.830955,6845.270776,13.377046,0.22220297,4,0.3,0.11,0.75,6.6,446.9593316,2018,117,0.036736354
118,2018-04-28,118,5235.362983,1288.531561,3946.831422,6523.894544,2831.830955,6845.270776,13.81472975,0.22220297,4,0.3,0.11,0.75,6.6,467.0826315,2018,118,0.029534271
119,2018-04-29,119,5301.251316,1308.919126,3992.33219,6610.170442,2831.830955,6845.270776,13.85553273,0.22220297,4,0.3,0.11,0.75,6.6,451.1101931,2018,119,0.023705625
120,2018-04-30,120,5364.450261,1328.506931,4035.943331,6692.957192,2831.830955,6845.270776,14.07127467,0.22220297,4,0.3,0.11,0.75,6.6,452.7340816,2018,120,0.019279063
121,2018-05-01,121,5424.727522,1347.081049,4077.646474,6771.808571,2831.830955,6845.270776,13.73576066,0.22220297,4,0.3,0.11,0.75,6.6,442.7927206,2018,121,0.016383438
122,2018-05-02,122,5481.850802,1364.43302,4117.417782,6846.283822,2831.830955,6845.270776,13.89021801,0.22220297,5,0.3,0.11,0.75,6.6,446.9622381,2018,122,0.014237292
123,2018-05-03,123,5535.649647,1380.392979,4155.256667,6916.042626,2831.830955,6845.270776,14.24330897,0.22220297,5,0.3,0.11,0.75,6.6,447.4533041,2018,123,0.01303022
124,2018-05-04,124,5586.200984,1394.930288,4191.270695,6981.131272,2831.830955,6845.270776,14.29588218,0.22220297,5,0.3,0.11,0.75,6.6,454.0231232,2018,124,0.012425729
125,2018-05-05,125,5633.643585,1408.06209,4225.581495,7041.705675,2831.830955,6845.270776,14.29515938,0.22220297,5,0.3,0.11,0.75,6.6,445.0899777,2018,125,0.011586146
126,2018-05-06,126,5678.116222,1419.81947,4258.296752,7097.935692,2831.830955,6845.270776,14.32945219,0.22220297,5,0.3,0.11,0.75,6.6,457.0800562,2018,126,0.010863854
127,2018-05-07,127,5719.757666,1430.245185,4289.512481,7150.002852,2831.830955,6845.270776,14.16303504,0.22220297,5,0.3,0.11,0.75,6.6,448.5872396,2018,127,0.009759375
128,2018-05-08,128,5758.70669,1439.391766,4319.314924,7198.098456,2831.830955,6845.270776,14.06029115,0.22220297,5,0.3,0.11,0.75,6.6,455.8777414,2018,128,0.008923958
129,2018-05-09,129,5795.102064,1447.319922,4347.782142,7242.421986,2831.830955,6845.270776,14.39327635,0.22220297,5,0.3,0.11,0.75,6.6,451.3274767,2018,129,0.008225833
130,2018-05-10,130,5829.082561,1454.097197,4374.985364,7283.179758,2831.830955,6845.270776,14.57075947,0.22220297,5,0.3,0.11,0.75,6.6,456.0626017,2018,130,0.008035938
131,2018-05-11,131,5860.786952,1459.796825,4400.990127,7320.583777,2831.830955,6845.270776,14.55494392,0.22220297,5,0.3,0.11,0.75,6.6,469.0854042,2018,131,0.007561146
132,2018-05-12,132,5890.354009,1464.496753,4425.857256,7354.850762,2831.830955,6845.270776,14.66932634,0.22220297,5,0.3,0.11,0.75,6.6,461.3548763,2018,132,0.006721042
133,2018-05-13,133,5917.922504,1468.278794,4449.64371,7386.201297,2831.830955,6845.270776,14.54417346,0.22220297,5,0.3,0.11,0.75,6.6,457.6599964,2018,133,0.006292188
134,2018-05-14,134,5943.631207,1471.227895,4472.403312,7414.859103,2831.830955,6845.270776,14.54039293,0.22220297,5,0.3,0.11,0.75,6.6,467.5611623,2018,134,0.006009896
135,2018-05-15,135,5967.618892,1473.431497,4494.187395,7441.050389,2831.830955,6845.270776,14.54337838,0.22220297,5,0.3,0.11,0.75,6.6,471.6156804,2018,135,0.005917083
136,2018-05-16,136,5990.02433,1474.978965,4515.045365,7465.003294,2831.830955,6845.270776,14.98642776,0.22220297,5,0.3,0.11,0.75,6.6,472.2792128,2018,136,0.005828947
137,2018-05-17,137,6010.986292,1475.961087,4535.025204,7486.947379,2831.830955,6845.270776,15.11393173,0.22220297,5,0.3,0.11,0.75,6.6,452.4806971,2018,137,0.005775
138,2018-05-18,138,6030.643549,1476.469628,4554.173921,7507.113178,2831.830955,6845.270776,15.18472249,0.22220297,5,0.3,0.11,0.75,6.6,457.846499,2018,138,0.006661563
139,2018-05-19,139,6049.134875,1476.596928,4572.537947,7525.731803,2831.830955,6845.270776,15.46469129,0.22220297,5,0.3,0.11,0.75,6.6,447.2681128,2018,139,0.006868021
140,2018-05-20,140,6066.59904,1476.435545,4590.163496,7543.034585,2831.830955,6845.270776,15.64617219,0.22220297,5,0.3,0.11,0.75,6.6,448.0718425,2018,140,0.005564896
141,2018-05-21,141,6083.174817,1476.077938,4607.096879,7559.252754,2831.830955,6845.270776,15.39133767,0.22220297,5,0.3,0.11,0.75,6.6,450.1910432,2018,141,0.005366042
142,2018-05-22,142,6099.000976,1475.616187,4623.384788,7574.617163,2831.830955,6845.270776,15.4650558,0.22220297,5,0.3,0.11,0.75,6.6,453.9377074,2018,142,0.005274896
143,2018-05-23,143,6114.216289,1475.141753,4639.074536,7589.358043,2831.830955,6845.270776,15.60448524,0.22220297,5,0.3,0.11,0.75,6.6,464.5069549,2018,143,0.005147604
144,2018-05-24,144,6128.959529,1474.74527,4654.214259,7603.704799,2831.830955,6845.270776,15.56538401,0.22220297,5,0.3,0.11,0.75,6.6,450.5590227,2018,144,0.005011771
145,2018-05-25,145,6143.369467,1474.516383,4668.853085,7617.88585,2831.830955,6845.270776,15.85956733,0.22220297,5,0.3,0.11,0.75,6.6,468.9226015,2018,145,0.005006667
146,2018-05-26,146,6157.584875,1474.543625,4683.04125,7632.1285,2831.830955,6845.270776,15.95278367,0.22220297,5,0.3,0.11,0.75,6.6,464.7617738,2018,146,0.0053525
147,2018-05-27,147,6171.744524,1474.914338,4696.830186,7646.658862,2831.830955,6845.270776,15.7677309,0.22220297,5,0.3,0.11,0.75,6.6,452.3165644,2018,147,0.00516875
148,2018-05-28,148,6185.987186,1475.714642,4710.272544,7661.701828,2831.830955,6845.270776,15.56219372,0.22220297,5,0.3,0.11,0.75,6.6,451.4858574,2018,148,0.005034063
149,2018-05-29,149,6200.451632,1477.02945,4723.422183,7677.481082,2831.830955,6845.270776,15.57821491,0.22220297,5,0.3,0.11,0.75,6.6,455.1215887,2018,149,0.004921771
150,2018-05-30,150,6215.276635,1478.942538,4736.334097,7694.219174,2831.830955,6845.270776,15.49708617,0.22220297,5,0.3,0.11,0.75,6.6,458.1082724,2018,150,0.006799796
151,2018-05-31,151,6230.600967,1481.536671,4749.064296,7712.137637,2831.830955,6845.270776,15.72162133,0.22220297,5,0.3,0.11,0.75,6.6,462.1521863,2018,151,0.006249847
152,2018-06-01,152,6246.563398,1484.893772,4761.669626,7731.457169,2831.830955,6845.270776,15.82250175,0.22220297,5,0.3,0.11,0.75,6.6,476.124086,2018,152,0.005699898
153,2018-06-02,153,6263.3027,1489.095159,4774.207542,7752.397859,2831.830955,6845.270776,15.78172853,0.22220297,6,0.3,0.11,0.75,6.6,459.1745907,2018,153,0.005149949
154,2018-06-03,154,6280.915612,1494.193077,4786.722535,7775.108688,2831.830955,6845.270776,15.91680938,0.22220297,6,0.3,0.11,0.75,6.6,461.731542,2018,154,0.0046
155,2018-06-04,155,6299.330735,1500.12499,4799.205745,7799.455725,2831.830955,6845.270776,15.84364129,0.22220297,6,0.3,0.11,0.75,6.6,441.7296824,2018,155,0.004469368
156,2018-06-05,156,6318.434639,1506.800304,4811.634335,7825.234943,2831.830955,6845.270776,15.92669239,0.22220297,6,0.3,0.11,0.75,6.6,440.5514358,2018,156,0.004314479
157,2018-06-06,157,6338.11389,1514.129059,4823.984832,7852.242949,2831.830955,6845.270776,16.05404688,0.22220297,6,0.3,0.11,0.75,6.6,444.0922183,2018,157,0.004216875
158,2018-06-07,158,6358.255059,1522.021803,4836.233255,7880.276862,2831.830955,6845.270776,16.11046667,0.22220297,6,0.3,0.11,0.75,6.6,453.7964112,2018,158,0.004115938
159,2018-06-08,159,6378.744712,1530.389483,4848.355229,7909.134195,2831.830955,6845.270776,16.31480021,0.22220297,6,0.3,0.11,0.75,6.6,497.993115,2018,159,0.004021563
160,2018-06-09,160,6399.469419,1539.143327,4860.326092,7938.612746,2831.830955,6845.270776,16.43003229,0.22220297,6,0.3,0.11,0.75,6.6,472.3773664,2018,160,0.004007083
161,2018-06-10,161,6420.315747,1548.194757,4872.120991,7968.510504,2831.830955,6845.270776,16.37378438,0.22220297,6,0.3,0.11,0.75,6.6,446.9069448,2018,161,0.003965417
162,2018-06-11,162,6441.170266,1557.455294,4883.714972,7998.62556,2831.830955,6845.270776,16.28769688,0.22220297,6,0.3,0.11,0.75,6.6,441.066435,2018,162,0.003960211
163,2018-06-12,163,6461.919544,1566.836486,4895.083058,8028.75603,2831.830955,6845.270776,16.27680382,0.22220297,6,0.3,0.11,0.75,6.6,453.1084432,2018,163,0.00393875
164,2018-06-13,164,6482.450148,1576.249842,4906.200306,8058.69999,2831.830955,6845.270776,16.21014552,0.22220297,6,0.3,0.11,0.75,6.6,455.557416,2018,164,0.00383764
165,2018-06-14,165,6502.648647,1585.606776,4917.041872,8088.255423,2831.830955,6845.270776,16.26583436,0.22220297,6,0.3,0.11,0.75,6.6,455.068822,2018,165,0.003800521
166,2018-06-15,166,6522.401611,1594.818562,4927.583048,8117.220173,2831.830955,6845.270776,16.44110342,0.22220297,6,0.3,0.11,0.75,6.6,459.4356326,2018,166,0.003730833
167,2018-06-16,167,6541.595606,1603.796303,4937.799303,8145.391908,2831.830955,6845.270776,16.50252604,0.22220297,6,0.3,0.11,0.75,6.6,473.0311478,2018,167,0.003667188
168,2018-06-17,168,6560.117201,1612.450895,4947.666306,8172.568097,2831.830955,6845.270776,16.49681581,0.22220297,6,0.3,0.11,0.75,6.6,463.2482068,2018,168,0.003566042
169,2018-06-18,169,6577.852966,1620.693019,4957.159947,8198.545984,2831.830955,6845.270776,16.40950044,0.22220297,6,0.3,0.11,0.75,6.6,445.9415649,2018,169,0.003525104
170,2018-06-19,170,6594.689467,1628.433119,4966.256348,8223.122587,2831.830955,6845.270776,16.4156684,0.22220297,6,0.3,0.11,0.75,6.6,431.2700338,2018,170,0.003508125
171,2018-06-20,171,6610.513274,1635.581406,4974.931868,8246.09468,2831.830955,6845.270776,16.39746615,0.22220297,6,0.3,0.11,0.75,6.6,435.2472437,2018,171,0.0034575
172,2018-06-21,172,6625.210955,1642.04785,4983.163105,8267.258805,2831.830955,6845.270776,16.51857815,0.22220297,6,0.3,0.11,0.75,6.6,448.7425752,2018,172,0.002682632
173,2018-06-22,173,6638.669078,1647.742189,4990.926889,8286.411267,2831.830955,6845.270776,16.47903472,0.22220297,6,0.3,0.11,0.75,6.6,453.1323348,2018,173,0.003563958
174,2018-06-23,174,6650.774212,1652.57394,4998.200272,8303.348152,2831.830955,6845.270776,16.49640997,0.22220297,6,0.3,0.11,0.75,6.6,459.5555365,2018,174,0.003508854
175,2018-06-24,175,6661.412925,1656.45241,5004.960514,8317.865335,2831.830955,6845.270776,16.65731858,0.22220297,6,0.3,0.11,0.75,6.6,451.1068989,2018,175,0.003568958
176,2018-06-25,176,6670.471785,1659.286716,5011.185069,8329.7585,2831.830955,6845.270776,16.66220339,0.22220297,6,0.3,0.11,0.75,6.6,450.785991,2018,176,0.003910326
177,2018-06-26,177,6677.83736,1660.985802,5016.851559,8338.823162,2831.830955,6845.270776,16.74065751,0.22220297,6,0.3,0.11,0.75,6.6,443.580799,2018,177,0.003803333
178,2018-06-27,178,6683.39622,1661.458467,5021.937753,8344.854687,2831.830955,6845.270776,16.7488099,0.22220297,6,0.3,0.11,0.75,6.6,468.1039794,2018,178,0.004383646
179,2018-06-28,179,6687.034933,1660.613391,5026.421542,8347.648323,2831.830955,6845.270776,16.73870313,0.22220297,6,0.3,0.11,0.75,6.6,458.9925464,2018,179,0.018474688
180,2018-06-29,180,6688.640066,1658.359163,5030.280902,8346.999229,2831.830955,6845.270776,16.89037489,0.22220297,6,0.3,0.11,0.75,6.6,470.1004629,2018,180,0.011675417
181,2018-06-30,181,6688.098188,1654.604321,5033.493867,8342.70251,2831.830955,6845.270776,17.11436181,0.22220297,6,0.3,0.11,0.75,6.6,470.8697716,2018,181,0.006410104
182,2018-07-01,182,6685.295868,1649.257385,5036.038483,8334.553253,2831.830955,6845.270776,17.33613013,0.22220297,6,0.3,0.11,0.75,6.6,469.2538838,2018,182,0.004951458
183,2018-07-02,183,6680.119674,1642.226903,5037.892771,8322.346577,2831.830955,6845.270776,17.24976742,0.22220297,7,0.3,0.11,0.75,6.6,475.5443238,2018,183,0.004216563
184,2018-07-03,184,6672.495426,1633.447382,5039.048044,8305.942808,2831.830955,6845.270776,17.2031446,0.22220297,7,0.3,0.11,0.75,6.6,481.2399817,2018,184,0.004189896
185,2018-07-04,185,6662.505949,1622.95705,5039.548899,8285.462998,2831.830955,6845.270776,17.31608594,0.22220297,7,0.3,0.11,0.75,6.6,480.3982826,2018,185,0.003839896
186,2018-07-05,186,6650.273319,1610.82033,5039.452989,8261.093649,2831.830955,6845.270776,17.5061214,0.22220297,7,0.3,0.11,0.75,6.6,479.5565835,2018,186,0.003642292
187,2018-07-06,187,6635.919614,1597.101957,5038.817658,8233.021571,2831.830955,6845.270776,17.58898524,0.22220297,7,0.3,0.11,0.75,6.6,485.7157694,2018,187,0.003795938
188,2018-07-07,188,6619.566911,1581.866965,5037.699946,8201.433876,2831.830955,6845.270776,17.44646788,0.22220297,7,0.3,0.11,0.75,6.6,484.0689044,2018,188,0.005942917
189,2018-07-08,189,6601.337286,1565.180682,5036.156604,8166.517968,2831.830955,6845.270776,17.42568142,0.22220297,7,0.3,0.11,0.75,6.6,491.6551665,2018,189,0.005759688
190,2018-07-09,190,6581.352816,1547.108726,5034.24409,8128.461541,2831.830955,6845.270776,17.50284635,0.22220297,7,0.3,0.11,0.75,6.6,473.7977478,2018,190,0.005228125
191,2018-07-10,191,6559.735577,1527.717008,5032.018569,8087.452585,2831.830955,6845.270776,17.57748906,0.22220297,7,0.3,0.11,0.75,6.6,456.2081699,2018,191,0.004435938
192,2018-07-11,192,6536.607647,1507.071747,5029.5359,8043.679394,2831.830955,6845.270776,17.4755952,0.22220297,7,0.3,0.11,0.75,6.6,454.345492,2018,192,0.003888646
193,2018-07-12,193,6512.091102,1485.23948,5026.851622,7997.330582,2831.830955,6845.270776,17.58842002,0.22220297,7,0.3,0.11,0.75,6.6,452.4828141,2018,193,0.003731977
194,2018-07-13,194,6486.308019,1462.287086,5024.020933,7948.595105,2831.830955,6845.270776,17.49890122,0.22220297,7,0.3,0.11,0.75,6.6,450.6201362,2018,194,0.003598958
195,2018-07-14,195,6459.380475,1438.281814,5021.098661,7897.662289,2831.830955,6845.270776,17.55963336,0.22220297,7,0.3,0.11,0.75,6.6,448.7574583,2018,195,0.003514896
196,2018-07-15,196,6431.430546,1413.291317,5018.13923,7844.721863,2831.830955,6845.270776,17.6303316,0.22220297,7,0.3,0.11,0.75,6.6,446.8947804,2018,196,0.003455938
197,2018-07-16,197,6402.58031,1387.383696,5015.196614,7789.964006,2831.830955,6845.270776,17.7078125,0.22220297,7,0.3,0.11,0.75,6.6,445.0321025,2018,197,0.003446146
198,2018-07-17,198,6372.951843,1360.627552,5012.324291,7733.579395,2831.830955,6845.270776,17.73994271,0.22220297,7,0.3,0.11,0.75,6.6,443.1694246,2018,198,0.003578646
199,2018-07-18,199,6342.667222,1333.092048,5009.575174,7675.759269,2831.830955,6845.270776,17.82890625,0.22220297,7,0.3,0.11,0.75,6.6,441.3067467,2018,199,0.003419896
200,2018-07-19,200,6311.848523,1304.846979,5007.001544,7616.695502,2831.830955,6845.270776,17.57905816,0.22220297,7,0.3,0.11,0.75,6.6,443.2141736,2018,200,0.003143438
201,2018-07-20,201,6280.617824,1275.962863,5004.654961,7556.580686,2831.830955,6845.270776,17.64637533,0.22220297,7,0.3,0.11,0.75,6.6,445.1216005,2018,201,0.003102396
202,2018-07-21,202,6249.0972,1246.511034,5002.586167,7495.608234,2831.830955,6845.270776,17.89783709,0.22220297,7,0.3,0.11,0.75,6.6,459.3526427,2018,202,0.017255938
203,2018-07-22,203,6217.40873,1216.563762,5000.844968,7433.972492,2831.830955,6845.270776,17.62952865,0.22220297,7,0.3,0.11,0.75,6.6,503.6959271,2018,203,0.0135525
204,2018-07-23,204,6185.674489,1186.194388,4999.480102,7371.868877,2831.830955,6845.270776,17.51624557,0.22220297,7,0.3,0.11,0.75,6.6,493.4630246,2018,204,0.013815417
205,2018-07-24,205,6154.016555,1155.477474,4998.539081,7309.494029,2831.830955,6845.270776,17.39714149,0.22220297,7,0.3,0.11,0.75,6.6,468.1372569,2018,205,0.009809688
206,2018-07-25,206,6122.557004,1124.488987,4998.068018,7247.045991,2831.830955,6845.270776,17.44880522,0.22220297,7,0.3,0.11,0.75,6.6,487.8146375,2018,206,0.006281771
207,2018-07-26,207,6091.417913,1093.306497,4998.111417,7184.72441,2831.830955,6845.270776,17.44171416,0.22220297,7,0.3,0.11,0.75,6.6,474.7936403,2018,207,0.004786771
208,2018-07-27,208,6060.721359,1062.009414,4998.711946,7122.730773,2831.830955,6845.270776,17.6657659,0.22220297,7,0.3,0.11,0.75,6.6,470.7229863,2018,208,0.003906875
209,2018-07-28,209,6030.589419,1030.679248,4999.910171,7061.268666,2831.830955,6845.270776,17.83889228,0.22220297,7,0.3,0.11,0.75,6.6,484.9839468,2018,209,0.003520625
210,2018-07-29,210,6001.144168,999.3999075,5001.744261,7000.544076,2831.830955,6845.270776,17.79729232,0.22220297,7,0.3,0.11,0.75,6.6,475.6247207,2018,210,0.003278542
211,2018-07-30,211,5972.507685,968.2580303,5004.249655,6940.765715,2831.830955,6845.270776,17.75781424,0.22220297,7,0.3,0.11,0.75,6.6,465.2811326,2018,211,0.003139583
212,2018-07-31,212,5944.802046,937.3433473,5007.458698,6882.145393,2831.830955,6845.270776,17.75831337,0.22220297,7,0.3,0.11,0.75,6.6,473.4299769,2018,212,0.003117813
213,2018-08-01,213,5918.149327,906.7490813,5011.400245,6824.898408,2831.830955,6845.270776,17.68935397,0.22220297,7,0.3,0.11,0.75,6.6,456.6712961,2018,213,0.00327
214,2018-08-02,214,5892.671605,876.57237,5016.099235,6769.243975,2831.830955,6845.270776,17.4726276,0.22220297,8,0.3,0.11,0.75,6.6,464.2364523,2018,214,0.003333125
215,2018-08-03,215,5868.47664,846.9069749,5021.569665,6715.383615,2831.830955,6845.270776,17.57817704,0.22220297,8,0.3,0.11,0.75,6.6,478.9472606,2018,215,0.003070833
216,2018-08-04,216,5845.614918,817.8217378,5027.79318,6663.436656,2831.830955,6845.270776,17.52472483,0.22220297,8,0.3,0.11,0.75,6.6,480.969019,2018,216,0.00283875
217,2018-08-05,217,5824.122609,789.3847201,5034.737888,6613.507329,2831.830955,6845.270776,17.56649001,0.22220297,8,0.3,0.11,0.75,6.6,482.9907774,2018,217,0.002727708
218,2018-08-06,218,5804.035881,761.6715487,5042.364332,6565.707429,2831.830955,6845.270776,17.63772464,0.22220297,8,0.3,0.11,0.75,6.6,476.0284511,2018,218,0.002679271
219,2018-08-07,219,5785.390904,734.7664211,5050.624482,6520.157325,2831.830955,6845.270776,17.67473872,0.22220297,8,0.3,0.11,0.75,6.6,468.0791096,2018,219,0.002631042
220,2018-08-08,220,5768.223846,708.763142,5059.460704,6476.986988,2831.830955,6845.270776,17.64933627,0.22220297,8,0.3,0.11,0.75,6.6,493.7389969,2018,220,0.002765714
221,2018-08-09,221,5752.570878,683.7661399,5068.804739,6436.337018,2831.830955,6845.270776,17.64725752,0.22220297,8,0.3,0.11,0.75,6.6,460.0897728,2018,221,0.002758333
222,2018-08-10,222,5738.468169,659.8913773,5078.576791,6398.359546,2831.830955,6845.270776,17.64913093,0.22220297,8,0.3,0.11,0.75,6.6,486.3837928,2018,222,0.003163125
223,2018-08-11,223,5725.951887,637.2670323,5088.684854,6363.218919,2831.830955,6845.270776,17.55756386,0.22220297,8,0.3,0.11,0.75,6.6,473.9632255,2018,223,0.002957708
224,2018-08-12,224,5715.058201,616.0337845,5099.024416,6331.091986,2831.830955,6845.270776,17.64795486,0.22220297,8,0.3,0.11,0.75,6.6,454.085761,2018,224,0.002662396
225,2018-08-13,225,5705.823281,596.3444903,5109.478791,6302.167771,2831.830955,6845.270776,17.70845226,0.22220297,8,0.3,0.11,0.75,6.6,438.6166607,2018,225,0.002536458
226,2018-08-14,226,5698.283296,578.3629918,5119.920305,6276.646288,2831.830955,6845.270776,17.78051128,0.22220297,8,0.3,0.11,0.75,6.6,461.8673761,2018,226,0.002469375
227,2018-08-15,227,5692.474416,562.2617921,5130.212624,6254.736208,2831.830955,6845.270776,17.7460913,0.22220297,8,0.3,0.11,0.75,6.6,484.8142896,2018,227,0.002430938
228,2018-08-16,228,5688.432808,548.2183568,5140.214451,6236.651165,2831.830955,6845.270776,17.53291406,0.22220297,8,0.3,0.11,0.75,6.6,453.4758971,2018,228,0.002445208
229,2018-08-17,229,5686.194643,536.4099122,5149.784731,6222.604555,2831.830955,6845.270776,17.467014,0.22220297,8,0.3,0.11,0.75,6.6,440.3425981,2018,229,0.002560313
230,2018-08-18,230,5685.79609,527.0068055,5158.789284,6212.802895,2831.830955,6845.270776,17.5190061,0.22220297,8,0.3,0.11,0.75,6.6,457.2064614,2018,230,0.002715938
231,2018-08-19,231,5687.273317,520.1647787,5167.108539,6207.438096,2831.830955,6845.270776,17.52801942,0.22220297,8,0.3,0.11,0.75,6.6,456.4251059,2018,231,0.002565579
232,2018-08-20,232,5690.662495,516.0168364,5174.645658,6206.679331,2831.830955,6845.270776,17.66485004,0.22220297,8,0.3,0.11,0.75,6.6,466.5618178,2018,232,0.002507391
233,2018-08-21,233,5695.999791,514.6656708,5181.334121,6210.665462,2831.830955,6845.270776,17.70008333,0.22220297,8,0.3,0.11,0.75,6.6,480.0614813,2018,233,0.002493889
234,2018-08-22,234,5703.321376,516.1777311,5187.143645,6219.499107,2831.830955,6845.270776,17.80784805,0.22220297,8,0.3,0.11,0.75,6.6,479.9754706,2018,234,0.002458
235,2018-08-23,235,5712.663418,520.5799015,5192.083517,6233.24332,2831.830955,6845.270776,17.68710987,0.22220297,8,0.3,0.11,0.75,6.6,462.4042797,2018,235,0.002389167
236,2018-08-24,236,5724.062087,527.8593635,5196.202724,6251.921451,2831.830955,6845.270776,17.51858681,0.22220297,8,0.3,0.11,0.75,6.6,461.6199167,2018,236,0.002348646
237,2018-08-25,237,5737.553552,537.9666627,5199.586889,6275.520215,2831.830955,6845.270776,17.72611285,0.22220297,8,0.3,0.11,0.75,6.6,457.7406527,2018,237,0.002301875
238,2018-08-26,238,5753.173982,550.8214391,5202.352542,6303.995421,2831.830955,6845.270776,17.78975608,0.22220297,8,0.3,0.11,0.75,6.6,459.7823162,2018,238,0.0022625
239,2018-08-27,239,5770.959545,566.3198854,5204.63966,6337.279431,2831.830955,6845.270776,17.78857292,0.22220297,8,0.3,0.11,0.75,6.6,461.8239797,2018,239,0.002217292
240,2018-08-28,240,5790.946412,584.3428571,5206.603555,6375.289269,2831.830955,6845.270776,17.94103212,0.22220297,8,0.3,0.11,0.75,6.6,463.8656432,2018,240,0.002206979
241,2018-08-29,241,5813.170752,604.7636725,5208.407079,6417.934424,2831.830955,6845.270776,17.85166146,0.22220297,8,0.3,0.11,0.75,6.6,465.9073066,2018,241,0.002179375
242,2018-08-30,242,5837.668733,627.4549082,5210.213825,6465.123641,2831.830955,6845.270776,17.86629427,0.22220297,8,0.3,0.11,0.75,6.6,469.9315116,2018,242,0.002177396
243,2018-08-31,243,5864.476525,652.2938156,5212.182709,6516.77034,2831.830955,6845.270776,17.65688358,0.22220297,8,0.3,0.11,0.75,6.6,438.4338114,2018,243,0.002210211
244,2018-09-01,244,5893.630297,679.1662677,5214.464029,6572.796564,2831.830955,6845.270776,17.54429515,0.22220297,8,0.3,0.11,0.75,6.6,446.1473889,2018,244,0.00227125
245,2018-09-02,245,5925.166218,707.9693424,5217.196875,6633.13556,2831.830955,6845.270776,17.57656852,0.22220297,9,0.3,0.11,0.75,6.6,443.3521513,2018,245,0.002219896
246,2018-09-03,246,5959.0714,738.5885248,5220.482875,6697.659924,2831.830955,6845.270776,17.67667535,0.22220297,9,0.3,0.11,0.75,6.6,451.6760873,2018,246,0.002190938
247,2018-09-04,247,5995.136727,770.8242867,5224.31244,6765.961014,2831.830955,6845.270776,17.73240799,0.22220297,9,0.3,0.11,0.75,6.6,460.7030536,2018,247,0.002247604
248,2018-09-05,248,6033.104026,804.4627628,5228.641263,6837.566789,2831.830955,6845.270776,17.8098822,0.22220297,9,0.3,0.11,0.75,6.6,458.7814298,2018,248,0.00232093
249,2018-09-06,249,6072.715124,839.2995845,5233.415539,6912.014708,2831.830955,6845.270776,17.65303038,0.22220297,9,0.3,0.11,0.75,6.6,472.5406992,2018,249,0.002403854
250,2018-09-07,250,6113.711847,875.1393641,5238.572483,6988.851211,2831.830955,6845.270776,17.49395833,0.22220297,9,0.3,0.11,0.75,6.6,464.8821929,2018,250,0.002419896
251,2018-09-08,251,6155.836023,911.7949132,5244.04111,7067.630936,2831.830955,6845.270776,17.44052951,0.22220297,9,0.3,0.11,0.75,6.6,451.5891137,2018,251,0.002411042
252,2018-09-09,252,6198.829478,949.0863453,5249.743132,7147.915823,2831.830955,6845.270776,17.52997135,0.22220297,9,0.3,0.11,0.75,6.6,452.4524454,2018,252,0.002524167
253,2018-09-10,253,6242.434038,986.8401606,5255.593878,7229.274199,2831.830955,6845.270776,17.30520052,0.22220297,9,0.3,0.11,0.75,6.6,443.098439,2018,253,0.003083125
254,2018-09-11,254,6286.391532,1024.888372,5261.50316,7311.279903,2831.830955,6845.270776,17.35860764,0.22220297,9,0.3,0.11,0.75,6.6,463.5607218,2018,254,0.002883646
255,2018-09-12,255,6330.443784,1063.067708,5267.376077,7393.511492,2831.830955,6845.270776,17.55512957,0.22220297,9,0.3,0.11,0.75,6.6,458.3209455,2018,255,0.002793229
256,2018-09-13,256,6374.332624,1101.218905,5273.113719,7475.551529,2831.830955,6845.270776,17.43321528,0.22220297,9,0.3,0.11,0.75,6.6,443.8750876,2018,256,0.003008646
257,2018-09-14,257,6417.799876,1139.186096,5278.61378,7556.985972,2831.830955,6845.270776,17.4700408,0.22220297,9,0.3,0.11,0.75,6.6,433.9823206,2018,257,0.003311771
258,2018-09-15,258,6460.587368,1176.816287,5283.771081,7637.403656,2831.830955,6845.270776,17.49035211,0.22220297,9,0.3,0.11,0.75,6.6,431.0586196,2018,258,0.003231789
259,2018-09-16,259,6502.436928,1213.958924,5288.478003,7716.395852,2831.830955,6845.270776,17.39078646,0.22220297,9,0.3,0.11,0.75,6.6,449.781779,2018,259,0.003299167
260,2018-09-17,260,6543.09038,1250.465529,5292.624851,7793.55591,2831.830955,6845.270776,17.40217622,0.22220297,9,0.3,0.11,0.75,6.6,448.2078786,2018,260,0.003473438
261,2018-09-18,261,6582.289553,1286.18941,5296.100144,7868.478963,2831.830955,6845.270776,17.18383094,0.22220297,9,0.3,0.11,0.75,6.6,447.7335138,2018,261,0.003418438
262,2018-09-19,262,6619.776273,1320.985423,5298.79085,7940.761697,2831.830955,6845.270776,17.10759739,0.22220297,9,0.3,0.11,0.75,6.6,450.7894209,2018,262,0.003394271
263,2018-09-20,263,6655.292368,1354.709798,5300.582569,8010.002166,2831.830955,6845.270776,16.97276115,0.22220297,9,0.3,0.11,0.75,6.6,471.0224726,2018,263,0.003520645
264,2018-09-21,264,6688.579663,1387.219997,5301.359665,8075.79966,2831.830955,6845.270776,16.94535721,0.22220297,9,0.3,0.11,0.75,6.6,461.4654794,2018,264,0.003567813
265,2018-09-22,265,6719.379985,1418.374621,5301.005364,8137.754606,2831.830955,6845.270776,16.75191493,0.22220297,9,0.3,0.11,0.75,6.6,467.3482053,2018,265,0.003571684
266,2018-09-23,266,6747.435162,1448.033353,5299.40181,8195.468515,2831.830955,6845.270776,15.9198342,0.22220297,9,0.3,0.11,0.75,6.6,425.8020151,2018,266,0.003657604
267,2018-09-24,267,6772.48702,1476.056928,5296.430092,8248.543949,2831.830955,6845.270776,15.77881076,0.22220297,9,0.3,0.11,0.75,6.6,439.1008496,2018,267,0.0041125
268,2018-09-25,268,6794.277386,1502.307148,5291.970238,8296.584535,2831.830955,6845.270776,15.91619114,0.22220297,9,0.3,0.11,0.75,6.6,440.1555365,2018,268,0.004710625
269,2018-09-26,269,6812.548087,1526.646912,5285.901175,8339.194999,2831.830955,6845.270776,16.32980423,0.22220297,9,0.3,0.11,0.75,6.6,445.2866762,2018,269,0.015945521
270,2018-09-27,270,6827.04095,1548.940288,5278.100662,8375.981238,2831.830955,6845.270776,16.07511979,0.22220297,9,0.3,0.11,0.75,6.6,441.7808157,2018,270,0.019704792
271,2018-09-28,271,6837.497801,1569.052617,5268.445184,8406.550418,2831.830955,6845.270776,16.04666114,0.22220297,9,0.3,0.11,0.75,6.6,443.4849657,2018,271,0.034550417
272,2018-09-29,272,6843.660467,1586.850647,5256.80982,8430.511115,2831.830955,6845.270776,16.32371665,0.22220297,9,0.3,0.11,0.75,6.6,442.482987,2018,272,0.020488021
273,2018-09-30,273,6845.270776,1602.202715,5243.068061,8447.47349,2831.830955,6845.270776,16.38923524,0.22220297,9,0.3,0.11,0.75,6.6,440.5512494,2018,273,0.012881146
274,2018-10-01,274,6842.070553,1614.978965,5227.091588,8457.049518,2831.830955,6845.270776,16.16351291,0.22220297,9,0.3,0.11,0.75,6.6,434.319329,2018,274,0.007201771
275,2018-10-02,275,6833.801626,1625.051633,5208.749992,8458.853259,2831.830955,6845.270776,16.31410895,0.22220297,10,0.3,0.11,0.75,6.6,447.5585174,2018,275,0.006490521
276,2018-10-03,276,6820.286036,1632.331267,5187.954769,8452.617304,2831.830955,6845.270776,16.12568651,0.22220297,10,0.3,0.11,0.75,6.6,445.317344,2018,276,0.006390833
277,2018-10-04,277,6801.666689,1636.873944,5164.792744,8438.540633,2831.830955,6845.270776,16.02385031,0.22220297,10,0.3,0.11,0.75,6.6,441.1268421,2018,277,0.006342083
278,2018-10-05,278,6778.166702,1638.772277,5139.394424,8416.938979,2831.830955,6845.270776,15.85157552,0.22220297,10,0.3,0.11,0.75,6.6,463.0292614,2018,278,0.006513438
279,2018-10-06,279,6750.009195,1638.119076,5111.890119,8388.12827,2831.830955,6845.270776,15.95564583,0.22220297,10,0.3,0.11,0.75,6.6,451.7870034,2018,279,0.006376563
280,2018-10-07,280,6717.417286,1635.007118,5082.410168,8352.424404,2831.830955,6845.270776,15.72467857,0.22220297,10,0.3,0.11,0.75,6.6,448.1325386,2018,280,0.006238021
281,2018-10-08,281,6680.614096,1629.528982,5051.085115,8310.143078,2831.830955,6845.270776,15.21180973,0.22220297,10,0.3,0.11,0.75,6.6,442.6787462,2018,281,0.006033229
282,2018-10-09,282,6639.822743,1621.776917,5018.045826,8261.599661,2831.830955,6845.270776,14.88719598,0.22220297,10,0.3,0.11,0.75,6.6,452.2119934,2018,282,0.006101771
283,2018-10-10,283,6595.266347,1611.842776,4983.423571,8207.109123,2831.830955,6845.270776,15.32394097,0.22220297,10,0.3,0.11,0.75,6.6,451.4399588,2018,283,0.006133333
284,2018-10-11,284,6547.168026,1599.817978,4947.350048,8146.986004,2831.830955,6845.270776,15.36854948,0.22220297,10,0.3,0.11,0.75,6.6,465.6855065,2018,284,0.007158438
285,2018-10-12,285,6495.7509,1585.793532,4909.957368,8081.544432,2831.830955,6845.270776,15.219,0.22220297,10,0.3,0.11,0.75,6.6,454.5170022,2018,285,0.00611125
286,2018-10-13,286,6441.238087,1569.860104,4871.377983,8011.098191,2831.830955,6845.270776,14.99316843,0.22220297,10,0.3,0.11,0.75,6.6,460.5111966,2018,286,0.005856667
287,2018-10-14,287,6383.852707,1552.108146,4831.744561,7935.960854,2831.830955,6845.270776,14.68317596,0.22220297,10,0.3,0.11,0.75,6.6,461.902513,2018,287,0.005919167
288,2018-10-15,288,6323.81788,1532.628088,4791.189792,7856.445968,2831.830955,6845.270776,14.44523084,0.22220297,10,0.3,0.11,0.75,6.6,463.4771068,2018,288,0.006179681
289,2018-10-16,289,6261.356723,1511.510602,4749.846121,7772.867326,2831.830955,6845.270776,14.74297818,0.22220297,10,0.3,0.11,0.75,6.6,449.7953364,2018,289,0.007080313
290,2018-10-17,290,6196.692357,1488.846955,4707.845402,7685.539312,2831.830955,6845.270776,13.82819942,0.22220297,10,0.3,0.11,0.75,6.6,435.8634156,2018,290,0.005510862
291,2018-10-18,291,6130.0479,1464.729466,4665.318434,7594.777367,2831.830955,6845.270776,12.45685273,0.22220297,10,0.3,0.11,0.75,6.6,442.3370721,2018,291,0.005499575
292,2018-10-19,292,6061.646472,1439.252083,4622.394389,7500.898555,2831.830955,6845.270776,12.44379652,0.22220297,10,0.3,0.11,0.75,6.6,456.2893632,2018,292,0.005488288
293,2018-10-20,293,5991.711192,1412.511102,4579.200089,7404.222294,2831.830955,6845.270776,13.46417014,0.22220297,10,0.3,0.11,0.75,6.6,449.6316,2018,293,0.005477001
294,2018-10-21,294,5920.465178,1384.60607,4535.859108,7305.071247,2831.830955,6845.270776,13.21269444,0.22220297,10,0.3,0.11,0.75,6.6,448.8423768,2018,294,0.005465714
295,2018-10-22,295,5848.13155,1355.640878,4492.490672,7203.772428,2831.830955,6845.270776,13.36297135,0.22220297,10,0.3,0.11,0.75,6.6,446.5979302,2018,295,0.005376875
296,2018-10-23,296,5774.933427,1325.725122,4449.208305,7100.658549,2831.830955,6845.270776,13.14004621,0.22220297,10,0.3,0.11,0.75,6.6,446.2350034,2018,296,0.005264792
297,2018-10-24,297,5701.093929,1294.975738,4406.11819,6996.069667,2831.830955,6845.270776,13.23093192,0.22220297,10,0.3,0.11,0.75,6.6,452.09475,2018,297,0.005156979
298,2018-10-25,298,5626.836173,1263.519004,4363.31717,6890.355177,2831.830955,6845.270776,13.6143268,0.22220297,10,0.3,0.11,0.75,6.6,446.4506866,2018,298,0.005071042
299,2018-10-26,299,5552.383281,1231.492935,4320.890345,6783.876216,2831.830955,6845.270776,14.05242707,0.22220297,10,0.3,0.11,0.75,6.6,440.0346948,2018,299,0.007330104
300,2018-10-27,300,5477.958369,1199.050171,4278.908198,6677.008541,2831.830955,6845.270776,13.95457977,0.22220297,10,0.3,0.11,0.75,6.6,436.5409768,2018,300,0.007719167
301,2018-10-28,301,5403.784559,1166.361393,4237.423166,6570.145952,2831.830955,6845.270776,13.84014063,0.22220297,10,0.3,0.11,0.75,6.6,450.8151464,2018,301,0.007216771
302,2018-10-29,302,5330.084968,1133.619346,4196.465622,6463.704315,2831.830955,6845.270776,14.21146416,0.22220297,10,0.3,0.11,0.75,6.6,444.8460347,2018,302,0.006695625
303,2018-10-30,303,5257.082717,1101.043507,4156.03921,6358.126224,2831.830955,6845.270776,14.0662164,0.22220297,10,0.3,0.11,0.75,6.6,449.7027128,2018,303,0.006016979
304,2018-10-31,304,5185.000923,1068.885372,4116.115551,6253.886295,2831.830955,6845.270776,13.83870681,0.22220297,10,0.3,0.11,0.75,6.6,449.8874607,2018,304,0.005821667
305,2018-11-01,305,5114.062707,1037.434294,4076.628413,6151.497001,2831.830955,6845.270776,12.66707478,0.22220297,10,0.3,0.11,0.75,6.6,457.2454178,2018,305,0.006172083
306,2018-11-02,306,5044.491187,1007.023629,4037.467558,6051.514816,2831.830955,6845.270776,12.32906163,0.22220297,11,0.3,0.11,0.75,6.6,452.8067286,2018,306,0.00662625
307,2018-11-03,307,4976.472498,978.0418363,3998.430662,5954.514335,2831.830955,6845.270776,11.29574826,0.22220297,11,0.3,0.11,0.75,6.6,450.5057895,2018,307,0.006032708
308,2018-11-04,308,4910.04484,950.9384982,3959.106342,5860.983338,2831.830955,6845.270776,11.20913194,0.22220297,11,0.3,0.11,0.75,6.6,445.5598832,2018,308,0.005736737
309,2018-11-05,309,4845.209426,926.1804228,3919.029003,5771.389848,2831.830955,6845.270776,12.0867113,0.22220297,11,0.3,0.11,0.75,6.6,438.8817567,2018,309,0.006358854
310,2018-11-06,310,4781.96747,904.2284834,3877.738987,5686.195953,2831.830955,6845.270776,12.68909939,0.22220297,11,0.3,0.11,0.75,6.6,444.3701369,2018,310,0.010281563
311,2018-11-07,311,4720.320188,885.5184052,3834.801782,5605.838593,2831.830955,6845.270776,12.92570226,0.22220297,11,0.3,0.11,0.75,6.6,452.1490852,2018,311,0.012545625
312,2018-11-08,312,4660.268793,870.4382682,3789.830525,5530.707061,2831.830955,6845.270776,12.82777951,0.22220297,11,0.3,0.11,0.75,6.6,448.329753,2018,312,0.012176146
313,2018-11-09,313,4601.8145,859.3044439,3742.510056,5461.118944,2831.830955,6845.270776,12.72282031,0.22220297,11,0.3,0.11,0.75,6.6,450.6991647,2018,313,0.012940521
314,2018-11-10,314,4544.958523,852.3386763,3692.619847,5397.2972,2831.830955,6845.270776,12.63664721,0.22220297,11,0.3,0.11,0.75,6.6,449.3452958,2018,314,0.015650421
315,2018-11-11,315,4489.702078,849.6496095,3640.052468,5339.351687,2831.830955,6845.270776,12.87809541,0.22220297,11,0.3,0.11,0.75,6.6,442.7636606,2018,315,0.015500208
316,2018-11-12,316,4436.046377,851.2218869,3584.82449,5287.268264,2831.830955,6845.270776,12.66290885,0.22220297,11,0.3,0.11,0.75,6.6,446.3405316,2018,316,0.015599792
317,2018-11-13,317,4383.992637,856.9148524,3527.077784,5240.907489,2831.830955,6845.270776,11.18216348,0.22220297,11,0.3,0.11,0.75,6.6,432.1520772,2018,317,0.021618958
318,2018-11-14,318,4333.54207,866.4711149,3467.070955,5200.013185,2831.830955,6845.270776,10.69699913,0.22220297,11,0.3,0.11,0.75,6.6,439.221502,2018,318,0.024169063
319,2018-11-15,319,4284.695892,879.533375,3405.162517,5164.229267,2831.830955,6845.270776,11.1509487,0.22220297,11,0.3,0.11,0.75,6.6,440.1642715,2018,319,0.029021579
320,2018-11-16,320,4237.455316,895.6665685,3341.788748,5133.121885,2831.830955,6845.270776,11.42708834,0.22220297,11,0.3,0.11,0.75,6.6,440.8126101,2018,320,0.034087396
321,2018-11-17,321,4191.821558,914.3819393,3277.439619,5106.203497,2831.830955,6845.270776,11.21606794,0.22220297,11,0.3,0.11,0.75,6.6,440.8856321,2018,321,0.025750208
322,2018-11-18,322,4147.795832,935.1600641,3212.635768,5082.955896,2831.830955,6845.270776,11.19459051,0.22220297,11,0.3,0.11,0.75,6.6,438.9301809,2018,322,0.020881771
323,2018-11-19,323,4105.379351,957.4707918,3147.90856,5062.850143,2831.830955,6845.270776,10.21270757,0.22220297,11,0.3,0.11,0.75,6.6,433.478695,2018,323,0.017729167
324,2018-11-20,324,4064.573332,980.7891256,3083.784206,5045.362457,2831.830955,6845.270776,10.10838542,0.22220297,11,0.3,0.11,0.75,6.6,435.7286962,2018,324,0.015381263
325,2018-11-21,325,4025.378987,1004.606956,3020.77203,5029.985943,2831.830955,6845.270776,10.2583653,0.22220297,11,0.3,0.11,0.75,6.6,440.8241877,2018,325,0.012698021
326,2018-11-22,326,3987.797531,1028.44114,2959.356391,5016.238671,2831.830955,6845.270776,10.81575676,0.22220297,11,0.3,0.11,0.75,6.6,442.858941,2018,326,0.011160521
327,2018-11-23,327,3951.83018,1051.838686,2899.991494,5003.668866,2831.830955,6845.270776,10.48909635,0.22220297,11,0.3,0.11,0.75,6.6,442.1525421,2018,327,0.010625625
328,2018-11-24,328,3917.478146,1074.379894,2843.098253,4991.85804,2831.830955,6845.270776,10.48317361,0.22220297,11,0.3,0.11,0.75,6.6,443.4103544,2018,328,0.012295417
329,2018-11-25,329,3884.742645,1095.680206,2789.062439,4980.422852,2831.830955,6845.270776,10.81181377,0.22220297,11,0.3,0.11,0.75,6.6,442.9109446,2018,329,0.011680526
330,2018-11-26,330,3853.624891,1115.391433,2738.233458,4969.016325,2831.830955,6845.270776,10.7406875,0.22220297,11,0.3,0.11,0.75,6.6,436.0532731,2018,330,0.012941458
331,2018-11-27,331,3824.126099,1133.202876,2690.923223,4957.328975,2831.830955,6845.270776,10.69153193,0.22220297,11,0.3,0.11,0.75,6.6,440.1955174,2018,331,0.012965
332,2018-11-28,332,3796.247482,1148.842787,2647.404696,4945.090269,2831.830955,6845.270776,9.853862222,0.22220297,11,0.3,0.11,0.75,6.6,434.2663406,2018,332,0.012517381
333,2018-11-29,333,3769.990256,1162.080527,2607.909729,4932.070783,2831.830955,6845.270776,9.501483507,0.22220297,11,0.3,0.11,0.75,6.6,436.8175445,2018,333,0.012286563
334,2018-11-30,334,3745.355634,1172.729753,2572.625881,4918.085387,2831.830955,6845.270776,10.14778521,0.22220297,11,0.3,0.11,0.75,6.6,438.0063412,2018,334,0.014020208
335,2018-12-01,335,3722.344832,1180.652952,2541.691879,4902.997784,2831.830955,6845.270776,10.63673304,0.22220297,11,0.3,0.11,0.75,6.6,444.332784,2018,335,0.025436979
336,2018-12-02,336,3700.959063,1185.767687,2515.191376,4886.726749,2831.830955,6845.270776,10.8304687,0.22220297,12,0.3,0.11,0.75,6.6,459.5870889,2018,336,0.037512708
337,2018-12-03,337,3681.199542,1188.054924,2493.144617,4869.254466,2831.830955,6845.270776,11.1417168,0.22220297,12,0.3,0.11,0.75,6.6,460.5717212,2018,337,0.033439375
338,2018-12-04,338,3663.067483,1187.569915,2475.497568,4850.637397,2831.830955,6845.270776,10.38969618,0.22220297,12,0.3,0.11,0.75,6.6,439.3872444,2018,338,0.026687188
339,2018-12-05,339,3646.564101,1184.456085,2462.108015,4831.020186,2831.830955,6845.270776,10.25360435,0.22220297,12,0.3,0.11,0.75,6.6,450.7397678,2018,339,0.022566563
340,2018-12-06,340,3631.69061,1178.962458,2452.728152,4810.653067,2831.830955,6845.270776,10.59958594,0.22220297,12,0.3,0.11,0.75,6.6,452.3077771,2018,340,0.019182947
341,2018-12-07,341,3618.448224,1171.464969,2446.983255,4789.913193,2831.830955,6845.270776,10.16450347,0.22220297,12,0.3,0.11,0.75,6.6,440.2637045,2018,341,0.016450521
342,2018-12-08,342,3606.838159,1162.491796,2444.346362,4769.329955,2831.830955,6845.270776,10.47968854,0.22220297,12,0.3,0.11,0.75,6.6,440.5964502,2018,342,0.014163229
343,2018-12-09,343,3596.861628,1152.752127,2444.109501,4749.613755,2831.830955,6845.270776,10.59564844,0.22220297,12,0.3,0.11,0.75,6.6,450.9770794,2018,343,0.021077292
344,2018-12-10,344,3588.519845,1143.166623,2445.353223,4731.686468,2831.830955,6845.270776,11.30676794,0.22220297,12,0.3,0.11,0.75,6.6,455.0958606,2018,344,0.038269375
345,2018-12-11,345,3581.814026,1134.895846,2446.91818,4716.709872,2831.830955,6845.270776,10.65718206,0.22220297,12,0.3,0.11,0.75,6.6,448.0949563,2018,345,0.0338875
346,2018-12-12,346,3576.745385,1129.36011,2447.385275,4706.105495,2831.830955,6845.270776,10.08473084,0.22220297,12,0.3,0.11,0.75,6.6,439.6595413,2018,346,0.028840426
347,2018-12-13,347,3573.315136,1128.240985,2445.074151,4701.55612,2831.830955,6845.270776,10.39500354,0.22220297,12,0.3,0.11,0.75,6.6,446.2686499,2018,347,0.025034583
348,2018-12-14,348,3571.524493,1133.452343,2438.072149,4704.976836,2831.830955,6845.270776,10.97750132,0.22220297,12,0.3,0.11,0.75,6.6,448.342742,2018,348,0.022144063
349,2018-12-15,349,3571.374671,1147.069958,2424.304712,4718.444629,2831.830955,6845.270776,11.00244327,0.22220297,12,0.3,0.11,0.75,6.6,445.1058,2018,349,0.020350104
350,2018-12-16,350,3572.866884,1171.216135,2401.650749,4744.083019,2831.830955,6845.270776,11.16181475,0.22220297,12,0.3,0.11,0.75,6.6,442.1834972,2018,350,0.017833333
351,2018-12-17,351,3575.979583,1207.736315,2368.243268,4783.715899,2831.830955,6845.270776,11.66259561,0.22220297,12,0.3,0.11,0.75,6.6,440.3229483,2018,351,0.015576771
352,2018-12-18,352,3580.600164,1256.974945,2323.625219,4837.575109,2831.830955,6845.270776,10.82697991,0.22220297,12,0.3,0.11,0.75,6.6,439.1553132,2018,352,0.014766875
353,2018-12-19,353,3586.593258,1317.359654,2269.233604,4903.952912,2831.830955,6845.270776,9.738665799,0.22220297,12,0.3,0.11,0.75,6.6,435.9464642,2018,353,0.014324583
354,2018-12-20,354,3593.823497,1385.794904,2208.028593,4979.618401,2831.830955,6845.270776,9.537214477,0.22220297,12,0.3,0.11,0.75,6.6,440.8045225,2018,354,0.015746404
355,2018-12-21,355,3602.155513,1458.187577,2143.967936,5060.343091,2831.830955,6845.270776,10.0634783,0.22220297,12,0.3,0.11,0.75,6.6,449.970821,2018,355,0.031698333
356,2018-12-22,356,3611.453938,1529.950718,2081.503221,5141.404656,2831.830955,6845.270776,10.36531684,0.22220297,12,0.3,0.11,0.75,6.6,449.2211451,2018,356,0.039626563
357,2018-12-23,357,3621.583404,1596.39115,2025.192254,5217.974555,2831.830955,6845.270776,9.629027875,0.22220297,12,0.3,0.11,0.75,6.6,439.0058743,2018,357,0.029825208
358,2018-12-24,358,3632.408542,1652.97688,1979.431662,5285.385422,2831.830955,6845.270776,9.231125868,0.22220297,12,0.3,0.11,0.75,6.6,439.6917881,2018,358,0.024491354
359,2018-12-25,359,3643.793985,1695.527765,1948.266219,5339.32175,2831.830955,6845.270776,10.16531538,0.22220297,12,0.3,0.11,0.75,6.6,431.1288219,2018,359,0.021179053
360,2018-12-26,360,3655.604363,1720.387957,1935.216406,5375.992321,2831.830955,6845.270776,10.40281337,0.22220297,12,0.3,0.11,0.75,6.6,439.0618068,2018,360,0.018741771
361,2018-12-27,361,3667.70431,1724.644702,1943.059608,5392.349012,2831.830955,6845.270776,10.57942882,0.22220297,12,0.3,0.11,0.75,6.6,439.0703155,2018,361,0.017253646
362,2018-12-28,362,3679.958456,1706.474714,1973.483742,5386.43317,2831.830955,6845.270776,10.78095886,0.22220297,12,0.3,0.11,0.75,6.6,441.3753191,2018,362,0.082059167
363,2018-12-29,363,3692.231434,1665.742099,2026.489334,5357.973533,2831.830955,6845.270776,11.12444746,0.22220297,12,0.3,0.11,0.75,6.6,440.0046237,2018,363,0.057035833
364,2018-12-30,364,3704.387875,1605.055534,2099.332341,5309.443409,2831.830955,6845.270776,11.1975191,0.22220297,12,0.3,0.11,0.75,6.6,441.450393,2018,364,0.034920833
365,2018-12-31,365,3716.292411,1531.611352,2184.681059,5247.903763,2831.830955,6845.270776,11.33356944,0.22220297,12,0.3,0.11,0.75,6.6,438.8653415,2018,365,0.026695521
366,2019-01-01,1,3452.509298,239.8966889,3212.612609,3692.405987,2831.830955,6845.270776,12.37356354,0.22220297,1,0.3,0.11,0.75,6.6,442.1245574,2019,1,0.025247292
367,2019-01-02,2,3418.275871,244.0759369,3174.199934,3662.351808,2831.830955,6845.270776,12.1148125,0.22220297,1,0.3,0.11,0.75,6.6,448.0325801,2019,2,0.024576979
368,2019-01-03,3,3384.314452,249.8746586,3134.439794,3634.189111,2831.830955,6845.270776,12.22878804,0.22220297,1,0.3,0.11,0.75,6.6,448.5317058,2019,3,0.02527125
369,2019-01-04,4,3350.736316,257.1812829,3093.555033,3607.917599,2831.830955,6845.270776,11.81330671,0.22220297,1,0.3,0.11,0.75,6.6,442.4314005,2019,4,0.032120729
370,2019-01-05,5,3317.652735,265.8386419,3051.814093,3583.491376,2831.830955,6845.270776,11.63248958,0.22220297,1,0.3,0.11,0.75,6.6,432.8627271,2019,5,0.038194479
371,2019-01-06,6,3285.174981,275.655916,3009.519065,3560.830897,2831.830955,6845.270776,10.91198542,0.22220297,1,0.3,0.11,0.75,6.6,435.6534021,2019,6,0.030783438
372,2019-01-07,7,3253.414328,286.4208769,2966.993451,3539.835204,2831.830955,6845.270776,10.61855833,0.22220297,1,0.3,0.11,0.75,6.6,437.5059397,2019,7,0.024779375
373,2019-01-08,8,3222.482048,297.9106983,2924.571349,3520.392746,2831.830955,6845.270776,10.67629045,0.22220297,1,0.3,0.11,0.75,6.6,445.3585508,2019,8,0.030661146
374,2019-01-09,9,3192.489414,309.9005003,2882.588914,3502.389915,2831.830955,6845.270776,10.15266579,0.22220297,1,0.3,0.11,0.75,6.6,438.8535518,2019,9,0.01763
375,2019-01-10,10,3163.5477,322.1695215,2841.378179,3485.717222,2831.830955,6845.270776,10.2048693,0.22220297,1,0.3,0.11,0.75,6.6,440.1345746,2019,10,0.015140316
376,2019-01-11,11,3135.768179,334.5052536,2801.262925,3470.273432,2831.830955,6845.270776,10.44206323,0.22220297,1,0.3,0.11,0.75,6.6,441.8393201,2019,11,0.013551368
377,2019-01-12,12,3109.262122,346.7060518,2762.55607,3455.968174,2831.830955,6845.270776,11.0484619,0.22220297,1,0.3,0.11,0.75,6.6,444.0079433,2019,12,0.012193158
378,2019-01-13,13,3084.140803,358.5827437,2725.558059,3442.723547,2831.830955,6845.270776,10.52588814,0.22220297,1,0.3,0.11,0.75,6.6,438.5426816,2019,13,0.012051458
379,2019-01-14,14,3060.515495,369.9596869,2690.555808,3430.475182,2831.830955,6845.270776,10.12681375,0.22220297,1,0.3,0.11,0.75,6.6,434.3812457,2019,14,0.010968229
380,2019-01-15,15,3038.497471,380.6756336,2657.821838,3419.173105,2831.830955,6845.270776,10.20616193,0.22220297,1,0.3,0.11,0.75,6.6,436.2268401,2019,15,0.010538646
381,2019-01-16,16,3018.166057,390.6109207,2627.555137,3408.776978,2831.830955,6845.270776,9.975501919,0.22220297,1,0.3,0.11,0.75,6.6,437.7047813,2019,16,0.010558542
382,2019-01-17,17,2999.472791,399.7682261,2599.704565,3399.241017,2831.830955,6845.270776,9.669804243,0.22220297,1,0.3,0.11,0.75,6.6,446.1169135,2019,17,0.01064625
383,2019-01-18,18,2982.337265,408.1939445,2574.143321,3390.53121,2831.830955,6845.270776,10.01579442,0.22220297,1,0.3,0.11,0.75,6.6,440.717267,2019,18,0.010877708
384,2019-01-19,19,2966.679071,415.9474528,2550.731618,3382.626523,2831.830955,6845.270776,9.93559861,0.22220297,1,0.3,0.11,0.75,6.6,437.2002294,2019,19,0.023599063
385,2019-01-20,20,2952.417799,423.0970381,2529.320761,3375.514837,2831.830955,6845.270776,9.957616319,0.22220297,1,0.3,0.11,0.75,6.6,436.6007424,2019,20,0.091247368
386,2019-01-21,21,2939.473042,429.7167462,2509.756296,3369.189788,2831.830955,6845.270776,9.691882302,0.22220297,1,0.3,0.11,0.75,6.6,432.5419538,2019,21,0.036930938
387,2019-01-22,22,2927.764391,435.8838982,2491.880493,3363.648289,2831.830955,6845.270776,9.887739965,0.22220297,1,0.3,0.11,0.75,6.6,438.7139544,2019,22,0.026548526
388,2019-01-23,23,2917.211438,441.6771056,2475.534332,3358.888544,2831.830955,6845.270776,9.940329861,0.22220297,1,0.3,0.11,0.75,6.6,434.3187889,2019,23,0.022579271
389,2019-01-24,24,2907.733774,447.1746717,2460.559102,3354.908446,2831.830955,6845.270776,9.793348393,0.22220297,1,0.3,0.11,0.75,6.6,437.755595,2019,24,0.046125313
390,2019-01-25,25,2899.250991,452.4533075,2446.797684,3351.704299,2831.830955,6845.270776,10.1423738,0.22220297,1,0.3,0.11,0.75,6.6,436.3641642,2019,25,0.035814896
391,2019-01-26,26,2891.682681,457.5871198,2434.095561,3349.2698,2831.830955,6845.270776,10.16272063,0.22220297,1,0.3,0.11,0.75,6.6,432.4529017,2019,26,0.026121875
392,2019-01-27,27,2884.948434,462.6468483,2422.301586,3347.595282,2831.830955,6845.270776,10.23429597,0.22220297,1,0.3,0.11,0.75,6.6,434.0223845,2019,27,0.021395833
393,2019-01-28,28,2878.967843,467.699342,2411.268501,3346.667185,2831.830955,6845.270776,10.3488926,0.22220297,1,0.3,0.11,0.75,6.6,434.7177661,2019,28,0.018408125
394,2019-01-29,29,2873.660499,472.8072715,2400.853228,3346.467771,2831.830955,6845.270776,9.797279621,0.22220297,1,0.3,0.11,0.75,6.6,431.3220036,2019,29,0.015438842
395,2019-01-30,30,2868.945994,478.02908,2390.916914,3346.975074,2831.830955,6845.270776,9.486072049,0.22220297,1,0.3,0.11,0.75,6.6,438.5904914,2019,30,0.012710833
396,2019-01-31,31,2864.74392,483.4191727,2381.324747,3348.163092,2831.830955,6845.270776,9.721756354,0.22220297,1,0.3,0.11,0.75,6.6,445.5237555,2019,31,0.010776667
397,2019-02-01,32,2860.973867,489.0283447,2371.945522,3350.002211,2831.830955,6845.270776,9.904528646,0.22220297,2,0.3,0.11,0.75,6.6,438.0963541,2019,32,0.009682421
398,2019-02-02,33,2857.565941,494.894993,2362.670948,3352.460934,2831.830955,6845.270776,10.04784284,0.22220297,2,0.3,0.11,0.75,6.6,440.4078733,2019,33,0.009032604
399,2019-02-03,34,2854.492303,501.0186408,2353.473662,3355.510944,2831.830955,6845.270776,10.115777,0.22220297,2,0.3,0.11,0.75,6.6,440.3117937,2019,34,0.008618229
400,2019-02-04,35,2851.735626,507.3904466,2344.34518,3359.126073,2831.830955,6845.270776,10.41596164,0.22220297,2,0.3,0.11,0.75,6.6,434.5784099,2019,35,0.008257292
401,2019-02-05,36,2849.278585,514.0027307,2335.275854,3363.281316,2831.830955,6845.270776,10.94686126,0.22220297,2,0.3,0.11,0.75,6.6,431.9515342,2019,36,0.007776146
402,2019-02-06,37,2847.103853,520.8487698,2326.255084,3367.952623,2831.830955,6845.270776,10.77515365,0.22220297,2,0.3,0.11,0.75,6.6,434.010332,2019,37,0.007449583
403,2019-02-07,38,2845.194105,527.9226188,2317.271486,3373.116724,2831.830955,6845.270776,11.09308775,0.22220297,2,0.3,0.11,0.75,6.6,440.1256723,2019,38,0.008359167
404,2019-02-08,39,2843.532015,535.2189611,2308.313053,3378.750976,2831.830955,6845.270776,10.70844671,0.22220297,2,0.3,0.11,0.75,6.6,436.0051936,2019,39,0.010436118
405,2019-02-09,40,2842.100255,542.7329848,2299.367271,3384.83324,2831.830955,6845.270776,10.74007217,0.22220297,2,0.3,0.11,0.75,6.6,434.2549227,2019,40,0.012939063
406,2019-02-10,41,2840.881502,550.4602854,2290.421216,3391.341787,2831.830955,6845.270776,10.99977043,0.22220297,2,0.3,0.11,0.75,6.6,431.2665379,2019,41,0.013771771
407,2019-02-11,42,2839.858428,558.3967923,2281.461635,3398.25522,2831.830955,6845.270776,11.05843421,0.22220297,2,0.3,0.11,0.75,6.6,430.5070436,2019,42,0.014115313
408,2019-02-12,43,2839.013707,566.538718,2272.474989,3405.552425,2831.830955,6845.270776,11.28054934,0.22220297,2,0.3,0.11,0.75,6.6,431.1976189,2019,43,0.051753021
409,2019-02-13,44,2838.330014,574.8825286,2263.447486,3413.212543,2831.830955,6845.270776,11.0471633,0.22220297,2,0.3,0.11,0.75,6.6,435.6185573,2019,44,0.080177579
410,2019-02-14,45,2837.790023,583.4249331,2254.36509,3421.214956,2831.830955,6845.270776,10.82105213,0.22220297,2,0.3,0.11,0.75,6.6,433.8213437,2019,45,0.038379375
411,2019-02-15,46,2837.376407,592.162891,2245.213516,3429.539298,2831.830955,6845.270776,11.18446579,0.22220297,2,0.3,0.11,0.75,6.6,433.7028108,2019,46,0.027665729
412,2019-02-16,47,2837.071841,601.0936354,2235.978205,3438.165476,2831.830955,6845.270776,11.52521528,0.22220297,2,0.3,0.11,0.75,6.6,434.4330326,2019,47,0.023227813
413,2019-02-17,48,2836.858998,610.21471,2226.644288,3447.073708,2831.830955,6845.270776,11.42829688,0.22220297,2,0.3,0.11,0.75,6.6,431.4044551,2019,48,0.028229368
414,2019-02-18,49,2836.720553,619.5240191,2217.196534,3456.244572,2831.830955,6845.270776,11.36634375,0.22220297,2,0.3,0.11,0.75,6.6,431.1791785,2019,49,0.058678229
415,2019-02-19,50,2836.63918,629.0198888,2207.619291,3465.659068,2831.830955,6845.270776,11.14834166,0.22220297,2,0.3,0.11,0.75,6.6,434.1854774,2019,50,0.03913375
416,2019-02-20,51,2836.597552,638.7011375,2197.896414,3475.298689,2831.830955,6845.270776,11.1254401,0.22220297,2,0.3,0.11,0.75,6.6,436.3155068,2019,51,0.064826354
417,2019-02-21,52,2836.578344,648.5671547,2188.011189,3485.145498,2831.830955,6845.270776,11.55079789,0.22220297,2,0.3,0.11,0.75,6.6,435.5066719,2019,52,0.054852083
418,2019-02-22,53,2836.564229,658.6179871,2177.946242,3495.182216,2831.830955,6845.270776,12.08298079,0.22220297,2,0.3,0.11,0.75,6.6,434.808645,2019,53,0.044138542
419,2019-02-23,54,2836.537882,668.8544303,2167.683452,3505.392312,2831.830955,6845.270776,12.14190191,0.22220297,2,0.3,0.11,0.75,6.6,434.5127526,2019,54,0.145778542
420,2019-02-24,55,2836.481977,679.2781251,2157.203852,3515.760102,2831.830955,6845.270776,12.16443316,0.22220297,2,0.3,0.11,0.75,6.6,439.4919739,2019,55,0.095238333
421,2019-02-25,56,2836.379187,689.8916577,2146.487529,3526.270845,2831.830955,6845.270776,12.23291689,0.22220297,2,0.3,0.11,0.75,6.6,441.0585126,2019,56,0.0350225
422,2019-02-26,57,2836.212187,700.6986623,2135.513525,3536.910849,2831.830955,6845.270776,11.88646701,0.22220297,2,0.3,0.11,0.75,6.6,440.2580971,2019,57,0.022462917
423,2019-02-27,58,2835.963651,711.7039256,2124.259725,3547.667577,2831.830955,6845.270776,11.97156966,0.22220297,2,0.3,0.11,0.75,6.6,443.7449419,2019,58,0.017164063
424,2019-02-28,59,2835.616252,722.9134919,2112.70276,3558.529744,2831.830955,6845.270776,12.13455182,0.22220297,2,0.3,0.11,0.75,6.6,430.9826012,2019,59,0.014467604
425,2019-03-01,60,2835.152665,734.3347677,2100.817898,3569.487433,2831.830955,6845.270776,12.0956944,0.22220297,2,0.3,0.11,0.75,6.6,435.85403,2019,60,0.012835313
426,2019-03-02,61,2834.555564,745.9766253,2088.578939,3580.532189,2831.830955,6845.270776,11.98113715,0.22220297,3,0.3,0.11,0.75,6.6,434.1959707,2019,61,0.023372396
427,2019-03-03,62,2833.830583,757.843385,2075.987198,3591.673968,2831.830955,6845.270776,12.0563125,0.22220297,3,0.3,0.11,0.75,6.6,433.57771,2019,62,0.031441771
428,2019-03-04,63,2833.075196,769.9150478,2063.160148,3602.990244,2831.830955,6845.270776,12.03951215,0.22220297,3,0.3,0.11,0.75,6.6,432.9594493,2019,63,0.070987604
429,2019-03-05,64,2832.409839,782.1628192,2050.24702,3614.572659,2831.830955,6845.270776,11.86688674,0.22220297,3,0.3,0.11,0.75,6.6,434.2612691,2019,64,0.042227396
430,2019-03-06,65,2831.954948,794.5544327,2037.400515,3626.50938,2831.830955,6845.270776,12.05430295,0.22220297,3,0.3,0.11,0.75,6.6,429.7276235,2019,65,0.029121563
431,2019-03-07,66,2831.830955,807.0538871,2024.777068,3638.884843,2831.830955,6845.270776,11.8437206,0.22220297,3,0.3,0.11,0.75,6.6,433.6964266,2019,66,0.025752222
432,2019-03-08,67,2832.158298,819.621355,2012.536943,3651.779653,2831.830955,6845.270776,11.36965294,0.22220297,3,0.3,0.11,0.75,6.6,432.7544008,2019,67,0.023809792
433,2019-03-09,68,2833.057411,832.21324,2000.844171,3665.270651,2831.830955,6845.270776,11.42409211,0.22220297,3,0.3,0.11,0.75,6.6,437.0112672,2019,68,0.021962198
434,2019-03-10,69,2834.648729,844.7823626,1989.866366,3679.431092,2831.830955,6845.270776,12.0294071,0.22220297,3,0.3,0.11,0.75,6.6,437.6636665,2019,69,0.025990977
435,2019-03-11,70,2837.052687,857.2782517,1979.774435,3694.330939,2831.830955,6845.270776,12.21613021,0.22220297,3,0.3,0.11,0.75,6.6,438.1651679,2019,70,0.030019757
436,2019-03-12,71,2840.38972,869.6475276,1970.742192,3710.037248,2831.830955,6845.270776,12.19132979,0.22220297,3,0.3,0.11,0.75,6.6,438.7925087,2019,71,0.034048537
437,2019-03-13,72,2844.780263,881.8343604,1962.945903,3726.614623,2831.830955,6845.270776,11.8630331,0.22220297,3,0.3,0.11,0.75,6.6,436.6910025,2019,72,0.029446771
438,2019-03-14,73,2850.344751,893.7809913,1956.56376,3744.125743,2831.830955,6845.270776,11.9690842,0.22220297,3,0.3,0.11,0.75,6.6,433.0363404,2019,73,0.026167083
439,2019-03-15,74,2857.20362,905.4283097,1951.77531,3762.63193,2831.830955,6845.270776,11.92990811,0.22220297,3,0.3,0.11,0.75,6.6,431.1005173,2019,74,0.024588958
440,2019-03-16,75,2865.477304,916.716479,1948.760825,3782.193783,2831.830955,6845.270776,12.11723438,0.22220297,3,0.3,0.11,0.75,6.6,436.4186627,2019,75,0.021838125
441,2019-03-17,76,2875.286238,927.5856081,1947.70063,3802.871846,2831.830955,6845.270776,12.48179375,0.22220297,3,0.3,0.11,0.75,6.6,435.6327423,2019,76,0.020980833
442,2019-03-18,77,2886.750857,937.9764701,1948.774387,3824.727328,2831.830955,6845.270776,12.36707604,0.22220297,3,0.3,0.11,0.75,6.6,439.6809845,2019,77,0.020122188
443,2019-03-19,78,2899.991597,947.8312692,1952.160328,3847.822867,2831.830955,6845.270776,12.03188749,0.22220297,3,0.3,0.11,0.75,6.6,431.5672683,2019,78,0.018669479
444,2019-03-20,79,2915.128893,957.0944638,1958.034429,3872.223356,2831.830955,6845.270776,12.09871563,0.22220297,3,0.3,0.11,0.75,6.6,433.2030872,2019,79,0.017702813
445,2019-03-21,80,2932.283179,965.7136532,1966.569525,3897.996832,2831.830955,6845.270776,11.75534962,0.22220297,3,0.3,0.11,0.75,6.6,437.3024533,2019,80,0.017237553
446,2019-03-22,81,2951.57489,973.6405396,1977.93435,3925.21543,2831.830955,6845.270776,11.99570396,0.22220297,3,0.3,0.11,0.75,6.6,433.5075635,2019,81,0.016346064
447,2019-03-23,82,2973.124462,980.8319813,1992.292481,3953.956443,2831.830955,6845.270776,12.21137307,0.22220297,3,0.3,0.11,0.75,6.6,437.9666535,2019,82,0.015103854
448,2019-03-24,83,2997.052329,987.2511515,2009.801178,3984.303481,2831.830955,6845.270776,12.64541667,0.22220297,3,0.3,0.11,0.75,6.6,433.3651815,2019,83,0.014008438
449,2019-03-25,84,3023.478928,992.8688266,2030.610101,4016.347754,2831.830955,6845.270776,12.81285938,0.22220297,3,0.3,0.11,0.75,6.6,431.7467728,2019,84,0.013933021
450,2019-03-26,85,3052.524692,997.6648232,2054.859868,4050.189515,2831.830955,6845.270776,12.88293835,0.22220297,3,0.3,0.11,0.75,6.6,433.5560237,2019,85,0.013291771
451,2019-03-27,86,3084.310056,1001.629612,2082.680445,4085.939668,2831.830955,6845.270776,12.85624375,0.22220297,3,0.3,0.11,0.75,6.6,434.3078519,2019,86,0.012336563
452,2019-03-28,87,3118.955457,1004.766131,2114.189326,4123.721588,2831.830955,6845.270776,13.11817296,0.22220297,3,0.3,0.11,0.75,6.6,436.8026758,2019,87,0.011877708
453,2019-03-29,88,3156.581328,1007.091836,2149.489492,4163.673164,2831.830955,6845.270776,13.13736354,0.22220297,3,0.3,0.11,0.75,6.6,435.2482647,2019,88,0.011786354
454,2019-03-30,89,3197.308105,1008.640999,2188.667106,4205.949105,2831.830955,6845.270776,13.40294271,0.22220297,3,0.3,0.11,0.75,6.6,440.6666832,2019,89,0.011921563
455,2019-03-31,90,3241.256223,1009.467296,2231.788928,4250.723519,2831.830955,6845.270776,12.97991354,0.22220297,3,0.3,0.11,0.75,6.6,442.0645923,2019,90,0.012416354
456,2019-04-01,91,3288.546117,1009.646681,2278.899437,4298.192798,2831.830955,6845.270776,12.76736737,0.22220297,3,0.3,0.11,0.75,6.6,432.7172755,2019,91,0.011182418
457,2019-04-02,92,3339.298222,1009.280565,2330.017658,4348.578787,2831.830955,6845.270776,12.40217469,0.22220297,4,0.3,0.11,0.75,6.6,437.2871788,2019,92,0.011126105
458,2019-04-03,93,3393.574185,1008.513558,2385.060627,4402.087743,2831.830955,6845.270776,12.50234219,0.22220297,4,0.3,0.11,0.75,6.6,445.8001728,2019,93,0.010948333
459,2019-04-04,94,3451.200496,1007.569805,2443.630691,4458.770301,2831.830955,6845.270776,13.1547645,0.22220297,4,0.3,0.11,0.75,6.6,451.6285063,2019,94,0.010917931
460,2019-04-05,95,3511.944858,1006.692402,2505.252456,4518.63726,2831.830955,6845.270776,13.67886251,0.22220297,4,0.3,0.11,0.75,6.6,450.4480913,2019,95,0.011849063
461,2019-04-06,96,3575.574973,1006.122619,2569.452354,4581.697592,2831.830955,6845.270776,13.88539931,0.22220297,4,0.3,0.11,0.75,6.6,449.2676764,2019,96,0.011741875
462,2019-04-07,97,3641.858545,1006.095308,2635.763237,4647.953852,2831.830955,6845.270776,13.74110764,0.22220297,4,0.3,0.11,0.75,6.6,448.0872615,2019,97,0.011979167
463,2019-04-08,98,3710.563275,1006.834092,2703.729183,4717.397366,2831.830955,6845.270776,13.49585995,0.22220297,4,0.3,0.11,0.75,6.6,446.9068466,2019,98,0.015516458
464,2019-04-09,99,3781.456865,1008.546441,2772.910424,4790.003306,2831.830955,6845.270776,13.72877083,0.22220297,4,0.3,0.11,0.75,6.6,445.7264317,2019,99,0.032721563
465,2019-04-10,100,3854.30702,1011.41881,2842.88821,4865.72583,2831.830955,6845.270776,13.63477431,0.22220297,4,0.3,0.11,0.75,6.6,444.5460168,2019,100,0.030089479
466,2019-04-11,101,3928.88144,1015.612053,2913.269388,4944.493493,2831.830955,6845.270776,13.43354545,0.22220297,4,0.3,0.11,0.75,6.6,443.3656018,2019,101,0.024993542
467,2019-04-12,102,4004.947829,1021.257357,2983.690472,5026.205186,2831.830955,6845.270776,13.44971458,0.22220297,4,0.3,0.11,0.75,6.6,442.1851869,2019,102,0.021696979
468,2019-04-13,103,4082.273888,1028.452944,3053.820944,5110.726833,2831.830955,6845.270776,13.66797917,0.22220297,4,0.3,0.11,0.75,6.6,438.3344606,2019,103,0.018845417
469,2019-04-14,104,4160.627321,1037.261728,3123.365593,5197.88905,2831.830955,6845.270776,14.04654249,0.22220297,4,0.3,0.11,0.75,6.6,434.9360642,2019,104,0.017970104
470,2019-04-15,105,4239.77583,1047.710088,3192.065742,5287.485919,2831.830955,6845.270776,13.51905382,0.22220297,4,0.3,0.11,0.75,6.6,442.9670372,2019,105,0.016854583
471,2019-04-16,106,4319.487118,1059.787807,3259.69931,5379.274925,2831.830955,6845.270776,13.0221503,0.22220297,4,0.3,0.11,0.75,6.6,437.4995153,2019,106,0.015518646
472,2019-04-17,107,4399.528886,1073.449143,3326.079743,5472.978028,2831.830955,6845.270776,12.9888533,0.22220297,4,0.3,0.11,0.75,6.6,439.3048016,2019,107,0.014995938
473,2019-04-18,108,4479.668837,1088.61491,3391.053927,5568.283747,2831.830955,6845.270776,13.30168983,0.22220297,4,0.3,0.11,0.75,6.6,439.8569858,2019,108,0.014849158
474,2019-04-19,109,4559.674675,1105.175391,3454.499284,5664.850066,2831.830955,6845.270776,13.42527884,0.22220297,4,0.3,0.11,0.75,6.6,435.3787404,2019,109,0.017292396
475,2019-04-20,110,4639.3141,1122.993834,3516.320267,5762.307934,2831.830955,6845.270776,13.02810747,0.22220297,4,0.3,0.11,0.75,6.6,433.4472032,2019,110,0.022504421
476,2019-04-21,111,4718.354817,1141.910307,3576.44451,5860.265124,2831.830955,6845.270776,13.40288072,0.22220297,4,0.3,0.11,0.75,6.6,431.5156661,2019,111,0.023263125
477,2019-04-22,112,4796.564527,1161.745676,3634.818851,5958.310202,2831.830955,6845.270776,13.14844049,0.22220297,4,0.3,0.11,0.75,6.6,438.181667,2019,112,0.021227292
478,2019-04-23,113,4873.710932,1182.305509,3691.405424,6056.016441,2831.830955,6845.270776,12.97898264,0.22220297,4,0.3,0.11,0.75,6.6,445.9501419,2019,113,0.019405104
479,2019-04-24,114,4949.561736,1203.383763,3746.177973,6152.945499,2831.830955,6845.270776,13.18080382,0.22220297,4,0.3,0.11,0.75,6.6,436.4171661,2019,114,0.017823229
480,2019-04-25,115,5023.88464,1224.766151,3799.118489,6248.650791,2831.830955,6845.270776,13.37286074,0.22220297,4,0.3,0.11,0.75,6.6,426.8841904,2019,115,0.016238125
481,2019-04-26,116,5096.447348,1246.233127,3850.214221,6342.680475,2831.830955,6845.270776,13.29681581,0.22220297,4,0.3,0.11,0.75,6.6,445.4745527,2019,116,0.015136563
482,2019-04-27,117,5167.017562,1267.562482,3899.455079,6434.580044,2831.830955,6845.270776,13.377046,0.22220297,4,0.3,0.11,0.75,6.6,446.9593316,2019,117,0.013649375
483,2019-04-28,118,5235.362983,1288.531561,3946.831422,6523.894544,2831.830955,6845.270776,13.81472975,0.22220297,4,0.3,0.11,0.75,6.6,467.0826315,2019,118,0.012869896
484,2019-04-29,119,5301.251316,1308.919126,3992.33219,6610.170442,2831.830955,6845.270776,13.85553273,0.22220297,4,0.3,0.11,0.75,6.6,451.1101931,2019,119,0.012066667
485,2019-04-30,120,5364.450261,1328.506931,4035.943331,6692.957192,2831.830955,6845.270776,14.07127467,0.22220297,4,0.3,0.11,0.75,6.6,452.7340816,2019,120,0.011563125
486,2019-05-01,121,5424.727522,1347.081049,4077.646474,6771.808571,2831.830955,6845.270776,13.73576066,0.22220297,4,0.3,0.11,0.75,6.6,442.7927206,2019,121,0.011284659
487,2019-05-02,122,5481.850802,1364.43302,4117.417782,6846.283822,2831.830955,6845.270776,13.89021801,0.22220297,5,0.3,0.11,0.75,6.6,446.9622381,2019,122,0.011145625
488,2019-05-03,123,5535.649647,1380.392979,4155.256667,6916.042626,2831.830955,6845.270776,14.24330897,0.22220297,5,0.3,0.11,0.75,6.6,447.4533041,2019,123,0.011036947
489,2019-05-04,124,5586.200984,1394.930288,4191.270695,6981.131272,2831.830955,6845.270776,14.29588218,0.22220297,5,0.3,0.11,0.75,6.6,454.0231232,2019,124,0.01119
490,2019-05-05,125,5633.643585,1408.06209,4225.581495,7041.705675,2831.830955,6845.270776,14.29515938,0.22220297,5,0.3,0.11,0.75,6.6,445.0899777,2019,125,0.012894688
491,2019-05-06,126,5678.116222,1419.81947,4258.296752,7097.935692,2831.830955,6845.270776,14.32945219,0.22220297,5,0.3,0.11,0.75,6.6,457.0800562,2019,126,0.011337895
492,2019-05-07,127,5719.757666,1430.245185,4289.512481,7150.002852,2831.830955,6845.270776,14.16303504,0.22220297,5,0.3,0.11,0.75,6.6,448.5872396,2019,127,0.010403021
493,2019-05-08,128,5758.70669,1439.391766,4319.314924,7198.098456,2831.830955,6845.270776,14.06029115,0.22220297,5,0.3,0.11,0.75,6.6,455.8777414,2019,128,0.010017604
494,2019-05-09,129,5795.102064,1447.319922,4347.782142,7242.421986,2831.830955,6845.270776,14.39327635,0.22220297,5,0.3,0.11,0.75,6.6,451.3274767,2019,129,0.009773542
495,2019-05-10,130,5829.082561,1454.097197,4374.985364,7283.179758,2831.830955,6845.270776,14.57075947,0.22220297,5,0.3,0.11,0.75,6.6,456.0626017,2019,130,0.009438438
496,2019-05-11,131,5860.786952,1459.796825,4400.990127,7320.583777,2831.830955,6845.270776,14.55494392,0.22220297,5,0.3,0.11,0.75,6.6,469.0854042,2019,131,0.012590316
497,2019-05-12,132,5890.354009,1464.496753,4425.857256,7354.850762,2831.830955,6845.270776,14.66932634,0.22220297,5,0.3,0.11,0.75,6.6,461.3548763,2019,132,0.024201042
498,2019-05-13,133,5917.922504,1468.278794,4449.64371,7386.201297,2831.830955,6845.270776,14.54417346,0.22220297,5,0.3,0.11,0.75,6.6,457.6599964,2019,133,0.027699063
499,2019-05-14,134,5943.631207,1471.227895,4472.403312,7414.859103,2831.830955,6845.270776,14.54039293,0.22220297,5,0.3,0.11,0.75,6.6,467.5611623,2019,134,0.020678125
500,2019-05-15,135,5967.618892,1473.431497,4494.187395,7441.050389,2831.830955,6845.270776,14.54337838,0.22220297,5,0.3,0.11,0.75,6.6,471.6156804,2019,135,0.0170825
501,2019-05-16,136,5990.02433,1474.978965,4515.045365,7465.003294,2831.830955,6845.270776,14.98642776,0.22220297,5,0.3,0.11,0.75,6.6,472.2792128,2019,136,0.014534375
502,2019-05-17,137,6010.986292,1475.961087,4535.025204,7486.947379,2831.830955,6845.270776,15.11393173,0.22220297,5,0.3,0.11,0.75,6.6,452.4806971,2019,137,0.013151771
503,2019-05-18,138,6030.643549,1476.469628,4554.173921,7507.113178,2831.830955,6845.270776,15.18472249,0.22220297,5,0.3,0.11,0.75,6.6,457.846499,2019,138,0.011376875
504,2019-05-19,139,6049.134875,1476.596928,4572.537947,7525.731803,2831.830955,6845.270776,15.46469129,0.22220297,5,0.3,0.11,0.75,6.6,447.2681128,2019,139,0.010505208
505,2019-05-20,140,6066.59904,1476.435545,4590.163496,7543.034585,2831.830955,6845.270776,15.64617219,0.22220297,5,0.3,0.11,0.75,6.6,448.0718425,2019,140,0.00990875
506,2019-05-21,141,6083.174817,1476.077938,4607.096879,7559.252754,2831.830955,6845.270776,15.39133767,0.22220297,5,0.3,0.11,0.75,6.6,450.1910432,2019,141,0.009413646
507,2019-05-22,142,6099.000976,1475.616187,4623.384788,7574.617163,2831.830955,6845.270776,15.4650558,0.22220297,5,0.3,0.11,0.75,6.6,453.9377074,2019,142,0.009020938
508,2019-05-23,143,6114.216289,1475.141753,4639.074536,7589.358043,2831.830955,6845.270776,15.60448524,0.22220297,5,0.3,0.11,0.75,6.6,464.5069549,2019,143,0.008599271
509,2019-05-24,144,6128.959529,1474.74527,4654.214259,7603.704799,2831.830955,6845.270776,15.56538401,0.22220297,5,0.3,0.11,0.75,6.6,450.5590227,2019,144,0.008369688
510,2019-05-25,145,6143.369467,1474.516383,4668.853085,7617.88585,2831.830955,6845.270776,15.85956733,0.22220297,5,0.3,0.11,0.75,6.6,468.9226015,2019,145,0.008206979
511,2019-05-26,146,6157.584875,1474.543625,4683.04125,7632.1285,2831.830955,6845.270776,15.95278367,0.22220297,5,0.3,0.11,0.75,6.6,464.7617738,2019,146,0.007970521
512,2019-05-27,147,6171.744524,1474.914338,4696.830186,7646.658862,2831.830955,6845.270776,15.7677309,0.22220297,5,0.3,0.11,0.75,6.6,452.3165644,2019,147,0.007754375
513,2019-05-28,148,6185.987186,1475.714642,4710.272544,7661.701828,2831.830955,6845.270776,15.56219372,0.22220297,5,0.3,0.11,0.75,6.6,451.4858574,2019,148,0.00767625
514,2019-05-29,149,6200.451632,1477.02945,4723.422183,7677.481082,2831.830955,6845.270776,15.57821491,0.22220297,5,0.3,0.11,0.75,6.6,455.1215887,2019,149,0.007537083
515,2019-05-30,150,6215.276635,1478.942538,4736.334097,7694.219174,2831.830955,6845.270776,15.49708617,0.22220297,5,0.3,0.11,0.75,6.6,458.1082724,2019,150,0.007386333
516,2019-05-31,151,6230.600967,1481.536671,4749.064296,7712.137637,2831.830955,6845.270776,15.72162133,0.22220297,5,0.3,0.11,0.75,6.6,462.1521863,2019,151,0.007394792
517,2019-06-01,152,6246.563398,1484.893772,4761.669626,7731.457169,2831.830955,6845.270776,15.82250175,0.22220297,5,0.3,0.11,0.75,6.6,476.124086,2019,152,0.007216458
518,2019-06-02,153,6263.3027,1489.095159,4774.207542,7752.397859,2831.830955,6845.270776,15.78172853,0.22220297,6,0.3,0.11,0.75,6.6,459.1745907,2019,153,0.007145938
519,2019-06-03,154,6280.915612,1494.193077,4786.722535,7775.108688,2831.830955,6845.270776,15.91680938,0.22220297,6,0.3,0.11,0.75,6.6,461.731542,2019,154,0.006943125
520,2019-06-04,155,6299.330735,1500.12499,4799.205745,7799.455725,2831.830955,6845.270776,15.84364129,0.22220297,6,0.3,0.11,0.75,6.6,441.7296824,2019,155,0.006723542
521,2019-06-05,156,6318.434639,1506.800304,4811.634335,7825.234943,2831.830955,6845.270776,15.92669239,0.22220297,6,0.3,0.11,0.75,6.6,440.5514358,2019,156,0.007105521
522,2019-06-06,157,6338.11389,1514.129059,4823.984832,7852.242949,2831.830955,6845.270776,16.05404688,0.22220297,6,0.3,0.11,0.75,6.6,444.0922183,2019,157,0.007917917
523,2019-06-07,158,6358.255059,1522.021803,4836.233255,7880.276862,2831.830955,6845.270776,16.11046667,0.22220297,6,0.3,0.11,0.75,6.6,453.7964112,2019,158,0.008586771
524,2019-06-08,159,6378.744712,1530.389483,4848.355229,7909.134195,2831.830955,6845.270776,16.31480021,0.22220297,6,0.3,0.11,0.75,6.6,497.993115,2019,159,0.008457292
525,2019-06-09,160,6399.469419,1539.143327,4860.326092,7938.612746,2831.830955,6845.270776,16.43003229,0.22220297,6,0.3,0.11,0.75,6.6,472.3773664,2019,160,0.007926042
526,2019-06-10,161,6420.315747,1548.194757,4872.120991,7968.510504,2831.830955,6845.270776,16.37378438,0.22220297,6,0.3,0.11,0.75,6.6,446.9069448,2019,161,0.008200729
527,2019-06-11,162,6441.170266,1557.455294,4883.714972,7998.62556,2831.830955,6845.270776,16.28769688,0.22220297,6,0.3,0.11,0.75,6.6,441.066435,2019,162,0.007567813
528,2019-06-12,163,6461.919544,1566.836486,4895.083058,8028.75603,2831.830955,6845.270776,16.27680382,0.22220297,6,0.3,0.11,0.75,6.6,453.1084432,2019,163,0.007150104
529,2019-06-13,164,6482.450148,1576.249842,4906.200306,8058.69999,2831.830955,6845.270776,16.21014552,0.22220297,6,0.3,0.11,0.75,6.6,455.557416,2019,164,0.007289583
530,2019-06-14,165,6502.648647,1585.606776,4917.041872,8088.255423,2831.830955,6845.270776,16.26583436,0.22220297,6,0.3,0.11,0.75,6.6,455.068822,2019,165,0.006744063
531,2019-06-15,166,6522.401611,1594.818562,4927.583048,8117.220173,2831.830955,6845.270776,16.44110342,0.22220297,6,0.3,0.11,0.75,6.6,459.4356326,2019,166,0.006553229
532,2019-06-16,167,6541.595606,1603.796303,4937.799303,8145.391908,2831.830955,6845.270776,16.50252604,0.22220297,6,0.3,0.11,0.75,6.6,473.0311478,2019,167,0.006515313
533,2019-06-17,168,6560.117201,1612.450895,4947.666306,8172.568097,2831.830955,6845.270776,16.49681581,0.22220297,6,0.3,0.11,0.75,6.6,463.2482068,2019,168,0.006796875
534,2019-06-18,169,6577.852966,1620.693019,4957.159947,8198.545984,2831.830955,6845.270776,16.40950044,0.22220297,6,0.3,0.11,0.75,6.6,445.9415649,2019,169,0.007090326
535,2019-06-19,170,6594.689467,1628.433119,4966.256348,8223.122587,2831.830955,6845.270776,16.4156684,0.22220297,6,0.3,0.11,0.75,6.6,431.2700338,2019,170,0.0077625
536,2019-06-20,171,6610.513274,1635.581406,4974.931868,8246.09468,2831.830955,6845.270776,16.39746615,0.22220297,6,0.3,0.11,0.75,6.6,435.2472437,2019,171,0.008676667
537,2019-06-21,172,6625.210955,1642.04785,4983.163105,8267.258805,2831.830955,6845.270776,16.51857815,0.22220297,6,0.3,0.11,0.75,6.6,448.7425752,2019,172,0.007692604
538,2019-06-22,173,6638.669078,1647.742189,4990.926889,8286.411267,2831.830955,6845.270776,16.47903472,0.22220297,6,0.3,0.11,0.75,6.6,453.1323348,2019,173,0.008958229
539,2019-06-23,174,6650.774212,1652.57394,4998.200272,8303.348152,2831.830955,6845.270776,16.49640997,0.22220297,6,0.3,0.11,0.75,6.6,459.5555365,2019,174,0.009912813
540,2019-06-24,175,6661.412925,1656.45241,5004.960514,8317.865335,2831.830955,6845.270776,16.65731858,0.22220297,6,0.3,0.11,0.75,6.6,451.1068989,2019,175,0.012492188
541,2019-06-25,176,6670.471785,1659.286716,5011.185069,8329.7585,2831.830955,6845.270776,16.66220339,0.22220297,6,0.3,0.11,0.75,6.6,450.785991,2019,176,0.021624902
542,2019-06-26,177,6677.83736,1660.985802,5016.851559,8338.823162,2831.830955,6845.270776,16.74065751,0.22220297,6,0.3,0.11,0.75,6.6,443.580799,2019,177,0.014267436
543,2019-06-27,178,6683.39622,1661.458467,5021.937753,8344.854687,2831.830955,6845.270776,16.7488099,0.22220297,6,0.3,0.11,0.75,6.6,468.1039794,2019,178,0.012003125
544,2019-06-28,179,6687.034933,1660.613391,5026.421542,8347.648323,2831.830955,6845.270776,16.73870313,0.22220297,6,0.3,0.11,0.75,6.6,458.9925464,2019,179,0.008682083
545,2019-06-29,180,6688.640066,1658.359163,5030.280902,8346.999229,2831.830955,6845.270776,16.89037489,0.22220297,6,0.3,0.11,0.75,6.6,470.1004629,2019,180,0.007627917
546,2019-06-30,181,6688.098188,1654.604321,5033.493867,8342.70251,2831.830955,6845.270776,17.11436181,0.22220297,6,0.3,0.11,0.75,6.6,470.8697716,2019,181,0.007162188
547,2019-07-01,182,6685.295868,1649.257385,5036.038483,8334.553253,2831.830955,6845.270776,17.33613013,0.22220297,6,0.3,0.11,0.75,6.6,469.2538838,2019,182,0.006904479
548,2019-07-02,183,6680.119674,1642.226903,5037.892771,8322.346577,2831.830955,6845.270776,17.24976742,0.22220297,7,0.3,0.11,0.75,6.6,475.5443238,2019,183,0.006727188
549,2019-07-03,184,6672.495426,1633.447382,5039.048044,8305.942808,2831.830955,6845.270776,17.2031446,0.22220297,7,0.3,0.11,0.75,6.6,481.2399817,2019,184,0.006726105
550,2019-07-04,185,6662.505949,1622.95705,5039.548899,8285.462998,2831.830955,6845.270776,17.31608594,0.22220297,7,0.3,0.11,0.75,6.6,480.3982826,2019,185,0.006586146
551,2019-07-05,186,6650.273319,1610.82033,5039.452989,8261.093649,2831.830955,6845.270776,17.5061214,0.22220297,7,0.3,0.11,0.75,6.6,479.5565835,2019,186,0.006427527
552,2019-07-06,187,6635.919614,1597.101957,5038.817658,8233.021571,2831.830955,6845.270776,17.58898524,0.22220297,7,0.3,0.11,0.75,6.6,485.7157694,2019,187,0.006297604
553,2019-07-07,188,6619.566911,1581.866965,5037.699946,8201.433876,2831.830955,6845.270776,17.44646788,0.22220297,7,0.3,0.11,0.75,6.6,484.0689044,2019,188,0.006406354
554,2019-07-08,189,6601.337286,1565.180682,5036.156604,8166.517968,2831.830955,6845.270776,17.42568142,0.22220297,7,0.3,0.11,0.75,6.6,491.6551665,2019,189,0.006740521
555,2019-07-09,190,6581.352816,1547.108726,5034.24409,8128.461541,2831.830955,6845.270776,17.50284635,0.22220297,7,0.3,0.11,0.75,6.6,473.7977478,2019,190,0.006218958
556,2019-07-10,191,6559.735577,1527.717008,5032.018569,8087.452585,2831.830955,6845.270776,17.57748906,0.22220297,7,0.3,0.11,0.75,6.6,456.2081699,2019,191,0.006060521
557,2019-07-11,192,6536.607647,1507.071747,5029.5359,8043.679394,2831.830955,6845.270776,17.4755952,0.22220297,7,0.3,0.11,0.75,6.6,454.345492,2019,192,0.006152083
558,2019-07-12,193,6512.091102,1485.23948,5026.851622,7997.330582,2831.830955,6845.270776,17.58842002,0.22220297,7,0.3,0.11,0.75,6.6,452.4828141,2019,193,0.007525729
559,2019-07-13,194,6486.308019,1462.287086,5024.020933,7948.595105,2831.830955,6845.270776,17.49890122,0.22220297,7,0.3,0.11,0.75,6.6,450.6201362,2019,194,0.006273958
560,2019-07-14,195,6459.380475,1438.281814,5021.098661,7897.662289,2831.830955,6845.270776,17.55963336,0.22220297,7,0.3,0.11,0.75,6.6,448.7574583,2019,195,0.008347292
561,2019-07-15,196,6431.430546,1413.291317,5018.13923,7844.721863,2831.830955,6845.270776,17.6303316,0.22220297,7,0.3,0.11,0.75,6.6,446.8947804,2019,196,0.008200421
562,2019-07-16,197,6402.58031,1387.383696,5015.196614,7789.964006,2831.830955,6845.270776,17.7078125,0.22220297,7,0.3,0.11,0.75,6.6,445.0321025,2019,197,0.006826458
563,2019-07-17,198,6372.951843,1360.627552,5012.324291,7733.579395,2831.830955,6845.270776,17.73994271,0.22220297,7,0.3,0.11,0.75,6.6,443.1694246,2019,198,0.007545833
564,2019-07-18,199,6342.667222,1333.092048,5009.575174,7675.759269,2831.830955,6845.270776,17.82890625,0.22220297,7,0.3,0.11,0.75,6.6,441.3067467,2019,199,0.007252396
565,2019-07-19,200,6311.848523,1304.846979,5007.001544,7616.695502,2831.830955,6845.270776,17.57905816,0.22220297,7,0.3,0.11,0.75,6.6,443.2141736,2019,200,0.006761042
566,2019-07-20,201,6280.617824,1275.962863,5004.654961,7556.580686,2831.830955,6845.270776,17.64637533,0.22220297,7,0.3,0.11,0.75,6.6,445.1216005,2019,201,0.006470938
567,2019-07-21,202,6249.0972,1246.511034,5002.586167,7495.608234,2831.830955,6845.270776,17.89783709,0.22220297,7,0.3,0.11,0.75,6.6,459.3526427,2019,202,0.006366146
568,2019-07-22,203,6217.40873,1216.563762,5000.844968,7433.972492,2831.830955,6845.270776,17.62952865,0.22220297,7,0.3,0.11,0.75,6.6,503.6959271,2019,203,0.007422083
569,2019-07-23,204,6185.674489,1186.194388,4999.480102,7371.868877,2831.830955,6845.270776,17.51624557,0.22220297,7,0.3,0.11,0.75,6.6,493.4630246,2019,204,0.012950118
570,2019-07-24,205,6154.016555,1155.477474,4998.539081,7309.494029,2831.830955,6845.270776,17.39714149,0.22220297,7,0.3,0.11,0.75,6.6,468.1372569,2019,205,0.012173438
571,2019-07-25,206,6122.557004,1124.488987,4998.068018,7247.045991,2831.830955,6845.270776,17.44880522,0.22220297,7,0.3,0.11,0.75,6.6,487.8146375,2019,206,0.00966625
572,2019-07-26,207,6091.417913,1093.306497,4998.111417,7184.72441,2831.830955,6845.270776,17.44171416,0.22220297,7,0.3,0.11,0.75,6.6,474.7936403,2019,207,0.007556771
573,2019-07-27,208,6060.721359,1062.009414,4998.711946,7122.730773,2831.830955,6845.270776,17.6657659,0.22220297,7,0.3,0.11,0.75,6.6,470.7229863,2019,208,0.006680208
574,2019-07-28,209,6030.589419,1030.679248,4999.910171,7061.268666,2831.830955,6845.270776,17.83889228,0.22220297,7,0.3,0.11,0.75,6.6,484.9839468,2019,209,0.006414271
575,2019-07-29,210,6001.144168,999.3999075,5001.744261,7000.544076,2831.830955,6845.270776,17.79729232,0.22220297,7,0.3,0.11,0.75,6.6,475.6247207,2019,210,0.006276316
576,2019-07-30,211,5972.507685,968.2580303,5004.249655,6940.765715,2831.830955,6845.270776,17.75781424,0.22220297,7,0.3,0.11,0.75,6.6,465.2811326,2019,211,0.006186042
577,2019-07-31,212,5944.802046,937.3433473,5007.458698,6882.145393,2831.830955,6845.270776,17.75831337,0.22220297,7,0.3,0.11,0.75,6.6,473.4299769,2019,212,0.006269479
578,2019-08-01,213,5918.149327,906.7490813,5011.400245,6824.898408,2831.830955,6845.270776,17.68935397,0.22220297,7,0.3,0.11,0.75,6.6,456.6712961,2019,213,0.00613383
579,2019-08-02,214,5892.671605,876.57237,5016.099235,6769.243975,2831.830955,6845.270776,17.4726276,0.22220297,8,0.3,0.11,0.75,6.6,464.2364523,2019,214,0.005913958
580,2019-08-03,215,5868.47664,846.9069749,5021.569665,6715.383615,2831.830955,6845.270776,17.57817704,0.22220297,8,0.3,0.11,0.75,6.6,478.9472606,2019,215,0.005853958
581,2019-08-04,216,5845.614918,817.8217378,5027.79318,6663.436656,2831.830955,6845.270776,17.52472483,0.22220297,8,0.3,0.11,0.75,6.6,480.969019,2019,216,0.006464792
582,2019-08-05,217,5824.122609,789.3847201,5034.737888,6613.507329,2831.830955,6845.270776,17.56649001,0.22220297,8,0.3,0.11,0.75,6.6,482.9907774,2019,217,0.006275417
583,2019-08-06,218,5804.035881,761.6715487,5042.364332,6565.707429,2831.830955,6845.270776,17.63772464,0.22220297,8,0.3,0.11,0.75,6.6,476.0284511,2019,218,0.005815938
584,2019-08-07,219,5785.390904,734.7664211,5050.624482,6520.157325,2831.830955,6845.270776,17.67473872,0.22220297,8,0.3,0.11,0.75,6.6,468.0791096,2019,219,0.005797292
585,2019-08-08,220,5768.223846,708.763142,5059.460704,6476.986988,2831.830955,6845.270776,17.64933627,0.22220297,8,0.3,0.11,0.75,6.6,493.7389969,2019,220,0.005694167
586,2019-08-09,221,5752.570878,683.7661399,5068.804739,6436.337018,2831.830955,6845.270776,17.64725752,0.22220297,8,0.3,0.11,0.75,6.6,460.0897728,2019,221,0.005609438
587,2019-08-10,222,5738.468169,659.8913773,5078.576791,6398.359546,2831.830955,6845.270776,17.64913093,0.22220297,8,0.3,0.11,0.75,6.6,486.3837928,2019,222,0.005651053
588,2019-08-11,223,5725.951887,637.2670323,5088.684854,6363.218919,2831.830955,6845.270776,17.55756386,0.22220297,8,0.3,0.11,0.75,6.6,473.9632255,2019,223,0.005535104
589,2019-08-12,224,5715.058201,616.0337845,5099.024416,6331.091986,2831.830955,6845.270776,17.64795486,0.22220297,8,0.3,0.11,0.75,6.6,454.085761,2019,224,0.005438646
590,2019-08-13,225,5705.823281,596.3444903,5109.478791,6302.167771,2831.830955,6845.270776,17.70845226,0.22220297,8,0.3,0.11,0.75,6.6,438.6166607,2019,225,0.006804688
591,2019-08-14,226,5698.283296,578.3629918,5119.920305,6276.646288,2831.830955,6845.270776,17.78051128,0.22220297,8,0.3,0.11,0.75,6.6,461.8673761,2019,226,0.006313333
592,2019-08-15,227,5692.474416,562.2617921,5130.212624,6254.736208,2831.830955,6845.270776,17.7460913,0.22220297,8,0.3,0.11,0.75,6.6,484.8142896,2019,227,0.005853229
593,2019-08-16,228,5688.432808,548.2183568,5140.214451,6236.651165,2831.830955,6845.270776,17.53291406,0.22220297,8,0.3,0.11,0.75,6.6,453.4758971,2019,228,0.005737396
594,2019-08-17,229,5686.194643,536.4099122,5149.784731,6222.604555,2831.830955,6845.270776,17.467014,0.22220297,8,0.3,0.11,0.75,6.6,440.3425981,2019,229,0.005666667
595,2019-08-18,230,5685.79609,527.0068055,5158.789284,6212.802895,2831.830955,6845.270776,17.5190061,0.22220297,8,0.3,0.11,0.75,6.6,457.2064614,2019,230,0.005658438
596,2019-08-19,231,5687.273317,520.1647787,5167.108539,6207.438096,2831.830955,6845.270776,17.52801942,0.22220297,8,0.3,0.11,0.75,6.6,456.4251059,2019,231,0.005627813
597,2019-08-20,232,5690.662495,516.0168364,5174.645658,6206.679331,2831.830955,6845.270776,17.66485004,0.22220297,8,0.3,0.11,0.75,6.6,466.5618178,2019,232,0.005633021
598,2019-08-21,233,5695.999791,514.6656708,5181.334121,6210.665462,2831.830955,6845.270776,17.70008333,0.22220297,8,0.3,0.11,0.75,6.6,480.0614813,2019,233,0.005572917
599,2019-08-22,234,5703.321376,516.1777311,5187.143645,6219.499107,2831.830955,6845.270776,17.80784805,0.22220297,8,0.3,0.11,0.75,6.6,479.9754706,2019,234,0.006101446
600,2019-08-23,235,5712.663418,520.5799015,5192.083517,6233.24332,2831.830955,6845.270776,17.68710987,0.22220297,8,0.3,0.11,0.75,6.6,462.4042797,2019,235,0.009059362
601,2019-08-24,236,5724.062087,527.8593635,5196.202724,6251.921451,2831.830955,6845.270776,17.51858681,0.22220297,8,0.3,0.11,0.75,6.6,461.6199167,2019,236,0.007810625
602,2019-08-25,237,5737.553552,537.9666627,5199.586889,6275.520215,2831.830955,6845.270776,17.72611285,0.22220297,8,0.3,0.11,0.75,6.6,457.7406527,2019,237,0.00612375
603,2019-08-26,238,5753.173982,550.8214391,5202.352542,6303.995421,2831.830955,6845.270776,17.78975608,0.22220297,8,0.3,0.11,0.75,6.6,459.7823162,2019,238,0.006066458
604,2019-08-27,239,5770.959545,566.3198854,5204.63966,6337.279431,2831.830955,6845.270776,17.78857292,0.22220297,8,0.3,0.11,0.75,6.6,461.8239797,2019,239,0.006780104
605,2019-08-28,240,5790.946412,584.3428571,5206.603555,6375.289269,2831.830955,6845.270776,17.94103212,0.22220297,8,0.3,0.11,0.75,6.6,463.8656432,2019,240,0.011875208
606,2019-08-29,241,5813.170752,604.7636725,5208.407079,6417.934424,2831.830955,6845.270776,17.85166146,0.22220297,8,0.3,0.11,0.75,6.6,465.9073066,2019,241,0.008249271
607,2019-08-30,242,5837.668733,627.4549082,5210.213825,6465.123641,2831.830955,6845.270776,17.86629427,0.22220297,8,0.3,0.11,0.75,6.6,469.9315116,2019,242,0.006653229
608,2019-08-31,243,5864.476525,652.2938156,5212.182709,6516.77034,2831.830955,6845.270776,17.65688358,0.22220297,8,0.3,0.11,0.75,6.6,438.4338114,2019,243,0.006257813
609,2019-09-01,244,5893.630297,679.1662677,5214.464029,6572.796564,2831.830955,6845.270776,17.54429515,0.22220297,8,0.3,0.11,0.75,6.6,446.1473889,2019,244,0.00609
610,2019-09-02,245,5925.166218,707.9693424,5217.196875,6633.13556,2831.830955,6845.270776,17.57656852,0.22220297,9,0.3,0.11,0.75,6.6,443.3521513,2019,245,0.006077188
611,2019-09-03,246,5959.0714,738.5885248,5220.482875,6697.659924,2831.830955,6845.270776,17.67667535,0.22220297,9,0.3,0.11,0.75,6.6,451.6760873,2019,246,0.006132188
612,2019-09-04,247,5995.136727,770.8242867,5224.31244,6765.961014,2831.830955,6845.270776,17.73240799,0.22220297,9,0.3,0.11,0.75,6.6,460.7030536,2019,247,0.006282813
613,2019-09-05,248,6033.104026,804.4627628,5228.641263,6837.566789,2831.830955,6845.270776,17.8098822,0.22220297,9,0.3,0.11,0.75,6.6,458.7814298,2019,248,0.006489271
614,2019-09-06,249,6072.715124,839.2995845,5233.415539,6912.014708,2831.830955,6845.270776,17.65303038,0.22220297,9,0.3,0.11,0.75,6.6,472.5406992,2019,249,0.006553646
615,2019-09-07,250,6113.711847,875.1393641,5238.572483,6988.851211,2831.830955,6845.270776,17.49395833,0.22220297,9,0.3,0.11,0.75,6.6,464.8821929,2019,250,0.006495313
616,2019-09-08,251,6155.836023,911.7949132,5244.04111,7067.630936,2831.830955,6845.270776,17.44052951,0.22220297,9,0.3,0.11,0.75,6.6,451.5891137,2019,251,0.00643
617,2019-09-09,252,6198.829478,949.0863453,5249.743132,7147.915823,2831.830955,6845.270776,17.52997135,0.22220297,9,0.3,0.11,0.75,6.6,452.4524454,2019,252,0.006374688
618,2019-09-10,253,6242.434038,986.8401606,5255.593878,7229.274199,2831.830955,6845.270776,17.30520052,0.22220297,9,0.3,0.11,0.75,6.6,443.098439,2019,253,0.006335417
619,2019-09-11,254,6286.391532,1024.888372,5261.50316,7311.279903,2831.830955,6845.270776,17.35860764,0.22220297,9,0.3,0.11,0.75,6.6,463.5607218,2019,254,0.006380625
620,2019-09-12,255,6330.443784,1063.067708,5267.376077,7393.511492,2831.830955,6845.270776,17.55512957,0.22220297,9,0.3,0.11,0.75,6.6,458.3209455,2019,255,0.006486667
621,2019-09-13,256,6374.332624,1101.218905,5273.113719,7475.551529,2831.830955,6845.270776,17.43321528,0.22220297,9,0.3,0.11,0.75,6.6,443.8750876,2019,256,0.006445521
622,2019-09-14,257,6417.799876,1139.186096,5278.61378,7556.985972,2831.830955,6845.270776,17.4700408,0.22220297,9,0.3,0.11,0.75,6.6,433.9823206,2019,257,0.006446563
623,2019-09-15,258,6460.587368,1176.816287,5283.771081,7637.403656,2831.830955,6845.270776,17.49035211,0.22220297,9,0.3,0.11,0.75,6.6,431.0586196,2019,258,0.006428125
624,2019-09-16,259,6502.436928,1213.958924,5288.478003,7716.395852,2831.830955,6845.270776,17.39078646,0.22220297,9,0.3,0.11,0.75,6.6,449.781779,2019,259,0.006386563
625,2019-09-17,260,6543.09038,1250.465529,5292.624851,7793.55591,2831.830955,6845.270776,17.40217622,0.22220297,9,0.3,0.11,0.75,6.6,448.2078786,2019,260,0.006465938
626,2019-09-18,261,6582.289553,1286.18941,5296.100144,7868.478963,2831.830955,6845.270776,17.18383094,0.22220297,9,0.3,0.11,0.75,6.6,447.7335138,2019,261,0.00647
627,2019-09-19,262,6619.776273,1320.985423,5298.79085,7940.761697,2831.830955,6845.270776,17.10759739,0.22220297,9,0.3,0.11,0.75,6.6,450.7894209,2019,262,0.006871579
628,2019-09-20,263,6655.292368,1354.709798,5300.582569,8010.002166,2831.830955,6845.270776,16.97276115,0.22220297,9,0.3,0.11,0.75,6.6,471.0224726,2019,263,0.007588646
629,2019-09-21,264,6688.579663,1387.219997,5301.359665,8075.79966,2831.830955,6845.270776,16.94535721,0.22220297,9,0.3,0.11,0.75,6.6,461.4654794,2019,264,0.007982708
630,2019-09-22,265,6719.379985,1418.374621,5301.005364,8137.754606,2831.830955,6845.270776,16.75191493,0.22220297,9,0.3,0.11,0.75,6.6,467.3482053,2019,265,0.008144271
631,2019-09-23,266,6747.435162,1448.033353,5299.40181,8195.468515,2831.830955,6845.270776,15.9198342,0.22220297,9,0.3,0.11,0.75,6.6,425.8020151,2019,266,0.008311667
632,2019-09-24,267,6772.48702,1476.056928,5296.430092,8248.543949,2831.830955,6845.270776,15.77881076,0.22220297,9,0.3,0.11,0.75,6.6,439.1008496,2019,267,0.008490521
633,2019-09-25,268,6794.277386,1502.307148,5291.970238,8296.584535,2831.830955,6845.270776,15.91619114,0.22220297,9,0.3,0.11,0.75,6.6,440.1555365,2019,268,0.008459896
634,2019-09-26,269,6812.548087,1526.646912,5285.901175,8339.194999,2831.830955,6845.270776,16.32980423,0.22220297,9,0.3,0.11,0.75,6.6,445.2866762,2019,269,0.008656458
635,2019-09-27,270,6827.04095,1548.940288,5278.100662,8375.981238,2831.830955,6845.270776,16.07511979,0.22220297,9,0.3,0.11,0.75,6.6,441.7808157,2019,270,0.0091175
636,2019-09-28,271,6837.497801,1569.052617,5268.445184,8406.550418,2831.830955,6845.270776,16.04666114,0.22220297,9,0.3,0.11,0.75,6.6,443.4849657,2019,271,0.009234583
637,2019-09-29,272,6843.660467,1586.850647,5256.80982,8430.511115,2831.830955,6845.270776,16.32371665,0.22220297,9,0.3,0.11,0.75,6.6,442.482987,2019,272,0.009376667
638,2019-09-30,273,6845.270776,1602.202715,5243.068061,8447.47349,2831.830955,6845.270776,16.38923524,0.22220297,9,0.3,0.11,0.75,6.6,440.5512494,2019,273,0.009487813
639,2019-10-01,274,6842.070553,1614.978965,5227.091588,8457.049518,2831.830955,6845.270776,16.16351291,0.22220297,9,0.3,0.11,0.75,6.6,434.319329,2019,274,0.006588548
640,2019-10-02,275,6833.801626,1625.051633,5208.749992,8458.853259,2831.830955,6845.270776,16.31410895,0.22220297,10,0.3,0.11,0.75,6.6,447.5585174,2019,275,0.006478913
641,2019-10-03,276,6820.286036,1632.331267,5187.954769,8452.617304,2831.830955,6845.270776,16.12568651,0.22220297,10,0.3,0.11,0.75,6.6,445.317344,2019,276,0.006447895
642,2019-10-04,277,6801.666689,1636.873944,5164.792744,8438.540633,2831.830955,6845.270776,16.02385031,0.22220297,10,0.3,0.11,0.75,6.6,441.1268421,2019,277,0.006442688
643,2019-10-05,278,6778.166702,1638.772277,5139.394424,8416.938979,2831.830955,6845.270776,15.85157552,0.22220297,10,0.3,0.11,0.75,6.6,463.0292614,2019,278,0.006485417
644,2019-10-06,279,6750.009195,1638.119076,5111.890119,8388.12827,2831.830955,6845.270776,15.95564583,0.22220297,10,0.3,0.11,0.75,6.6,451.7870034,2019,279,0.006772813
645,2019-10-07,280,6717.417286,1635.007118,5082.410168,8352.424404,2831.830955,6845.270776,15.72467857,0.22220297,10,0.3,0.11,0.75,6.6,448.1325386,2019,280,0.007192188
646,2019-10-08,281,6680.614096,1629.528982,5051.085115,8310.143078,2831.830955,6845.270776,15.21180973,0.22220297,10,0.3,0.11,0.75,6.6,442.6787462,2019,281,0.006980938
647,2019-10-09,282,6639.822743,1621.776917,5018.045826,8261.599661,2831.830955,6845.270776,14.88719598,0.22220297,10,0.3,0.11,0.75,6.6,452.2119934,2019,282,0.006965729
648,2019-10-10,283,6595.266347,1611.842776,4983.423571,8207.109123,2831.830955,6845.270776,15.32394097,0.22220297,10,0.3,0.11,0.75,6.6,451.4399588,2019,283,0.006991146
649,2019-10-11,284,6547.168026,1599.817978,4947.350048,8146.986004,2831.830955,6845.270776,15.36854948,0.22220297,10,0.3,0.11,0.75,6.6,465.6855065,2019,284,0.007030208
650,2019-10-12,285,6495.7509,1585.793532,4909.957368,8081.544432,2831.830955,6845.270776,15.219,0.22220297,10,0.3,0.11,0.75,6.6,454.5170022,2019,285,0.007286771
651,2019-10-13,286,6441.238087,1569.860104,4871.377983,8011.098191,2831.830955,6845.270776,14.99316843,0.22220297,10,0.3,0.11,0.75,6.6,460.5111966,2019,286,0.007544479
652,2019-10-14,287,6383.852707,1552.108146,4831.744561,7935.960854,2831.830955,6845.270776,14.68317596,0.22220297,10,0.3,0.11,0.75,6.6,461.902513,2019,287,0.007252708
653,2019-10-15,288,6323.81788,1532.628088,4791.189792,7856.445968,2831.830955,6845.270776,14.44523084,0.22220297,10,0.3,0.11,0.75,6.6,463.4771068,2019,288,0.007163646
654,2019-10-16,289,6261.356723,1511.510602,4749.846121,7772.867326,2831.830955,6845.270776,14.74297818,0.22220297,10,0.3,0.11,0.75,6.6,449.7953364,2019,289,0.009731146
655,2019-10-17,290,6196.692357,1488.846955,4707.845402,7685.539312,2831.830955,6845.270776,13.82819942,0.22220297,10,0.3,0.11,0.75,6.6,435.8634156,2019,290,0.007959886
656,2019-10-18,291,6130.0479,1464.729466,4665.318434,7594.777367,2831.830955,6845.270776,12.45685273,0.22220297,10,0.3,0.11,0.75,6.6,442.3370721,2019,291,0.007761979
657,2019-10-19,292,6061.646472,1439.252083,4622.394389,7500.898555,2831.830955,6845.270776,12.44379652,0.22220297,10,0.3,0.11,0.75,6.6,456.2893632,2019,292,0.008115625
658,2019-10-20,293,5991.711192,1412.511102,4579.200089,7404.222294,2831.830955,6845.270776,13.46417014,0.22220297,10,0.3,0.11,0.75,6.6,449.6316,2019,293,0.008688316
659,2019-10-21,294,5920.465178,1384.60607,4535.859108,7305.071247,2831.830955,6845.270776,13.21269444,0.22220297,10,0.3,0.11,0.75,6.6,448.8423768,2019,294,0.008302083
660,2019-10-22,295,5848.13155,1355.640878,4492.490672,7203.772428,2831.830955,6845.270776,13.36297135,0.22220297,10,0.3,0.11,0.75,6.6,446.5979302,2019,295,0.013564632
661,2019-10-23,296,5774.933427,1325.725122,4449.208305,7100.658549,2831.830955,6845.270776,13.14004621,0.22220297,10,0.3,0.11,0.75,6.6,446.2350034,2019,296,0.008472604
662,2019-10-24,297,5701.093929,1294.975738,4406.11819,6996.069667,2831.830955,6845.270776,13.23093192,0.22220297,10,0.3,0.11,0.75,6.6,452.09475,2019,297,0.007351563
663,2019-10-25,298,5626.836173,1263.519004,4363.31717,6890.355177,2831.830955,6845.270776,13.6143268,0.22220297,10,0.3,0.11,0.75,6.6,446.4506866,2019,298,0.007492708
664,2019-10-26,299,5552.383281,1231.492935,4320.890345,6783.876216,2831.830955,6845.270776,14.05242707,0.22220297,10,0.3,0.11,0.75,6.6,440.0346948,2019,299,0.020583958
665,2019-10-27,300,5477.958369,1199.050171,4278.908198,6677.008541,2831.830955,6845.270776,13.95457977,0.22220297,10,0.3,0.11,0.75,6.6,436.5409768,2019,300,0.014736979
666,2019-10-28,301,5403.784559,1166.361393,4237.423166,6570.145952,2831.830955,6845.270776,13.84014063,0.22220297,10,0.3,0.11,0.75,6.6,450.8151464,2019,301,0.011562604
667,2019-10-29,302,5330.084968,1133.619346,4196.465622,6463.704315,2831.830955,6845.270776,14.21146416,0.22220297,10,0.3,0.11,0.75,6.6,444.8460347,2019,302,0.009957396
668,2019-10-30,303,5257.082717,1101.043507,4156.03921,6358.126224,2831.830955,6845.270776,14.0662164,0.22220297,10,0.3,0.11,0.75,6.6,449.7027128,2019,303,0.012187604
669,2019-10-31,304,5185.000923,1068.885372,4116.115551,6253.886295,2831.830955,6845.270776,13.83870681,0.22220297,10,0.3,0.11,0.75,6.6,449.8874607,2019,304,0.033133158
670,2019-11-01,305,5114.062707,1037.434294,4076.628413,6151.497001,2831.830955,6845.270776,12.66707478,0.22220297,10,0.3,0.11,0.75,6.6,457.2454178,2019,305,0.03248875
671,2019-11-02,306,5044.491187,1007.023629,4037.467558,6051.514816,2831.830955,6845.270776,12.32906163,0.22220297,11,0.3,0.11,0.75,6.6,452.8067286,2019,306,0.022196042
672,2019-11-03,307,4976.472498,978.0418363,3998.430662,5954.514335,2831.830955,6845.270776,11.29574826,0.22220297,11,0.3,0.11,0.75,6.6,450.5057895,2019,307,0.014854063
673,2019-11-04,308,4910.04484,950.9384982,3959.106342,5860.983338,2831.830955,6845.270776,11.20913194,0.22220297,11,0.3,0.11,0.75,6.6,445.5598832,2019,308,0.012540938
674,2019-11-05,309,4845.209426,926.1804228,3919.029003,5771.389848,2831.830955,6845.270776,12.0867113,0.22220297,11,0.3,0.11,0.75,6.6,438.8817567,2019,309,0.011632632
675,2019-11-06,310,4781.96747,904.2284834,3877.738987,5686.195953,2831.830955,6845.270776,12.68909939,0.22220297,11,0.3,0.11,0.75,6.6,444.3701369,2019,310,0.010867813
676,2019-11-07,311,4720.320188,885.5184052,3834.801782,5605.838593,2831.830955,6845.270776,12.92570226,0.22220297,11,0.3,0.11,0.75,6.6,452.1490852,2019,311,0.011192188
677,2019-11-08,312,4660.268793,870.4382682,3789.830525,5530.707061,2831.830955,6845.270776,12.82777951,0.22220297,11,0.3,0.11,0.75,6.6,448.329753,2019,312,0.012626979
678,2019-11-09,313,4601.8145,859.3044439,3742.510056,5461.118944,2831.830955,6845.270776,12.72282031,0.22220297,11,0.3,0.11,0.75,6.6,450.6991647,2019,313,0.012546458
679,2019-11-10,314,4544.958523,852.3386763,3692.619847,5397.2972,2831.830955,6845.270776,12.63664721,0.22220297,11,0.3,0.11,0.75,6.6,449.3452958,2019,314,0.0120525
680,2019-11-11,315,4489.702078,849.6496095,3640.052468,5339.351687,2831.830955,6845.270776,12.87809541,0.22220297,11,0.3,0.11,0.75,6.6,442.7636606,2019,315,0.011826512
681,2019-11-12,316,4436.046377,851.2218869,3584.82449,5287.268264,2831.830955,6845.270776,12.66290885,0.22220297,11,0.3,0.11,0.75,6.6,446.3405316,2019,316,0.014891042
682,2019-11-13,317,4383.992637,856.9148524,3527.077784,5240.907489,2831.830955,6845.270776,11.18216348,0.22220297,11,0.3,0.11,0.75,6.6,432.1520772,2019,317,0.014051146
683,2019-11-14,318,4333.54207,866.4711149,3467.070955,5200.013185,2831.830955,6845.270776,10.69699913,0.22220297,11,0.3,0.11,0.75,6.6,439.221502,2019,318,0.013454271
684,2019-11-15,319,4284.695892,879.533375,3405.162517,5164.229267,2831.830955,6845.270776,11.1509487,0.22220297,11,0.3,0.11,0.75,6.6,440.1642715,2019,319,0.013152396
685,2019-11-16,320,4237.455316,895.6665685,3341.788748,5133.121885,2831.830955,6845.270776,11.42708834,0.22220297,11,0.3,0.11,0.75,6.6,440.8126101,2019,320,0.014135208
686,2019-11-17,321,4191.821558,914.3819393,3277.439619,5106.203497,2831.830955,6845.270776,11.21606794,0.22220297,11,0.3,0.11,0.75,6.6,440.8856321,2019,321,0.014564792
687,2019-11-18,322,4147.795832,935.1600641,3212.635768,5082.955896,2831.830955,6845.270776,11.19459051,0.22220297,11,0.3,0.11,0.75,6.6,438.9301809,2019,322,0.014365313
688,2019-11-19,323,4105.379351,957.4707918,3147.90856,5062.850143,2831.830955,6845.270776,10.21270757,0.22220297,11,0.3,0.11,0.75,6.6,433.478695,2019,323,0.014802842
689,2019-11-20,324,4064.573332,980.7891256,3083.784206,5045.362457,2831.830955,6845.270776,10.10838542,0.22220297,11,0.3,0.11,0.75,6.6,435.7286962,2019,324,0.014315625
690,2019-11-21,325,4025.378987,1004.606956,3020.77203,5029.985943,2831.830955,6845.270776,10.2583653,0.22220297,11,0.3,0.11,0.75,6.6,440.8241877,2019,325,0.013960421
691,2019-11-22,326,3987.797531,1028.44114,2959.356391,5016.238671,2831.830955,6845.270776,10.81575676,0.22220297,11,0.3,0.11,0.75,6.6,442.858941,2019,326,0.014208646
692,2019-11-23,327,3951.83018,1051.838686,2899.991494,5003.668866,2831.830955,6845.270776,10.48909635,0.22220297,11,0.3,0.11,0.75,6.6,442.1525421,2019,327,0.032510833
693,2019-11-24,328,3917.478146,1074.379894,2843.098253,4991.85804,2831.830955,6845.270776,10.48317361,0.22220297,11,0.3,0.11,0.75,6.6,443.4103544,2019,328,0.04974375
694,2019-11-25,329,3884.742645,1095.680206,2789.062439,4980.422852,2831.830955,6845.270776,10.81181377,0.22220297,11,0.3,0.11,0.75,6.6,442.9109446,2019,329,0.040153854
695,2019-11-26,330,3853.624891,1115.391433,2738.233458,4969.016325,2831.830955,6845.270776,10.7406875,0.22220297,11,0.3,0.11,0.75,6.6,436.0532731,2019,330,0.031338542
696,2019-11-27,331,3824.126099,1133.202876,2690.923223,4957.328975,2831.830955,6845.270776,10.69153193,0.22220297,11,0.3,0.11,0.75,6.6,440.1955174,2019,331,0.031597263
697,2019-11-28,332,3796.247482,1148.842787,2647.404696,4945.090269,2831.830955,6845.270776,9.853862222,0.22220297,11,0.3,0.11,0.75,6.6,434.2663406,2019,332,0.0372825
698,2019-11-29,333,3769.990256,1162.080527,2607.909729,4932.070783,2831.830955,6845.270776,9.501483507,0.22220297,11,0.3,0.11,0.75,6.6,436.8175445,2019,333,0.0338925
699,2019-11-30,334,3745.355634,1172.729753,2572.625881,4918.085387,2831.830955,6845.270776,10.14778521,0.22220297,11,0.3,0.11,0.75,6.6,438.0063412,2019,334,0.028445208
700,2019-12-01,335,3722.344832,1180.652952,2541.691879,4902.997784,2831.830955,6845.270776,10.63673304,0.22220297,11,0.3,0.11,0.75,6.6,444.332784,2019,335,0.121301563
701,2019-12-02,336,3700.959063,1185.767687,2515.191376,4886.726749,2831.830955,6845.270776,10.8304687,0.22220297,12,0.3,0.11,0.75,6.6,459.5870889,2019,336,0.063605417
702,2019-12-03,337,3681.199542,1188.054924,2493.144617,4869.254466,2831.830955,6845.270776,11.1417168,0.22220297,12,0.3,0.11,0.75,6.6,460.5717212,2019,337,0.037230833
703,2019-12-04,338,3663.067483,1187.569915,2475.497568,4850.637397,2831.830955,6845.270776,10.38969618,0.22220297,12,0.3,0.11,0.75,6.6,439.3872444,2019,338,0.026117917
704,2019-12-05,339,3646.564101,1184.456085,2462.108015,4831.020186,2831.830955,6845.270776,10.25360435,0.22220297,12,0.3,0.11,0.75,6.6,450.7397678,2019,339,0.018299167
705,2019-12-06,340,3631.69061,1178.962458,2452.728152,4810.653067,2831.830955,6845.270776,10.59958594,0.22220297,12,0.3,0.11,0.75,6.6,452.3077771,2019,340,0.010913542
706,2019-12-07,341,3618.448224,1171.464969,2446.983255,4789.913193,2831.830955,6845.270776,10.16450347,0.22220297,12,0.3,0.11,0.75,6.6,440.2637045,2019,341,0.00792625
707,2019-12-08,342,3606.838159,1162.491796,2444.346362,4769.329955,2831.830955,6845.270776,10.47968854,0.22220297,12,0.3,0.11,0.75,6.6,440.5964502,2019,342,0.007057813
708,2019-12-09,343,3596.861628,1152.752127,2444.109501,4749.613755,2831.830955,6845.270776,10.59564844,0.22220297,12,0.3,0.11,0.75,6.6,450.9770794,2019,343,0.007053021
709,2019-12-10,344,3588.519845,1143.166623,2445.353223,4731.686468,2831.830955,6845.270776,11.30676794,0.22220297,12,0.3,0.11,0.75,6.6,455.0958606,2019,344,0.008297396
710,2019-12-11,345,3581.814026,1134.895846,2446.91818,4716.709872,2831.830955,6845.270776,10.65718206,0.22220297,12,0.3,0.11,0.75,6.6,448.0949563,2019,345,0.009566875
711,2019-12-12,346,3576.745385,1129.36011,2447.385275,4706.105495,2831.830955,6845.270776,10.08473084,0.22220297,12,0.3,0.11,0.75,6.6,439.6595413,2019,346,0.011005521
712,2019-12-13,347,3573.315136,1128.240985,2445.074151,4701.55612,2831.830955,6845.270776,10.39500354,0.22220297,12,0.3,0.11,0.75,6.6,446.2686499,2019,347,0.014446706
713,2019-12-14,348,3571.524493,1133.452343,2438.072149,4704.976836,2831.830955,6845.270776,10.97750132,0.22220297,12,0.3,0.11,0.75,6.6,448.342742,2019,348,0.021858542
714,2019-12-15,349,3571.374671,1147.069958,2424.304712,4718.444629,2831.830955,6845.270776,11.00244327,0.22220297,12,0.3,0.11,0.75,6.6,445.1058,2019,349,0.025649271
715,2019-12-16,350,3572.866884,1171.216135,2401.650749,4744.083019,2831.830955,6845.270776,11.16181475,0.22220297,12,0.3,0.11,0.75,6.6,442.1834972,2019,350,0.02589125
716,2019-12-17,351,3575.979583,1207.736315,2368.243268,4783.715899,2831.830955,6845.270776,11.66259561,0.22220297,12,0.3,0.11,0.75,6.6,440.3229483,2019,351,0.04196375
717,2019-12-18,352,3580.600164,1256.974945,2323.625219,4837.575109,2831.830955,6845.270776,10.82697991,0.22220297,12,0.3,0.11,0.75,6.6,439.1553132,2019,352,0.051636771
718,2019-12-19,353,3586.593258,1317.359654,2269.233604,4903.952912,2831.830955,6845.270776,9.738665799,0.22220297,12,0.3,0.11,0.75,6.6,435.9464642,2019,353,0.038203646
719,2019-12-20,354,3593.823497,1385.794904,2208.028593,4979.618401,2831.830955,6845.270776,9.537214477,0.22220297,12,0.3,0.11,0.75,6.6,440.8045225,2019,354,0.030255625
720,2019-12-21,355,3602.155513,1458.187577,2143.967936,5060.343091,2831.830955,6845.270776,10.0634783,0.22220297,12,0.3,0.11,0.75,6.6,449.970821,2019,355,0.024318438
721,2019-12-22,356,3611.453938,1529.950718,2081.503221,5141.404656,2831.830955,6845.270776,10.36531684,0.22220297,12,0.3,0.11,0.75,6.6,449.2211451,2019,356,0.018867604
722,2019-12-23,357,3621.583404,1596.39115,2025.192254,5217.974555,2831.830955,6845.270776,9.629027875,0.22220297,12,0.3,0.11,0.75,6.6,439.0058743,2019,357,0.051913021
723,2019-12-24,358,3632.408542,1652.97688,1979.431662,5285.385422,2831.830955,6845.270776,9.231125868,0.22220297,12,0.3,0.11,0.75,6.6,439.6917881,2019,358,0.072137813
724,2019-12-25,359,3643.793985,1695.527765,1948.266219,5339.32175,2831.830955,6845.270776,10.16531538,0.22220297,12,0.3,0.11,0.75,6.6,431.1288219,2019,359,0.0492275
725,2019-12-26,360,3655.604363,1720.387957,1935.216406,5375.992321,2831.830955,6845.270776,10.40281337,0.22220297,12,0.3,0.11,0.75,6.6,439.0618068,2019,360,0.036528854
726,2019-12-27,361,3667.70431,1724.644702,1943.059608,5392.349012,2831.830955,6845.270776,10.57942882,0.22220297,12,0.3,0.11,0.75,6.6,439.0703155,2019,361,0.028400833
727,2019-12-28,362,3679.958456,1706.474714,1973.483742,5386.43317,2831.830955,6845.270776,10.78095886,0.22220297,12,0.3,0.11,0.75,6.6,441.3753191,2019,362,0.022606458
728,2019-12-29,363,3692.231434,1665.742099,2026.489334,5357.973533,2831.830955,6845.270776,11.12444746,0.22220297,12,0.3,0.11,0.75,6.6,440.0046237,2019,363,0.018884167
729,2019-12-30,364,3704.387875,1605.055534,2099.332341,5309.443409,2831.830955,6845.270776,11.1975191,0.22220297,12,0.3,0.11,0.75,6.6,441.450393,2019,364,0.02384
730,2019-12-31,365,3716.292411,1531.611352,2184.681059,5247.903763,2831.830955,6845.270776,11.33356944,0.22220297,12,0.3,0.11,0.75,6.6,438.8653415,2019,365,0.02663125
731,2020-01-01,1,3452.509298,239.8966889,3212.612609,3692.405987,2831.830955,6845.270776,12.37356354,0.22220297,1,0.3,0.11,0.75,6.6,442.1245574,2020,1,0.028146979
732,2020-01-02,2,3418.275871,244.0759369,3174.199934,3662.351808,2831.830955,6845.270776,12.1148125,0.22220297,1,0.3,0.11,0.75,6.6,448.0325801,2020,2,0.027051771
733,2020-01-03,3,3384.314452,249.8746586,3134.439794,3634.189111,2831.830955,6845.270776,12.22878804,0.22220297,1,0.3,0.11,0.75,6.6,448.5317058,2020,3,0.211861458
734,2020-01-04,4,3350.736316,257.1812829,3093.555033,3607.917599,2831.830955,6845.270776,11.81330671,0.22220297,1,0.3,0.11,0.75,6.6,442.4314005,2020,4,0.104938958
735,2020-01-05,5,3317.652735,265.8386419,3051.814093,3583.491376,2831.830955,6845.270776,11.63248958,0.22220297,1,0.3,0.11,0.75,6.6,432.8627271,2020,5,0.067365208
736,2020-01-06,6,3285.174981,275.655916,3009.519065,3560.830897,2831.830955,6845.270776,10.91198542,0.22220297,1,0.3,0.11,0.75,6.6,435.6534021,2020,6,0.046205625
737,2020-01-07,7,3253.414328,286.4208769,2966.993451,3539.835204,2831.830955,6845.270776,10.61855833,0.22220297,1,0.3,0.11,0.75,6.6,437.5059397,2020,7,0.043953958
738,2020-01-08,8,3222.482048,297.9106983,2924.571349,3520.392746,2831.830955,6845.270776,10.67629045,0.22220297,1,0.3,0.11,0.75,6.6,445.3585508,2020,8,0.046593229
739,2020-01-09,9,3192.489414,309.9005003,2882.588914,3502.389915,2831.830955,6845.270776,10.15266579,0.22220297,1,0.3,0.11,0.75,6.6,438.8535518,2020,9,0.041668667
740,2020-01-10,10,3163.5477,322.1695215,2841.378179,3485.717222,2831.830955,6845.270776,10.2048693,0.22220297,1,0.3,0.11,0.75,6.6,440.1345746,2020,10,0.037495833
741,2020-01-11,11,3135.768179,334.5052536,2801.262925,3470.273432,2831.830955,6845.270776,10.44206323,0.22220297,1,0.3,0.11,0.75,6.6,441.8393201,2020,11,0.034903438
742,2020-01-12,12,3109.262122,346.7060518,2762.55607,3455.968174,2831.830955,6845.270776,11.0484619,0.22220297,1,0.3,0.11,0.75,6.6,444.0079433,2020,12,0.052628229
743,2020-01-13,13,3084.140803,358.5827437,2725.558059,3442.723547,2831.830955,6845.270776,10.52588814,0.22220297,1,0.3,0.11,0.75,6.6,438.5426816,2020,13,0.058492188
744,2020-01-14,14,3060.515495,369.9596869,2690.555808,3430.475182,2831.830955,6845.270776,10.12681375,0.22220297,1,0.3,0.11,0.75,6.6,434.3812457,2020,14,0.059303021
745,2020-01-15,15,3038.497471,380.6756336,2657.821838,3419.173105,2831.830955,6845.270776,10.20616193,0.22220297,1,0.3,0.11,0.75,6.6,436.2268401,2020,15,0.070329896
746,2020-01-16,16,3018.166057,390.6109207,2627.555137,3408.776978,2831.830955,6845.270776,9.975501919,0.22220297,1,0.3,0.11,0.75,6.6,437.7047813,2020,16,0.057598438
747,2020-01-17,17,2999.472791,399.7682261,2599.704565,3399.241017,2831.830955,6845.270776,9.669804243,0.22220297,1,0.3,0.11,0.75,6.6,446.1169135,2020,17,0.046355313
748,2020-01-18,18,2982.337265,408.1939445,2574.143321,3390.53121,2831.830955,6845.270776,10.01579442,0.22220297,1,0.3,0.11,0.75,6.6,440.717267,2020,18,0.043650521
749,2020-01-19,19,2966.679071,415.9474528,2550.731618,3382.626523,2831.830955,6845.270776,9.93559861,0.22220297,1,0.3,0.11,0.75,6.6,437.2002294,2020,19,0.054407083
750,2020-01-20,20,2952.417799,423.0970381,2529.320761,3375.514837,2831.830955,6845.270776,9.957616319,0.22220297,1,0.3,0.11,0.75,6.6,436.6007424,2020,20,0.052396875
751,2020-01-21,21,2939.473042,429.7167462,2509.756296,3369.189788,2831.830955,6845.270776,9.691882302,0.22220297,1,0.3,0.11,0.75,6.6,432.5419538,2020,21,0.043412
752,2020-01-22,22,2927.764391,435.8838982,2491.880493,3363.648289,2831.830955,6845.270776,9.887739965,0.22220297,1,0.3,0.11,0.75,6.6,438.7139544,2020,22,0.035959789
753,2020-01-23,23,2917.211438,441.6771056,2475.534332,3358.888544,2831.830955,6845.270776,9.940329861,0.22220297,1,0.3,0.11,0.75,6.6,434.3187889,2020,23,0.030557292
754,2020-01-24,24,2907.733774,447.1746717,2460.559102,3354.908446,2831.830955,6845.270776,9.793348393,0.22220297,1,0.3,0.11,0.75,6.6,437.755595,2020,24,0.042649792
755,2020-01-25,25,2899.250991,452.4533075,2446.797684,3351.704299,2831.830955,6845.270776,10.1423738,0.22220297,1,0.3,0.11,0.75,6.6,436.3641642,2020,25,0.078085208
756,2020-01-26,26,2891.682681,457.5871198,2434.095561,3349.2698,2831.830955,6845.270776,10.16272063,0.22220297,1,0.3,0.11,0.75,6.6,432.4529017,2020,26,0.059925938
757,2020-01-27,27,2884.948434,462.6468483,2422.301586,3347.595282,2831.830955,6845.270776,10.23429597,0.22220297,1,0.3,0.11,0.75,6.6,434.0223845,2020,27,0.048166875
758,2020-01-28,28,2878.967843,467.699342,2411.268501,3346.667185,2831.830955,6845.270776,10.3488926,0.22220297,1,0.3,0.11,0.75,6.6,434.7177661,2020,28,0.038745426
759,2020-01-29,29,2873.660499,472.8072715,2400.853228,3346.467771,2831.830955,6845.270776,9.797279621,0.22220297,1,0.3,0.11,0.75,6.6,431.3220036,2020,29,0.032627808
760,2020-01-30,30,2868.945994,478.02908,2390.916914,3346.975074,2831.830955,6845.270776,9.486072049,0.22220297,1,0.3,0.11,0.75,6.6,438.5904914,2020,30,0.027137083
761,2020-01-31,31,2864.74392,483.4191727,2381.324747,3348.163092,2831.830955,6845.270776,9.721756354,0.22220297,1,0.3,0.11,0.75,6.6,445.5237555,2020,31,0.023083125
762,2020-02-01,32,2860.973867,489.0283447,2371.945522,3350.002211,2831.830955,6845.270776,9.904528646,0.22220297,2,0.3,0.11,0.75,6.6,438.0963541,2020,32,0.020274167
763,2020-02-02,33,2857.565941,494.894993,2362.670948,3352.460934,2831.830955,6845.270776,10.04784284,0.22220297,2,0.3,0.11,0.75,6.6,440.4078733,2020,33,0.018251042
764,2020-02-03,34,2854.492303,501.0186408,2353.473662,3355.510944,2831.830955,6845.270776,10.115777,0.22220297,2,0.3,0.11,0.75,6.6,440.3117937,2020,34,0.016455833
765,2020-02-04,35,2851.735626,507.3904466,2344.34518,3359.126073,2831.830955,6845.270776,10.41596164,0.22220297,2,0.3,0.11,0.75,6.6,434.5784099,2020,35,0.015580521
766,2020-02-05,36,2849.278585,514.0027307,2335.275854,3363.281316,2831.830955,6845.270776,10.94686126,0.22220297,2,0.3,0.11,0.75,6.6,431.9515342,2020,36,0.057249896
767,2020-02-06,37,2847.103853,520.8487698,2326.255084,3367.952623,2831.830955,6845.270776,10.77515365,0.22220297,2,0.3,0.11,0.75,6.6,434.010332,2020,37,0.324220313
768,2020-02-07,38,2845.194105,527.9226188,2317.271486,3373.116724,2831.830955,6845.270776,11.09308775,0.22220297,2,0.3,0.11,0.75,6.6,440.1256723,2020,38,0.139300521
769,2020-02-08,39,2843.532015,535.2189611,2308.313053,3378.750976,2831.830955,6845.270776,10.70844671,0.22220297,2,0.3,0.11,0.75,6.6,436.0051936,2020,39,0.071744375
770,2020-02-09,40,2842.100255,542.7329848,2299.367271,3384.83324,2831.830955,6845.270776,10.74007217,0.22220297,2,0.3,0.11,0.75,6.6,434.2549227,2020,40,0.049476563
771,2020-02-10,41,2840.881502,550.4602854,2290.421216,3391.341787,2831.830955,6845.270776,10.99977043,0.22220297,2,0.3,0.11,0.75,6.6,431.2665379,2020,41,0.045878646
772,2020-02-11,42,2839.858428,558.3967923,2281.461635,3398.25522,2831.830955,6845.270776,11.05843421,0.22220297,2,0.3,0.11,0.75,6.6,430.5070436,2020,42,0.115510556
773,2020-02-12,43,2839.013707,566.538718,2272.474989,3405.552425,2831.830955,6845.270776,11.28054934,0.22220297,2,0.3,0.11,0.75,6.6,431.1976189,2020,43,0.100500104
774,2020-02-13,44,2838.330014,574.8825286,2263.447486,3413.212543,2831.830955,6845.270776,11.0471633,0.22220297,2,0.3,0.11,0.75,6.6,435.6185573,2020,44,0.150795208
775,2020-02-14,45,2837.790023,583.4249331,2254.36509,3421.214956,2831.830955,6845.270776,10.82105213,0.22220297,2,0.3,0.11,0.75,6.6,433.8213437,2020,45,0.09786
776,2020-02-15,46,2837.376407,592.162891,2245.213516,3429.539298,2831.830955,6845.270776,11.18446579,0.22220297,2,0.3,0.11,0.75,6.6,433.7028108,2020,46,0.065344479
777,2020-02-16,47,2837.071841,601.0936354,2235.978205,3438.165476,2831.830955,6845.270776,11.52521528,0.22220297,2,0.3,0.11,0.75,6.6,434.4330326,2020,47,0.050854479
778,2020-02-17,48,2836.858998,610.21471,2226.644288,3447.073708,2831.830955,6845.270776,11.42829688,0.22220297,2,0.3,0.11,0.75,6.6,431.4044551,2020,48,0.041033854
779,2020-02-18,49,2836.720553,619.5240191,2217.196534,3456.244572,2831.830955,6845.270776,11.36634375,0.22220297,2,0.3,0.11,0.75,6.6,431.1791785,2020,49,0.035495684
780,2020-02-19,50,2836.63918,629.0198888,2207.619291,3465.659068,2831.830955,6845.270776,11.14834166,0.22220297,2,0.3,0.11,0.75,6.6,434.1854774,2020,50,0.033960833
781,2020-02-20,51,2836.597552,638.7011375,2197.896414,3475.298689,2831.830955,6845.270776,11.1254401,0.22220297,2,0.3,0.11,0.75,6.6,436.3155068,2020,51,0.034922396
782,2020-02-21,52,2836.578344,648.5671547,2188.011189,3485.145498,2831.830955,6845.270776,11.55079789,0.22220297,2,0.3,0.11,0.75,6.6,435.5066719,2020,52,0.034045625
783,2020-02-22,53,2836.564229,658.6179871,2177.946242,3495.182216,2831.830955,6845.270776,12.08298079,0.22220297,2,0.3,0.11,0.75,6.6,434.808645,2020,53,0.032336146
784,2020-02-23,54,2836.537882,668.8544303,2167.683452,3505.392312,2831.830955,6845.270776,12.14190191,0.22220297,2,0.3,0.11,0.75,6.6,434.5127526,2020,54,0.030393854
785,2020-02-24,55,2836.481977,679.2781251,2157.203852,3515.760102,2831.830955,6845.270776,12.16443316,0.22220297,2,0.3,0.11,0.75,6.6,439.4919739,2020,55,0.028103125
786,2020-02-25,56,2836.379187,689.8916577,2146.487529,3526.270845,2831.830955,6845.270776,12.23291689,0.22220297,2,0.3,0.11,0.75,6.6,441.0585126,2020,56,0.031326771
787,2020-02-26,57,2836.212187,700.6986623,2135.513525,3536.910849,2831.830955,6845.270776,11.88646701,0.22220297,2,0.3,0.11,0.75,6.6,440.2580971,2020,57,0.036307188
788,2020-02-27,58,2835.963651,711.7039256,2124.259725,3547.667577,2831.830955,6845.270776,11.97156966,0.22220297,2,0.3,0.11,0.75,6.6,443.7449419,2020,58,0.033559375
789,2020-02-28,59,2835.616252,722.9134919,2112.70276,3558.529744,2831.830955,6845.270776,12.13455182,0.22220297,2,0.3,0.11,0.75,6.6,430.9826012,2020,59,0.029562396
790,2020-02-29,60,2835.152665,734.3347677,2100.817898,3569.487433,2831.830955,6845.270776,12.0956944,0.22220297,2,0.3,0.11,0.75,6.6,435.85403,2020,60,0.025799583
791,2020-03-01,61,2834.555564,745.9766253,2088.578939,3580.532189,2831.830955,6845.270776,11.98113715,0.22220297,3,0.3,0.11,0.75,6.6,434.1959707,2020,61,0.021830625
792,2020-03-02,62,2833.830583,757.843385,2075.987198,3591.673968,2831.830955,6845.270776,12.0563125,0.22220297,3,0.3,0.11,0.75,6.6,433.57771,2020,62,0.022555417
793,2020-03-03,63,2833.075196,769.9150478,2063.160148,3602.990244,2831.830955,6845.270776,12.03951215,0.22220297,3,0.3,0.11,0.75,6.6,432.9594493,2020,63,0.080350104
794,2020-03-04,64,2832.409839,782.1628192,2050.24702,3614.572659,2831.830955,6845.270776,11.86688674,0.22220297,3,0.3,0.11,0.75,6.6,434.2612691,2020,64,0.092400444
795,2020-03-05,65,2831.954948,794.5544327,2037.400515,3626.50938,2831.830955,6845.270776,12.05430295,0.22220297,3,0.3,0.11,0.75,6.6,429.7276235,2020,65,0.057145
796,2020-03-06,66,2831.830955,807.0538871,2024.777068,3638.884843,2831.830955,6845.270776,11.8437206,0.22220297,3,0.3,0.11,0.75,6.6,433.6964266,2020,66,0.042129167
797,2020-03-07,67,2832.158298,819.621355,2012.536943,3651.779653,2831.830955,6845.270776,11.36965294,0.22220297,3,0.3,0.11,0.75,6.6,432.7544008,2020,67,0.032055104
798,2020-03-08,68,2833.057411,832.21324,2000.844171,3665.270651,2831.830955,6845.270776,11.42409211,0.22220297,3,0.3,0.11,0.75,6.6,437.0112672,2020,68,0.026406042
799,2020-03-09,69,2834.648729,844.7823626,1989.866366,3679.431092,2831.830955,6845.270776,12.0294071,0.22220297,3,0.3,0.11,0.75,6.6,437.6636665,2020,69,0.022179583
800,2020-03-10,70,2837.052687,857.2782517,1979.774435,3694.330939,2831.830955,6845.270776,12.21613021,0.22220297,3,0.3,0.11,0.75,6.6,438.1651679,2020,70,0.0203725
801,2020-03-11,71,2840.38972,869.6475276,1970.742192,3710.037248,2831.830955,6845.270776,12.19132979,0.22220297,3,0.3,0.11,0.75,6.6,438.7925087,2020,71,0.018717083
802,2020-03-12,72,2844.780263,881.8343604,1962.945903,3726.614623,2831.830955,6845.270776,11.8630331,0.22220297,3,0.3,0.11,0.75,6.6,436.6910025,2020,72,0.017579688
803,2020-03-13,73,2850.344751,893.7809913,1956.56376,3744.125743,2831.830955,6845.270776,11.9690842,0.22220297,3,0.3,0.11,0.75,6.6,433.0363404,2020,73,0.016964063
804,2020-03-14,74,2857.20362,905.4283097,1951.77531,3762.63193,2831.830955,6845.270776,11.92990811,0.22220297,3,0.3,0.11,0.75,6.6,431.1005173,2020,74,0.016320208
805,2020-03-15,75,2865.477304,916.716479,1948.760825,3782.193783,2831.830955,6845.270776,12.11723438,0.22220297,3,0.3,0.11,0.75,6.6,436.4186627,2020,75,0.016915053
806,2020-03-16,76,2875.286238,927.5856081,1947.70063,3802.871846,2831.830955,6845.270776,12.48179375,0.22220297,3,0.3,0.11,0.75,6.6,435.6327423,2020,76,0.017401875
807,2020-03-17,77,2886.750857,937.9764701,1948.774387,3824.727328,2831.830955,6845.270776,12.36707604,0.22220297,3,0.3,0.11,0.75,6.6,439.6809845,2020,77,0.019525938
808,2020-03-18,78,2899.991597,947.8312692,1952.160328,3847.822867,2831.830955,6845.270776,12.03188749,0.22220297,3,0.3,0.11,0.75,6.6,431.5672683,2020,78,0.023089167
809,2020-03-19,79,2915.128893,957.0944638,1958.034429,3872.223356,2831.830955,6845.270776,12.09871563,0.22220297,3,0.3,0.11,0.75,6.6,433.2030872,2020,79,0.035468229
810,2020-03-20,80,2932.283179,965.7136532,1966.569525,3897.996832,2831.830955,6845.270776,11.75534962,0.22220297,3,0.3,0.11,0.75,6.6,437.3024533,2020,80,0.047853125
811,2020-03-21,81,2951.57489,973.6405396,1977.93435,3925.21543,2831.830955,6845.270776,11.99570396,0.22220297,3,0.3,0.11,0.75,6.6,433.5075635,2020,81,0.085489583
812,2020-03-22,82,2973.124462,980.8319813,1992.292481,3953.956443,2831.830955,6845.270776,12.21137307,0.22220297,3,0.3,0.11,0.75,6.6,437.9666535,2020,82,0.062547708
813,2020-03-23,83,2997.052329,987.2511515,2009.801178,3984.303481,2831.830955,6845.270776,12.64541667,0.22220297,3,0.3,0.11,0.75,6.6,433.3651815,2020,83,0.062250313
814,2020-03-24,84,3023.478928,992.8688266,2030.610101,4016.347754,2831.830955,6845.270776,12.81285938,0.22220297,3,0.3,0.11,0.75,6.6,431.7467728,2020,84,0.078541667
815,2020-03-25,85,3052.524692,997.6648232,2054.859868,4050.189515,2831.830955,6845.270776,12.88293835,0.22220297,3,0.3,0.11,0.75,6.6,433.5560237,2020,85,0.102298229
816,2020-03-26,86,3084.310056,1001.629612,2082.680445,4085.939668,2831.830955,6845.270776,12.85624375,0.22220297,3,0.3,0.11,0.75,6.6,434.3078519,2020,86,0.07014375
817,2020-03-27,87,3118.955457,1004.766131,2114.189326,4123.721588,2831.830955,6845.270776,13.11817296,0.22220297,3,0.3,0.11,0.75,6.6,436.8026758,2020,87,0.050099583
818,2020-03-28,88,3156.581328,1007.091836,2149.489492,4163.673164,2831.830955,6845.270776,13.13736354,0.22220297,3,0.3,0.11,0.75,6.6,435.2482647,2020,88,0.038788646
819,2020-03-29,89,3197.308105,1008.640999,2188.667106,4205.949105,2831.830955,6845.270776,13.40294271,0.22220297,3,0.3,0.11,0.75,6.6,440.6666832,2020,89,0.034766563
820,2020-03-30,90,3241.256223,1009.467296,2231.788928,4250.723519,2831.830955,6845.270776,12.97991354,0.22220297,3,0.3,0.11,0.75,6.6,442.0645923,2020,90,0.031930208
821,2020-03-31,91,3288.546117,1009.646681,2278.899437,4298.192798,2831.830955,6845.270776,12.76736737,0.22220297,3,0.3,0.11,0.75,6.6,432.7172755,2020,91,0.032817813
822,2020-04-01,92,3339.298222,1009.280565,2330.017658,4348.578787,2831.830955,6845.270776,12.40217469,0.22220297,4,0.3,0.11,0.75,6.6,437.2871788,2020,92,0.034187813
823,2020-04-02,93,3393.574185,1008.513558,2385.060627,4402.087743,2831.830955,6845.270776,12.50234219,0.22220297,4,0.3,0.11,0.75,6.6,445.8001728,2020,93,0.032947604
824,2020-04-03,94,3451.200496,1007.569805,2443.630691,4458.770301,2831.830955,6845.270776,13.1547645,0.22220297,4,0.3,0.11,0.75,6.6,451.6285063,2020,94,0.029779271
825,2020-04-04,95,3511.944858,1006.692402,2505.252456,4518.63726,2831.830955,6845.270776,13.67886251,0.22220297,4,0.3,0.11,0.75,6.6,450.4480913,2020,95,0.026090938
826,2020-04-05,96,3575.574973,1006.122619,2569.452354,4581.697592,2831.830955,6845.270776,13.88539931,0.22220297,4,0.3,0.11,0.75,6.6,449.2676764,2020,96,0.022368958
827,2020-04-06,97,3641.858545,1006.095308,2635.763237,4647.953852,2831.830955,6845.270776,13.74110764,0.22220297,4,0.3,0.11,0.75,6.6,448.0872615,2020,97,0.019057292
828,2020-04-07,98,3710.563275,1006.834092,2703.729183,4717.397366,2831.830955,6845.270776,13.49585995,0.22220297,4,0.3,0.11,0.75,6.6,446.9068466,2020,98,0.016625833
829,2020-04-08,99,3781.456865,1008.546441,2772.910424,4790.003306,2831.830955,6845.270776,13.72877083,0.22220297,4,0.3,0.11,0.75,6.6,445.7264317,2020,99,0.015170729
830,2020-04-09,100,3854.30702,1011.41881,2842.88821,4865.72583,2831.830955,6845.270776,13.63477431,0.22220297,4,0.3,0.11,0.75,6.6,444.5460168,2020,100,0.014230938
831,2020-04-10,101,3928.88144,1015.612053,2913.269388,4944.493493,2831.830955,6845.270776,13.43354545,0.22220297,4,0.3,0.11,0.75,6.6,443.3656018,2020,101,0.012423333
832,2020-04-11,102,4004.947829,1021.257357,2983.690472,5026.205186,2831.830955,6845.270776,13.44971458,0.22220297,4,0.3,0.11,0.75,6.6,442.1851869,2020,102,0.010351875
833,2020-04-12,103,4082.273888,1028.452944,3053.820944,5110.726833,2831.830955,6845.270776,13.66797917,0.22220297,4,0.3,0.11,0.75,6.6,438.3344606,2020,103,0.010261875
834,2020-04-13,104,4160.627321,1037.261728,3123.365593,5197.88905,2831.830955,6845.270776,14.04654249,0.22220297,4,0.3,0.11,0.75,6.6,434.9360642,2020,104,0.173539479
835,2020-04-14,105,4239.77583,1047.710088,3192.065742,5287.485919,2831.830955,6845.270776,13.51905382,0.22220297,4,0.3,0.11,0.75,6.6,442.9670372,2020,105,0.086219375
836,2020-04-15,106,4319.487118,1059.787807,3259.69931,5379.274925,2831.830955,6845.270776,13.0221503,0.22220297,4,0.3,0.11,0.75,6.6,437.4995153,2020,106,0.053714896
837,2020-04-16,107,4399.528886,1073.449143,3326.079743,5472.978028,2831.830955,6845.270776,12.9888533,0.22220297,4,0.3,0.11,0.75,6.6,439.3048016,2020,107,0.037971979
838,2020-04-17,108,4479.668837,1088.61491,3391.053927,5568.283747,2831.830955,6845.270776,13.30168983,0.22220297,4,0.3,0.11,0.75,6.6,439.8569858,2020,108,0.030017396
839,2020-04-18,109,4559.674675,1105.175391,3454.499284,5664.850066,2831.830955,6845.270776,13.42527884,0.22220297,4,0.3,0.11,0.75,6.6,435.3787404,2020,109,0.026505313
840,2020-04-19,110,4639.3141,1122.993834,3516.320267,5762.307934,2831.830955,6845.270776,13.02810747,0.22220297,4,0.3,0.11,0.75,6.6,433.4472032,2020,110,0.022282292
841,2020-04-20,111,4718.354817,1141.910307,3576.44451,5860.265124,2831.830955,6845.270776,13.40288072,0.22220297,4,0.3,0.11,0.75,6.6,431.5156661,2020,111,0.024844792
842,2020-04-21,112,4796.564527,1161.745676,3634.818851,5958.310202,2831.830955,6845.270776,13.14844049,0.22220297,4,0.3,0.11,0.75,6.6,438.181667,2020,112,0.027608438
843,2020-04-22,113,4873.710932,1182.305509,3691.405424,6056.016441,2831.830955,6845.270776,12.97898264,0.22220297,4,0.3,0.11,0.75,6.6,445.9501419,2020,113,0.025233958
844,2020-04-23,114,4949.561736,1203.383763,3746.177973,6152.945499,2831.830955,6845.270776,13.18080382,0.22220297,4,0.3,0.11,0.75,6.6,436.4171661,2020,114,0.024035417
845,2020-04-24,115,5023.88464,1224.766151,3799.118489,6248.650791,2831.830955,6845.270776,13.37286074,0.22220297,4,0.3,0.11,0.75,6.6,426.8841904,2020,115,0.029265833
846,2020-04-25,116,5096.447348,1246.233127,3850.214221,6342.680475,2831.830955,6845.270776,13.29681581,0.22220297,4,0.3,0.11,0.75,6.6,445.4745527,2020,116,0.031993125
847,2020-04-26,117,5167.017562,1267.562482,3899.455079,6434.580044,2831.830955,6845.270776,13.377046,0.22220297,4,0.3,0.11,0.75,6.6,446.9593316,2020,117,0.029641563
848,2020-04-27,118,5235.362983,1288.531561,3946.831422,6523.894544,2831.830955,6845.270776,13.81472975,0.22220297,4,0.3,0.11,0.75,6.6,467.0826315,2020,118,0.024657188
849,2020-04-28,119,5301.251316,1308.919126,3992.33219,6610.170442,2831.830955,6845.270776,13.85553273,0.22220297,4,0.3,0.11,0.75,6.6,451.1101931,2020,119,0.021828542
850,2020-04-29,120,5364.450261,1328.506931,4035.943331,6692.957192,2831.830955,6845.270776,14.07127467,0.22220297,4,0.3,0.11,0.75,6.6,452.7340816,2020,120,0.020593854
851,2020-04-30,121,5424.727522,1347.081049,4077.646474,6771.808571,2831.830955,6845.270776,13.73576066,0.22220297,4,0.3,0.11,0.75,6.6,442.7927206,2020,121,0.021168646
852,2020-05-01,122,5481.850802,1364.43302,4117.417782,6846.283822,2831.830955,6845.270776,13.89021801,0.22220297,5,0.3,0.11,0.75,6.6,446.9622381,2020,122,0.018082083
853,2020-05-02,123,5535.649647,1380.392979,4155.256667,6916.042626,2831.830955,6845.270776,14.24330897,0.22220297,5,0.3,0.11,0.75,6.6,447.4533041,2020,123,0.015871667
854,2020-05-03,124,5586.200984,1394.930288,4191.270695,6981.131272,2831.830955,6845.270776,14.29588218,0.22220297,5,0.3,0.11,0.75,6.6,454.0231232,2020,124,0.014159583
855,2020-05-04,125,5633.643585,1408.06209,4225.581495,7041.705675,2831.830955,6845.270776,14.29515938,0.22220297,5,0.3,0.11,0.75,6.6,445.0899777,2020,125,0.012692917
856,2020-05-05,126,5678.116222,1419.81947,4258.296752,7097.935692,2831.830955,6845.270776,14.32945219,0.22220297,5,0.3,0.11,0.75,6.6,457.0800562,2020,126,0.011306146
857,2020-05-06,127,5719.757666,1430.245185,4289.512481,7150.002852,2831.830955,6845.270776,14.16303504,0.22220297,5,0.3,0.11,0.75,6.6,448.5872396,2020,127,0.010137813
858,2020-05-07,128,5758.70669,1439.391766,4319.314924,7198.098456,2831.830955,6845.270776,14.06029115,0.22220297,5,0.3,0.11,0.75,6.6,455.8777414,2020,128,0.00866375
859,2020-05-08,129,5795.102064,1447.319922,4347.782142,7242.421986,2831.830955,6845.270776,14.39327635,0.22220297,5,0.3,0.11,0.75,6.6,451.3274767,2020,129,0.008459167
860,2020-05-09,130,5829.082561,1454.097197,4374.985364,7283.179758,2831.830955,6845.270776,14.57075947,0.22220297,5,0.3,0.11,0.75,6.6,456.0626017,2020,130,0.007916979
861,2020-05-10,131,5860.786952,1459.796825,4400.990127,7320.583777,2831.830955,6845.270776,14.55494392,0.22220297,5,0.3,0.11,0.75,6.6,469.0854042,2020,131,0.007036875
862,2020-05-11,132,5890.354009,1464.496753,4425.857256,7354.850762,2831.830955,6845.270776,14.66932634,0.22220297,5,0.3,0.11,0.75,6.6,461.3548763,2020,132,0.006962292
863,2020-05-12,133,5917.922504,1468.278794,4449.64371,7386.201297,2831.830955,6845.270776,14.54417346,0.22220297,5,0.3,0.11,0.75,6.6,457.6599964,2020,133,0.00688625
864,2020-05-13,134,5943.631207,1471.227895,4472.403312,7414.859103,2831.830955,6845.270776,14.54039293,0.22220297,5,0.3,0.11,0.75,6.6,467.5611623,2020,134,0.006823125
865,2020-05-14,135,5967.618892,1473.431497,4494.187395,7441.050389,2831.830955,6845.270776,14.54337838,0.22220297,5,0.3,0.11,0.75,6.6,471.6156804,2020,135,0.006773542
866,2020-05-15,136,5990.02433,1474.978965,4515.045365,7465.003294,2831.830955,6845.270776,14.98642776,0.22220297,5,0.3,0.11,0.75,6.6,472.2792128,2020,136,0.006759375
867,2020-05-16,137,6010.986292,1475.961087,4535.025204,7486.947379,2831.830955,6845.270776,15.11393173,0.22220297,5,0.3,0.11,0.75,6.6,452.4806971,2020,137,0.006757292
868,2020-05-17,138,6030.643549,1476.469628,4554.173921,7507.113178,2831.830955,6845.270776,15.18472249,0.22220297,5,0.3,0.11,0.75,6.6,457.846499,2020,138,0.006714271
869,2020-05-18,139,6049.134875,1476.596928,4572.537947,7525.731803,2831.830955,6845.270776,15.46469129,0.22220297,5,0.3,0.11,0.75,6.6,447.2681128,2020,139,0.006787083
870,2020-05-19,140,6066.59904,1476.435545,4590.163496,7543.034585,2831.830955,6845.270776,15.64617219,0.22220297,5,0.3,0.11,0.75,6.6,448.0718425,2020,140,0.009524479
871,2020-05-20,141,6083.174817,1476.077938,4607.096879,7559.252754,2831.830955,6845.270776,15.39133767,0.22220297,5,0.3,0.11,0.75,6.6,450.1910432,2020,141,0.017143958
872,2020-05-21,142,6099.000976,1475.616187,4623.384788,7574.617163,2831.830955,6845.270776,15.4650558,0.22220297,5,0.3,0.11,0.75,6.6,453.9377074,2020,142,0.021718125
873,2020-05-22,143,6114.216289,1475.141753,4639.074536,7589.358043,2831.830955,6845.270776,15.60448524,0.22220297,5,0.3,0.11,0.75,6.6,464.5069549,2020,143,0.018082604
874,2020-05-23,144,6128.959529,1474.74527,4654.214259,7603.704799,2831.830955,6845.270776,15.56538401,0.22220297,5,0.3,0.11,0.75,6.6,450.5590227,2020,144,0.019770729
875,2020-05-24,145,6143.369467,1474.516383,4668.853085,7617.88585,2831.830955,6845.270776,15.85956733,0.22220297,5,0.3,0.11,0.75,6.6,468.9226015,2020,145,0.017663438
876,2020-05-25,146,6157.584875,1474.543625,4683.04125,7632.1285,2831.830955,6845.270776,15.95278367,0.22220297,5,0.3,0.11,0.75,6.6,464.7617738,2020,146,0.01426875
877,2020-05-26,147,6171.744524,1474.914338,4696.830186,7646.658862,2831.830955,6845.270776,15.7677309,0.22220297,5,0.3,0.11,0.75,6.6,452.3165644,2020,147,0.011073021
878,2020-05-27,148,6185.987186,1475.714642,4710.272544,7661.701828,2831.830955,6845.270776,15.56219372,0.22220297,5,0.3,0.11,0.75,6.6,451.4858574,2020,148,0.008305862
879,2020-05-28,149,6200.451632,1477.02945,4723.422183,7677.481082,2831.830955,6845.270776,15.57821491,0.22220297,5,0.3,0.11,0.75,6.6,455.1215887,2020,149,0.007171875
880,2020-05-29,150,6215.276635,1478.942538,4736.334097,7694.219174,2831.830955,6845.270776,15.49708617,0.22220297,5,0.3,0.11,0.75,6.6,458.1082724,2020,150,0.006899375
881,2020-05-30,151,6230.600967,1481.536671,4749.064296,7712.137637,2831.830955,6845.270776,15.72162133,0.22220297,5,0.3,0.11,0.75,6.6,462.1521863,2020,151,0.006765625
882,2020-05-31,152,6246.563398,1484.893772,4761.669626,7731.457169,2831.830955,6845.270776,15.82250175,0.22220297,5,0.3,0.11,0.75,6.6,476.124086,2020,152,0.006656632
883,2020-06-01,153,6263.3027,1489.095159,4774.207542,7752.397859,2831.830955,6845.270776,15.78172853,0.22220297,6,0.3,0.11,0.75,6.6,459.1745907,2020,153,0.00656125
884,2020-06-02,154,6280.915612,1494.193077,4786.722535,7775.108688,2831.830955,6845.270776,15.91680938,0.22220297,6,0.3,0.11,0.75,6.6,461.731542,2020,154,0.006494375
885,2020-06-03,155,6299.330735,1500.12499,4799.205745,7799.455725,2831.830955,6845.270776,15.84364129,0.22220297,6,0.3,0.11,0.75,6.6,441.7296824,2020,155,0.00646625
886,2020-06-04,156,6318.434639,1506.800304,4811.634335,7825.234943,2831.830955,6845.270776,15.92669239,0.22220297,6,0.3,0.11,0.75,6.6,440.5514358,2020,156,0.006449167
887,2020-06-05,157,6338.11389,1514.129059,4823.984832,7852.242949,2831.830955,6845.270776,16.05404688,0.22220297,6,0.3,0.11,0.75,6.6,444.0922183,2020,157,0.006490421
888,2020-06-06,158,6358.255059,1522.021803,4836.233255,7880.276862,2831.830955,6845.270776,16.11046667,0.22220297,6,0.3,0.11,0.75,6.6,453.7964112,2020,158,0.006385313
889,2020-06-07,159,6378.744712,1530.389483,4848.355229,7909.134195,2831.830955,6845.270776,16.31480021,0.22220297,6,0.3,0.11,0.75,6.6,497.993115,2020,159,0.006315104
890,2020-06-08,160,6399.469419,1539.143327,4860.326092,7938.612746,2831.830955,6845.270776,16.43003229,0.22220297,6,0.3,0.11,0.75,6.6,472.3773664,2020,160,0.006336875
891,2020-06-09,161,6420.315747,1548.194757,4872.120991,7968.510504,2831.830955,6845.270776,16.37378438,0.22220297,6,0.3,0.11,0.75,6.6,446.9069448,2020,161,0.006408542
892,2020-06-10,162,6441.170266,1557.455294,4883.714972,7998.62556,2831.830955,6845.270776,16.28769688,0.22220297,6,0.3,0.11,0.75,6.6,441.066435,2020,162,0.006341042
893,2020-06-11,163,6461.919544,1566.836486,4895.083058,8028.75603,2831.830955,6845.270776,16.27680382,0.22220297,6,0.3,0.11,0.75,6.6,453.1084432,2020,163,0.006364086
894,2020-06-12,164,6482.450148,1576.249842,4906.200306,8058.69999,2831.830955,6845.270776,16.21014552,0.22220297,6,0.3,0.11,0.75,6.6,455.557416,2020,164,0.006226771
895,2020-06-13,165,6502.648647,1585.606776,4917.041872,8088.255423,2831.830955,6845.270776,16.26583436,0.22220297,6,0.3,0.11,0.75,6.6,455.068822,2020,165,0.006206146
896,2020-06-14,166,6522.401611,1594.818562,4927.583048,8117.220173,2831.830955,6845.270776,16.44110342,0.22220297,6,0.3,0.11,0.75,6.6,459.4356326,2020,166,0.006195417
897,2020-06-15,167,6541.595606,1603.796303,4937.799303,8145.391908,2831.830955,6845.270776,16.50252604,0.22220297,6,0.3,0.11,0.75,6.6,473.0311478,2020,167,0.006209896
898,2020-06-16,168,6560.117201,1612.450895,4947.666306,8172.568097,2831.830955,6845.270776,16.49681581,0.22220297,6,0.3,0.11,0.75,6.6,463.2482068,2020,168,0.006168229
899,2020-06-17,169,6577.852966,1620.693019,4957.159947,8198.545984,2831.830955,6845.270776,16.40950044,0.22220297,6,0.3,0.11,0.75,6.6,445.9415649,2020,169,0.006162708
900,2020-06-18,170,6594.689467,1628.433119,4966.256348,8223.122587,2831.830955,6845.270776,16.4156684,0.22220297,6,0.3,0.11,0.75,6.6,431.2700338,2020,170,0.006143333
901,2020-06-19,171,6610.513274,1635.581406,4974.931868,8246.09468,2831.830955,6845.270776,16.39746615,0.22220297,6,0.3,0.11,0.75,6.6,435.2472437,2020,171,0.006164583
902,2020-06-20,172,6625.210955,1642.04785,4983.163105,8267.258805,2831.830955,6845.270776,16.51857815,0.22220297,6,0.3,0.11,0.75,6.6,448.7425752,2020,172,0.006156042
903,2020-06-21,173,6638.669078,1647.742189,4990.926889,8286.411267,2831.830955,6845.270776,16.47903472,0.22220297,6,0.3,0.11,0.75,6.6,453.1323348,2020,173,0.006128958
904,2020-06-22,174,6650.774212,1652.57394,4998.200272,8303.348152,2831.830955,6845.270776,16.49640997,0.22220297,6,0.3,0.11,0.75,6.6,459.5555365,2020,174,0.006112083
905,2020-06-23,175,6661.412925,1656.45241,5004.960514,8317.865335,2831.830955,6845.270776,16.65731858,0.22220297,6,0.3,0.11,0.75,6.6,451.1068989,2020,175,0.006250729
906,2020-06-24,176,6670.471785,1659.286716,5011.185069,8329.7585,2831.830955,6845.270776,16.66220339,0.22220297,6,0.3,0.11,0.75,6.6,450.785991,2020,176,0.006157188
907,2020-06-25,177,6677.83736,1660.985802,5016.851559,8338.823162,2831.830955,6845.270776,16.74065751,0.22220297,6,0.3,0.11,0.75,6.6,443.580799,2020,177,0.006081146
908,2020-06-26,178,6683.39622,1661.458467,5021.937753,8344.854687,2831.830955,6845.270776,16.7488099,0.22220297,6,0.3,0.11,0.75,6.6,468.1039794,2020,178,0.006038646
909,2020-06-27,179,6687.034933,1660.613391,5026.421542,8347.648323,2831.830955,6845.270776,16.73870313,0.22220297,6,0.3,0.11,0.75,6.6,458.9925464,2020,179,0.00605125
910,2020-06-28,180,6688.640066,1658.359163,5030.280902,8346.999229,2831.830955,6845.270776,16.89037489,0.22220297,6,0.3,0.11,0.75,6.6,470.1004629,2020,180,0.006201667
911,2020-06-29,181,6688.098188,1654.604321,5033.493867,8342.70251,2831.830955,6845.270776,17.11436181,0.22220297,6,0.3,0.11,0.75,6.6,470.8697716,2020,181,0.006127813
912,2020-06-30,182,6685.295868,1649.257385,5036.038483,8334.553253,2831.830955,6845.270776,17.33613013,0.22220297,6,0.3,0.11,0.75,6.6,469.2538838,2020,182,0.006305521
913,2020-07-01,183,6680.119674,1642.226903,5037.892771,8322.346577,2831.830955,6845.270776,17.24976742,0.22220297,7,0.3,0.11,0.75,6.6,475.5443238,2020,183,0.006191596
914,2020-07-02,184,6672.495426,1633.447382,5039.048044,8305.942808,2831.830955,6845.270776,17.2031446,0.22220297,7,0.3,0.11,0.75,6.6,481.2399817,2020,184,0.006094063
915,2020-07-03,185,6662.505949,1622.95705,5039.548899,8285.462998,2831.830955,6845.270776,17.31608594,0.22220297,7,0.3,0.11,0.75,6.6,480.3982826,2020,185,0.0060275
916,2020-07-04,186,6650.273319,1610.82033,5039.452989,8261.093649,2831.830955,6845.270776,17.5061214,0.22220297,7,0.3,0.11,0.75,6.6,479.5565835,2020,186,0.005995833
917,2020-07-05,187,6635.919614,1597.101957,5038.817658,8233.021571,2831.830955,6845.270776,17.58898524,0.22220297,7,0.3,0.11,0.75,6.6,485.7157694,2020,187,0.005996354
918,2020-07-06,188,6619.566911,1581.866965,5037.699946,8201.433876,2831.830955,6845.270776,17.44646788,0.22220297,7,0.3,0.11,0.75,6.6,484.0689044,2020,188,0.006005104
919,2020-07-07,189,6601.337286,1565.180682,5036.156604,8166.517968,2831.830955,6845.270776,17.42568142,0.22220297,7,0.3,0.11,0.75,6.6,491.6551665,2020,189,0.006035104
920,2020-07-08,190,6581.352816,1547.108726,5034.24409,8128.461541,2831.830955,6845.270776,17.50284635,0.22220297,7,0.3,0.11,0.75,6.6,473.7977478,2020,190,0.005964271
921,2020-07-09,191,6559.735577,1527.717008,5032.018569,8087.452585,2831.830955,6845.270776,17.57748906,0.22220297,7,0.3,0.11,0.75,6.6,456.2081699,2020,191,0.005959167
922,2020-07-10,192,6536.607647,1507.071747,5029.5359,8043.679394,2831.830955,6845.270776,17.4755952,0.22220297,7,0.3,0.11,0.75,6.6,454.345492,2020,192,0.005940833
923,2020-07-11,193,6512.091102,1485.23948,5026.851622,7997.330582,2831.830955,6845.270776,17.58842002,0.22220297,7,0.3,0.11,0.75,6.6,452.4828141,2020,193,0.005921354
924,2020-07-12,194,6486.308019,1462.287086,5024.020933,7948.595105,2831.830955,6845.270776,17.49890122,0.22220297,7,0.3,0.11,0.75,6.6,450.6201362,2020,194,0.005939063
925,2020-07-13,195,6459.380475,1438.281814,5021.098661,7897.662289,2831.830955,6845.270776,17.55963336,0.22220297,7,0.3,0.11,0.75,6.6,448.7574583,2020,195,0.005904479
926,2020-07-14,196,6431.430546,1413.291317,5018.13923,7844.721863,2831.830955,6845.270776,17.6303316,0.22220297,7,0.3,0.11,0.75,6.6,446.8947804,2020,196,0.005863125
927,2020-07-15,197,6402.58031,1387.383696,5015.196614,7789.964006,2831.830955,6845.270776,17.7078125,0.22220297,7,0.3,0.11,0.75,6.6,445.0321025,2020,197,0.005862292
928,2020-07-16,198,6372.951843,1360.627552,5012.324291,7733.579395,2831.830955,6845.270776,17.73994271,0.22220297,7,0.3,0.11,0.75,6.6,443.1694246,2020,198,0.005858958
929,2020-07-17,199,6342.667222,1333.092048,5009.575174,7675.759269,2831.830955,6845.270776,17.82890625,0.22220297,7,0.3,0.11,0.75,6.6,441.3067467,2020,199,0.005859896
930,2020-07-18,200,6311.848523,1304.846979,5007.001544,7616.695502,2831.830955,6845.270776,17.57905816,0.22220297,7,0.3,0.11,0.75,6.6,443.2141736,2020,200,0.0058575
931,2020-07-19,201,6280.617824,1275.962863,5004.654961,7556.580686,2831.830955,6845.270776,17.64637533,0.22220297,7,0.3,0.11,0.75,6.6,445.1216005,2020,201,0.005875833
932,2020-07-20,202,6249.0972,1246.511034,5002.586167,7495.608234,2831.830955,6845.270776,17.89783709,0.22220297,7,0.3,0.11,0.75,6.6,459.3526427,2020,202,0.005845208
933,2020-07-21,203,6217.40873,1216.563762,5000.844968,7433.972492,2831.830955,6845.270776,17.62952865,0.22220297,7,0.3,0.11,0.75,6.6,503.6959271,2020,203,0.005841771
934,2020-07-22,204,6185.674489,1186.194388,4999.480102,7371.868877,2831.830955,6845.270776,17.51624557,0.22220297,7,0.3,0.11,0.75,6.6,493.4630246,2020,204,0.005807917
935,2020-07-23,205,6154.016555,1155.477474,4998.539081,7309.494029,2831.830955,6845.270776,17.39714149,0.22220297,7,0.3,0.11,0.75,6.6,468.1372569,2020,205,0.005959375
936,2020-07-24,206,6122.557004,1124.488987,4998.068018,7247.045991,2831.830955,6845.270776,17.44880522,0.22220297,7,0.3,0.11,0.75,6.6,487.8146375,2020,206,0.005927708
937,2020-07-25,207,6091.417913,1093.306497,4998.111417,7184.72441,2831.830955,6845.270776,17.44171416,0.22220297,7,0.3,0.11,0.75,6.6,474.7936403,2020,207,0.005873958
938,2020-07-26,208,6060.721359,1062.009414,4998.711946,7122.730773,2831.830955,6845.270776,17.6657659,0.22220297,7,0.3,0.11,0.75,6.6,470.7229863,2020,208,0.006030104
939,2020-07-27,209,6030.589419,1030.679248,4999.910171,7061.268666,2831.830955,6845.270776,17.83889228,0.22220297,7,0.3,0.11,0.75,6.6,484.9839468,2020,209,0.005994045
940,2020-07-28,210,6001.144168,999.3999075,5001.744261,7000.544076,2831.830955,6845.270776,17.79729232,0.22220297,7,0.3,0.11,0.75,6.6,475.6247207,2020,210,0.005939479
941,2020-07-29,211,5972.507685,968.2580303,5004.249655,6940.765715,2831.830955,6845.270776,17.75781424,0.22220297,7,0.3,0.11,0.75,6.6,465.2811326,2020,211,0.005900729
942,2020-07-30,212,5944.802046,937.3433473,5007.458698,6882.145393,2831.830955,6845.270776,17.75831337,0.22220297,7,0.3,0.11,0.75,6.6,473.4299769,2020,212,0.006041042
943,2020-07-31,213,5918.149327,906.7490813,5011.400245,6824.898408,2831.830955,6845.270776,17.68935397,0.22220297,7,0.3,0.11,0.75,6.6,456.6712961,2020,213,0.00677
944,2020-08-01,214,5892.671605,876.57237,5016.099235,6769.243975,2831.830955,6845.270776,17.4726276,0.22220297,8,0.3,0.11,0.75,6.6,464.2364523,2020,214,0.006098021
945,2020-08-02,215,5868.47664,846.9069749,5021.569665,6715.383615,2831.830955,6845.270776,17.57817704,0.22220297,8,0.3,0.11,0.75,6.6,478.9472606,2020,215,0.005931979
946,2020-08-03,216,5845.614918,817.8217378,5027.79318,6663.436656,2831.830955,6845.270776,17.52472483,0.22220297,8,0.3,0.11,0.75,6.6,480.969019,2020,216,0.005898438
947,2020-08-04,217,5824.122609,789.3847201,5034.737888,6613.507329,2831.830955,6845.270776,17.56649001,0.22220297,8,0.3,0.11,0.75,6.6,482.9907774,2020,217,0.005875938
948,2020-08-05,218,5804.035881,761.6715487,5042.364332,6565.707429,2831.830955,6845.270776,17.63772464,0.22220297,8,0.3,0.11,0.75,6.6,476.0284511,2020,218,0.005858854
949,2020-08-06,219,5785.390904,734.7664211,5050.624482,6520.157325,2831.830955,6845.270776,17.67473872,0.22220297,8,0.3,0.11,0.75,6.6,468.0791096,2020,219,0.005873646
950,2020-08-07,220,5768.223846,708.763142,5059.460704,6476.986988,2831.830955,6845.270776,17.64933627,0.22220297,8,0.3,0.11,0.75,6.6,493.7389969,2020,220,0.005847188
951,2020-08-08,221,5752.570878,683.7661399,5068.804739,6436.337018,2831.830955,6845.270776,17.64725752,0.22220297,8,0.3,0.11,0.75,6.6,460.0897728,2020,221,0.005819583
952,2020-08-09,222,5738.468169,659.8913773,5078.576791,6398.359546,2831.830955,6845.270776,17.64913093,0.22220297,8,0.3,0.11,0.75,6.6,486.3837928,2020,222,0.00580125
953,2020-08-10,223,5725.951887,637.2670323,5088.684854,6363.218919,2831.830955,6845.270776,17.55756386,0.22220297,8,0.3,0.11,0.75,6.6,473.9632255,2020,223,0.005953229
954,2020-08-11,224,5715.058201,616.0337845,5099.024416,6331.091986,2831.830955,6845.270776,17.64795486,0.22220297,8,0.3,0.11,0.75,6.6,454.085761,2020,224,0.005872917
955,2020-08-12,225,5705.823281,596.3444903,5109.478791,6302.167771,2831.830955,6845.270776,17.70845226,0.22220297,8,0.3,0.11,0.75,6.6,438.6166607,2020,225,0.005863646
956,2020-08-13,226,5698.283296,578.3629918,5119.920305,6276.646288,2831.830955,6845.270776,17.78051128,0.22220297,8,0.3,0.11,0.75,6.6,461.8673761,2020,226,0.005910938
957,2020-08-14,227,5692.474416,562.2617921,5130.212624,6254.736208,2831.830955,6845.270776,17.7460913,0.22220297,8,0.3,0.11,0.75,6.6,484.8142896,2020,227,0.005909579
958,2020-08-15,228,5688.432808,548.2183568,5140.214451,6236.651165,2831.830955,6845.270776,17.53291406,0.22220297,8,0.3,0.11,0.75,6.6,453.4758971,2020,228,0.005981354
959,2020-08-16,229,5686.194643,536.4099122,5149.784731,6222.604555,2831.830955,6845.270776,17.467014,0.22220297,8,0.3,0.11,0.75,6.6,440.3425981,2020,229,0.0060075
960,2020-08-17,230,5685.79609,527.0068055,5158.789284,6212.802895,2831.830955,6845.270776,17.5190061,0.22220297,8,0.3,0.11,0.75,6.6,457.2064614,2020,230,0.005873646
961,2020-08-18,231,5687.273317,520.1647787,5167.108539,6207.438096,2831.830955,6845.270776,17.52801942,0.22220297,8,0.3,0.11,0.75,6.6,456.4251059,2020,231,0.005823958
962,2020-08-19,232,5690.662495,516.0168364,5174.645658,6206.679331,2831.830955,6845.270776,17.66485004,0.22220297,8,0.3,0.11,0.75,6.6,466.5618178,2020,232,0.005822159
963,2020-08-20,233,5695.999791,514.6656708,5181.334121,6210.665462,2831.830955,6845.270776,17.70008333,0.22220297,8,0.3,0.11,0.75,6.6,480.0614813,2020,233,0.005821042
964,2020-08-21,234,5703.321376,516.1777311,5187.143645,6219.499107,2831.830955,6845.270776,17.80784805,0.22220297,8,0.3,0.11,0.75,6.6,479.9754706,2020,234,0.005865208
965,2020-08-22,235,5712.663418,520.5799015,5192.083517,6233.24332,2831.830955,6845.270776,17.68710987,0.22220297,8,0.3,0.11,0.75,6.6,462.4042797,2020,235,0.005987813
966,2020-08-23,236,5724.062087,527.8593635,5196.202724,6251.921451,2831.830955,6845.270776,17.51858681,0.22220297,8,0.3,0.11,0.75,6.6,461.6199167,2020,236,0.005895417
967,2020-08-24,237,5737.553552,537.9666627,5199.586889,6275.520215,2831.830955,6845.270776,17.72611285,0.22220297,8,0.3,0.11,0.75,6.6,457.7406527,2020,237,0.006234479
968,2020-08-25,238,5753.173982,550.8214391,5202.352542,6303.995421,2831.830955,6845.270776,17.78975608,0.22220297,8,0.3,0.11,0.75,6.6,459.7823162,2020,238,0.005992188
969,2020-08-26,239,5770.959545,566.3198854,5204.63966,6337.279431,2831.830955,6845.270776,17.78857292,0.22220297,8,0.3,0.11,0.75,6.6,461.8239797,2020,239,0.005970208
970,2020-08-27,240,5790.946412,584.3428571,5206.603555,6375.289269,2831.830955,6845.270776,17.94103212,0.22220297,8,0.3,0.11,0.75,6.6,463.8656432,2020,240,0.00596
971,2020-08-28,241,5813.170752,604.7636725,5208.407079,6417.934424,2831.830955,6845.270776,17.85166146,0.22220297,8,0.3,0.11,0.75,6.6,465.9073066,2020,241,0.005998958
972,2020-08-29,242,5837.668733,627.4549082,5210.213825,6465.123641,2831.830955,6845.270776,17.86629427,0.22220297,8,0.3,0.11,0.75,6.6,469.9315116,2020,242,0.006233021
973,2020-08-30,243,5864.476525,652.2938156,5212.182709,6516.77034,2831.830955,6845.270776,17.65688358,0.22220297,8,0.3,0.11,0.75,6.6,438.4338114,2020,243,0.006035833
974,2020-08-31,244,5893.630297,679.1662677,5214.464029,6572.796564,2831.830955,6845.270776,17.54429515,0.22220297,8,0.3,0.11,0.75,6.6,446.1473889,2020,244,0.006046667
975,2020-09-01,245,5925.166218,707.9693424,5217.196875,6633.13556,2831.830955,6845.270776,17.57656852,0.22220297,9,0.3,0.11,0.75,6.6,443.3521513,2020,245,0.005992043
976,2020-09-02,246,5959.0714,738.5885248,5220.482875,6697.659924,2831.830955,6845.270776,17.67667535,0.22220297,9,0.3,0.11,0.75,6.6,451.6760873,2020,246,0.005997917
977,2020-09-03,247,5995.136727,770.8242867,5224.31244,6765.961014,2831.830955,6845.270776,17.73240799,0.22220297,9,0.3,0.11,0.75,6.6,460.7030536,2020,247,0.00604875
978,2020-09-04,248,6033.104026,804.4627628,5228.641263,6837.566789,2831.830955,6845.270776,17.8098822,0.22220297,9,0.3,0.11,0.75,6.6,458.7814298,2020,248,0.0061175
979,2020-09-05,249,6072.715124,839.2995845,5233.415539,6912.014708,2831.830955,6845.270776,17.65303038,0.22220297,9,0.3,0.11,0.75,6.6,472.5406992,2020,249,0.005986421
980,2020-09-06,250,6113.711847,875.1393641,5238.572483,6988.851211,2831.830955,6845.270776,17.49395833,0.22220297,9,0.3,0.11,0.75,6.6,464.8821929,2020,250,0.005928542
981,2020-09-07,251,6155.836023,911.7949132,5244.04111,7067.630936,2831.830955,6845.270776,17.44052951,0.22220297,9,0.3,0.11,0.75,6.6,451.5891137,2020,251,0.005933021
982,2020-09-08,252,6198.829478,949.0863453,5249.743132,7147.915823,2831.830955,6845.270776,17.52997135,0.22220297,9,0.3,0.11,0.75,6.6,452.4524454,2020,252,0.0059525
983,2020-09-09,253,6242.434038,986.8401606,5255.593878,7229.274199,2831.830955,6845.270776,17.30520052,0.22220297,9,0.3,0.11,0.75,6.6,443.098439,2020,253,0.005997083
984,2020-09-10,254,6286.391532,1024.888372,5261.50316,7311.279903,2831.830955,6845.270776,17.35860764,0.22220297,9,0.3,0.11,0.75,6.6,463.5607218,2020,254,0.006045833
985,2020-09-11,255,6330.443784,1063.067708,5267.376077,7393.511492,2831.830955,6845.270776,17.55512957,0.22220297,9,0.3,0.11,0.75,6.6,458.3209455,2020,255,0.006106146
986,2020-09-12,256,6374.332624,1101.218905,5273.113719,7475.551529,2831.830955,6845.270776,17.43321528,0.22220297,9,0.3,0.11,0.75,6.6,443.8750876,2020,256,0.006244896
987,2020-09-13,257,6417.799876,1139.186096,5278.61378,7556.985972,2831.830955,6845.270776,17.4700408,0.22220297,9,0.3,0.11,0.75,6.6,433.9823206,2020,257,0.006216354
988,2020-09-14,258,6460.587368,1176.816287,5283.771081,7637.403656,2831.830955,6845.270776,17.49035211,0.22220297,9,0.3,0.11,0.75,6.6,431.0586196,2020,258,0.006192813
989,2020-09-15,259,6502.436928,1213.958924,5288.478003,7716.395852,2831.830955,6845.270776,17.39078646,0.22220297,9,0.3,0.11,0.75,6.6,449.781779,2020,259,0.006151667
990,2020-09-16,260,6543.09038,1250.465529,5292.624851,7793.55591,2831.830955,6845.270776,17.40217622,0.22220297,9,0.3,0.11,0.75,6.6,448.2078786,2020,260,0.006147292
991,2020-09-17,261,6582.289553,1286.18941,5296.100144,7868.478963,2831.830955,6845.270776,17.18383094,0.22220297,9,0.3,0.11,0.75,6.6,447.7335138,2020,261,0.006172292
992,2020-09-18,262,6619.776273,1320.985423,5298.79085,7940.761697,2831.830955,6845.270776,17.10759739,0.22220297,9,0.3,0.11,0.75,6.6,450.7894209,2020,262,0.006150729
993,2020-09-19,263,6655.292368,1354.709798,5300.582569,8010.002166,2831.830955,6845.270776,16.97276115,0.22220297,9,0.3,0.11,0.75,6.6,471.0224726,2020,263,0.006100729
994,2020-09-20,264,6688.579663,1387.219997,5301.359665,8075.79966,2831.830955,6845.270776,16.94535721,0.22220297,9,0.3,0.11,0.75,6.6,461.4654794,2020,264,0.006074583
995,2020-09-21,265,6719.379985,1418.374621,5301.005364,8137.754606,2831.830955,6845.270776,16.75191493,0.22220297,9,0.3,0.11,0.75,6.6,467.3482053,2020,265,0.00602375
996,2020-09-22,266,6747.435162,1448.033353,5299.40181,8195.468515,2831.830955,6845.270776,15.9198342,0.22220297,9,0.3,0.11,0.75,6.6,425.8020151,2020,266,0.006019583
997,2020-09-23,267,6772.48702,1476.056928,5296.430092,8248.543949,2831.830955,6845.270776,15.77881076,0.22220297,9,0.3,0.11,0.75,6.6,439.1008496,2020,267,0.006071771
998,2020-09-24,268,6794.277386,1502.307148,5291.970238,8296.584535,2831.830955,6845.270776,15.91619114,0.22220297,9,0.3,0.11,0.75,6.6,440.1555365,2020,268,0.006275269
999,2020-09-25,269,6812.548087,1526.646912,5285.901175,8339.194999,2831.830955,6845.270776,16.32980423,0.22220297,9,0.3,0.11,0.75,6.6,445.2866762,2020,269,0.007013871
1000,2020-09-26,270,6827.04095,1548.940288,5278.100662,8375.981238,2831.830955,6845.270776,16.07511979,0.22220297,9,0.3,0.11,0.75,6.6,441.7808157,2020,270,0.006461354
1001,2020-09-27,271,6837.497801,1569.052617,5268.445184,8406.550418,2831.830955,6845.270776,16.04666114,0.22220297,9,0.3,0.11,0.75,6.6,443.4849657,2020,271,0.006279896
1002,2020-09-28,272,6843.660467,1586.850647,5256.80982,8430.511115,2831.830955,6845.270776,16.32371665,0.22220297,9,0.3,0.11,0.75,6.6,442.482987,2020,272,0.006293958
1003,2020-09-29,273,6845.270776,1602.202715,5243.068061,8447.47349,2831.830955,6845.270776,16.38923524,0.22220297,9,0.3,0.11,0.75,6.6,440.5512494,2020,273,0.008709375
1004,2020-09-30,274,6842.070553,1614.978965,5227.091588,8457.049518,2831.830955,6845.270776,16.16351291,0.22220297,9,0.3,0.11,0.75,6.6,434.319329,2020,274,0.006509479
1005,2020-10-01,275,6833.801626,1625.051633,5208.749992,8458.853259,2831.830955,6845.270776,16.31410895,0.22220297,10,0.3,0.11,0.75,6.6,447.5585174,2020,275,0.006192292
1006,2020-10-02,276,6820.286036,1632.331267,5187.954769,8452.617304,2831.830955,6845.270776,16.12568651,0.22220297,10,0.3,0.11,0.75,6.6,445.317344,2020,276,0.006132292
1007,2020-10-03,277,6801.666689,1636.873944,5164.792744,8438.540633,2831.830955,6845.270776,16.02385031,0.22220297,10,0.3,0.11,0.75,6.6,441.1268421,2020,277,0.00613375
1008,2020-10-04,278,6778.166702,1638.772277,5139.394424,8416.938979,2831.830955,6845.270776,15.85157552,0.22220297,10,0.3,0.11,0.75,6.6,463.0292614,2020,278,0.006152188
1009,2020-10-05,279,6750.009195,1638.119076,5111.890119,8388.12827,2831.830955,6845.270776,15.95564583,0.22220297,10,0.3,0.11,0.75,6.6,451.7870034,2020,279,0.006183333
1010,2020-10-06,280,6717.417286,1635.007118,5082.410168,8352.424404,2831.830955,6845.270776,15.72467857,0.22220297,10,0.3,0.11,0.75,6.6,448.1325386,2020,280,0.006215
1011,2020-10-07,281,6680.614096,1629.528982,5051.085115,8310.143078,2831.830955,6845.270776,15.21180973,0.22220297,10,0.3,0.11,0.75,6.6,442.6787462,2020,281,0.006250938
1012,2020-10-08,282,6639.822743,1621.776917,5018.045826,8261.599661,2831.830955,6845.270776,14.88719598,0.22220297,10,0.3,0.11,0.75,6.6,452.2119934,2020,282,0.006273229
1013,2020-10-09,283,6595.266347,1611.842776,4983.423571,8207.109123,2831.830955,6845.270776,15.32394097,0.22220297,10,0.3,0.11,0.75,6.6,451.4399588,2020,283,0.006318021
1014,2020-10-10,284,6547.168026,1599.817978,4947.350048,8146.986004,2831.830955,6845.270776,15.36854948,0.22220297,10,0.3,0.11,0.75,6.6,465.6855065,2020,284,0.006776458
1015,2020-10-11,285,6495.7509,1585.793532,4909.957368,8081.544432,2831.830955,6845.270776,15.219,0.22220297,10,0.3,0.11,0.75,6.6,454.5170022,2020,285,0.008239688
1016,2020-10-12,286,6441.238087,1569.860104,4871.377983,8011.098191,2831.830955,6845.270776,14.99316843,0.22220297,10,0.3,0.11,0.75,6.6,460.5111966,2020,286,0.007051609
1017,2020-10-13,287,6383.852707,1552.108146,4831.744561,7935.960854,2831.830955,6845.270776,14.68317596,0.22220297,10,0.3,0.11,0.75,6.6,461.902513,2020,287,0.006921875
1018,2020-10-14,288,6323.81788,1532.628088,4791.189792,7856.445968,2831.830955,6845.270776,14.44523084,0.22220297,10,0.3,0.11,0.75,6.6,463.4771068,2020,288,0.006782917
1019,2020-10-15,289,6261.356723,1511.510602,4749.846121,7772.867326,2831.830955,6845.270776,14.74297818,0.22220297,10,0.3,0.11,0.75,6.6,449.7953364,2020,289,0.0067125
1020,2020-10-16,290,6196.692357,1488.846955,4707.845402,7685.539312,2831.830955,6845.270776,13.82819942,0.22220297,10,0.3,0.11,0.75,6.6,435.8634156,2020,290,0.006796458
1021,2020-10-17,291,6130.0479,1464.729466,4665.318434,7594.777367,2831.830955,6845.270776,12.45685273,0.22220297,10,0.3,0.11,0.75,6.6,442.3370721,2020,291,0.00674125
1022,2020-10-18,292,6061.646472,1439.252083,4622.394389,7500.898555,2831.830955,6845.270776,12.44379652,0.22220297,10,0.3,0.11,0.75,6.6,456.2893632,2020,292,0.006718958
1023,2020-10-19,293,5991.711192,1412.511102,4579.200089,7404.222294,2831.830955,6845.270776,13.46417014,0.22220297,10,0.3,0.11,0.75,6.6,449.6316,2020,293,0.006717396
1024,2020-10-20,294,5920.465178,1384.60607,4535.859108,7305.071247,2831.830955,6845.270776,13.21269444,0.22220297,10,0.3,0.11,0.75,6.6,448.8423768,2020,294,0.006714688
1025,2020-10-21,295,5848.13155,1355.640878,4492.490672,7203.772428,2831.830955,6845.270776,13.36297135,0.22220297,10,0.3,0.11,0.75,6.6,446.5979302,2020,295,0.006722917
1026,2020-10-22,296,5774.933427,1325.725122,4449.208305,7100.658549,2831.830955,6845.270776,13.14004621,0.22220297,10,0.3,0.11,0.75,6.6,446.2350034,2020,296,0.006803646
1027,2020-10-23,297,5701.093929,1294.975738,4406.11819,6996.069667,2831.830955,6845.270776,13.23093192,0.22220297,10,0.3,0.11,0.75,6.6,452.09475,2020,297,0.006874896
1028,2020-10-24,298,5626.836173,1263.519004,4363.31717,6890.355177,2831.830955,6845.270776,13.6143268,0.22220297,10,0.3,0.11,0.75,6.6,446.4506866,2020,298,0.007414167
1029,2020-10-25,299,5552.383281,1231.492935,4320.890345,6783.876216,2831.830955,6845.270776,14.05242707,0.22220297,10,0.3,0.11,0.75,6.6,440.0346948,2020,299,0.007423854
1030,2020-10-26,300,5477.958369,1199.050171,4278.908198,6677.008541,2831.830955,6845.270776,13.95457977,0.22220297,10,0.3,0.11,0.75,6.6,436.5409768,2020,300,0.007133125
1031,2020-10-27,301,5403.784559,1166.361393,4237.423166,6570.145952,2831.830955,6845.270776,13.84014063,0.22220297,10,0.3,0.11,0.75,6.6,450.8151464,2020,301,0.007070208
1032,2020-10-28,302,5330.084968,1133.619346,4196.465622,6463.704315,2831.830955,6845.270776,14.21146416,0.22220297,10,0.3,0.11,0.75,6.6,444.8460347,2020,302,0.018331684
1033,2020-10-29,303,5257.082717,1101.043507,4156.03921,6358.126224,2831.830955,6845.270776,14.0662164,0.22220297,10,0.3,0.11,0.75,6.6,449.7027128,2020,303,0.040984896
1034,2020-10-30,304,5185.000923,1068.885372,4116.115551,6253.886295,2831.830955,6845.270776,13.83870681,0.22220297,10,0.3,0.11,0.75,6.6,449.8874607,2020,304,0.027008125
1035,2020-10-31,305,5114.062707,1037.434294,4076.628413,6151.497001,2831.830955,6845.270776,12.66707478,0.22220297,10,0.3,0.11,0.75,6.6,457.2454178,2020,305,0.014566458
1036,2020-11-01,306,5044.491187,1007.023629,4037.467558,6051.514816,2831.830955,6845.270776,12.32906163,0.22220297,11,0.3,0.11,0.75,6.6,452.8067286,2020,306,0.007759063
1037,2020-11-02,307,4976.472498,978.0418363,3998.430662,5954.514335,2831.830955,6845.270776,11.29574826,0.22220297,11,0.3,0.11,0.75,6.6,450.5057895,2020,307,0.007135938
1038,2020-11-03,308,4910.04484,950.9384982,3959.106342,5860.983338,2831.830955,6845.270776,11.20913194,0.22220297,11,0.3,0.11,0.75,6.6,445.5598832,2020,308,0.006957292
1039,2020-11-04,309,4845.209426,926.1804228,3919.029003,5771.389848,2831.830955,6845.270776,12.0867113,0.22220297,11,0.3,0.11,0.75,6.6,438.8817567,2020,309,0.006845521
1040,2020-11-05,310,4781.96747,904.2284834,3877.738987,5686.195953,2831.830955,6845.270776,12.68909939,0.22220297,11,0.3,0.11,0.75,6.6,444.3701369,2020,310,0.006771474
1041,2020-11-06,311,4720.320188,885.5184052,3834.801782,5605.838593,2831.830955,6845.270776,12.92570226,0.22220297,11,0.3,0.11,0.75,6.6,452.1490852,2020,311,0.006763958
1042,2020-11-07,312,4660.268793,870.4382682,3789.830525,5530.707061,2831.830955,6845.270776,12.82777951,0.22220297,11,0.3,0.11,0.75,6.6,448.329753,2020,312,0.006787917
1043,2020-11-08,313,4601.8145,859.3044439,3742.510056,5461.118944,2831.830955,6845.270776,12.72282031,0.22220297,11,0.3,0.11,0.75,6.6,450.6991647,2020,313,0.006806563
1044,2020-11-09,314,4544.958523,852.3386763,3692.619847,5397.2972,2831.830955,6845.270776,12.63664721,0.22220297,11,0.3,0.11,0.75,6.6,449.3452958,2020,314,0.006860222
1045,2020-11-10,315,4489.702078,849.6496095,3640.052468,5339.351687,2831.830955,6845.270776,12.87809541,0.22220297,11,0.3,0.11,0.75,6.6,442.7636606,2020,315,0.006915729
1046,2020-11-11,316,4436.046377,851.2218869,3584.82449,5287.268264,2831.830955,6845.270776,12.66290885,0.22220297,11,0.3,0.11,0.75,6.6,446.3405316,2020,316,0.013166875
1047,2020-11-12,317,4383.992637,856.9148524,3527.077784,5240.907489,2831.830955,6845.270776,11.18216348,0.22220297,11,0.3,0.11,0.75,6.6,432.1520772,2020,317,0.046782604
1048,2020-11-13,318,4333.54207,866.4711149,3467.070955,5200.013185,2831.830955,6845.270776,10.69699913,0.22220297,11,0.3,0.11,0.75,6.6,439.221502,2020,318,0.033165625
1049,2020-11-14,319,4284.695892,879.533375,3405.162517,5164.229267,2831.830955,6845.270776,11.1509487,0.22220297,11,0.3,0.11,0.75,6.6,440.1642715,2020,319,0.022815
1050,2020-11-15,320,4237.455316,895.6665685,3341.788748,5133.121885,2831.830955,6845.270776,11.42708834,0.22220297,11,0.3,0.11,0.75,6.6,440.8126101,2020,320,0.013048646
1051,2020-11-16,321,4191.821558,914.3819393,3277.439619,5106.203497,2831.830955,6845.270776,11.21606794,0.22220297,11,0.3,0.11,0.75,6.6,440.8856321,2020,321,0.00805625
1052,2020-11-17,322,4147.795832,935.1600641,3212.635768,5082.955896,2831.830955,6845.270776,11.19459051,0.22220297,11,0.3,0.11,0.75,6.6,438.9301809,2020,322,0.007618854
1053,2020-11-18,323,4105.379351,957.4707918,3147.90856,5062.850143,2831.830955,6845.270776,10.21270757,0.22220297,11,0.3,0.11,0.75,6.6,433.478695,2020,323,0.007405104
1054,2020-11-19,324,4064.573332,980.7891256,3083.784206,5045.362457,2831.830955,6845.270776,10.10838542,0.22220297,11,0.3,0.11,0.75,6.6,435.7286962,2020,324,0.007330417
1055,2020-11-20,325,4025.378987,1004.606956,3020.77203,5029.985943,2831.830955,6845.270776,10.2583653,0.22220297,11,0.3,0.11,0.75,6.6,440.8241877,2020,325,0.007293229
1056,2020-11-21,326,3987.797531,1028.44114,2959.356391,5016.238671,2831.830955,6845.270776,10.81575676,0.22220297,11,0.3,0.11,0.75,6.6,442.858941,2020,326,0.007266979
1057,2020-11-22,327,3951.83018,1051.838686,2899.991494,5003.668866,2831.830955,6845.270776,10.48909635,0.22220297,11,0.3,0.11,0.75,6.6,442.1525421,2020,327,0.007277917
1058,2020-11-23,328,3917.478146,1074.379894,2843.098253,4991.85804,2831.830955,6845.270776,10.48317361,0.22220297,11,0.3,0.11,0.75,6.6,443.4103544,2020,328,0.007277604
1059,2020-11-24,329,3884.742645,1095.680206,2789.062439,4980.422852,2831.830955,6845.270776,10.81181377,0.22220297,11,0.3,0.11,0.75,6.6,442.9109446,2020,329,0.00712625
1060,2020-11-25,330,3853.624891,1115.391433,2738.233458,4969.016325,2831.830955,6845.270776,10.7406875,0.22220297,11,0.3,0.11,0.75,6.6,436.0532731,2020,330,0.007168854
1061,2020-11-26,331,3824.126099,1133.202876,2690.923223,4957.328975,2831.830955,6845.270776,10.69153193,0.22220297,11,0.3,0.11,0.75,6.6,440.1955174,2020,331,0.007176458
1062,2020-11-27,332,3796.247482,1148.842787,2647.404696,4945.090269,2831.830955,6845.270776,9.853862222,0.22220297,11,0.3,0.11,0.75,6.6,434.2663406,2020,332,0.007105417
1063,2020-11-28,333,3769.990256,1162.080527,2607.909729,4932.070783,2831.830955,6845.270776,9.501483507,0.22220297,11,0.3,0.11,0.75,6.6,436.8175445,2020,333,0.007098125
1064,2020-11-29,334,3745.355634,1172.729753,2572.625881,4918.085387,2831.830955,6845.270776,10.14778521,0.22220297,11,0.3,0.11,0.75,6.6,438.0063412,2020,334,0.007053854
1065,2020-11-30,335,3722.344832,1180.652952,2541.691879,4902.997784,2831.830955,6845.270776,10.63673304,0.22220297,11,0.3,0.11,0.75,6.6,444.332784,2020,335,0.007510729
1066,2020-12-01,336,3700.959063,1185.767687,2515.191376,4886.726749,2831.830955,6845.270776,10.8304687,0.22220297,12,0.3,0.11,0.75,6.6,459.5870889,2020,336,0.007283646
1067,2020-12-02,337,3681.199542,1188.054924,2493.144617,4869.254466,2831.830955,6845.270776,11.1417168,0.22220297,12,0.3,0.11,0.75,6.6,460.5717212,2020,337,0.007152917
1068,2020-12-03,338,3663.067483,1187.569915,2475.497568,4850.637397,2831.830955,6845.270776,10.38969618,0.22220297,12,0.3,0.11,0.75,6.6,439.3872444,2020,338,0.007135521
1069,2020-12-04,339,3646.564101,1184.456085,2462.108015,4831.020186,2831.830955,6845.270776,10.25360435,0.22220297,12,0.3,0.11,0.75,6.6,450.7397678,2020,339,0.007472188
1070,2020-12-05,340,3631.69061,1178.962458,2452.728152,4810.653067,2831.830955,6845.270776,10.59958594,0.22220297,12,0.3,0.11,0.75,6.6,452.3077771,2020,340,0.008031771
1071,2020-12-06,341,3618.448224,1171.464969,2446.983255,4789.913193,2831.830955,6845.270776,10.16450347,0.22220297,12,0.3,0.11,0.75,6.6,440.2637045,2020,341,0.008335208
1072,2020-12-07,342,3606.838159,1162.491796,2444.346362,4769.329955,2831.830955,6845.270776,10.47968854,0.22220297,12,0.3,0.11,0.75,6.6,440.5964502,2020,342,0.008319688
1073,2020-12-08,343,3596.861628,1152.752127,2444.109501,4749.613755,2831.830955,6845.270776,10.59564844,0.22220297,12,0.3,0.11,0.75,6.6,450.9770794,2020,343,0.00790625
1074,2020-12-09,344,3588.519845,1143.166623,2445.353223,4731.686468,2831.830955,6845.270776,11.30676794,0.22220297,12,0.3,0.11,0.75,6.6,455.0958606,2020,344,0.007668953
1075,2020-12-10,345,3581.814026,1134.895846,2446.91818,4716.709872,2831.830955,6845.270776,10.65718206,0.22220297,12,0.3,0.11,0.75,6.6,448.0949563,2020,345,0.007612917
1076,2020-12-11,346,3576.745385,1129.36011,2447.385275,4706.105495,2831.830955,6845.270776,10.08473084,0.22220297,12,0.3,0.11,0.75,6.6,439.6595413,2020,346,0.007452188
1077,2020-12-12,347,3573.315136,1128.240985,2445.074151,4701.55612,2831.830955,6845.270776,10.39500354,0.22220297,12,0.3,0.11,0.75,6.6,446.2686499,2020,347,0.007477917
1078,2020-12-13,348,3571.524493,1133.452343,2438.072149,4704.976836,2831.830955,6845.270776,10.97750132,0.22220297,12,0.3,0.11,0.75,6.6,448.342742,2020,348,0.007476771
1079,2020-12-14,349,3571.374671,1147.069958,2424.304712,4718.444629,2831.830955,6845.270776,11.00244327,0.22220297,12,0.3,0.11,0.75,6.6,445.1058,2020,349,0.016794526
1080,2020-12-15,350,3572.866884,1171.216135,2401.650749,4744.083019,2831.830955,6845.270776,11.16181475,0.22220297,12,0.3,0.11,0.75,6.6,442.1834972,2020,350,0.026224583
1081,2020-12-16,351,3575.979583,1207.736315,2368.243268,4783.715899,2831.830955,6845.270776,11.66259561,0.22220297,12,0.3,0.11,0.75,6.6,440.3229483,2020,351,0.027507527
1082,2020-12-17,352,3580.600164,1256.974945,2323.625219,4837.575109,2831.830955,6845.270776,10.82697991,0.22220297,12,0.3,0.11,0.75,6.6,439.1553132,2020,352,0.033891212
1083,2020-12-18,353,3586.593258,1317.359654,2269.233604,4903.952912,2831.830955,6845.270776,9.738665799,0.22220297,12,0.3,0.11,0.75,6.6,435.9464642,2020,353,0.029151563
1084,2020-12-19,354,3593.823497,1385.794904,2208.028593,4979.618401,2831.830955,6845.270776,9.537214477,0.22220297,12,0.3,0.11,0.75,6.6,440.8045225,2020,354,0.024029375
1085,2020-12-20,355,3602.155513,1458.187577,2143.967936,5060.343091,2831.830955,6845.270776,10.0634783,0.22220297,12,0.3,0.11,0.75,6.6,449.970821,2020,355,0.019670729
1086,2020-12-21,356,3611.453938,1529.950718,2081.503221,5141.404656,2831.830955,6845.270776,10.36531684,0.22220297,12,0.3,0.11,0.75,6.6,449.2211451,2020,356,0.0151425
1087,2020-12-22,357,3621.583404,1596.39115,2025.192254,5217.974555,2831.830955,6845.270776,9.629027875,0.22220297,12,0.3,0.11,0.75,6.6,439.0058743,2020,357,0.010570211
1088,2020-12-23,358,3632.408542,1652.97688,1979.431662,5285.385422,2831.830955,6845.270776,9.231125868,0.22220297,12,0.3,0.11,0.75,6.6,439.6917881,2020,358,0.00823
1089,2020-12-24,359,3643.793985,1695.527765,1948.266219,5339.32175,2831.830955,6845.270776,10.16531538,0.22220297,12,0.3,0.11,0.75,6.6,431.1288219,2020,359,0.023071158
1090,2020-12-25,360,3655.604363,1720.387957,1935.216406,5375.992321,2831.830955,6845.270776,10.40281337,0.22220297,12,0.3,0.11,0.75,6.6,439.0618068,2020,360,0.063336458
1091,2020-12-26,361,3667.70431,1724.644702,1943.059608,5392.349012,2831.830955,6845.270776,10.57942882,0.22220297,12,0.3,0.11,0.75,6.6,439.0703155,2020,361,0.048893021
1092,2020-12-27,362,3679.958456,1706.474714,1973.483742,5386.43317,2831.830955,6845.270776,10.78095886,0.22220297,12,0.3,0.11,0.75,6.6,441.3753191,2020,362,0.036804479
1093,2020-12-28,363,3692.231434,1665.742099,2026.489334,5357.973533,2831.830955,6845.270776,11.12444746,0.22220297,12,0.3,0.11,0.75,6.6,440.0046237,2020,363,0.028586146
1094,2020-12-29,364,3704.387875,1605.055534,2099.332341,5309.443409,2831.830955,6845.270776,11.1975191,0.22220297,12,0.3,0.11,0.75,6.6,441.450393,2020,364,0.021629792
1095,2020-12-30,365,3716.292411,1531.611352,2184.681059,5247.903763,2831.830955,6845.270776,11.33356944,0.22220297,12,0.3,0.11,0.75,6.6,438.8653415,2020,365,0.016183333
1096,2020-12-31,366,3727.809675,1460.154121,2267.655554,5187.963795,2831.830955,6845.270776,11.28672396,0.22220297,12,0.3,0.11,0.75,6.6,438.8653415,2020,366,0.014430521
1097,2021-01-01,1,3452.509298,239.8966889,3212.612609,3692.405987,2831.830955,6845.270776,12.37356354,0.22220297,1,0.3,0.11,0.75,6.6,442.1245574,2021,1,0.013012083
1098,2021-01-02,2,3418.275871,244.0759369,3174.199934,3662.351808,2831.830955,6845.270776,12.1148125,0.22220297,1,0.3,0.11,0.75,6.6,448.0325801,2021,2,0.012105417
1099,2021-01-03,3,3384.314452,249.8746586,3134.439794,3634.189111,2831.830955,6845.270776,12.22878804,0.22220297,1,0.3,0.11,0.75,6.6,448.5317058,2021,3,0.011454688
1100,2021-01-04,4,3350.736316,257.1812829,3093.555033,3607.917599,2831.830955,6845.270776,11.81330671,0.22220297,1,0.3,0.11,0.75,6.6,442.4314005,2021,4,0.011180625
1101,2021-01-05,5,3317.652735,265.8386419,3051.814093,3583.491376,2831.830955,6845.270776,11.63248958,0.22220297,1,0.3,0.11,0.75,6.6,432.8627271,2021,5,0.011558438
1102,2021-01-06,6,3285.174981,275.655916,3009.519065,3560.830897,2831.830955,6845.270776,10.91198542,0.22220297,1,0.3,0.11,0.75,6.6,435.6534021,2021,6,0.009664792
1103,2021-01-07,7,3253.414328,286.4208769,2966.993451,3539.835204,2831.830955,6845.270776,10.61855833,0.22220297,1,0.3,0.11,0.75,6.6,437.5059397,2021,7,0.00893125
1104,2021-01-08,8,3222.482048,297.9106983,2924.571349,3520.392746,2831.830955,6845.270776,10.67629045,0.22220297,1,0.3,0.11,0.75,6.6,445.3585508,2021,8,0.010751042
1105,2021-01-09,9,3192.489414,309.9005003,2882.588914,3502.389915,2831.830955,6845.270776,10.15266579,0.22220297,1,0.3,0.11,0.75,6.6,438.8535518,2021,9,0.009310105
1106,2021-01-10,10,3163.5477,322.1695215,2841.378179,3485.717222,2831.830955,6845.270776,10.2048693,0.22220297,1,0.3,0.11,0.75,6.6,440.1345746,2021,10,0.008405
1107,2021-01-11,11,3135.768179,334.5052536,2801.262925,3470.273432,2831.830955,6845.270776,10.44206323,0.22220297,1,0.3,0.11,0.75,6.6,441.8393201,2021,11,0.009147813
1108,2021-01-12,12,3109.262122,346.7060518,2762.55607,3455.968174,2831.830955,6845.270776,11.0484619,0.22220297,1,0.3,0.11,0.75,6.6,444.0079433,2021,12,0.00952
1109,2021-01-13,13,3084.140803,358.5827437,2725.558059,3442.723547,2831.830955,6845.270776,10.52588814,0.22220297,1,0.3,0.11,0.75,6.6,438.5426816,2021,13,0.009541705
1110,2021-01-14,14,3060.515495,369.9596869,2690.555808,3430.475182,2831.830955,6845.270776,10.12681375,0.22220297,1,0.3,0.11,0.75,6.6,434.3812457,2021,14,0.010393958
1111,2021-01-15,15,3038.497471,380.6756336,2657.821838,3419.173105,2831.830955,6845.270776,10.20616193,0.22220297,1,0.3,0.11,0.75,6.6,436.2268401,2021,15,0.010846563
1112,2021-01-16,16,3018.166057,390.6109207,2627.555137,3408.776978,2831.830955,6845.270776,9.975501919,0.22220297,1,0.3,0.11,0.75,6.6,437.7047813,2021,16,0.009863021
1113,2021-01-17,17,2999.472791,399.7682261,2599.704565,3399.241017,2831.830955,6845.270776,9.669804243,0.22220297,1,0.3,0.11,0.75,6.6,446.1169135,2021,17,0.008329792
1114,2021-01-18,18,2982.337265,408.1939445,2574.143321,3390.53121,2831.830955,6845.270776,10.01579442,0.22220297,1,0.3,0.11,0.75,6.6,440.717267,2021,18,0.008222083
1115,2021-01-19,19,2966.679071,415.9474528,2550.731618,3382.626523,2831.830955,6845.270776,9.93559861,0.22220297,1,0.3,0.11,0.75,6.6,437.2002294,2021,19,0.008015938
1116,2021-01-20,20,2952.417799,423.0970381,2529.320761,3375.514837,2831.830955,6845.270776,9.957616319,0.22220297,1,0.3,0.11,0.75,6.6,436.6007424,2021,20,0.007928229
1117,2021-01-21,21,2939.473042,429.7167462,2509.756296,3369.189788,2831.830955,6845.270776,9.691882302,0.22220297,1,0.3,0.11,0.75,6.6,432.5419538,2021,21,0.008184063
1118,2021-01-22,22,2927.764391,435.8838982,2491.880493,3363.648289,2831.830955,6845.270776,9.887739965,0.22220297,1,0.3,0.11,0.75,6.6,438.7139544,2021,22,0.00817875
1119,2021-01-23,23,2917.211438,441.6771056,2475.534332,3358.888544,2831.830955,6845.270776,9.940329861,0.22220297,1,0.3,0.11,0.75,6.6,434.3187889,2021,23,0.007977708
1120,2021-01-24,24,2907.733774,447.1746717,2460.559102,3354.908446,2831.830955,6845.270776,9.793348393,0.22220297,1,0.3,0.11,0.75,6.6,437.755595,2021,24,0.007904271
1121,2021-01-25,25,2899.250991,452.4533075,2446.797684,3351.704299,2831.830955,6845.270776,10.1423738,0.22220297,1,0.3,0.11,0.75,6.6,436.3641642,2021,25,0.009413646
1122,2021-01-26,26,2891.682681,457.5871198,2434.095561,3349.2698,2831.830955,6845.270776,10.16272063,0.22220297,1,0.3,0.11,0.75,6.6,432.4529017,2021,26,0.018090833
1123,2021-01-27,27,2884.948434,462.6468483,2422.301586,3347.595282,2831.830955,6845.270776,10.23429597,0.22220297,1,0.3,0.11,0.75,6.6,434.0223845,2021,27,0.024869271
1124,2021-01-28,28,2878.967843,467.699342,2411.268501,3346.667185,2831.830955,6845.270776,10.3488926,0.22220297,1,0.3,0.11,0.75,6.6,434.7177661,2021,28,0.026342813
1125,2021-01-29,29,2873.660499,472.8072715,2400.853228,3346.467771,2831.830955,6845.270776,9.797279621,0.22220297,1,0.3,0.11,0.75,6.6,431.3220036,2021,29,0.023798229
1126,2021-01-30,30,2868.945994,478.02908,2390.916914,3346.975074,2831.830955,6845.270776,9.486072049,0.22220297,1,0.3,0.11,0.75,6.6,438.5904914,2021,30,0.021735
1127,2021-01-31,31,2864.74392,483.4191727,2381.324747,3348.163092,2831.830955,6845.270776,9.721756354,0.22220297,1,0.3,0.11,0.75,6.6,445.5237555,2021,31,0.021575625
1128,2021-02-01,32,2860.973867,489.0283447,2371.945522,3350.002211,2831.830955,6845.270776,9.904528646,0.22220297,2,0.3,0.11,0.75,6.6,438.0963541,2021,32,0.020895833
1129,2021-02-02,33,2857.565941,494.894993,2362.670948,3352.460934,2831.830955,6845.270776,10.04784284,0.22220297,2,0.3,0.11,0.75,6.6,440.4078733,2021,33,0.020842921
1130,2021-02-03,34,2854.492303,501.0186408,2353.473662,3355.510944,2831.830955,6845.270776,10.115777,0.22220297,2,0.3,0.11,0.75,6.6,440.3117937,2021,34,0.020883333
1131,2021-02-04,35,2851.735626,507.3904466,2344.34518,3359.126073,2831.830955,6845.270776,10.41596164,0.22220297,2,0.3,0.11,0.75,6.6,434.5784099,2021,35,0.020080417
1132,2021-02-05,36,2849.278585,514.0027307,2335.275854,3363.281316,2831.830955,6845.270776,10.94686126,0.22220297,2,0.3,0.11,0.75,6.6,431.9515342,2021,36,0.020178542
1133,2021-02-06,37,2847.103853,520.8487698,2326.255084,3367.952623,2831.830955,6845.270776,10.77515365,0.22220297,2,0.3,0.11,0.75,6.6,434.010332,2021,37,0.016872708
1134,2021-02-07,38,2845.194105,527.9226188,2317.271486,3373.116724,2831.830955,6845.270776,11.09308775,0.22220297,2,0.3,0.11,0.75,6.6,440.1256723,2021,38,0.017269583
1135,2021-02-08,39,2843.532015,535.2189611,2308.313053,3378.750976,2831.830955,6845.270776,10.70844671,0.22220297,2,0.3,0.11,0.75,6.6,436.0051936,2021,39,0.017921667
1136,2021-02-09,40,2842.100255,542.7329848,2299.367271,3384.83324,2831.830955,6845.270776,10.74007217,0.22220297,2,0.3,0.11,0.75,6.6,434.2549227,2021,40,0.020142396
1137,2021-02-10,41,2840.881502,550.4602854,2290.421216,3391.341787,2831.830955,6845.270776,10.99977043,0.22220297,2,0.3,0.11,0.75,6.6,431.2665379,2021,41,0.020738958
1138,2021-02-11,42,2839.858428,558.3967923,2281.461635,3398.25522,2831.830955,6845.270776,11.05843421,0.22220297,2,0.3,0.11,0.75,6.6,430.5070436,2021,42,0.023033021
1139,2021-02-12,43,2839.013707,566.538718,2272.474989,3405.552425,2831.830955,6845.270776,11.28054934,0.22220297,2,0.3,0.11,0.75,6.6,431.1976189,2021,43,0.036694271
1140,2021-02-13,44,2838.330014,574.8825286,2263.447486,3413.212543,2831.830955,6845.270776,11.0471633,0.22220297,2,0.3,0.11,0.75,6.6,435.6185573,2021,44,0.049239063
1141,2021-02-14,45,2837.790023,583.4249331,2254.36509,3421.214956,2831.830955,6845.270776,10.82105213,0.22220297,2,0.3,0.11,0.75,6.6,433.8213437,2021,45,0.042163333
1142,2021-02-15,46,2837.376407,592.162891,2245.213516,3429.539298,2831.830955,6845.270776,11.18446579,0.22220297,2,0.3,0.11,0.75,6.6,433.7028108,2021,46,0.036498958
1143,2021-02-16,47,2837.071841,601.0936354,2235.978205,3438.165476,2831.830955,6845.270776,11.52521528,0.22220297,2,0.3,0.11,0.75,6.6,434.4330326,2021,47,0.056799167
1144,2021-02-17,48,2836.858998,610.21471,2226.644288,3447.073708,2831.830955,6845.270776,11.42829688,0.22220297,2,0.3,0.11,0.75,6.6,431.4044551,2021,48,0.055766354
1145,2021-02-18,49,2836.720553,619.5240191,2217.196534,3456.244572,2831.830955,6845.270776,11.36634375,0.22220297,2,0.3,0.11,0.75,6.6,431.1791785,2021,49,0.081394063
1146,2021-02-19,50,2836.63918,629.0198888,2207.619291,3465.659068,2831.830955,6845.270776,11.14834166,0.22220297,2,0.3,0.11,0.75,6.6,434.1854774,2021,50,0.087448854
1147,2021-02-20,51,2836.597552,638.7011375,2197.896414,3475.298689,2831.830955,6845.270776,11.1254401,0.22220297,2,0.3,0.11,0.75,6.6,436.3155068,2021,51,0.058783958
1148,2021-02-21,52,2836.578344,648.5671547,2188.011189,3485.145498,2831.830955,6845.270776,11.55079789,0.22220297,2,0.3,0.11,0.75,6.6,435.5066719,2021,52,0.045567708
1149,2021-02-22,53,2836.564229,658.6179871,2177.946242,3495.182216,2831.830955,6845.270776,12.08298079,0.22220297,2,0.3,0.11,0.75,6.6,434.808645,2021,53,0.039516667
1150,2021-02-23,54,2836.537882,668.8544303,2167.683452,3505.392312,2831.830955,6845.270776,12.14190191,0.22220297,2,0.3,0.11,0.75,6.6,434.5127526,2021,54,0.034143021
1151,2021-02-24,55,2836.481977,679.2781251,2157.203852,3515.760102,2831.830955,6845.270776,12.16443316,0.22220297,2,0.3,0.11,0.75,6.6,439.4919739,2021,55,0.031279479
1152,2021-02-25,56,2836.379187,689.8916577,2146.487529,3526.270845,2831.830955,6845.270776,12.23291689,0.22220297,2,0.3,0.11,0.75,6.6,441.0585126,2021,56,0.02872809
1153,2021-02-26,57,2836.212187,700.6986623,2135.513525,3536.910849,2831.830955,6845.270776,11.88646701,0.22220297,2,0.3,0.11,0.75,6.6,440.2580971,2021,57,0.026801354
1154,2021-02-27,58,2835.963651,711.7039256,2124.259725,3547.667577,2831.830955,6845.270776,11.97156966,0.22220297,2,0.3,0.11,0.75,6.6,443.7449419,2021,58,0.031630729
1155,2021-02-28,59,2835.616252,722.9134919,2112.70276,3558.529744,2831.830955,6845.270776,12.13455182,0.22220297,2,0.3,0.11,0.75,6.6,430.9826012,2021,59,0.053065313
1156,2021-03-01,60,2835.152665,734.3347677,2100.817898,3569.487433,2831.830955,6845.270776,12.0956944,0.22220297,2,0.3,0.11,0.75,6.6,435.85403,2021,60,0.089391042
1157,2021-03-02,61,2834.555564,745.9766253,2088.578939,3580.532189,2831.830955,6845.270776,11.98113715,0.22220297,3,0.3,0.11,0.75,6.6,434.1959707,2021,61,0.091254167
1158,2021-03-03,62,2833.830583,757.843385,2075.987198,3591.673968,2831.830955,6845.270776,12.0563125,0.22220297,3,0.3,0.11,0.75,6.6,433.57771,2021,62,0.061102604
1159,2021-03-04,63,2833.075196,769.9150478,2063.160148,3602.990244,2831.830955,6845.270776,12.03951215,0.22220297,3,0.3,0.11,0.75,6.6,432.9594493,2021,63,0.045033125
1160,2021-03-05,64,2832.409839,782.1628192,2050.24702,3614.572659,2831.830955,6845.270776,11.86688674,0.22220297,3,0.3,0.11,0.75,6.6,434.2612691,2021,64,0.0354575
1161,2021-03-06,65,2831.954948,794.5544327,2037.400515,3626.50938,2831.830955,6845.270776,12.05430295,0.22220297,3,0.3,0.11,0.75,6.6,429.7276235,2021,65,0.027858333
1162,2021-03-07,66,2831.830955,807.0538871,2024.777068,3638.884843,2831.830955,6845.270776,11.8437206,0.22220297,3,0.3,0.11,0.75,6.6,433.6964266,2021,66,0.022080104
1163,2021-03-08,67,2832.158298,819.621355,2012.536943,3651.779653,2831.830955,6845.270776,11.36965294,0.22220297,3,0.3,0.11,0.75,6.6,432.7544008,2021,67,0.016934896
1164,2021-03-09,68,2833.057411,832.21324,2000.844171,3665.270651,2831.830955,6845.270776,11.42409211,0.22220297,3,0.3,0.11,0.75,6.6,437.0112672,2021,68,0.013652708
1165,2021-03-10,69,2834.648729,844.7823626,1989.866366,3679.431092,2831.830955,6845.270776,12.0294071,0.22220297,3,0.3,0.11,0.75,6.6,437.6636665,2021,69,0.011850729
1166,2021-03-11,70,2837.052687,857.2782517,1979.774435,3694.330939,2831.830955,6845.270776,12.21613021,0.22220297,3,0.3,0.11,0.75,6.6,438.1651679,2021,70,0.010605104
1167,2021-03-12,71,2840.38972,869.6475276,1970.742192,3710.037248,2831.830955,6845.270776,12.19132979,0.22220297,3,0.3,0.11,0.75,6.6,438.7925087,2021,71,0.009594157
1168,2021-03-13,72,2844.780263,881.8343604,1962.945903,3726.614623,2831.830955,6845.270776,11.8630331,0.22220297,3,0.3,0.11,0.75,6.6,436.6910025,2021,72,0.008922083
1169,2021-03-14,73,2850.344751,893.7809913,1956.56376,3744.125743,2831.830955,6845.270776,11.9690842,0.22220297,3,0.3,0.11,0.75,6.6,433.0363404,2021,73,0.008358125
1170,2021-03-15,74,2857.20362,905.4283097,1951.77531,3762.63193,2831.830955,6845.270776,11.92990811,0.22220297,3,0.3,0.11,0.75,6.6,431.1005173,2021,74,0.008287263
1171,2021-03-16,75,2865.477304,916.716479,1948.760825,3782.193783,2831.830955,6845.270776,12.11723438,0.22220297,3,0.3,0.11,0.75,6.6,436.4186627,2021,75,0.0082825
1172,2021-03-17,76,2875.286238,927.5856081,1947.70063,3802.871846,2831.830955,6845.270776,12.48179375,0.22220297,3,0.3,0.11,0.75,6.6,435.6327423,2021,76,0.008280313
1173,2021-03-18,77,2886.750857,937.9764701,1948.774387,3824.727328,2831.830955,6845.270776,12.36707604,0.22220297,3,0.3,0.11,0.75,6.6,439.6809845,2021,77,0.073550208
1174,2021-03-19,78,2899.991597,947.8312692,1952.160328,3847.822867,2831.830955,6845.270776,12.03188749,0.22220297,3,0.3,0.11,0.75,6.6,431.5672683,2021,78,0.078453438
1175,2021-03-20,79,2915.128893,957.0944638,1958.034429,3872.223356,2831.830955,6845.270776,12.09871563,0.22220297,3,0.3,0.11,0.75,6.6,433.2030872,2021,79,0.051382604
1176,2021-03-21,80,2932.283179,965.7136532,1966.569525,3897.996832,2831.830955,6845.270776,11.75534962,0.22220297,3,0.3,0.11,0.75,6.6,437.3024533,2021,80,0.042227097
1177,2021-03-22,81,2951.57489,973.6405396,1977.93435,3925.21543,2831.830955,6845.270776,11.99570396,0.22220297,3,0.3,0.11,0.75,6.6,433.5075635,2021,81,0.03462989
1178,2021-03-23,82,2973.124462,980.8319813,1992.292481,3953.956443,2831.830955,6845.270776,12.21137307,0.22220297,3,0.3,0.11,0.75,6.6,437.9666535,2021,82,0.027032683
1179,2021-03-24,83,2997.052329,987.2511515,2009.801178,3984.303481,2831.830955,6845.270776,12.64541667,0.22220297,3,0.3,0.11,0.75,6.6,433.3651815,2021,83,0.024346875
1180,2021-03-25,84,3023.478928,992.8688266,2030.610101,4016.347754,2831.830955,6845.270776,12.81285938,0.22220297,3,0.3,0.11,0.75,6.6,431.7467728,2021,84,0.028449167
1181,2021-03-26,85,3052.524692,997.6648232,2054.859868,4050.189515,2831.830955,6845.270776,12.88293835,0.22220297,3,0.3,0.11,0.75,6.6,433.5560237,2021,85,0.120132211
1182,2021-03-27,86,3084.310056,1001.629612,2082.680445,4085.939668,2831.830955,6845.270776,12.85624375,0.22220297,3,0.3,0.11,0.75,6.6,434.3078519,2021,86,0.098697188
1183,2021-03-28,87,3118.955457,1004.766131,2114.189326,4123.721588,2831.830955,6845.270776,13.11817296,0.22220297,3,0.3,0.11,0.75,6.6,436.8026758,2021,87,0.211090313
1184,2021-03-29,88,3156.581328,1007.091836,2149.489492,4163.673164,2831.830955,6845.270776,13.13736354,0.22220297,3,0.3,0.11,0.75,6.6,435.2482647,2021,88,0.132638125
1185,2021-03-30,89,3197.308105,1008.640999,2188.667106,4205.949105,2831.830955,6845.270776,13.40294271,0.22220297,3,0.3,0.11,0.75,6.6,440.6666832,2021,89,0.077203333
1186,2021-03-31,90,3241.256223,1009.467296,2231.788928,4250.723519,2831.830955,6845.270776,12.97991354,0.22220297,3,0.3,0.11,0.75,6.6,442.0645923,2021,90,0.097381146
1187,2021-04-01,91,3288.546117,1009.646681,2278.899437,4298.192798,2831.830955,6845.270776,12.76736737,0.22220297,3,0.3,0.11,0.75,6.6,432.7172755,2021,91,0.112226354
1188,2021-04-02,92,3339.298222,1009.280565,2330.017658,4348.578787,2831.830955,6845.270776,12.40217469,0.22220297,4,0.3,0.11,0.75,6.6,437.2871788,2021,92,0.073843125
1189,2021-04-03,93,3393.574185,1008.513558,2385.060627,4402.087743,2831.830955,6845.270776,12.50234219,0.22220297,4,0.3,0.11,0.75,6.6,445.8001728,2021,93,0.052280313
1190,2021-04-04,94,3451.200496,1007.569805,2443.630691,4458.770301,2831.830955,6845.270776,13.1547645,0.22220297,4,0.3,0.11,0.75,6.6,451.6285063,2021,94,0.040834167
1191,2021-04-05,95,3511.944858,1006.692402,2505.252456,4518.63726,2831.830955,6845.270776,13.67886251,0.22220297,4,0.3,0.11,0.75,6.6,450.4480913,2021,95,0.034000104
1192,2021-04-06,96,3575.574973,1006.122619,2569.452354,4581.697592,2831.830955,6845.270776,13.88539931,0.22220297,4,0.3,0.11,0.75,6.6,449.2676764,2021,96,0.028136042
1193,2021-04-07,97,3641.858545,1006.095308,2635.763237,4647.953852,2831.830955,6845.270776,13.74110764,0.22220297,4,0.3,0.11,0.75,6.6,448.0872615,2021,97,0.023540833
1194,2021-04-08,98,3710.563275,1006.834092,2703.729183,4717.397366,2831.830955,6845.270776,13.49585995,0.22220297,4,0.3,0.11,0.75,6.6,446.9068466,2021,98,0.020579271
1195,2021-04-09,99,3781.456865,1008.546441,2772.910424,4790.003306,2831.830955,6845.270776,13.72877083,0.22220297,4,0.3,0.11,0.75,6.6,445.7264317,2021,99,0.017045417
1196,2021-04-10,100,3854.30702,1011.41881,2842.88821,4865.72583,2831.830955,6845.270776,13.63477431,0.22220297,4,0.3,0.11,0.75,6.6,444.5460168,2021,100,0.015248021
1197,2021-04-11,101,3928.88144,1015.612053,2913.269388,4944.493493,2831.830955,6845.270776,13.43354545,0.22220297,4,0.3,0.11,0.75,6.6,443.3656018,2021,101,0.014446771
1198,2021-04-12,102,4004.947829,1021.257357,2983.690472,5026.205186,2831.830955,6845.270776,13.44971458,0.22220297,4,0.3,0.11,0.75,6.6,442.1851869,2021,102,0.012858542
1199,2021-04-13,103,4082.273888,1028.452944,3053.820944,5110.726833,2831.830955,6845.270776,13.66797917,0.22220297,4,0.3,0.11,0.75,6.6,438.3344606,2021,103,0.011094063
1200,2021-04-14,104,4160.627321,1037.261728,3123.365593,5197.88905,2831.830955,6845.270776,14.04654249,0.22220297,4,0.3,0.11,0.75,6.6,434.9360642,2021,104,0.010128229
1201,2021-04-15,105,4239.77583,1047.710088,3192.065742,5287.485919,2831.830955,6845.270776,13.51905382,0.22220297,4,0.3,0.11,0.75,6.6,442.9670372,2021,105,0.010125417
1202,2021-04-16,106,4319.487118,1059.787807,3259.69931,5379.274925,2831.830955,6845.270776,13.0221503,0.22220297,4,0.3,0.11,0.75,6.6,437.4995153,2021,106,0.009486875
1203,2021-04-17,107,4399.528886,1073.449143,3326.079743,5472.978028,2831.830955,6845.270776,12.9888533,0.22220297,4,0.3,0.11,0.75,6.6,439.3048016,2021,107,0.00897125
1204,2021-04-18,108,4479.668837,1088.61491,3391.053927,5568.283747,2831.830955,6845.270776,13.30168983,0.22220297,4,0.3,0.11,0.75,6.6,439.8569858,2021,108,0.008342813
1205,2021-04-19,109,4559.674675,1105.175391,3454.499284,5664.850066,2831.830955,6845.270776,13.42527884,0.22220297,4,0.3,0.11,0.75,6.6,435.3787404,2021,109,0.008188646
1206,2021-04-20,110,4639.3141,1122.993834,3516.320267,5762.307934,2831.830955,6845.270776,13.02810747,0.22220297,4,0.3,0.11,0.75,6.6,433.4472032,2021,110,0.008059355
1207,2021-04-21,111,4718.354817,1141.910307,3576.44451,5860.265124,2831.830955,6845.270776,13.40288072,0.22220297,4,0.3,0.11,0.75,6.6,431.5156661,2021,111,0.008246087
1208,2021-04-22,112,4796.564527,1161.745676,3634.818851,5958.310202,2831.830955,6845.270776,13.14844049,0.22220297,4,0.3,0.11,0.75,6.6,438.181667,2021,112,0.008349263
1209,2021-04-23,113,4873.710932,1182.305509,3691.405424,6056.016441,2831.830955,6845.270776,12.97898264,0.22220297,4,0.3,0.11,0.75,6.6,445.9501419,2021,113,0.008158958
1210,2021-04-24,114,4949.561736,1203.383763,3746.177973,6152.945499,2831.830955,6845.270776,13.18080382,0.22220297,4,0.3,0.11,0.75,6.6,436.4171661,2021,114,0.008484583
1211,2021-04-25,115,5023.88464,1224.766151,3799.118489,6248.650791,2831.830955,6845.270776,13.37286074,0.22220297,4,0.3,0.11,0.75,6.6,426.8841904,2021,115,0.008081875
1212,2021-04-26,116,5096.447348,1246.233127,3850.214221,6342.680475,2831.830955,6845.270776,13.29681581,0.22220297,4,0.3,0.11,0.75,6.6,445.4745527,2021,116,0.007786458
1213,2021-04-27,117,5167.017562,1267.562482,3899.455079,6434.580044,2831.830955,6845.270776,13.377046,0.22220297,4,0.3,0.11,0.75,6.6,446.9593316,2021,117,0.007496354
1214,2021-04-28,118,5235.362983,1288.531561,3946.831422,6523.894544,2831.830955,6845.270776,13.81472975,0.22220297,4,0.3,0.11,0.75,6.6,467.0826315,2021,118,0.007367708
1215,2021-04-29,119,5301.251316,1308.919126,3992.33219,6610.170442,2831.830955,6845.270776,13.85553273,0.22220297,4,0.3,0.11,0.75,6.6,451.1101931,2021,119,0.007384688
1216,2021-04-30,120,5364.450261,1328.506931,4035.943331,6692.957192,2831.830955,6845.270776,14.07127467,0.22220297,4,0.3,0.11,0.75,6.6,452.7340816,2021,120,0.007360417
1217,2021-05-01,121,5424.727522,1347.081049,4077.646474,6771.808571,2831.830955,6845.270776,13.73576066,0.22220297,4,0.3,0.11,0.75,6.6,442.7927206,2021,121,0.007355833
1218,2021-05-02,122,5481.850802,1364.43302,4117.417782,6846.283822,2831.830955,6845.270776,13.89021801,0.22220297,5,0.3,0.11,0.75,6.6,446.9622381,2021,122,0.007402708
1219,2021-05-03,123,5535.649647,1380.392979,4155.256667,6916.042626,2831.830955,6845.270776,14.24330897,0.22220297,5,0.3,0.11,0.75,6.6,447.4533041,2021,123,0.007754674
1220,2021-05-04,124,5586.200984,1394.930288,4191.270695,6981.131272,2831.830955,6845.270776,14.29588218,0.22220297,5,0.3,0.11,0.75,6.6,454.0231232,2021,124,0.0871725
1221,2021-05-05,125,5633.643585,1408.06209,4225.581495,7041.705675,2831.830955,6845.270776,14.29515938,0.22220297,5,0.3,0.11,0.75,6.6,445.0899777,2021,125,0.097849271
1222,2021-05-06,126,5678.116222,1419.81947,4258.296752,7097.935692,2831.830955,6845.270776,14.32945219,0.22220297,5,0.3,0.11,0.75,6.6,457.0800562,2021,126,0.045876042
1223,2021-05-07,127,5719.757666,1430.245185,4289.512481,7150.002852,2831.830955,6845.270776,14.16303504,0.22220297,5,0.3,0.11,0.75,6.6,448.5872396,2021,127,0.029785417
1224,2021-05-08,128,5758.70669,1439.391766,4319.314924,7198.098456,2831.830955,6845.270776,14.06029115,0.22220297,5,0.3,0.11,0.75,6.6,455.8777414,2021,128,0.021090521
1225,2021-05-09,129,5795.102064,1447.319922,4347.782142,7242.421986,2831.830955,6845.270776,14.39327635,0.22220297,5,0.3,0.11,0.75,6.6,451.3274767,2021,129,0.014931979
1226,2021-05-10,130,5829.082561,1454.097197,4374.985364,7283.179758,2831.830955,6845.270776,14.57075947,0.22220297,5,0.3,0.11,0.75,6.6,456.0626017,2021,130,0.021013229
1227,2021-05-11,131,5860.786952,1459.796825,4400.990127,7320.583777,2831.830955,6845.270776,14.55494392,0.22220297,5,0.3,0.11,0.75,6.6,469.0854042,2021,131,0.022565208
1228,2021-05-12,132,5890.354009,1464.496753,4425.857256,7354.850762,2831.830955,6845.270776,14.66932634,0.22220297,5,0.3,0.11,0.75,6.6,461.3548763,2021,132,0.018833548
1229,2021-05-13,133,5917.922504,1468.278794,4449.64371,7386.201297,2831.830955,6845.270776,14.54417346,0.22220297,5,0.3,0.11,0.75,6.6,457.6599964,2021,133,0.014975104
1230,2021-05-14,134,5943.631207,1471.227895,4472.403312,7414.859103,2831.830955,6845.270776,14.54039293,0.22220297,5,0.3,0.11,0.75,6.6,467.5611623,2021,134,0.011284375
1231,2021-05-15,135,5967.618892,1473.431497,4494.187395,7441.050389,2831.830955,6845.270776,14.54337838,0.22220297,5,0.3,0.11,0.75,6.6,471.6156804,2021,135,0.008336667
1232,2021-05-16,136,5990.02433,1474.978965,4515.045365,7465.003294,2831.830955,6845.270776,14.98642776,0.22220297,5,0.3,0.11,0.75,6.6,472.2792128,2021,136,0.007800208
1233,2021-05-17,137,6010.986292,1475.961087,4535.025204,7486.947379,2831.830955,6845.270776,15.11393173,0.22220297,5,0.3,0.11,0.75,6.6,452.4806971,2021,137,0.007551771
1234,2021-05-18,138,6030.643549,1476.469628,4554.173921,7507.113178,2831.830955,6845.270776,15.18472249,0.22220297,5,0.3,0.11,0.75,6.6,457.846499,2021,138,0.007339688
1235,2021-05-19,139,6049.134875,1476.596928,4572.537947,7525.731803,2831.830955,6845.270776,15.46469129,0.22220297,5,0.3,0.11,0.75,6.6,447.2681128,2021,139,0.007147604
1236,2021-05-20,140,6066.59904,1476.435545,4590.163496,7543.034585,2831.830955,6845.270776,15.64617219,0.22220297,5,0.3,0.11,0.75,6.6,448.0718425,2021,140,0.006992188
1237,2021-05-21,141,6083.174817,1476.077938,4607.096879,7559.252754,2831.830955,6845.270776,15.39133767,0.22220297,5,0.3,0.11,0.75,6.6,450.1910432,2021,141,0.006868646
1238,2021-05-22,142,6099.000976,1475.616187,4623.384788,7574.617163,2831.830955,6845.270776,15.4650558,0.22220297,5,0.3,0.11,0.75,6.6,453.9377074,2021,142,0.006755158
1239,2021-05-23,143,6114.216289,1475.141753,4639.074536,7589.358043,2831.830955,6845.270776,15.60448524,0.22220297,5,0.3,0.11,0.75,6.6,464.5069549,2021,143,0.006700938
1240,2021-05-24,144,6128.959529,1474.74527,4654.214259,7603.704799,2831.830955,6845.270776,15.56538401,0.22220297,5,0.3,0.11,0.75,6.6,450.5590227,2021,144,0.006634271
1241,2021-05-25,145,6143.369467,1474.516383,4668.853085,7617.88585,2831.830955,6845.270776,15.85956733,0.22220297,5,0.3,0.11,0.75,6.6,468.9226015,2021,145,0.006515104
1242,2021-05-26,146,6157.584875,1474.543625,4683.04125,7632.1285,2831.830955,6845.270776,15.95278367,0.22220297,5,0.3,0.11,0.75,6.6,464.7617738,2021,146,0.006416771
1243,2021-05-27,147,6171.744524,1474.914338,4696.830186,7646.658862,2831.830955,6845.270776,15.7677309,0.22220297,5,0.3,0.11,0.75,6.6,452.3165644,2021,147,0.006374167
1244,2021-05-28,148,6185.987186,1475.714642,4710.272544,7661.701828,2831.830955,6845.270776,15.56219372,0.22220297,5,0.3,0.11,0.75,6.6,451.4858574,2021,148,0.006429205
1245,2021-05-29,149,6200.451632,1477.02945,4723.422183,7677.481082,2831.830955,6845.270776,15.57821491,0.22220297,5,0.3,0.11,0.75,6.6,455.1215887,2021,149,0.006557917
1246,2021-05-30,150,6215.276635,1478.942538,4736.334097,7694.219174,2831.830955,6845.270776,15.49708617,0.22220297,5,0.3,0.11,0.75,6.6,458.1082724,2021,150,0.006574896
1247,2021-05-31,151,6230.600967,1481.536671,4749.064296,7712.137637,2831.830955,6845.270776,15.72162133,0.22220297,5,0.3,0.11,0.75,6.6,462.1521863,2021,151,0.006481146
1248,2021-06-01,152,6246.563398,1484.893772,4761.669626,7731.457169,2831.830955,6845.270776,15.82250175,0.22220297,5,0.3,0.11,0.75,6.6,476.124086,2021,152,0.006314271
1249,2021-06-02,153,6263.3027,1489.095159,4774.207542,7752.397859,2831.830955,6845.270776,15.78172853,0.22220297,6,0.3,0.11,0.75,6.6,459.1745907,2021,153,0.006283958
1250,2021-06-03,154,6280.915612,1494.193077,4786.722535,7775.108688,2831.830955,6845.270776,15.91680938,0.22220297,6,0.3,0.11,0.75,6.6,461.731542,2021,154,0.006487813
1251,2021-06-04,155,6299.330735,1500.12499,4799.205745,7799.455725,2831.830955,6845.270776,15.84364129,0.22220297,6,0.3,0.11,0.75,6.6,441.7296824,2021,155,0.006244063
1252,2021-06-05,156,6318.434639,1506.800304,4811.634335,7825.234943,2831.830955,6845.270776,15.92669239,0.22220297,6,0.3,0.11,0.75,6.6,440.5514358,2021,156,0.00611125
1253,2021-06-06,157,6338.11389,1514.129059,4823.984832,7852.242949,2831.830955,6845.270776,16.05404688,0.22220297,6,0.3,0.11,0.75,6.6,444.0922183,2021,157,0.00607125
1254,2021-06-07,158,6358.255059,1522.021803,4836.233255,7880.276862,2831.830955,6845.270776,16.11046667,0.22220297,6,0.3,0.11,0.75,6.6,453.7964112,2021,158,0.006207158
1255,2021-06-08,159,6378.744712,1530.389483,4848.355229,7909.134195,2831.830955,6845.270776,16.31480021,0.22220297,6,0.3,0.11,0.75,6.6,497.993115,2021,159,0.006046563
1256,2021-06-09,160,6399.469419,1539.143327,4860.326092,7938.612746,2831.830955,6845.270776,16.43003229,0.22220297,6,0.3,0.11,0.75,6.6,472.3773664,2021,160,0.005992188
1257,2021-06-10,161,6420.315747,1548.194757,4872.120991,7968.510504,2831.830955,6845.270776,16.37378438,0.22220297,6,0.3,0.11,0.75,6.6,446.9069448,2021,161,0.00600875
1258,2021-06-11,162,6441.170266,1557.455294,4883.714972,7998.62556,2831.830955,6845.270776,16.28769688,0.22220297,6,0.3,0.11,0.75,6.6,441.066435,2021,162,0.006547604
1259,2021-06-12,163,6461.919544,1566.836486,4895.083058,8028.75603,2831.830955,6845.270776,16.27680382,0.22220297,6,0.3,0.11,0.75,6.6,453.1084432,2021,163,0.006448125
1260,2021-06-13,164,6482.450148,1576.249842,4906.200306,8058.69999,2831.830955,6845.270776,16.21014552,0.22220297,6,0.3,0.11,0.75,6.6,455.557416,2021,164,0.006552292
1261,2021-06-14,165,6502.648647,1585.606776,4917.041872,8088.255423,2831.830955,6845.270776,16.26583436,0.22220297,6,0.3,0.11,0.75,6.6,455.068822,2021,165,0.006055313
1262,2021-06-15,166,6522.401611,1594.818562,4927.583048,8117.220173,2831.830955,6845.270776,16.44110342,0.22220297,6,0.3,0.11,0.75,6.6,459.4356326,2021,166,0.005920729
1263,2021-06-16,167,6541.595606,1603.796303,4937.799303,8145.391908,2831.830955,6845.270776,16.50252604,0.22220297,6,0.3,0.11,0.75,6.6,473.0311478,2021,167,0.005935104
1264,2021-06-17,168,6560.117201,1612.450895,4947.666306,8172.568097,2831.830955,6845.270776,16.49681581,0.22220297,6,0.3,0.11,0.75,6.6,463.2482068,2021,168,0.005916875
1265,2021-06-18,169,6577.852966,1620.693019,4957.159947,8198.545984,2831.830955,6845.270776,16.40950044,0.22220297,6,0.3,0.11,0.75,6.6,445.9415649,2021,169,0.005854271
1266,2021-06-19,170,6594.689467,1628.433119,4966.256348,8223.122587,2831.830955,6845.270776,16.4156684,0.22220297,6,0.3,0.11,0.75,6.6,431.2700338,2021,170,0.005793542
1267,2021-06-20,171,6610.513274,1635.581406,4974.931868,8246.09468,2831.830955,6845.270776,16.39746615,0.22220297,6,0.3,0.11,0.75,6.6,435.2472437,2021,171,0.005777188
1268,2021-06-21,172,6625.210955,1642.04785,4983.163105,8267.258805,2831.830955,6845.270776,16.51857815,0.22220297,6,0.3,0.11,0.75,6.6,448.7425752,2021,172,0.005862143
1269,2021-06-22,173,6638.669078,1647.742189,4990.926889,8286.411267,2831.830955,6845.270776,16.47903472,0.22220297,6,0.3,0.11,0.75,6.6,453.1323348,2021,173,0.015164271
1270,2021-06-23,174,6650.774212,1652.57394,4998.200272,8303.348152,2831.830955,6845.270776,16.49640997,0.22220297,6,0.3,0.11,0.75,6.6,459.5555365,2021,174,0.00758875
1271,2021-06-24,175,6661.412925,1656.45241,5004.960514,8317.865335,2831.830955,6845.270776,16.65731858,0.22220297,6,0.3,0.11,0.75,6.6,451.1068989,2021,175,0.006645104
1272,2021-06-25,176,6670.471785,1659.286716,5011.185069,8329.7585,2831.830955,6845.270776,16.66220339,0.22220297,6,0.3,0.11,0.75,6.6,450.785991,2021,176,0.006110521
1273,2021-06-26,177,6677.83736,1660.985802,5016.851559,8338.823162,2831.830955,6845.270776,16.74065751,0.22220297,6,0.3,0.11,0.75,6.6,443.580799,2021,177,0.0059525
1274,2021-06-27,178,6683.39622,1661.458467,5021.937753,8344.854687,2831.830955,6845.270776,16.7488099,0.22220297,6,0.3,0.11,0.75,6.6,468.1039794,2021,178,0.005840313
1275,2021-06-28,179,6687.034933,1660.613391,5026.421542,8347.648323,2831.830955,6845.270776,16.73870313,0.22220297,6,0.3,0.11,0.75,6.6,458.9925464,2021,179,0.005745417
1276,2021-06-29,180,6688.640066,1658.359163,5030.280902,8346.999229,2831.830955,6845.270776,16.89037489,0.22220297,6,0.3,0.11,0.75,6.6,470.1004629,2021,180,0.005693958
1277,2021-06-30,181,6688.098188,1654.604321,5033.493867,8342.70251,2831.830955,6845.270776,17.11436181,0.22220297,6,0.3,0.11,0.75,6.6,470.8697716,2021,181,0.005699792
1278,2021-07-01,182,6685.295868,1649.257385,5036.038483,8334.553253,2831.830955,6845.270776,17.33613013,0.22220297,6,0.3,0.11,0.75,6.6,469.2538838,2021,182,0.005717083
1279,2021-07-02,183,6680.119674,1642.226903,5037.892771,8322.346577,2831.830955,6845.270776,17.24976742,0.22220297,7,0.3,0.11,0.75,6.6,475.5443238,2021,183,0.006412188
1280,2021-07-03,184,6672.495426,1633.447382,5039.048044,8305.942808,2831.830955,6845.270776,17.2031446,0.22220297,7,0.3,0.11,0.75,6.6,481.2399817,2021,184,0.005885625
1281,2021-07-04,185,6662.505949,1622.95705,5039.548899,8285.462998,2831.830955,6845.270776,17.31608594,0.22220297,7,0.3,0.11,0.75,6.6,480.3982826,2021,185,0.005797188
1282,2021-07-05,186,6650.273319,1610.82033,5039.452989,8261.093649,2831.830955,6845.270776,17.5061214,0.22220297,7,0.3,0.11,0.75,6.6,479.5565835,2021,186,0.005671563
1283,2021-07-06,187,6635.919614,1597.101957,5038.817658,8233.021571,2831.830955,6845.270776,17.58898524,0.22220297,7,0.3,0.11,0.75,6.6,485.7157694,2021,187,0.005592917
1284,2021-07-07,188,6619.566911,1581.866965,5037.699946,8201.433876,2831.830955,6845.270776,17.44646788,0.22220297,7,0.3,0.11,0.75,6.6,484.0689044,2021,188,0.005621042
1285,2021-07-08,189,6601.337286,1565.180682,5036.156604,8166.517968,2831.830955,6845.270776,17.42568142,0.22220297,7,0.3,0.11,0.75,6.6,491.6551665,2021,189,0.005664688
1286,2021-07-09,190,6581.352816,1547.108726,5034.24409,8128.461541,2831.830955,6845.270776,17.50284635,0.22220297,7,0.3,0.11,0.75,6.6,473.7977478,2021,190,0.005585521
1287,2021-07-10,191,6559.735577,1527.717008,5032.018569,8087.452585,2831.830955,6845.270776,17.57748906,0.22220297,7,0.3,0.11,0.75,6.6,456.2081699,2021,191,0.005641354
1288,2021-07-11,192,6536.607647,1507.071747,5029.5359,8043.679394,2831.830955,6845.270776,17.4755952,0.22220297,7,0.3,0.11,0.75,6.6,454.345492,2021,192,0.005741563
1289,2021-07-12,193,6512.091102,1485.23948,5026.851622,7997.330582,2831.830955,6845.270776,17.58842002,0.22220297,7,0.3,0.11,0.75,6.6,452.4828141,2021,193,0.00596125
1290,2021-07-13,194,6486.308019,1462.287086,5024.020933,7948.595105,2831.830955,6845.270776,17.49890122,0.22220297,7,0.3,0.11,0.75,6.6,450.6201362,2021,194,0.005669583
1291,2021-07-14,195,6459.380475,1438.281814,5021.098661,7897.662289,2831.830955,6845.270776,17.55963336,0.22220297,7,0.3,0.11,0.75,6.6,448.7574583,2021,195,0.005879896
1292,2021-07-15,196,6431.430546,1413.291317,5018.13923,7844.721863,2831.830955,6845.270776,17.6303316,0.22220297,7,0.3,0.11,0.75,6.6,446.8947804,2021,196,0.006165208
1293,2021-07-16,197,6402.58031,1387.383696,5015.196614,7789.964006,2831.830955,6845.270776,17.7078125,0.22220297,7,0.3,0.11,0.75,6.6,445.0321025,2021,197,0.005795938
1294,2021-07-17,198,6372.951843,1360.627552,5012.324291,7733.579395,2831.830955,6845.270776,17.73994271,0.22220297,7,0.3,0.11,0.75,6.6,443.1694246,2021,198,0.005625833
1295,2021-07-18,199,6342.667222,1333.092048,5009.575174,7675.759269,2831.830955,6845.270776,17.82890625,0.22220297,7,0.3,0.11,0.75,6.6,441.3067467,2021,199,0.006161875
1296,2021-07-19,200,6311.848523,1304.846979,5007.001544,7616.695502,2831.830955,6845.270776,17.57905816,0.22220297,7,0.3,0.11,0.75,6.6,443.2141736,2021,200,0.007196875
1297,2021-07-20,201,6280.617824,1275.962863,5004.654961,7556.580686,2831.830955,6845.270776,17.64637533,0.22220297,7,0.3,0.11,0.75,6.6,445.1216005,2021,201,0.009571042
1298,2021-07-21,202,6249.0972,1246.511034,5002.586167,7495.608234,2831.830955,6845.270776,17.89783709,0.22220297,7,0.3,0.11,0.75,6.6,459.3526427,2021,202,0.007591875
1299,2021-07-22,203,6217.40873,1216.563762,5000.844968,7433.972492,2831.830955,6845.270776,17.62952865,0.22220297,7,0.3,0.11,0.75,6.6,503.6959271,2021,203,0.006610521
1300,2021-07-23,204,6185.674489,1186.194388,4999.480102,7371.868877,2831.830955,6845.270776,17.51624557,0.22220297,7,0.3,0.11,0.75,6.6,493.4630246,2021,204,0.005996042
1301,2021-07-24,205,6154.016555,1155.477474,4998.539081,7309.494029,2831.830955,6845.270776,17.39714149,0.22220297,7,0.3,0.11,0.75,6.6,468.1372569,2021,205,0.005775417
1302,2021-07-25,206,6122.557004,1124.488987,4998.068018,7247.045991,2831.830955,6845.270776,17.44880522,0.22220297,7,0.3,0.11,0.75,6.6,487.8146375,2021,206,0.005670729
1303,2021-07-26,207,6091.417913,1093.306497,4998.111417,7184.72441,2831.830955,6845.270776,17.44171416,0.22220297,7,0.3,0.11,0.75,6.6,474.7936403,2021,207,0.005600417
1304,2021-07-27,208,6060.721359,1062.009414,4998.711946,7122.730773,2831.830955,6845.270776,17.6657659,0.22220297,7,0.3,0.11,0.75,6.6,470.7229863,2021,208,0.005541458
1305,2021-07-28,209,6030.589419,1030.679248,4999.910171,7061.268666,2831.830955,6845.270776,17.83889228,0.22220297,7,0.3,0.11,0.75,6.6,484.9839468,2021,209,0.005445181
1306,2021-07-29,210,6001.144168,999.3999075,5001.744261,7000.544076,2831.830955,6845.270776,17.79729232,0.22220297,7,0.3,0.11,0.75,6.6,475.6247207,2021,210,0.005441563
1307,2021-07-30,211,5972.507685,968.2580303,5004.249655,6940.765715,2831.830955,6845.270776,17.75781424,0.22220297,7,0.3,0.11,0.75,6.6,465.2811326,2021,211,0.005449479
1308,2021-07-31,212,5944.802046,937.3433473,5007.458698,6882.145393,2831.830955,6845.270776,17.75831337,0.22220297,7,0.3,0.11,0.75,6.6,473.4299769,2021,212,0.005441667
1309,2021-08-01,213,5918.149327,906.7490813,5011.400245,6824.898408,2831.830955,6845.270776,17.68935397,0.22220297,7,0.3,0.11,0.75,6.6,456.6712961,2021,213,0.005476875
1310,2021-08-02,214,5892.671605,876.57237,5016.099235,6769.243975,2831.830955,6845.270776,17.4726276,0.22220297,8,0.3,0.11,0.75,6.6,464.2364523,2021,214,0.005475208
1311,2021-08-03,215,5868.47664,846.9069749,5021.569665,6715.383615,2831.830955,6845.270776,17.57817704,0.22220297,8,0.3,0.11,0.75,6.6,478.9472606,2021,215,0.005524891
1312,2021-08-04,216,5845.614918,817.8217378,5027.79318,6663.436656,2831.830955,6845.270776,17.52472483,0.22220297,8,0.3,0.11,0.75,6.6,480.969019,2021,216,0.006053125
1313,2021-08-05,217,5824.122609,789.3847201,5034.737888,6613.507329,2831.830955,6845.270776,17.56649001,0.22220297,8,0.3,0.11,0.75,6.6,482.9907774,2021,217,0.005757813
1314,2021-08-06,218,5804.035881,761.6715487,5042.364332,6565.707429,2831.830955,6845.270776,17.63772464,0.22220297,8,0.3,0.11,0.75,6.6,476.0284511,2021,218,0.005489583
1315,2021-08-07,219,5785.390904,734.7664211,5050.624482,6520.157325,2831.830955,6845.270776,17.67473872,0.22220297,8,0.3,0.11,0.75,6.6,468.0791096,2021,219,0.005448958
1316,2021-08-08,220,5768.223846,708.763142,5059.460704,6476.986988,2831.830955,6845.270776,17.64933627,0.22220297,8,0.3,0.11,0.75,6.6,493.7389969,2021,220,0.005487813
1317,2021-08-09,221,5752.570878,683.7661399,5068.804739,6436.337018,2831.830955,6845.270776,17.64725752,0.22220297,8,0.3,0.11,0.75,6.6,460.0897728,2021,221,0.005415313
1318,2021-08-10,222,5738.468169,659.8913773,5078.576791,6398.359546,2831.830955,6845.270776,17.64913093,0.22220297,8,0.3,0.11,0.75,6.6,486.3837928,2021,222,0.005455729
1319,2021-08-11,223,5725.951887,637.2670323,5088.684854,6363.218919,2831.830955,6845.270776,17.55756386,0.22220297,8,0.3,0.11,0.75,6.6,473.9632255,2021,223,0.005361277
1320,2021-08-12,224,5715.058201,616.0337845,5099.024416,6331.091986,2831.830955,6845.270776,17.64795486,0.22220297,8,0.3,0.11,0.75,6.6,454.085761,2021,224,0.005346979
1321,2021-08-13,225,5705.823281,596.3444903,5109.478791,6302.167771,2831.830955,6845.270776,17.70845226,0.22220297,8,0.3,0.11,0.75,6.6,438.6166607,2021,225,0.005276979
1322,2021-08-14,226,5698.283296,578.3629918,5119.920305,6276.646288,2831.830955,6845.270776,17.78051128,0.22220297,8,0.3,0.11,0.75,6.6,461.8673761,2021,226,0.005251979
1323,2021-08-15,227,5692.474416,562.2617921,5130.212624,6254.736208,2831.830955,6845.270776,17.7460913,0.22220297,8,0.3,0.11,0.75,6.6,484.8142896,2021,227,0.005447708
1324,2021-08-16,228,5688.432808,548.2183568,5140.214451,6236.651165,2831.830955,6845.270776,17.53291406,0.22220297,8,0.3,0.11,0.75,6.6,453.4758971,2021,228,0.005575417
1325,2021-08-17,229,5686.194643,536.4099122,5149.784731,6222.604555,2831.830955,6845.270776,17.467014,0.22220297,8,0.3,0.11,0.75,6.6,440.3425981,2021,229,0.006158068
1326,2021-08-18,230,5685.79609,527.0068055,5158.789284,6212.802895,2831.830955,6845.270776,17.5190061,0.22220297,8,0.3,0.11,0.75,6.6,457.2064614,2021,230,0.007111042
1327,2021-08-19,231,5687.273317,520.1647787,5167.108539,6207.438096,2831.830955,6845.270776,17.52801942,0.22220297,8,0.3,0.11,0.75,6.6,456.4251059,2021,231,0.006084302
1328,2021-08-20,232,5690.662495,516.0168364,5174.645658,6206.679331,2831.830955,6845.270776,17.66485004,0.22220297,8,0.3,0.11,0.75,6.6,466.5618178,2021,232,0.006304375
1329,2021-08-21,233,5695.999791,514.6656708,5181.334121,6210.665462,2831.830955,6845.270776,17.70008333,0.22220297,8,0.3,0.11,0.75,6.6,480.0614813,2021,233,0.006271771
1330,2021-08-22,234,5703.321376,516.1777311,5187.143645,6219.499107,2831.830955,6845.270776,17.80784805,0.22220297,8,0.3,0.11,0.75,6.6,479.9754706,2021,234,0.006375313
1331,2021-08-23,235,5712.663418,520.5799015,5192.083517,6233.24332,2831.830955,6845.270776,17.68710987,0.22220297,8,0.3,0.11,0.75,6.6,462.4042797,2021,235,0.006641979
1332,2021-08-24,236,5724.062087,527.8593635,5196.202724,6251.921451,2831.830955,6845.270776,17.51858681,0.22220297,8,0.3,0.11,0.75,6.6,461.6199167,2021,236,0.006128021
1333,2021-08-25,237,5737.553552,537.9666627,5199.586889,6275.520215,2831.830955,6845.270776,17.72611285,0.22220297,8,0.3,0.11,0.75,6.6,457.7406527,2021,237,0.005713542
1334,2021-08-26,238,5753.173982,550.8214391,5202.352542,6303.995421,2831.830955,6845.270776,17.78975608,0.22220297,8,0.3,0.11,0.75,6.6,459.7823162,2021,238,0.005597813
1335,2021-08-27,239,5770.959545,566.3198854,5204.63966,6337.279431,2831.830955,6845.270776,17.78857292,0.22220297,8,0.3,0.11,0.75,6.6,461.8239797,2021,239,0.005499375
1336,2021-08-28,240,5790.946412,584.3428571,5206.603555,6375.289269,2831.830955,6845.270776,17.94103212,0.22220297,8,0.3,0.11,0.75,6.6,463.8656432,2021,240,0.005421771
1337,2021-08-29,241,5813.170752,604.7636725,5208.407079,6417.934424,2831.830955,6845.270776,17.85166146,0.22220297,8,0.3,0.11,0.75,6.6,465.9073066,2021,241,0.005375833
1338,2021-08-30,242,5837.668733,627.4549082,5210.213825,6465.123641,2831.830955,6845.270776,17.86629427,0.22220297,8,0.3,0.11,0.75,6.6,469.9315116,2021,242,0.005405
1339,2021-08-31,243,5864.476525,652.2938156,5212.182709,6516.77034,2831.830955,6845.270776,17.65688358,0.22220297,8,0.3,0.11,0.75,6.6,438.4338114,2021,243,0.006591771
1340,2021-09-01,244,5893.630297,679.1662677,5214.464029,6572.796564,2831.830955,6845.270776,17.54429515,0.22220297,8,0.3,0.11,0.75,6.6,446.1473889,2021,244,0.078910313
1341,2021-09-02,245,5925.166218,707.9693424,5217.196875,6633.13556,2831.830955,6845.270776,17.57656852,0.22220297,9,0.3,0.11,0.75,6.6,443.3521513,2021,245,0.025227229
1342,2021-09-03,246,5959.0714,738.5885248,5220.482875,6697.659924,2831.830955,6845.270776,17.67667535,0.22220297,9,0.3,0.11,0.75,6.6,451.6760873,2021,246,0.011951042
1343,2021-09-04,247,5995.136727,770.8242867,5224.31244,6765.961014,2831.830955,6845.270776,17.73240799,0.22220297,9,0.3,0.11,0.75,6.6,460.7030536,2021,247,0.007586979
1344,2021-09-05,248,6033.104026,804.4627628,5228.641263,6837.566789,2831.830955,6845.270776,17.8098822,0.22220297,9,0.3,0.11,0.75,6.6,458.7814298,2021,248,0.006706875
1345,2021-09-06,249,6072.715124,839.2995845,5233.415539,6912.014708,2831.830955,6845.270776,17.65303038,0.22220297,9,0.3,0.11,0.75,6.6,472.5406992,2021,249,0.006377604
1346,2021-09-07,250,6113.711847,875.1393641,5238.572483,6988.851211,2831.830955,6845.270776,17.49395833,0.22220297,9,0.3,0.11,0.75,6.6,464.8821929,2021,250,0.006201042
1347,2021-09-08,251,6155.836023,911.7949132,5244.04111,7067.630936,2831.830955,6845.270776,17.44052951,0.22220297,9,0.3,0.11,0.75,6.6,451.5891137,2021,251,0.006058438
1348,2021-09-09,252,6198.829478,949.0863453,5249.743132,7147.915823,2831.830955,6845.270776,17.52997135,0.22220297,9,0.3,0.11,0.75,6.6,452.4524454,2021,252,0.006041458
1349,2021-09-10,253,6242.434038,986.8401606,5255.593878,7229.274199,2831.830955,6845.270776,17.30520052,0.22220297,9,0.3,0.11,0.75,6.6,443.098439,2021,253,0.006019583
1350,2021-09-11,254,6286.391532,1024.888372,5261.50316,7311.279903,2831.830955,6845.270776,17.35860764,0.22220297,9,0.3,0.11,0.75,6.6,463.5607218,2021,254,0.005979479
1351,2021-09-12,255,6330.443784,1063.067708,5267.376077,7393.511492,2831.830955,6845.270776,17.55512957,0.22220297,9,0.3,0.11,0.75,6.6,458.3209455,2021,255,0.0058725
1352,2021-09-13,256,6374.332624,1101.218905,5273.113719,7475.551529,2831.830955,6845.270776,17.43321528,0.22220297,9,0.3,0.11,0.75,6.6,443.8750876,2021,256,0.005816667
1353,2021-09-14,257,6417.799876,1139.186096,5278.61378,7556.985972,2831.830955,6845.270776,17.4700408,0.22220297,9,0.3,0.11,0.75,6.6,433.9823206,2021,257,0.005778854
1354,2021-09-15,258,6460.587368,1176.816287,5283.771081,7637.403656,2831.830955,6845.270776,17.49035211,0.22220297,9,0.3,0.11,0.75,6.6,431.0586196,2021,258,0.00577625
1355,2021-09-16,259,6502.436928,1213.958924,5288.478003,7716.395852,2831.830955,6845.270776,17.39078646,0.22220297,9,0.3,0.11,0.75,6.6,449.781779,2021,259,0.005743646
1356,2021-09-17,260,6543.09038,1250.465529,5292.624851,7793.55591,2831.830955,6845.270776,17.40217622,0.22220297,9,0.3,0.11,0.75,6.6,448.2078786,2021,260,0.005679167
1357,2021-09-18,261,6582.289553,1286.18941,5296.100144,7868.478963,2831.830955,6845.270776,17.18383094,0.22220297,9,0.3,0.11,0.75,6.6,447.7335138,2021,261,0.005738229
1358,2021-09-19,262,6619.776273,1320.985423,5298.79085,7940.761697,2831.830955,6845.270776,17.10759739,0.22220297,9,0.3,0.11,0.75,6.6,450.7894209,2021,262,0.00575375
1359,2021-09-20,263,6655.292368,1354.709798,5300.582569,8010.002166,2831.830955,6845.270776,16.97276115,0.22220297,9,0.3,0.11,0.75,6.6,471.0224726,2021,263,0.005883958
1360,2021-09-21,264,6688.579663,1387.219997,5301.359665,8075.79966,2831.830955,6845.270776,16.94535721,0.22220297,9,0.3,0.11,0.75,6.6,461.4654794,2021,264,0.005993068
1361,2021-09-22,265,6719.379985,1418.374621,5301.005364,8137.754606,2831.830955,6845.270776,16.75191493,0.22220297,9,0.3,0.11,0.75,6.6,467.3482053,2021,265,0.006060833
1362,2021-09-23,266,6747.435162,1448.033353,5299.40181,8195.468515,2831.830955,6845.270776,15.9198342,0.22220297,9,0.3,0.11,0.75,6.6,425.8020151,2021,266,0.006084688
1363,2021-09-24,267,6772.48702,1476.056928,5296.430092,8248.543949,2831.830955,6845.270776,15.77881076,0.22220297,9,0.3,0.11,0.75,6.6,439.1008496,2021,267,0.005818229
1364,2021-09-25,268,6794.277386,1502.307148,5291.970238,8296.584535,2831.830955,6845.270776,15.91619114,0.22220297,9,0.3,0.11,0.75,6.6,440.1555365,2021,268,0.005671354
1365,2021-09-26,269,6812.548087,1526.646912,5285.901175,8339.194999,2831.830955,6845.270776,16.32980423,0.22220297,9,0.3,0.11,0.75,6.6,445.2866762,2021,269,0.005505625
1366,2021-09-27,270,6827.04095,1548.940288,5278.100662,8375.981238,2831.830955,6845.270776,16.07511979,0.22220297,9,0.3,0.11,0.75,6.6,441.7808157,2021,270,0.005497813
1367,2021-09-28,271,6837.497801,1569.052617,5268.445184,8406.550418,2831.830955,6845.270776,16.04666114,0.22220297,9,0.3,0.11,0.75,6.6,443.4849657,2021,271,0.00542883
1368,2021-09-29,272,6843.660467,1586.850647,5256.80982,8430.511115,2831.830955,6845.270776,16.32371665,0.22220297,9,0.3,0.11,0.75,6.6,442.482987,2021,272,0.005401042
1369,2021-09-30,273,6845.270776,1602.202715,5243.068061,8447.47349,2831.830955,6845.270776,16.38923524,0.22220297,9,0.3,0.11,0.75,6.6,440.5512494,2021,273,0.005405625
1370,2021-10-01,274,6842.070553,1614.978965,5227.091588,8457.049518,2831.830955,6845.270776,16.16351291,0.22220297,9,0.3,0.11,0.75,6.6,434.319329,2021,274,0.002892188
1371,2021-10-02,275,6833.801626,1625.051633,5208.749992,8458.853259,2831.830955,6845.270776,16.31410895,0.22220297,10,0.3,0.11,0.75,6.6,447.5585174,2021,275,0.003005
1372,2021-10-03,276,6820.286036,1632.331267,5187.954769,8452.617304,2831.830955,6845.270776,16.12568651,0.22220297,10,0.3,0.11,0.75,6.6,445.317344,2021,276,0.004292083
1373,2021-10-04,277,6801.666689,1636.873944,5164.792744,8438.540633,2831.830955,6845.270776,16.02385031,0.22220297,10,0.3,0.11,0.75,6.6,441.1268421,2021,277,0.004306146
1374,2021-10-05,278,6778.166702,1638.772277,5139.394424,8416.938979,2831.830955,6845.270776,15.85157552,0.22220297,10,0.3,0.11,0.75,6.6,463.0292614,2021,278,0.003827188
1375,2021-10-06,279,6750.009195,1638.119076,5111.890119,8388.12827,2831.830955,6845.270776,15.95564583,0.22220297,10,0.3,0.11,0.75,6.6,451.7870034,2021,279,0.003746146
1376,2021-10-07,280,6717.417286,1635.007118,5082.410168,8352.424404,2831.830955,6845.270776,15.72467857,0.22220297,10,0.3,0.11,0.75,6.6,448.1325386,2021,280,0.005051771
1377,2021-10-08,281,6680.614096,1629.528982,5051.085115,8310.143078,2831.830955,6845.270776,15.21180973,0.22220297,10,0.3,0.11,0.75,6.6,442.6787462,2021,281,0.016490521
1378,2021-10-09,282,6639.822743,1621.776917,5018.045826,8261.599661,2831.830955,6845.270776,14.88719598,0.22220297,10,0.3,0.11,0.75,6.6,452.2119934,2021,282,0.011037083
1379,2021-10-10,283,6595.266347,1611.842776,4983.423571,8207.109123,2831.830955,6845.270776,15.32394097,0.22220297,10,0.3,0.11,0.75,6.6,451.4399588,2021,283,0.00890875
1380,2021-10-11,284,6547.168026,1599.817978,4947.350048,8146.986004,2831.830955,6845.270776,15.36854948,0.22220297,10,0.3,0.11,0.75,6.6,465.6855065,2021,284,0.007322292
1381,2021-10-12,285,6495.7509,1585.793532,4909.957368,8081.544432,2831.830955,6845.270776,15.219,0.22220297,10,0.3,0.11,0.75,6.6,454.5170022,2021,285,0.006886563
1382,2021-10-13,286,6441.238087,1569.860104,4871.377983,8011.098191,2831.830955,6845.270776,14.99316843,0.22220297,10,0.3,0.11,0.75,6.6,460.5111966,2021,286,0.006724896
1383,2021-10-14,287,6383.852707,1552.108146,4831.744561,7935.960854,2831.830955,6845.270776,14.68317596,0.22220297,10,0.3,0.11,0.75,6.6,461.902513,2021,287,0.006594896
1384,2021-10-15,288,6323.81788,1532.628088,4791.189792,7856.445968,2831.830955,6845.270776,14.44523084,0.22220297,10,0.3,0.11,0.75,6.6,463.4771068,2021,288,0.006428125
1385,2021-10-16,289,6261.356723,1511.510602,4749.846121,7772.867326,2831.830955,6845.270776,14.74297818,0.22220297,10,0.3,0.11,0.75,6.6,449.7953364,2021,289,0.037754896
1386,2021-10-17,290,6196.692357,1488.846955,4707.845402,7685.539312,2831.830955,6845.270776,13.82819942,0.22220297,10,0.3,0.11,0.75,6.6,435.8634156,2021,290,0.043896146
1387,2021-10-18,291,6130.0479,1464.729466,4665.318434,7594.777367,2831.830955,6845.270776,12.45685273,0.22220297,10,0.3,0.11,0.75,6.6,442.3370721,2021,291,0.031492292
1388,2021-10-19,292,6061.646472,1439.252083,4622.394389,7500.898555,2831.830955,6845.270776,12.44379652,0.22220297,10,0.3,0.11,0.75,6.6,456.2893632,2021,292,0.023025625
1389,2021-10-20,293,5991.711192,1412.511102,4579.200089,7404.222294,2831.830955,6845.270776,13.46417014,0.22220297,10,0.3,0.11,0.75,6.6,449.6316,2021,293,0.014825938
1390,2021-10-21,294,5920.465178,1384.60607,4535.859108,7305.071247,2831.830955,6845.270776,13.21269444,0.22220297,10,0.3,0.11,0.75,6.6,448.8423768,2021,294,0.011818229
1391,2021-10-22,295,5848.13155,1355.640878,4492.490672,7203.772428,2831.830955,6845.270776,13.36297135,0.22220297,10,0.3,0.11,0.75,6.6,446.5979302,2021,295,0.011982708
1392,2021-10-23,296,5774.933427,1325.725122,4449.208305,7100.658549,2831.830955,6845.270776,13.14004621,0.22220297,10,0.3,0.11,0.75,6.6,446.2350034,2021,296,0.01131375
1393,2021-10-24,297,5701.093929,1294.975738,4406.11819,6996.069667,2831.830955,6845.270776,13.23093192,0.22220297,10,0.3,0.11,0.75,6.6,452.09475,2021,297,0.010866979
1394,2021-10-25,298,5626.836173,1263.519004,4363.31717,6890.355177,2831.830955,6845.270776,13.6143268,0.22220297,10,0.3,0.11,0.75,6.6,446.4506866,2021,298,0.011005729
1395,2021-10-26,299,5552.383281,1231.492935,4320.890345,6783.876216,2831.830955,6845.270776,14.05242707,0.22220297,10,0.3,0.11,0.75,6.6,440.0346948,2021,299,0.011235625
1396,2021-10-27,300,5477.958369,1199.050171,4278.908198,6677.008541,2831.830955,6845.270776,13.95457977,0.22220297,10,0.3,0.11,0.75,6.6,436.5409768,2021,300,0.011288333
1397,2021-10-28,301,5403.784559,1166.361393,4237.423166,6570.145952,2831.830955,6845.270776,13.84014063,0.22220297,10,0.3,0.11,0.75,6.6,450.8151464,2021,301,0.011448542
1398,2021-10-29,302,5330.084968,1133.619346,4196.465622,6463.704315,2831.830955,6845.270776,14.21146416,0.22220297,10,0.3,0.11,0.75,6.6,444.8460347,2021,302,0.011789792
1399,2021-10-30,303,5257.082717,1101.043507,4156.03921,6358.126224,2831.830955,6845.270776,14.0662164,0.22220297,10,0.3,0.11,0.75,6.6,449.7027128,2021,303,0.011680208
1400,2021-10-31,304,5185.000923,1068.885372,4116.115551,6253.886295,2831.830955,6845.270776,13.83870681,0.22220297,10,0.3,0.11,0.75,6.6,449.8874607,2021,304,0.0114725
1401,2021-11-01,305,5114.062707,1037.434294,4076.628413,6151.497001,2831.830955,6845.270776,12.66707478,0.22220297,10,0.3,0.11,0.75,6.6,457.2454178,2021,305,0.011189167
1402,2021-11-02,306,5044.491187,1007.023629,4037.467558,6051.514816,2831.830955,6845.270776,12.32906163,0.22220297,11,0.3,0.11,0.75,6.6,452.8067286,2021,306,0.011165938
1403,2021-11-03,307,4976.472498,978.0418363,3998.430662,5954.514335,2831.830955,6845.270776,11.29574826,0.22220297,11,0.3,0.11,0.75,6.6,450.5057895,2021,307,0.011398438
1404,2021-11-04,308,4910.04484,950.9384982,3959.106342,5860.983338,2831.830955,6845.270776,11.20913194,0.22220297,11,0.3,0.11,0.75,6.6,445.5598832,2021,308,0.011508125
1405,2021-11-05,309,4845.209426,926.1804228,3919.029003,5771.389848,2831.830955,6845.270776,12.0867113,0.22220297,11,0.3,0.11,0.75,6.6,438.8817567,2021,309,0.011558438
1406,2021-11-06,310,4781.96747,904.2284834,3877.738987,5686.195953,2831.830955,6845.270776,12.68909939,0.22220297,11,0.3,0.11,0.75,6.6,444.3701369,2021,310,0.011454792
1407,2021-11-07,311,4720.320188,885.5184052,3834.801782,5605.838593,2831.830955,6845.270776,12.92570226,0.22220297,11,0.3,0.11,0.75,6.6,452.1490852,2021,311,0.011387396
1408,2021-11-08,312,4660.268793,870.4382682,3789.830525,5530.707061,2831.830955,6845.270776,12.82777951,0.22220297,11,0.3,0.11,0.75,6.6,448.329753,2021,312,0.011055833
1409,2021-11-09,313,4601.8145,859.3044439,3742.510056,5461.118944,2831.830955,6845.270776,12.72282031,0.22220297,11,0.3,0.11,0.75,6.6,450.6991647,2021,313,0.010493958
1410,2021-11-10,314,4544.958523,852.3386763,3692.619847,5397.2972,2831.830955,6845.270776,12.63664721,0.22220297,11,0.3,0.11,0.75,6.6,449.3452958,2021,314,0.010342708
1411,2021-11-11,315,4489.702078,849.6496095,3640.052468,5339.351687,2831.830955,6845.270776,12.87809541,0.22220297,11,0.3,0.11,0.75,6.6,442.7636606,2021,315,0.010753958
1412,2021-11-12,316,4436.046377,851.2218869,3584.82449,5287.268264,2831.830955,6845.270776,12.66290885,0.22220297,11,0.3,0.11,0.75,6.6,446.3405316,2021,316,0.013325729
1413,2021-11-13,317,4383.992637,856.9148524,3527.077784,5240.907489,2831.830955,6845.270776,11.18216348,0.22220297,11,0.3,0.11,0.75,6.6,432.1520772,2021,317,0.011702188
1414,2021-11-14,318,4333.54207,866.4711149,3467.070955,5200.013185,2831.830955,6845.270776,10.69699913,0.22220297,11,0.3,0.11,0.75,6.6,439.221502,2021,318,0.012205833
1415,2021-11-15,319,4284.695892,879.533375,3405.162517,5164.229267,2831.830955,6845.270776,11.1509487,0.22220297,11,0.3,0.11,0.75,6.6,440.1642715,2021,319,0.011720938
1416,2021-11-16,320,4237.455316,895.6665685,3341.788748,5133.121885,2831.830955,6845.270776,11.42708834,0.22220297,11,0.3,0.11,0.75,6.6,440.8126101,2021,320,0.011610521
1417,2021-11-17,321,4191.821558,914.3819393,3277.439619,5106.203497,2831.830955,6845.270776,11.21606794,0.22220297,11,0.3,0.11,0.75,6.6,440.8856321,2021,321,0.010973438
1418,2021-11-18,322,4147.795832,935.1600641,3212.635768,5082.955896,2831.830955,6845.270776,11.19459051,0.22220297,11,0.3,0.11,0.75,6.6,438.9301809,2021,322,0.011050104
1419,2021-11-19,323,4105.379351,957.4707918,3147.90856,5062.850143,2831.830955,6845.270776,10.21270757,0.22220297,11,0.3,0.11,0.75,6.6,433.478695,2021,323,0.012341563
1420,2021-11-20,324,4064.573332,980.7891256,3083.784206,5045.362457,2831.830955,6845.270776,10.10838542,0.22220297,11,0.3,0.11,0.75,6.6,435.7286962,2021,324,0.012808229
1421,2021-11-21,325,4025.378987,1004.606956,3020.77203,5029.985943,2831.830955,6845.270776,10.2583653,0.22220297,11,0.3,0.11,0.75,6.6,440.8241877,2021,325,0.012637917
1422,2021-11-22,326,3987.797531,1028.44114,2959.356391,5016.238671,2831.830955,6845.270776,10.81575676,0.22220297,11,0.3,0.11,0.75,6.6,442.858941,2021,326,0.014141979
1423,2021-11-23,327,3951.83018,1051.838686,2899.991494,5003.668866,2831.830955,6845.270776,10.48909635,0.22220297,11,0.3,0.11,0.75,6.6,442.1525421,2021,327,0.0134125
1424,2021-11-24,328,3917.478146,1074.379894,2843.098253,4991.85804,2831.830955,6845.270776,10.48317361,0.22220297,11,0.3,0.11,0.75,6.6,443.4103544,2021,328,0.01332375
1425,2021-11-25,329,3884.742645,1095.680206,2789.062439,4980.422852,2831.830955,6845.270776,10.81181377,0.22220297,11,0.3,0.11,0.75,6.6,442.9109446,2021,329,0.012674271
1426,2021-11-26,330,3853.624891,1115.391433,2738.233458,4969.016325,2831.830955,6845.270776,10.7406875,0.22220297,11,0.3,0.11,0.75,6.6,436.0532731,2021,330,0.012928438
1427,2021-11-27,331,3824.126099,1133.202876,2690.923223,4957.328975,2831.830955,6845.270776,10.69153193,0.22220297,11,0.3,0.11,0.75,6.6,440.1955174,2021,331,0.013558333
1428,2021-11-28,332,3796.247482,1148.842787,2647.404696,4945.090269,2831.830955,6845.270776,9.853862222,0.22220297,11,0.3,0.11,0.75,6.6,434.2663406,2021,332,0.01341125
1429,2021-11-29,333,3769.990256,1162.080527,2607.909729,4932.070783,2831.830955,6845.270776,9.501483507,0.22220297,11,0.3,0.11,0.75,6.6,436.8175445,2021,333,0.013177604
1430,2021-11-30,334,3745.355634,1172.729753,2572.625881,4918.085387,2831.830955,6845.270776,10.14778521,0.22220297,11,0.3,0.11,0.75,6.6,438.0063412,2021,334,0.013186979
1431,2021-12-01,335,3722.344832,1180.652952,2541.691879,4902.997784,2831.830955,6845.270776,10.63673304,0.22220297,11,0.3,0.11,0.75,6.6,444.332784,2021,335,0.012486771
1432,2021-12-02,336,3700.959063,1185.767687,2515.191376,4886.726749,2831.830955,6845.270776,10.8304687,0.22220297,12,0.3,0.11,0.75,6.6,459.5870889,2021,336,0.011563438
1433,2021-12-03,337,3681.199542,1188.054924,2493.144617,4869.254466,2831.830955,6845.270776,11.1417168,0.22220297,12,0.3,0.11,0.75,6.6,460.5717212,2021,337,0.011343125
1434,2021-12-04,338,3663.067483,1187.569915,2475.497568,4850.637397,2831.830955,6845.270776,10.38969618,0.22220297,12,0.3,0.11,0.75,6.6,439.3872444,2021,338,0.010996875
1435,2021-12-05,339,3646.564101,1184.456085,2462.108015,4831.020186,2831.830955,6845.270776,10.25360435,0.22220297,12,0.3,0.11,0.75,6.6,450.7397678,2021,339,0.010775
1436,2021-12-06,340,3631.69061,1178.962458,2452.728152,4810.653067,2831.830955,6845.270776,10.59958594,0.22220297,12,0.3,0.11,0.75,6.6,452.3077771,2021,340,0.013422708
1437,2021-12-07,341,3618.448224,1171.464969,2446.983255,4789.913193,2831.830955,6845.270776,10.16450347,0.22220297,12,0.3,0.11,0.75,6.6,440.2637045,2021,341,0.014932292
1438,2021-12-08,342,3606.838159,1162.491796,2444.346362,4769.329955,2831.830955,6845.270776,10.47968854,0.22220297,12,0.3,0.11,0.75,6.6,440.5964502,2021,342,0.015826354
1439,2021-12-09,343,3596.861628,1152.752127,2444.109501,4749.613755,2831.830955,6845.270776,10.59564844,0.22220297,12,0.3,0.11,0.75,6.6,450.9770794,2021,343,0.016199063
1440,2021-12-10,344,3588.519845,1143.166623,2445.353223,4731.686468,2831.830955,6845.270776,11.30676794,0.22220297,12,0.3,0.11,0.75,6.6,455.0958606,2021,344,0.015376458
1441,2021-12-11,345,3581.814026,1134.895846,2446.91818,4716.709872,2831.830955,6845.270776,10.65718206,0.22220297,12,0.3,0.11,0.75,6.6,448.0949563,2021,345,0.023888542
1442,2021-12-12,346,3576.745385,1129.36011,2447.385275,4706.105495,2831.830955,6845.270776,10.08473084,0.22220297,12,0.3,0.11,0.75,6.6,439.6595413,2021,346,0.049901146
1443,2021-12-13,347,3573.315136,1128.240985,2445.074151,4701.55612,2831.830955,6845.270776,10.39500354,0.22220297,12,0.3,0.11,0.75,6.6,446.2686499,2021,347,0.053800938
1444,2021-12-14,348,3571.524493,1133.452343,2438.072149,4704.976836,2831.830955,6845.270776,10.97750132,0.22220297,12,0.3,0.11,0.75,6.6,448.342742,2021,348,0.048487708
1445,2021-12-15,349,3571.374671,1147.069958,2424.304712,4718.444629,2831.830955,6845.270776,11.00244327,0.22220297,12,0.3,0.11,0.75,6.6,445.1058,2021,349,0.041127708
1446,2021-12-16,350,3572.866884,1171.216135,2401.650749,4744.083019,2831.830955,6845.270776,11.16181475,0.22220297,12,0.3,0.11,0.75,6.6,442.1834972,2021,350,0.032141875
1447,2021-12-17,351,3575.979583,1207.736315,2368.243268,4783.715899,2831.830955,6845.270776,11.66259561,0.22220297,12,0.3,0.11,0.75,6.6,440.3229483,2021,351,0.028494063
1448,2021-12-18,352,3580.600164,1256.974945,2323.625219,4837.575109,2831.830955,6845.270776,10.82697991,0.22220297,12,0.3,0.11,0.75,6.6,439.1553132,2021,352,0.038
1449,2021-12-19,353,3586.593258,1317.359654,2269.233604,4903.952912,2831.830955,6845.270776,9.738665799,0.22220297,12,0.3,0.11,0.75,6.6,435.9464642,2021,353,0.086231875
1450,2021-12-20,354,3593.823497,1385.794904,2208.028593,4979.618401,2831.830955,6845.270776,9.537214477,0.22220297,12,0.3,0.11,0.75,6.6,440.8045225,2021,354,0.07888625
1451,2021-12-21,355,3602.155513,1458.187577,2143.967936,5060.343091,2831.830955,6845.270776,10.0634783,0.22220297,12,0.3,0.11,0.75,6.6,449.970821,2021,355,0.065900104
1452,2021-12-22,356,3611.453938,1529.950718,2081.503221,5141.404656,2831.830955,6845.270776,10.36531684,0.22220297,12,0.3,0.11,0.75,6.6,449.2211451,2021,356,0.055343542
1453,2021-12-23,357,3621.583404,1596.39115,2025.192254,5217.974555,2831.830955,6845.270776,9.629027875,0.22220297,12,0.3,0.11,0.75,6.6,439.0058743,2021,357,0.044701042
1454,2021-12-24,358,3632.408542,1652.97688,1979.431662,5285.385422,2831.830955,6845.270776,9.231125868,0.22220297,12,0.3,0.11,0.75,6.6,439.6917881,2021,358,0.034795625
1455,2021-12-25,359,3643.793985,1695.527765,1948.266219,5339.32175,2831.830955,6845.270776,10.16531538,0.22220297,12,0.3,0.11,0.75,6.6,431.1288219,2021,359,0.027751146
1456,2021-12-26,360,3655.604363,1720.387957,1935.216406,5375.992321,2831.830955,6845.270776,10.40281337,0.22220297,12,0.3,0.11,0.75,6.6,439.0618068,2021,360,0.022899896
1457,2021-12-27,361,3667.70431,1724.644702,1943.059608,5392.349012,2831.830955,6845.270776,10.57942882,0.22220297,12,0.3,0.11,0.75,6.6,439.0703155,2021,361,0.019646563
1458,2021-12-28,362,3679.958456,1706.474714,1973.483742,5386.43317,2831.830955,6845.270776,10.78095886,0.22220297,12,0.3,0.11,0.75,6.6,441.3753191,2021,362,0.018015104
1459,2021-12-29,363,3692.231434,1665.742099,2026.489334,5357.973533,2831.830955,6845.270776,11.12444746,0.22220297,12,0.3,0.11,0.75,6.6,440.0046237,2021,363,0.02336
1460,2021-12-30,364,3704.387875,1605.055534,2099.332341,5309.443409,2831.830955,6845.270776,11.1975191,0.22220297,12,0.3,0.11,0.75,6.6,441.450393,2021,364,0.093069583
1461,2021-12-31,365,3716.292411,1531.611352,2184.681059,5247.903763,2831.830955,6845.270776,11.33356944,0.22220297,12,0.3,0.11,0.75,6.6,438.8653415,2021,365,0.095033125
1462,2022-01-01,1,3452.509298,239.8966889,3212.612609,3692.405987,2831.830955,6845.270776,12.37356354,0.22220297,1,0.3,0.11,0.75,6.6,442.1245574,2022,1,0.0715375
1463,2022-01-02,2,3418.275871,244.0759369,3174.199934,3662.351808,2831.830955,6845.270776,12.1148125,0.22220297,1,0.3,0.11,0.75,6.6,448.0325801,2022,2,0.236983229
1464,2022-01-03,3,3384.314452,249.8746586,3134.439794,3634.189111,2831.830955,6845.270776,12.22878804,0.22220297,1,0.3,0.11,0.75,6.6,448.5317058,2022,3,0.145230729
1465,2022-01-04,4,3350.736316,257.1812829,3093.555033,3607.917599,2831.830955,6845.270776,11.81330671,0.22220297,1,0.3,0.11,0.75,6.6,442.4314005,2022,4,0.103272396
1466,2022-01-05,5,3317.652735,265.8386419,3051.814093,3583.491376,2831.830955,6845.270776,11.63248958,0.22220297,1,0.3,0.11,0.75,6.6,432.8627271,2022,5,0.070813646
1467,2022-01-06,6,3285.174981,275.655916,3009.519065,3560.830897,2831.830955,6845.270776,10.91198542,0.22220297,1,0.3,0.11,0.75,6.6,435.6534021,2022,6,0.051422813
1468,2022-01-07,7,3253.414328,286.4208769,2966.993451,3539.835204,2831.830955,6845.270776,10.61855833,0.22220297,1,0.3,0.11,0.75,6.6,437.5059397,2022,7,0.03939875
1469,2022-01-08,8,3222.482048,297.9106983,2924.571349,3520.392746,2831.830955,6845.270776,10.67629045,0.22220297,1,0.3,0.11,0.75,6.6,445.3585508,2022,8,0.028773438
1470,2022-01-09,9,3192.489414,309.9005003,2882.588914,3502.389915,2831.830955,6845.270776,10.15266579,0.22220297,1,0.3,0.11,0.75,6.6,438.8535518,2022,9,0.027232917
1471,2022-01-10,10,3163.5477,322.1695215,2841.378179,3485.717222,2831.830955,6845.270776,10.2048693,0.22220297,1,0.3,0.11,0.75,6.6,440.1345746,2022,10,0.081717813
1472,2022-01-11,11,3135.768179,334.5052536,2801.262925,3470.273432,2831.830955,6845.270776,10.44206323,0.22220297,1,0.3,0.11,0.75,6.6,441.8393201,2022,11,0.068615521
1473,2022-01-12,12,3109.262122,346.7060518,2762.55607,3455.968174,2831.830955,6845.270776,11.0484619,0.22220297,1,0.3,0.11,0.75,6.6,444.0079433,2022,12,0.051788854
1474,2022-01-13,13,3084.140803,358.5827437,2725.558059,3442.723547,2831.830955,6845.270776,10.52588814,0.22220297,1,0.3,0.11,0.75,6.6,438.5426816,2022,13,0.041276458
1475,2022-01-14,14,3060.515495,369.9596869,2690.555808,3430.475182,2831.830955,6845.270776,10.12681375,0.22220297,1,0.3,0.11,0.75,6.6,434.3812457,2022,14,0.032417917
1476,2022-01-15,15,3038.497471,380.6756336,2657.821838,3419.173105,2831.830955,6845.270776,10.20616193,0.22220297,1,0.3,0.11,0.75,6.6,436.2268401,2022,15,0.025390625
1477,2022-01-16,16,3018.166057,390.6109207,2627.555137,3408.776978,2831.830955,6845.270776,9.975501919,0.22220297,1,0.3,0.11,0.75,6.6,437.7047813,2022,16,0.024739479
1478,2022-01-17,17,2999.472791,399.7682261,2599.704565,3399.241017,2831.830955,6845.270776,9.669804243,0.22220297,1,0.3,0.11,0.75,6.6,446.1169135,2022,17,0.031971667
1479,2022-01-18,18,2982.337265,408.1939445,2574.143321,3390.53121,2831.830955,6845.270776,10.01579442,0.22220297,1,0.3,0.11,0.75,6.6,440.717267,2022,18,0.034650417
1480,2022-01-19,19,2966.679071,415.9474528,2550.731618,3382.626523,2831.830955,6845.270776,9.93559861,0.22220297,1,0.3,0.11,0.75,6.6,437.2002294,2022,19,0.035776458
1481,2022-01-20,20,2952.417799,423.0970381,2529.320761,3375.514837,2831.830955,6845.270776,9.957616319,0.22220297,1,0.3,0.11,0.75,6.6,436.6007424,2022,20,0.039006875
1482,2022-01-21,21,2939.473042,429.7167462,2509.756296,3369.189788,2831.830955,6845.270776,9.691882302,0.22220297,1,0.3,0.11,0.75,6.6,432.5419538,2022,21,0.046038125
1483,2022-01-22,22,2927.764391,435.8838982,2491.880493,3363.648289,2831.830955,6845.270776,9.887739965,0.22220297,1,0.3,0.11,0.75,6.6,438.7139544,2022,22,0.042667396
1484,2022-01-23,23,2917.211438,441.6771056,2475.534332,3358.888544,2831.830955,6845.270776,9.940329861,0.22220297,1,0.3,0.11,0.75,6.6,434.3187889,2022,23,0.037423958
1485,2022-01-24,24,2907.733774,447.1746717,2460.559102,3354.908446,2831.830955,6845.270776,9.793348393,0.22220297,1,0.3,0.11,0.75,6.6,437.755595,2022,24,0.031706771
1486,2022-01-25,25,2899.250991,452.4533075,2446.797684,3351.704299,2831.830955,6845.270776,10.1423738,0.22220297,1,0.3,0.11,0.75,6.6,436.3641642,2022,25,0.025215
1487,2022-01-26,26,2891.682681,457.5871198,2434.095561,3349.2698,2831.830955,6845.270776,10.16272063,0.22220297,1,0.3,0.11,0.75,6.6,432.4529017,2022,26,0.020235729
1488,2022-01-27,27,2884.948434,462.6468483,2422.301586,3347.595282,2831.830955,6845.270776,10.23429597,0.22220297,1,0.3,0.11,0.75,6.6,434.0223845,2022,27,0.016023854
1489,2022-01-28,28,2878.967843,467.699342,2411.268501,3346.667185,2831.830955,6845.270776,10.3488926,0.22220297,1,0.3,0.11,0.75,6.6,434.7177661,2022,28,0.014271979
1490,2022-01-29,29,2873.660499,472.8072715,2400.853228,3346.467771,2831.830955,6845.270776,9.797279621,0.22220297,1,0.3,0.11,0.75,6.6,431.3220036,2022,29,0.014082917
1491,2022-01-30,30,2868.945994,478.02908,2390.916914,3346.975074,2831.830955,6845.270776,9.486072049,0.22220297,1,0.3,0.11,0.75,6.6,438.5904914,2022,30,0.012940417
1492,2022-01-31,31,2864.74392,483.4191727,2381.324747,3348.163092,2831.830955,6845.270776,9.721756354,0.22220297,1,0.3,0.11,0.75,6.6,445.5237555,2022,31,0.011724792
1493,2022-02-01,32,2860.973867,489.0283447,2371.945522,3350.002211,2831.830955,6845.270776,9.904528646,0.22220297,2,0.3,0.11,0.75,6.6,438.0963541,2022,32,0.010761875
1494,2022-02-02,33,2857.565941,494.894993,2362.670948,3352.460934,2831.830955,6845.270776,10.04784284,0.22220297,2,0.3,0.11,0.75,6.6,440.4078733,2022,33,0.010276042
1495,2022-02-03,34,2854.492303,501.0186408,2353.473662,3355.510944,2831.830955,6845.270776,10.115777,0.22220297,2,0.3,0.11,0.75,6.6,440.3117937,2022,34,0.013335729
1496,2022-02-04,35,2851.735626,507.3904466,2344.34518,3359.126073,2831.830955,6845.270776,10.41596164,0.22220297,2,0.3,0.11,0.75,6.6,434.5784099,2022,35,0.109736979
1497,2022-02-05,36,2849.278585,514.0027307,2335.275854,3363.281316,2831.830955,6845.270776,10.94686126,0.22220297,2,0.3,0.11,0.75,6.6,431.9515342,2022,36,0.083844375
1498,2022-02-06,37,2847.103853,520.8487698,2326.255084,3367.952623,2831.830955,6845.270776,10.77515365,0.22220297,2,0.3,0.11,0.75,6.6,434.010332,2022,37,0.05541
1499,2022-02-07,38,2845.194105,527.9226188,2317.271486,3373.116724,2831.830955,6845.270776,11.09308775,0.22220297,2,0.3,0.11,0.75,6.6,440.1256723,2022,38,0.041391146
1500,2022-02-08,39,2843.532015,535.2189611,2308.313053,3378.750976,2831.830955,6845.270776,10.70844671,0.22220297,2,0.3,0.11,0.75,6.6,436.0051936,2022,39,0.032141667
1501,2022-02-09,40,2842.100255,542.7329848,2299.367271,3384.83324,2831.830955,6845.270776,10.74007217,0.22220297,2,0.3,0.11,0.75,6.6,434.2549227,2022,40,0.025930313
1502,2022-02-10,41,2840.881502,550.4602854,2290.421216,3391.341787,2831.830955,6845.270776,10.99977043,0.22220297,2,0.3,0.11,0.75,6.6,431.2665379,2022,41,0.021540521
1503,2022-02-11,42,2839.858428,558.3967923,2281.461635,3398.25522,2831.830955,6845.270776,11.05843421,0.22220297,2,0.3,0.11,0.75,6.6,430.5070436,2022,42,0.018139583
1504,2022-02-12,43,2839.013707,566.538718,2272.474989,3405.552425,2831.830955,6845.270776,11.28054934,0.22220297,2,0.3,0.11,0.75,6.6,431.1976189,2022,43,0.0144775
1505,2022-02-13,44,2838.330014,574.8825286,2263.447486,3413.212543,2831.830955,6845.270776,11.0471633,0.22220297,2,0.3,0.11,0.75,6.6,435.6185573,2022,44,0.012759167
1506,2022-02-14,45,2837.790023,583.4249331,2254.36509,3421.214956,2831.830955,6845.270776,10.82105213,0.22220297,2,0.3,0.11,0.75,6.6,433.8213437,2022,45,0.012148229
1507,2022-02-15,46,2837.376407,592.162891,2245.213516,3429.539298,2831.830955,6845.270776,11.18446579,0.22220297,2,0.3,0.11,0.75,6.6,433.7028108,2022,46,0.011028333
1508,2022-02-16,47,2837.071841,601.0936354,2235.978205,3438.165476,2831.830955,6845.270776,11.52521528,0.22220297,2,0.3,0.11,0.75,6.6,434.4330326,2022,47,0.010390521
1509,2022-02-17,48,2836.858998,610.21471,2226.644288,3447.073708,2831.830955,6845.270776,11.42829688,0.22220297,2,0.3,0.11,0.75,6.6,431.4044551,2022,48,0.010093958
1510,2022-02-18,49,2836.720553,619.5240191,2217.196534,3456.244572,2831.830955,6845.270776,11.36634375,0.22220297,2,0.3,0.11,0.75,6.6,431.1791785,2022,49,0.014861667
1511,2022-02-19,50,2836.63918,629.0198888,2207.619291,3465.659068,2831.830955,6845.270776,11.14834166,0.22220297,2,0.3,0.11,0.75,6.6,434.1854774,2022,50,0.015144896
1512,2022-02-20,51,2836.597552,638.7011375,2197.896414,3475.298689,2831.830955,6845.270776,11.1254401,0.22220297,2,0.3,0.11,0.75,6.6,436.3155068,2022,51,0.015646563
1513,2022-02-21,52,2836.578344,648.5671547,2188.011189,3485.145498,2831.830955,6845.270776,11.55079789,0.22220297,2,0.3,0.11,0.75,6.6,435.5066719,2022,52,0.015219792
1514,2022-02-22,53,2836.564229,658.6179871,2177.946242,3495.182216,2831.830955,6845.270776,12.08298079,0.22220297,2,0.3,0.11,0.75,6.6,434.808645,2022,53,0.017523125
1515,2022-02-23,54,2836.537882,668.8544303,2167.683452,3505.392312,2831.830955,6845.270776,12.14190191,0.22220297,2,0.3,0.11,0.75,6.6,434.5127526,2022,54,0.240175208
1516,2022-02-24,55,2836.481977,679.2781251,2157.203852,3515.760102,2831.830955,6845.270776,12.16443316,0.22220297,2,0.3,0.11,0.75,6.6,439.4919739,2022,55,0.137465938
1517,2022-02-25,56,2836.379187,689.8916577,2146.487529,3526.270845,2831.830955,6845.270776,12.23291689,0.22220297,2,0.3,0.11,0.75,6.6,441.0585126,2022,56,0.12148125
1518,2022-02-26,57,2836.212187,700.6986623,2135.513525,3536.910849,2831.830955,6845.270776,11.88646701,0.22220297,2,0.3,0.11,0.75,6.6,440.2580971,2022,57,0.078958333
1519,2022-02-27,58,2835.963651,711.7039256,2124.259725,3547.667577,2831.830955,6845.270776,11.97156966,0.22220297,2,0.3,0.11,0.75,6.6,443.7449419,2022,58,0.063005938
1520,2022-02-28,59,2835.616252,722.9134919,2112.70276,3558.529744,2831.830955,6845.270776,12.13455182,0.22220297,2,0.3,0.11,0.75,6.6,430.9826012,2022,59,0.058939063
1521,2022-03-01,60,2835.152665,734.3347677,2100.817898,3569.487433,2831.830955,6845.270776,12.0956944,0.22220297,2,0.3,0.11,0.75,6.6,435.85403,2022,60,0.053868646
1522,2022-03-02,61,2834.555564,745.9766253,2088.578939,3580.532189,2831.830955,6845.270776,11.98113715,0.22220297,3,0.3,0.11,0.75,6.6,434.1959707,2022,61,0.045340833
1523,2022-03-03,62,2833.830583,757.843385,2075.987198,3591.673968,2831.830955,6845.270776,12.0563125,0.22220297,3,0.3,0.11,0.75,6.6,433.57771,2022,62,0.038336354
1524,2022-03-04,63,2833.075196,769.9150478,2063.160148,3602.990244,2831.830955,6845.270776,12.03951215,0.22220297,3,0.3,0.11,0.75,6.6,432.9594493,2022,63,0.032427396
1525,2022-03-05,64,2832.409839,782.1628192,2050.24702,3614.572659,2831.830955,6845.270776,11.86688674,0.22220297,3,0.3,0.11,0.75,6.6,434.2612691,2022,64,0.027697604
1526,2022-03-06,65,2831.954948,794.5544327,2037.400515,3626.50938,2831.830955,6845.270776,12.05430295,0.22220297,3,0.3,0.11,0.75,6.6,429.7276235,2022,65,0.024820938
1527,2022-03-07,66,2831.830955,807.0538871,2024.777068,3638.884843,2831.830955,6845.270776,11.8437206,0.22220297,3,0.3,0.11,0.75,6.6,433.6964266,2022,66,0.024981875
1528,2022-03-08,67,2832.158298,819.621355,2012.536943,3651.779653,2831.830955,6845.270776,11.36965294,0.22220297,3,0.3,0.11,0.75,6.6,432.7544008,2022,67,0.026596146
1529,2022-03-09,68,2833.057411,832.21324,2000.844171,3665.270651,2831.830955,6845.270776,11.42409211,0.22220297,3,0.3,0.11,0.75,6.6,437.0112672,2022,68,0.064412813
1530,2022-03-10,69,2834.648729,844.7823626,1989.866366,3679.431092,2831.830955,6845.270776,12.0294071,0.22220297,3,0.3,0.11,0.75,6.6,437.6636665,2022,69,0.067744271
1531,2022-03-11,70,2837.052687,857.2782517,1979.774435,3694.330939,2831.830955,6845.270776,12.21613021,0.22220297,3,0.3,0.11,0.75,6.6,438.1651679,2022,70,0.049046563
1532,2022-03-12,71,2840.38972,869.6475276,1970.742192,3710.037248,2831.830955,6845.270776,12.19132979,0.22220297,3,0.3,0.11,0.75,6.6,438.7925087,2022,71,0.042428021
1533,2022-03-13,72,2844.780263,881.8343604,1962.945903,3726.614623,2831.830955,6845.270776,11.8630331,0.22220297,3,0.3,0.11,0.75,6.6,436.6910025,2022,72,0.035819792
1534,2022-03-14,73,2850.344751,893.7809913,1956.56376,3744.125743,2831.830955,6845.270776,11.9690842,0.22220297,3,0.3,0.11,0.75,6.6,433.0363404,2022,73,0.03346375
1535,2022-03-15,74,2857.20362,905.4283097,1951.77531,3762.63193,2831.830955,6845.270776,11.92990811,0.22220297,3,0.3,0.11,0.75,6.6,431.1005173,2022,74,0.034061667
1536,2022-03-16,75,2865.477304,916.716479,1948.760825,3782.193783,2831.830955,6845.270776,12.11723438,0.22220297,3,0.3,0.11,0.75,6.6,436.4186627,2022,75,0.034182604
1537,2022-03-17,76,2875.286238,927.5856081,1947.70063,3802.871846,2831.830955,6845.270776,12.48179375,0.22220297,3,0.3,0.11,0.75,6.6,435.6327423,2022,76,0.031388438
1538,2022-03-18,77,2886.750857,937.9764701,1948.774387,3824.727328,2831.830955,6845.270776,12.36707604,0.22220297,3,0.3,0.11,0.75,6.6,439.6809845,2022,77,0.029843438
1539,2022-03-19,78,2899.991597,947.8312692,1952.160328,3847.822867,2831.830955,6845.270776,12.03188749,0.22220297,3,0.3,0.11,0.75,6.6,431.5672683,2022,78,0.027975521
1540,2022-03-20,79,2915.128893,957.0944638,1958.034429,3872.223356,2831.830955,6845.270776,12.09871563,0.22220297,3,0.3,0.11,0.75,6.6,433.2030872,2022,79,0.025212396
1541,2022-03-21,80,2932.283179,965.7136532,1966.569525,3897.996832,2831.830955,6845.270776,11.75534962,0.22220297,3,0.3,0.11,0.75,6.6,437.3024533,2022,80,0.022692188
1542,2022-03-22,81,2951.57489,973.6405396,1977.93435,3925.21543,2831.830955,6845.270776,11.99570396,0.22220297,3,0.3,0.11,0.75,6.6,433.5075635,2022,81,0.020525625
1543,2022-03-23,82,2973.124462,980.8319813,1992.292481,3953.956443,2831.830955,6845.270776,12.21137307,0.22220297,3,0.3,0.11,0.75,6.6,437.9666535,2022,82,0.021384583
1544,2022-03-24,83,2997.052329,987.2511515,2009.801178,3984.303481,2831.830955,6845.270776,12.64541667,0.22220297,3,0.3,0.11,0.75,6.6,433.3651815,2022,83,0.022547604
1545,2022-03-25,84,3023.478928,992.8688266,2030.610101,4016.347754,2831.830955,6845.270776,12.81285938,0.22220297,3,0.3,0.11,0.75,6.6,431.7467728,2022,84,0.024448229
1546,2022-03-26,85,3052.524692,997.6648232,2054.859868,4050.189515,2831.830955,6845.270776,12.88293835,0.22220297,3,0.3,0.11,0.75,6.6,433.5560237,2022,85,0.024515313
1547,2022-03-27,86,3084.310056,1001.629612,2082.680445,4085.939668,2831.830955,6845.270776,12.85624375,0.22220297,3,0.3,0.11,0.75,6.6,434.3078519,2022,86,0.025548438
1548,2022-03-28,87,3118.955457,1004.766131,2114.189326,4123.721588,2831.830955,6845.270776,13.11817296,0.22220297,3,0.3,0.11,0.75,6.6,436.8026758,2022,87,0.023894271
1549,2022-03-29,88,3156.581328,1007.091836,2149.489492,4163.673164,2831.830955,6845.270776,13.13736354,0.22220297,3,0.3,0.11,0.75,6.6,435.2482647,2022,88,0.02149375
1550,2022-03-30,89,3197.308105,1008.640999,2188.667106,4205.949105,2831.830955,6845.270776,13.40294271,0.22220297,3,0.3,0.11,0.75,6.6,440.6666832,2022,89,0.020008646
1551,2022-03-31,90,3241.256223,1009.467296,2231.788928,4250.723519,2831.830955,6845.270776,12.97991354,0.22220297,3,0.3,0.11,0.75,6.6,442.0645923,2022,90,0.020274167
1552,2022-04-01,91,3288.546117,1009.646681,2278.899437,4298.192798,2831.830955,6845.270776,12.76736737,0.22220297,3,0.3,0.11,0.75,6.6,432.7172755,2022,91,0.020331458
1553,2022-04-02,92,3339.298222,1009.280565,2330.017658,4348.578787,2831.830955,6845.270776,12.40217469,0.22220297,4,0.3,0.11,0.75,6.6,437.2871788,2022,92,0.018707188
1554,2022-04-03,93,3393.574185,1008.513558,2385.060627,4402.087743,2831.830955,6845.270776,12.50234219,0.22220297,4,0.3,0.11,0.75,6.6,445.8001728,2022,93,0.017415208
1555,2022-04-04,94,3451.200496,1007.569805,2443.630691,4458.770301,2831.830955,6845.270776,13.1547645,0.22220297,4,0.3,0.11,0.75,6.6,451.6285063,2022,94,0.017300625
1556,2022-04-05,95,3511.944858,1006.692402,2505.252456,4518.63726,2831.830955,6845.270776,13.67886251,0.22220297,4,0.3,0.11,0.75,6.6,450.4480913,2022,95,0.017750833
1557,2022-04-06,96,3575.574973,1006.122619,2569.452354,4581.697592,2831.830955,6845.270776,13.88539931,0.22220297,4,0.3,0.11,0.75,6.6,449.2676764,2022,96,0.017142813
1558,2022-04-07,97,3641.858545,1006.095308,2635.763237,4647.953852,2831.830955,6845.270776,13.74110764,0.22220297,4,0.3,0.11,0.75,6.6,448.0872615,2022,97,0.02109125
1559,2022-04-08,98,3710.563275,1006.834092,2703.729183,4717.397366,2831.830955,6845.270776,13.49585995,0.22220297,4,0.3,0.11,0.75,6.6,446.9068466,2022,98,0.024212396
1560,2022-04-09,99,3781.456865,1008.546441,2772.910424,4790.003306,2831.830955,6845.270776,13.72877083,0.22220297,4,0.3,0.11,0.75,6.6,445.7264317,2022,99,0.025255833
1561,2022-04-10,100,3854.30702,1011.41881,2842.88821,4865.72583,2831.830955,6845.270776,13.63477431,0.22220297,4,0.3,0.11,0.75,6.6,444.5460168,2022,100,0.023266354
1562,2022-04-11,101,3928.88144,1015.612053,2913.269388,4944.493493,2831.830955,6845.270776,13.43354545,0.22220297,4,0.3,0.11,0.75,6.6,443.3656018,2022,101,0.021123125
1563,2022-04-12,102,4004.947829,1021.257357,2983.690472,5026.205186,2831.830955,6845.270776,13.44971458,0.22220297,4,0.3,0.11,0.75,6.6,442.1851869,2022,102,0.042546354
1564,2022-04-13,103,4082.273888,1028.452944,3053.820944,5110.726833,2831.830955,6845.270776,13.66797917,0.22220297,4,0.3,0.11,0.75,6.6,438.3344606,2022,103,0.082266875
1565,2022-04-14,104,4160.627321,1037.261728,3123.365593,5197.88905,2831.830955,6845.270776,14.04654249,0.22220297,4,0.3,0.11,0.75,6.6,434.9360642,2022,104,0.055815521
1566,2022-04-15,105,4239.77583,1047.710088,3192.065742,5287.485919,2831.830955,6845.270776,13.51905382,0.22220297,4,0.3,0.11,0.75,6.6,442.9670372,2022,105,0.043760313
1567,2022-04-16,106,4319.487118,1059.787807,3259.69931,5379.274925,2831.830955,6845.270776,13.0221503,0.22220297,4,0.3,0.11,0.75,6.6,437.4995153,2022,106,0.04325625
1568,2022-04-17,107,4399.528886,1073.449143,3326.079743,5472.978028,2831.830955,6845.270776,12.9888533,0.22220297,4,0.3,0.11,0.75,6.6,439.3048016,2022,107,0.044366771
1569,2022-04-18,108,4479.668837,1088.61491,3391.053927,5568.283747,2831.830955,6845.270776,13.30168983,0.22220297,4,0.3,0.11,0.75,6.6,439.8569858,2022,108,0.0509425
1570,2022-04-19,109,4559.674675,1105.175391,3454.499284,5664.850066,2831.830955,6845.270776,13.42527884,0.22220297,4,0.3,0.11,0.75,6.6,435.3787404,2022,109,0.055120625
1571,2022-04-20,110,4639.3141,1122.993834,3516.320267,5762.307934,2831.830955,6845.270776,13.02810747,0.22220297,4,0.3,0.11,0.75,6.6,433.4472032,2022,110,0.043516146
1572,2022-04-21,111,4718.354817,1141.910307,3576.44451,5860.265124,2831.830955,6845.270776,13.40288072,0.22220297,4,0.3,0.11,0.75,6.6,431.5156661,2022,111,0.034651042
1573,2022-04-22,112,4796.564527,1161.745676,3634.818851,5958.310202,2831.830955,6845.270776,13.14844049,0.22220297,4,0.3,0.11,0.75,6.6,438.181667,2022,112,0.027849583
1574,2022-04-23,113,4873.710932,1182.305509,3691.405424,6056.016441,2831.830955,6845.270776,12.97898264,0.22220297,4,0.3,0.11,0.75,6.6,445.9501419,2022,113,0.023843125
1575,2022-04-24,114,4949.561736,1203.383763,3746.177973,6152.945499,2831.830955,6845.270776,13.18080382,0.22220297,4,0.3,0.11,0.75,6.6,436.4171661,2022,114,0.020902604
1576,2022-04-25,115,5023.88464,1224.766151,3799.118489,6248.650791,2831.830955,6845.270776,13.37286074,0.22220297,4,0.3,0.11,0.75,6.6,426.8841904,2022,115,0.018810313
1577,2022-04-26,116,5096.447348,1246.233127,3850.214221,6342.680475,2831.830955,6845.270776,13.29681581,0.22220297,4,0.3,0.11,0.75,6.6,445.4745527,2022,116,0.017252292
1578,2022-04-27,117,5167.017562,1267.562482,3899.455079,6434.580044,2831.830955,6845.270776,13.377046,0.22220297,4,0.3,0.11,0.75,6.6,446.9593316,2022,117,0.014937917
1579,2022-04-28,118,5235.362983,1288.531561,3946.831422,6523.894544,2831.830955,6845.270776,13.81472975,0.22220297,4,0.3,0.11,0.75,6.6,467.0826315,2022,118,0.014012708
1580,2022-04-29,119,5301.251316,1308.919126,3992.33219,6610.170442,2831.830955,6845.270776,13.85553273,0.22220297,4,0.3,0.11,0.75,6.6,451.1101931,2022,119,0.013421042
1581,2022-04-30,120,5364.450261,1328.506931,4035.943331,6692.957192,2831.830955,6845.270776,14.07127467,0.22220297,4,0.3,0.11,0.75,6.6,452.7340816,2022,120,0.012670417
1582,2022-05-01,121,5424.727522,1347.081049,4077.646474,6771.808571,2831.830955,6845.270776,13.73576066,0.22220297,4,0.3,0.11,0.75,6.6,442.7927206,2022,121,0.012206354
1583,2022-05-02,122,5481.850802,1364.43302,4117.417782,6846.283822,2831.830955,6845.270776,13.89021801,0.22220297,5,0.3,0.11,0.75,6.6,446.9622381,2022,122,0.011705521
1584,2022-05-03,123,5535.649647,1380.392979,4155.256667,6916.042626,2831.830955,6845.270776,14.24330897,0.22220297,5,0.3,0.11,0.75,6.6,447.4533041,2022,123,0.011431771
1585,2022-05-04,124,5586.200984,1394.930288,4191.270695,6981.131272,2831.830955,6845.270776,14.29588218,0.22220297,5,0.3,0.11,0.75,6.6,454.0231232,2022,124,0.011259375
1586,2022-05-05,125,5633.643585,1408.06209,4225.581495,7041.705675,2831.830955,6845.270776,14.29515938,0.22220297,5,0.3,0.11,0.75,6.6,445.0899777,2022,125,0.011024271
1587,2022-05-06,126,5678.116222,1419.81947,4258.296752,7097.935692,2831.830955,6845.270776,14.32945219,0.22220297,5,0.3,0.11,0.75,6.6,457.0800562,2022,126,0.014000104
1588,2022-05-07,127,5719.757666,1430.245185,4289.512481,7150.002852,2831.830955,6845.270776,14.16303504,0.22220297,5,0.3,0.11,0.75,6.6,448.5872396,2022,127,0.014091354
1589,2022-05-08,128,5758.70669,1439.391766,4319.314924,7198.098456,2831.830955,6845.270776,14.06029115,0.22220297,5,0.3,0.11,0.75,6.6,455.8777414,2022,128,0.011922813
1590,2022-05-09,129,5795.102064,1447.319922,4347.782142,7242.421986,2831.830955,6845.270776,14.39327635,0.22220297,5,0.3,0.11,0.75,6.6,451.3274767,2022,129,0.011016458
1591,2022-05-10,130,5829.082561,1454.097197,4374.985364,7283.179758,2831.830955,6845.270776,14.57075947,0.22220297,5,0.3,0.11,0.75,6.6,456.0626017,2022,130,0.010403333
1592,2022-05-11,131,5860.786952,1459.796825,4400.990127,7320.583777,2831.830955,6845.270776,14.55494392,0.22220297,5,0.3,0.11,0.75,6.6,469.0854042,2022,131,0.010129583
1593,2022-05-12,132,5890.354009,1464.496753,4425.857256,7354.850762,2831.830955,6845.270776,14.66932634,0.22220297,5,0.3,0.11,0.75,6.6,461.3548763,2022,132,0.009930417
1594,2022-05-13,133,5917.922504,1468.278794,4449.64371,7386.201297,2831.830955,6845.270776,14.54417346,0.22220297,5,0.3,0.11,0.75,6.6,457.6599964,2022,133,0.009859896
1595,2022-05-14,134,5943.631207,1471.227895,4472.403312,7414.859103,2831.830955,6845.270776,14.54039293,0.22220297,5,0.3,0.11,0.75,6.6,467.5611623,2022,134,0.009794167
1596,2022-05-15,135,5967.618892,1473.431497,4494.187395,7441.050389,2831.830955,6845.270776,14.54337838,0.22220297,5,0.3,0.11,0.75,6.6,471.6156804,2022,135,0.009510938
1597,2022-05-16,136,5990.02433,1474.978965,4515.045365,7465.003294,2831.830955,6845.270776,14.98642776,0.22220297,5,0.3,0.11,0.75,6.6,472.2792128,2022,136,0.009310208
1598,2022-05-17,137,6010.986292,1475.961087,4535.025204,7486.947379,2831.830955,6845.270776,15.11393173,0.22220297,5,0.3,0.11,0.75,6.6,452.4806971,2022,137,0.009077188
1599,2022-05-18,138,6030.643549,1476.469628,4554.173921,7507.113178,2831.830955,6845.270776,15.18472249,0.22220297,5,0.3,0.11,0.75,6.6,457.846499,2022,138,0.008923438
1600,2022-05-19,139,6049.134875,1476.596928,4572.537947,7525.731803,2831.830955,6845.270776,15.46469129,0.22220297,5,0.3,0.11,0.75,6.6,447.2681128,2022,139,0.008825833
1601,2022-05-20,140,6066.59904,1476.435545,4590.163496,7543.034585,2831.830955,6845.270776,15.64617219,0.22220297,5,0.3,0.11,0.75,6.6,448.0718425,2022,140,0.008556875
1602,2022-05-21,141,6083.174817,1476.077938,4607.096879,7559.252754,2831.830955,6845.270776,15.39133767,0.22220297,5,0.3,0.11,0.75,6.6,450.1910432,2022,141,0.008270521
1603,2022-05-22,142,6099.000976,1475.616187,4623.384788,7574.617163,2831.830955,6845.270776,15.4650558,0.22220297,5,0.3,0.11,0.75,6.6,453.9377074,2022,142,0.008129063
1604,2022-05-23,143,6114.216289,1475.141753,4639.074536,7589.358043,2831.830955,6845.270776,15.60448524,0.22220297,5,0.3,0.11,0.75,6.6,464.5069549,2022,143,0.008742188
1605,2022-05-24,144,6128.959529,1474.74527,4654.214259,7603.704799,2831.830955,6845.270776,15.56538401,0.22220297,5,0.3,0.11,0.75,6.6,450.5590227,2022,144,0.008382188
1606,2022-05-25,145,6143.369467,1474.516383,4668.853085,7617.88585,2831.830955,6845.270776,15.85956733,0.22220297,5,0.3,0.11,0.75,6.6,468.9226015,2022,145,0.008181979
1607,2022-05-26,146,6157.584875,1474.543625,4683.04125,7632.1285,2831.830955,6845.270776,15.95278367,0.22220297,5,0.3,0.11,0.75,6.6,464.7617738,2022,146,0.009671042
1608,2022-05-27,147,6171.744524,1474.914338,4696.830186,7646.658862,2831.830955,6845.270776,15.7677309,0.22220297,5,0.3,0.11,0.75,6.6,452.3165644,2022,147,0.009700938
1609,2022-05-28,148,6185.987186,1475.714642,4710.272544,7661.701828,2831.830955,6845.270776,15.56219372,0.22220297,5,0.3,0.11,0.75,6.6,451.4858574,2022,148,0.009421458
1610,2022-05-29,149,6200.451632,1477.02945,4723.422183,7677.481082,2831.830955,6845.270776,15.57821491,0.22220297,5,0.3,0.11,0.75,6.6,455.1215887,2022,149,0.008628438
1611,2022-05-30,150,6215.276635,1478.942538,4736.334097,7694.219174,2831.830955,6845.270776,15.49708617,0.22220297,5,0.3,0.11,0.75,6.6,458.1082724,2022,150,0.008093438
1612,2022-05-31,151,6230.600967,1481.536671,4749.064296,7712.137637,2831.830955,6845.270776,15.72162133,0.22220297,5,0.3,0.11,0.75,6.6,462.1521863,2022,151,0.007840208
1613,2022-06-01,152,6246.563398,1484.893772,4761.669626,7731.457169,2831.830955,6845.270776,15.82250175,0.22220297,5,0.3,0.11,0.75,6.6,476.124086,2022,152,0.007733646
1614,2022-06-02,153,6263.3027,1489.095159,4774.207542,7752.397859,2831.830955,6845.270776,15.78172853,0.22220297,6,0.3,0.11,0.75,6.6,459.1745907,2022,153,0.007680729
1615,2022-06-03,154,6280.915612,1494.193077,4786.722535,7775.108688,2831.830955,6845.270776,15.91680938,0.22220297,6,0.3,0.11,0.75,6.6,461.731542,2022,154,0.007615729
1616,2022-06-04,155,6299.330735,1500.12499,4799.205745,7799.455725,2831.830955,6845.270776,15.84364129,0.22220297,6,0.3,0.11,0.75,6.6,441.7296824,2022,155,0.007473854
1617,2022-06-05,156,6318.434639,1506.800304,4811.634335,7825.234943,2831.830955,6845.270776,15.92669239,0.22220297,6,0.3,0.11,0.75,6.6,440.5514358,2022,156,0.007407917
1618,2022-06-06,157,6338.11389,1514.129059,4823.984832,7852.242949,2831.830955,6845.270776,16.05404688,0.22220297,6,0.3,0.11,0.75,6.6,444.0922183,2022,157,0.007372917
1619,2022-06-07,158,6358.255059,1522.021803,4836.233255,7880.276862,2831.830955,6845.270776,16.11046667,0.22220297,6,0.3,0.11,0.75,6.6,453.7964112,2022,158,0.008076979
1620,2022-06-08,159,6378.744712,1530.389483,4848.355229,7909.134195,2831.830955,6845.270776,16.31480021,0.22220297,6,0.3,0.11,0.75,6.6,497.993115,2022,159,0.0075475
1621,2022-06-09,160,6399.469419,1539.143327,4860.326092,7938.612746,2831.830955,6845.270776,16.43003229,0.22220297,6,0.3,0.11,0.75,6.6,472.3773664,2022,160,0.007283542
1622,2022-06-10,161,6420.315747,1548.194757,4872.120991,7968.510504,2831.830955,6845.270776,16.37378438,0.22220297,6,0.3,0.11,0.75,6.6,446.9069448,2022,161,0.007109688
1623,2022-06-11,162,6441.170266,1557.455294,4883.714972,7998.62556,2831.830955,6845.270776,16.28769688,0.22220297,6,0.3,0.11,0.75,6.6,441.066435,2022,162,0.007043125
1624,2022-06-12,163,6461.919544,1566.836486,4895.083058,8028.75603,2831.830955,6845.270776,16.27680382,0.22220297,6,0.3,0.11,0.75,6.6,453.1084432,2022,163,0.006963958
1625,2022-06-13,164,6482.450148,1576.249842,4906.200306,8058.69999,2831.830955,6845.270776,16.21014552,0.22220297,6,0.3,0.11,0.75,6.6,455.557416,2022,164,0.0068275
1626,2022-06-14,165,6502.648647,1585.606776,4917.041872,8088.255423,2831.830955,6845.270776,16.26583436,0.22220297,6,0.3,0.11,0.75,6.6,455.068822,2022,165,0.006728021
1627,2022-06-15,166,6522.401611,1594.818562,4927.583048,8117.220173,2831.830955,6845.270776,16.44110342,0.22220297,6,0.3,0.11,0.75,6.6,459.4356326,2022,166,0.006657292
1628,2022-06-16,167,6541.595606,1603.796303,4937.799303,8145.391908,2831.830955,6845.270776,16.50252604,0.22220297,6,0.3,0.11,0.75,6.6,473.0311478,2022,167,0.006559792
1629,2022-06-17,168,6560.117201,1612.450895,4947.666306,8172.568097,2831.830955,6845.270776,16.49681581,0.22220297,6,0.3,0.11,0.75,6.6,463.2482068,2022,168,0.006548646
1630,2022-06-18,169,6577.852966,1620.693019,4957.159947,8198.545984,2831.830955,6845.270776,16.40950044,0.22220297,6,0.3,0.11,0.75,6.6,445.9415649,2022,169,0.006615938
1631,2022-06-19,170,6594.689467,1628.433119,4966.256348,8223.122587,2831.830955,6845.270776,16.4156684,0.22220297,6,0.3,0.11,0.75,6.6,431.2700338,2022,170,0.006594583
1632,2022-06-20,171,6610.513274,1635.581406,4974.931868,8246.09468,2831.830955,6845.270776,16.39746615,0.22220297,6,0.3,0.11,0.75,6.6,435.2472437,2022,171,0.006514688
1633,2022-06-21,172,6625.210955,1642.04785,4983.163105,8267.258805,2831.830955,6845.270776,16.51857815,0.22220297,6,0.3,0.11,0.75,6.6,448.7425752,2022,172,0.006440938
1634,2022-06-22,173,6638.669078,1647.742189,4990.926889,8286.411267,2831.830955,6845.270776,16.47903472,0.22220297,6,0.3,0.11,0.75,6.6,453.1323348,2022,173,0.006347917
1635,2022-06-23,174,6650.774212,1652.57394,4998.200272,8303.348152,2831.830955,6845.270776,16.49640997,0.22220297,6,0.3,0.11,0.75,6.6,459.5555365,2022,174,0.006275313
1636,2022-06-24,175,6661.412925,1656.45241,5004.960514,8317.865335,2831.830955,6845.270776,16.65731858,0.22220297,6,0.3,0.11,0.75,6.6,451.1068989,2022,175,0.006223229
1637,2022-06-25,176,6670.471785,1659.286716,5011.185069,8329.7585,2831.830955,6845.270776,16.66220339,0.22220297,6,0.3,0.11,0.75,6.6,450.785991,2022,176,0.006163438
1638,2022-06-26,177,6677.83736,1660.985802,5016.851559,8338.823162,2831.830955,6845.270776,16.74065751,0.22220297,6,0.3,0.11,0.75,6.6,443.580799,2022,177,0.006242917
1639,2022-06-27,178,6683.39622,1661.458467,5021.937753,8344.854687,2831.830955,6845.270776,16.7488099,0.22220297,6,0.3,0.11,0.75,6.6,468.1039794,2022,178,0.006558438
1640,2022-06-28,179,6687.034933,1660.613391,5026.421542,8347.648323,2831.830955,6845.270776,16.73870313,0.22220297,6,0.3,0.11,0.75,6.6,458.9925464,2022,179,0.006351354
1641,2022-06-29,180,6688.640066,1658.359163,5030.280902,8346.999229,2831.830955,6845.270776,16.89037489,0.22220297,6,0.3,0.11,0.75,6.6,470.1004629,2022,180,0.006332813
1642,2022-06-30,181,6688.098188,1654.604321,5033.493867,8342.70251,2831.830955,6845.270776,17.11436181,0.22220297,6,0.3,0.11,0.75,6.6,470.8697716,2022,181,0.006392708
1643,2022-07-01,182,6685.295868,1649.257385,5036.038483,8334.553253,2831.830955,6845.270776,17.33613013,0.22220297,6,0.3,0.11,0.75,6.6,469.2538838,2022,182,0.006295625
1644,2022-07-02,183,6680.119674,1642.226903,5037.892771,8322.346577,2831.830955,6845.270776,17.24976742,0.22220297,7,0.3,0.11,0.75,6.6,475.5443238,2022,183,0.006339583
1645,2022-07-03,184,6672.495426,1633.447382,5039.048044,8305.942808,2831.830955,6845.270776,17.2031446,0.22220297,7,0.3,0.11,0.75,6.6,481.2399817,2022,184,0.006776458
1646,2022-07-04,185,6662.505949,1622.95705,5039.548899,8285.462998,2831.830955,6845.270776,17.31608594,0.22220297,7,0.3,0.11,0.75,6.6,480.3982826,2022,185,0.006404688
1647,2022-07-05,186,6650.273319,1610.82033,5039.452989,8261.093649,2831.830955,6845.270776,17.5061214,0.22220297,7,0.3,0.11,0.75,6.6,479.5565835,2022,186,0.006213021
1648,2022-07-06,187,6635.919614,1597.101957,5038.817658,8233.021571,2831.830955,6845.270776,17.58898524,0.22220297,7,0.3,0.11,0.75,6.6,485.7157694,2022,187,0.006555104
1649,2022-07-07,188,6619.566911,1581.866965,5037.699946,8201.433876,2831.830955,6845.270776,17.44646788,0.22220297,7,0.3,0.11,0.75,6.6,484.0689044,2022,188,0.007713542
1650,2022-07-08,189,6601.337286,1565.180682,5036.156604,8166.517968,2831.830955,6845.270776,17.42568142,0.22220297,7,0.3,0.11,0.75,6.6,491.6551665,2022,189,0.007685625
1651,2022-07-09,190,6581.352816,1547.108726,5034.24409,8128.461541,2831.830955,6845.270776,17.50284635,0.22220297,7,0.3,0.11,0.75,6.6,473.7977478,2022,190,0.008253229
1652,2022-07-10,191,6559.735577,1527.717008,5032.018569,8087.452585,2831.830955,6845.270776,17.57748906,0.22220297,7,0.3,0.11,0.75,6.6,456.2081699,2022,191,0.006769479
1653,2022-07-11,192,6536.607647,1507.071747,5029.5359,8043.679394,2831.830955,6845.270776,17.4755952,0.22220297,7,0.3,0.11,0.75,6.6,454.345492,2022,192,0.006184375
1654,2022-07-12,193,6512.091102,1485.23948,5026.851622,7997.330582,2831.830955,6845.270776,17.58842002,0.22220297,7,0.3,0.11,0.75,6.6,452.4828141,2022,193,0.005968854
1655,2022-07-13,194,6486.308019,1462.287086,5024.020933,7948.595105,2831.830955,6845.270776,17.49890122,0.22220297,7,0.3,0.11,0.75,6.6,450.6201362,2022,194,0.00636875
1656,2022-07-14,195,6459.380475,1438.281814,5021.098661,7897.662289,2831.830955,6845.270776,17.55963336,0.22220297,7,0.3,0.11,0.75,6.6,448.7574583,2022,195,0.0060275
1657,2022-07-15,196,6431.430546,1413.291317,5018.13923,7844.721863,2831.830955,6845.270776,17.6303316,0.22220297,7,0.3,0.11,0.75,6.6,446.8947804,2022,196,0.005851458
1658,2022-07-16,197,6402.58031,1387.383696,5015.196614,7789.964006,2831.830955,6845.270776,17.7078125,0.22220297,7,0.3,0.11,0.75,6.6,445.0321025,2022,197,0.005715625
1659,2022-07-17,198,6372.951843,1360.627552,5012.324291,7733.579395,2831.830955,6845.270776,17.73994271,0.22220297,7,0.3,0.11,0.75,6.6,443.1694246,2022,198,0.005717083
1660,2022-07-18,199,6342.667222,1333.092048,5009.575174,7675.759269,2831.830955,6845.270776,17.82890625,0.22220297,7,0.3,0.11,0.75,6.6,441.3067467,2022,199,0.006834479
1661,2022-07-19,200,6311.848523,1304.846979,5007.001544,7616.695502,2831.830955,6845.270776,17.57905816,0.22220297,7,0.3,0.11,0.75,6.6,443.2141736,2022,200,0.006534583
1662,2022-07-20,201,6280.617824,1275.962863,5004.654961,7556.580686,2831.830955,6845.270776,17.64637533,0.22220297,7,0.3,0.11,0.75,6.6,445.1216005,2022,201,0.005851667
1663,2022-07-21,202,6249.0972,1246.511034,5002.586167,7495.608234,2831.830955,6845.270776,17.89783709,0.22220297,7,0.3,0.11,0.75,6.6,459.3526427,2022,202,0.00670875
1664,2022-07-22,203,6217.40873,1216.563762,5000.844968,7433.972492,2831.830955,6845.270776,17.62952865,0.22220297,7,0.3,0.11,0.75,6.6,503.6959271,2022,203,0.006146667
1665,2022-07-23,204,6185.674489,1186.194388,4999.480102,7371.868877,2831.830955,6845.270776,17.51624557,0.22220297,7,0.3,0.11,0.75,6.6,493.4630246,2022,204,0.005604688
1666,2022-07-24,205,6154.016555,1155.477474,4998.539081,7309.494029,2831.830955,6845.270776,17.39714149,0.22220297,7,0.3,0.11,0.75,6.6,468.1372569,2022,205,0.005404896
1667,2022-07-25,206,6122.557004,1124.488987,4998.068018,7247.045991,2831.830955,6845.270776,17.44880522,0.22220297,7,0.3,0.11,0.75,6.6,487.8146375,2022,206,0.005357708
1668,2022-07-26,207,6091.417913,1093.306497,4998.111417,7184.72441,2831.830955,6845.270776,17.44171416,0.22220297,7,0.3,0.11,0.75,6.6,474.7936403,2022,207,0.005471146
1669,2022-07-27,208,6060.721359,1062.009414,4998.711946,7122.730773,2831.830955,6845.270776,17.6657659,0.22220297,7,0.3,0.11,0.75,6.6,470.7229863,2022,208,0.005504375
1670,2022-07-28,209,6030.589419,1030.679248,4999.910171,7061.268666,2831.830955,6845.270776,17.83889228,0.22220297,7,0.3,0.11,0.75,6.6,484.9839468,2022,209,0.005323438
1671,2022-07-29,210,6001.144168,999.3999075,5001.744261,7000.544076,2831.830955,6845.270776,17.79729232,0.22220297,7,0.3,0.11,0.75,6.6,475.6247207,2022,210,0.006743229
1672,2022-07-30,211,5972.507685,968.2580303,5004.249655,6940.765715,2831.830955,6845.270776,17.75781424,0.22220297,7,0.3,0.11,0.75,6.6,465.2811326,2022,211,0.005975833
1673,2022-07-31,212,5944.802046,937.3433473,5007.458698,6882.145393,2831.830955,6845.270776,17.75831337,0.22220297,7,0.3,0.11,0.75,6.6,473.4299769,2022,212,0.005715417
1674,2022-08-01,213,5918.149327,906.7490813,5011.400245,6824.898408,2831.830955,6845.270776,17.68935397,0.22220297,7,0.3,0.11,0.75,6.6,456.6712961,2022,213,0.007748229
1675,2022-08-02,214,5892.671605,876.57237,5016.099235,6769.243975,2831.830955,6845.270776,17.4726276,0.22220297,8,0.3,0.11,0.75,6.6,464.2364523,2022,214,0.007193958
1676,2022-08-03,215,5868.47664,846.9069749,5021.569665,6715.383615,2831.830955,6845.270776,17.57817704,0.22220297,8,0.3,0.11,0.75,6.6,478.9472606,2022,215,0.006039167
1677,2022-08-04,216,5845.614918,817.8217378,5027.79318,6663.436656,2831.830955,6845.270776,17.52472483,0.22220297,8,0.3,0.11,0.75,6.6,480.969019,2022,216,0.005625
1678,2022-08-05,217,5824.122609,789.3847201,5034.737888,6613.507329,2831.830955,6845.270776,17.56649001,0.22220297,8,0.3,0.11,0.75,6.6,482.9907774,2022,217,0.005388646
1679,2022-08-06,218,5804.035881,761.6715487,5042.364332,6565.707429,2831.830955,6845.270776,17.63772464,0.22220297,8,0.3,0.11,0.75,6.6,476.0284511,2022,218,0.005488542
1680,2022-08-07,219,5785.390904,734.7664211,5050.624482,6520.157325,2831.830955,6845.270776,17.67473872,0.22220297,8,0.3,0.11,0.75,6.6,468.0791096,2022,219,0.005384375
1681,2022-08-08,220,5768.223846,708.763142,5059.460704,6476.986988,2831.830955,6845.270776,17.64933627,0.22220297,8,0.3,0.11,0.75,6.6,493.7389969,2022,220,0.005143021
1682,2022-08-09,221,5752.570878,683.7661399,5068.804739,6436.337018,2831.830955,6845.270776,17.64725752,0.22220297,8,0.3,0.11,0.75,6.6,460.0897728,2022,221,0.005132708
1683,2022-08-10,222,5738.468169,659.8913773,5078.576791,6398.359546,2831.830955,6845.270776,17.64913093,0.22220297,8,0.3,0.11,0.75,6.6,486.3837928,2022,222,0.007831875
1684,2022-08-11,223,5725.951887,637.2670323,5088.684854,6363.218919,2831.830955,6845.270776,17.55756386,0.22220297,8,0.3,0.11,0.75,6.6,473.9632255,2022,223,0.009448333
1685,2022-08-12,224,5715.058201,616.0337845,5099.024416,6331.091986,2831.830955,6845.270776,17.64795486,0.22220297,8,0.3,0.11,0.75,6.6,454.085761,2022,224,0.008923125
1686,2022-08-13,225,5705.823281,596.3444903,5109.478791,6302.167771,2831.830955,6845.270776,17.70845226,0.22220297,8,0.3,0.11,0.75,6.6,438.6166607,2022,225,0.007438125
1687,2022-08-14,226,5698.283296,578.3629918,5119.920305,6276.646288,2831.830955,6845.270776,17.78051128,0.22220297,8,0.3,0.11,0.75,6.6,461.8673761,2022,226,0.006104792
1688,2022-08-15,227,5692.474416,562.2617921,5130.212624,6254.736208,2831.830955,6845.270776,17.7460913,0.22220297,8,0.3,0.11,0.75,6.6,484.8142896,2022,227,0.005191979
1689,2022-08-16,228,5688.432808,548.2183568,5140.214451,6236.651165,2831.830955,6845.270776,17.53291406,0.22220297,8,0.3,0.11,0.75,6.6,453.4758971,2022,228,0.004907813
1690,2022-08-17,229,5686.194643,536.4099122,5149.784731,6222.604555,2831.830955,6845.270776,17.467014,0.22220297,8,0.3,0.11,0.75,6.6,440.3425981,2022,229,0.004749792
1691,2022-08-18,230,5685.79609,527.0068055,5158.789284,6212.802895,2831.830955,6845.270776,17.5190061,0.22220297,8,0.3,0.11,0.75,6.6,457.2064614,2022,230,0.004643021
1692,2022-08-19,231,5687.273317,520.1647787,5167.108539,6207.438096,2831.830955,6845.270776,17.52801942,0.22220297,8,0.3,0.11,0.75,6.6,456.4251059,2022,231,0.004570104
1693,2022-08-20,232,5690.662495,516.0168364,5174.645658,6206.679331,2831.830955,6845.270776,17.66485004,0.22220297,8,0.3,0.11,0.75,6.6,466.5618178,2022,232,0.00464875
1694,2022-08-21,233,5695.999791,514.6656708,5181.334121,6210.665462,2831.830955,6845.270776,17.70008333,0.22220297,8,0.3,0.11,0.75,6.6,480.0614813,2022,233,0.004695625
1695,2022-08-22,234,5703.321376,516.1777311,5187.143645,6219.499107,2831.830955,6845.270776,17.80784805,0.22220297,8,0.3,0.11,0.75,6.6,479.9754706,2022,234,0.004688125
1696,2022-08-23,235,5712.663418,520.5799015,5192.083517,6233.24332,2831.830955,6845.270776,17.68710987,0.22220297,8,0.3,0.11,0.75,6.6,462.4042797,2022,235,0.004653333
1697,2022-08-24,236,5724.062087,527.8593635,5196.202724,6251.921451,2831.830955,6845.270776,17.51858681,0.22220297,8,0.3,0.11,0.75,6.6,461.6199167,2022,236,0.004517813
1698,2022-08-25,237,5737.553552,537.9666627,5199.586889,6275.520215,2831.830955,6845.270776,17.72611285,0.22220297,8,0.3,0.11,0.75,6.6,457.7406527,2022,237,0.004478333
1699,2022-08-26,238,5753.173982,550.8214391,5202.352542,6303.995421,2831.830955,6845.270776,17.78975608,0.22220297,8,0.3,0.11,0.75,6.6,459.7823162,2022,238,0.004455729
1700,2022-08-27,239,5770.959545,566.3198854,5204.63966,6337.279431,2831.830955,6845.270776,17.78857292,0.22220297,8,0.3,0.11,0.75,6.6,461.8239797,2022,239,0.004485521
1701,2022-08-28,240,5790.946412,584.3428571,5206.603555,6375.289269,2831.830955,6845.270776,17.94103212,0.22220297,8,0.3,0.11,0.75,6.6,463.8656432,2022,240,0.004559688
1702,2022-08-29,241,5813.170752,604.7636725,5208.407079,6417.934424,2831.830955,6845.270776,17.85166146,0.22220297,8,0.3,0.11,0.75,6.6,465.9073066,2022,241,0.004643438
1703,2022-08-30,242,5837.668733,627.4549082,5210.213825,6465.123641,2831.830955,6845.270776,17.86629427,0.22220297,8,0.3,0.11,0.75,6.6,469.9315116,2022,242,0.00459625
1704,2022-08-31,243,5864.476525,652.2938156,5212.182709,6516.77034,2831.830955,6845.270776,17.65688358,0.22220297,8,0.3,0.11,0.75,6.6,438.4338114,2022,243,0.004650208
1705,2022-09-01,244,5893.630297,679.1662677,5214.464029,6572.796564,2831.830955,6845.270776,17.54429515,0.22220297,8,0.3,0.11,0.75,6.6,446.1473889,2022,244,0.004735833
1706,2022-09-02,245,5925.166218,707.9693424,5217.196875,6633.13556,2831.830955,6845.270776,17.57656852,0.22220297,9,0.3,0.11,0.75,6.6,443.3521513,2022,245,0.004741458
1707,2022-09-03,246,5959.0714,738.5885248,5220.482875,6697.659924,2831.830955,6845.270776,17.67667535,0.22220297,9,0.3,0.11,0.75,6.6,451.6760873,2022,246,0.005192083
1708,2022-09-04,247,5995.136727,770.8242867,5224.31244,6765.961014,2831.830955,6845.270776,17.73240799,0.22220297,9,0.3,0.11,0.75,6.6,460.7030536,2022,247,0.004962604
1709,2022-09-05,248,6033.104026,804.4627628,5228.641263,6837.566789,2831.830955,6845.270776,17.8098822,0.22220297,9,0.3,0.11,0.75,6.6,458.7814298,2022,248,0.007579479
1710,2022-09-06,249,6072.715124,839.2995845,5233.415539,6912.014708,2831.830955,6845.270776,17.65303038,0.22220297,9,0.3,0.11,0.75,6.6,472.5406992,2022,249,0.006028021
1711,2022-09-07,250,6113.711847,875.1393641,5238.572483,6988.851211,2831.830955,6845.270776,17.49395833,0.22220297,9,0.3,0.11,0.75,6.6,464.8821929,2022,250,0.005860417
1712,2022-09-08,251,6155.836023,911.7949132,5244.04111,7067.630936,2831.830955,6845.270776,17.44052951,0.22220297,9,0.3,0.11,0.75,6.6,451.5891137,2022,251,0.005587292
1713,2022-09-09,252,6198.829478,949.0863453,5249.743132,7147.915823,2831.830955,6845.270776,17.52997135,0.22220297,9,0.3,0.11,0.75,6.6,452.4524454,2022,252,0.005343646
1714,2022-09-10,253,6242.434038,986.8401606,5255.593878,7229.274199,2831.830955,6845.270776,17.30520052,0.22220297,9,0.3,0.11,0.75,6.6,443.098439,2022,253,0.005588854
1715,2022-09-11,254,6286.391532,1024.888372,5261.50316,7311.279903,2831.830955,6845.270776,17.35860764,0.22220297,9,0.3,0.11,0.75,6.6,463.5607218,2022,254,0.005485729
1716,2022-09-12,255,6330.443784,1063.067708,5267.376077,7393.511492,2831.830955,6845.270776,17.55512957,0.22220297,9,0.3,0.11,0.75,6.6,458.3209455,2022,255,0.006003333
1717,2022-09-13,256,6374.332624,1101.218905,5273.113719,7475.551529,2831.830955,6845.270776,17.43321528,0.22220297,9,0.3,0.11,0.75,6.6,443.8750876,2022,256,0.005665521
1718,2022-09-14,257,6417.799876,1139.186096,5278.61378,7556.985972,2831.830955,6845.270776,17.4700408,0.22220297,9,0.3,0.11,0.75,6.6,433.9823206,2022,257,0.005546042
1719,2022-09-15,258,6460.587368,1176.816287,5283.771081,7637.403656,2831.830955,6845.270776,17.49035211,0.22220297,9,0.3,0.11,0.75,6.6,431.0586196,2022,258,0.005462292
1720,2022-09-16,259,6502.436928,1213.958924,5288.478003,7716.395852,2831.830955,6845.270776,17.39078646,0.22220297,9,0.3,0.11,0.75,6.6,449.781779,2022,259,0.005511979
1721,2022-09-17,260,6543.09038,1250.465529,5292.624851,7793.55591,2831.830955,6845.270776,17.40217622,0.22220297,9,0.3,0.11,0.75,6.6,448.2078786,2022,260,0.005556563
1722,2022-09-18,261,6582.289553,1286.18941,5296.100144,7868.478963,2831.830955,6845.270776,17.18383094,0.22220297,9,0.3,0.11,0.75,6.6,447.7335138,2022,261,0.005560729
1723,2022-09-19,262,6619.776273,1320.985423,5298.79085,7940.761697,2831.830955,6845.270776,17.10759739,0.22220297,9,0.3,0.11,0.75,6.6,450.7894209,2022,262,0.005624271
1724,2022-09-20,263,6655.292368,1354.709798,5300.582569,8010.002166,2831.830955,6845.270776,16.97276115,0.22220297,9,0.3,0.11,0.75,6.6,471.0224726,2022,263,0.005652188
1725,2022-09-21,264,6688.579663,1387.219997,5301.359665,8075.79966,2831.830955,6845.270776,16.94535721,0.22220297,9,0.3,0.11,0.75,6.6,461.4654794,2022,264,0.005716667
1726,2022-09-22,265,6719.379985,1418.374621,5301.005364,8137.754606,2831.830955,6845.270776,16.75191493,0.22220297,9,0.3,0.11,0.75,6.6,467.3482053,2022,265,0.005709583
1727,2022-09-23,266,6747.435162,1448.033353,5299.40181,8195.468515,2831.830955,6845.270776,15.9198342,0.22220297,9,0.3,0.11,0.75,6.6,425.8020151,2022,266,0.005745729
1728,2022-09-24,267,6772.48702,1476.056928,5296.430092,8248.543949,2831.830955,6845.270776,15.77881076,0.22220297,9,0.3,0.11,0.75,6.6,439.1008496,2022,267,0.005809167
1729,2022-09-25,268,6794.277386,1502.307148,5291.970238,8296.584535,2831.830955,6845.270776,15.91619114,0.22220297,9,0.3,0.11,0.75,6.6,440.1555365,2022,268,0.005835208
1730,2022-09-26,269,6812.548087,1526.646912,5285.901175,8339.194999,2831.830955,6845.270776,16.32980423,0.22220297,9,0.3,0.11,0.75,6.6,445.2866762,2022,269,0.005858438
1731,2022-09-27,270,6827.04095,1548.940288,5278.100662,8375.981238,2831.830955,6845.270776,16.07511979,0.22220297,9,0.3,0.11,0.75,6.6,441.7808157,2022,270,0.005826042
1732,2022-09-28,271,6837.497801,1569.052617,5268.445184,8406.550418,2831.830955,6845.270776,16.04666114,0.22220297,9,0.3,0.11,0.75,6.6,443.4849657,2022,271,0.005794688
1733,2022-09-29,272,6843.660467,1586.850647,5256.80982,8430.511115,2831.830955,6845.270776,16.32371665,0.22220297,9,0.3,0.11,0.75,6.6,442.482987,2022,272,0.005772188
1734,2022-09-30,273,6845.270776,1602.202715,5243.068061,8447.47349,2831.830955,6845.270776,16.38923524,0.22220297,9,0.3,0.11,0.75,6.6,440.5512494,2022,273,0.005838438
1735,2022-10-01,274,6842.070553,1614.978965,5227.091588,8457.049518,2831.830955,6845.270776,16.16351291,0.22220297,9,0.3,0.11,0.75,6.6,434.319329,2022,274,0.005980938
1736,2022-10-02,275,6833.801626,1625.051633,5208.749992,8458.853259,2831.830955,6845.270776,16.31410895,0.22220297,10,0.3,0.11,0.75,6.6,447.5585174,2022,275,0.006011354
1737,2022-10-03,276,6820.286036,1632.331267,5187.954769,8452.617304,2831.830955,6845.270776,16.12568651,0.22220297,10,0.3,0.11,0.75,6.6,445.317344,2022,276,0.005980938
1738,2022-10-04,277,6801.666689,1636.873944,5164.792744,8438.540633,2831.830955,6845.270776,16.02385031,0.22220297,10,0.3,0.11,0.75,6.6,441.1268421,2022,277,0.006012292
1739,2022-10-05,278,6778.166702,1638.772277,5139.394424,8416.938979,2831.830955,6845.270776,15.85157552,0.22220297,10,0.3,0.11,0.75,6.6,463.0292614,2022,278,0.006022604
1740,2022-10-06,279,6750.009195,1638.119076,5111.890119,8388.12827,2831.830955,6845.270776,15.95564583,0.22220297,10,0.3,0.11,0.75,6.6,451.7870034,2022,279,0.006001875
1741,2022-10-07,280,6717.417286,1635.007118,5082.410168,8352.424404,2831.830955,6845.270776,15.72467857,0.22220297,10,0.3,0.11,0.75,6.6,448.1325386,2022,280,0.006030417
1742,2022-10-08,281,6680.614096,1629.528982,5051.085115,8310.143078,2831.830955,6845.270776,15.21180973,0.22220297,10,0.3,0.11,0.75,6.6,442.6787462,2022,281,0.006055313
1743,2022-10-09,282,6639.822743,1621.776917,5018.045826,8261.599661,2831.830955,6845.270776,14.88719598,0.22220297,10,0.3,0.11,0.75,6.6,452.2119934,2022,282,0.00608375
1744,2022-10-10,283,6595.266347,1611.842776,4983.423571,8207.109123,2831.830955,6845.270776,15.32394097,0.22220297,10,0.3,0.11,0.75,6.6,451.4399588,2022,283,0.006116146
1745,2022-10-11,284,6547.168026,1599.817978,4947.350048,8146.986004,2831.830955,6845.270776,15.36854948,0.22220297,10,0.3,0.11,0.75,6.6,465.6855065,2022,284,0.006153021
1746,2022-10-12,285,6495.7509,1585.793532,4909.957368,8081.544432,2831.830955,6845.270776,15.219,0.22220297,10,0.3,0.11,0.75,6.6,454.5170022,2022,285,0.006219583
1747,2022-10-13,286,6441.238087,1569.860104,4871.377983,8011.098191,2831.830955,6845.270776,14.99316843,0.22220297,10,0.3,0.11,0.75,6.6,460.5111966,2022,286,0.006411771
1748,2022-10-14,287,6383.852707,1552.108146,4831.744561,7935.960854,2831.830955,6845.270776,14.68317596,0.22220297,10,0.3,0.11,0.75,6.6,461.902513,2022,287,0.006354792
1749,2022-10-15,288,6323.81788,1532.628088,4791.189792,7856.445968,2831.830955,6845.270776,14.44523084,0.22220297,10,0.3,0.11,0.75,6.6,463.4771068,2022,288,0.006307604
1750,2022-10-16,289,6261.356723,1511.510602,4749.846121,7772.867326,2831.830955,6845.270776,14.74297818,0.22220297,10,0.3,0.11,0.75,6.6,449.7953364,2022,289,0.006353958
1751,2022-10-17,290,6196.692357,1488.846955,4707.845402,7685.539312,2831.830955,6845.270776,13.82819942,0.22220297,10,0.3,0.11,0.75,6.6,435.8634156,2022,290,0.006527396
1752,2022-10-18,291,6130.0479,1464.729466,4665.318434,7594.777367,2831.830955,6845.270776,12.45685273,0.22220297,10,0.3,0.11,0.75,6.6,442.3370721,2022,291,0.006470208
1753,2022-10-19,292,6061.646472,1439.252083,4622.394389,7500.898555,2831.830955,6845.270776,12.44379652,0.22220297,10,0.3,0.11,0.75,6.6,456.2893632,2022,292,0.00648125
1754,2022-10-20,293,5991.711192,1412.511102,4579.200089,7404.222294,2831.830955,6845.270776,13.46417014,0.22220297,10,0.3,0.11,0.75,6.6,449.6316,2022,293,0.006485417
1755,2022-10-21,294,5920.465178,1384.60607,4535.859108,7305.071247,2831.830955,6845.270776,13.21269444,0.22220297,10,0.3,0.11,0.75,6.6,448.8423768,2022,294,0.006521042
1756,2022-10-22,295,5848.13155,1355.640878,4492.490672,7203.772428,2831.830955,6845.270776,13.36297135,0.22220297,10,0.3,0.11,0.75,6.6,446.5979302,2022,295,0.006527813
1757,2022-10-23,296,5774.933427,1325.725122,4449.208305,7100.658549,2831.830955,6845.270776,13.14004621,0.22220297,10,0.3,0.11,0.75,6.6,446.2350034,2022,296,0.006549375
1758,2022-10-24,297,5701.093929,1294.975738,4406.11819,6996.069667,2831.830955,6845.270776,13.23093192,0.22220297,10,0.3,0.11,0.75,6.6,452.09475,2022,297,0.006599479
1759,2022-10-25,298,5626.836173,1263.519004,4363.31717,6890.355177,2831.830955,6845.270776,13.6143268,0.22220297,10,0.3,0.11,0.75,6.6,446.4506866,2022,298,0.006689583
1760,2022-10-26,299,5552.383281,1231.492935,4320.890345,6783.876216,2831.830955,6845.270776,14.05242707,0.22220297,10,0.3,0.11,0.75,6.6,440.0346948,2022,299,0.007075
1761,2022-10-27,300,5477.958369,1199.050171,4278.908198,6677.008541,2831.830955,6845.270776,13.95457977,0.22220297,10,0.3,0.11,0.75,6.6,436.5409768,2022,300,0.006994896
1762,2022-10-28,301,5403.784559,1166.361393,4237.423166,6570.145952,2831.830955,6845.270776,13.84014063,0.22220297,10,0.3,0.11,0.75,6.6,450.8151464,2022,301,0.007006146
1763,2022-10-29,302,5330.084968,1133.619346,4196.465622,6463.704315,2831.830955,6845.270776,14.21146416,0.22220297,10,0.3,0.11,0.75,6.6,444.8460347,2022,302,0.007027188
1764,2022-10-30,303,5257.082717,1101.043507,4156.03921,6358.126224,2831.830955,6845.270776,14.0662164,0.22220297,10,0.3,0.11,0.75,6.6,449.7027128,2022,303,0.007096979
1765,2022-10-31,304,5185.000923,1068.885372,4116.115551,6253.886295,2831.830955,6845.270776,13.83870681,0.22220297,10,0.3,0.11,0.75,6.6,449.8874607,2022,304,0.007876667
1766,2022-11-01,305,5114.062707,1037.434294,4076.628413,6151.497001,2831.830955,6845.270776,12.66707478,0.22220297,10,0.3,0.11,0.75,6.6,457.2454178,2022,305,0.007390938
1767,2022-11-02,306,5044.491187,1007.023629,4037.467558,6051.514816,2831.830955,6845.270776,12.32906163,0.22220297,11,0.3,0.11,0.75,6.6,452.8067286,2022,306,0.007395625
1768,2022-11-03,307,4976.472498,978.0418363,3998.430662,5954.514335,2831.830955,6845.270776,11.29574826,0.22220297,11,0.3,0.11,0.75,6.6,450.5057895,2022,307,0.007409688
1769,2022-11-04,308,4910.04484,950.9384982,3959.106342,5860.983338,2831.830955,6845.270776,11.20913194,0.22220297,11,0.3,0.11,0.75,6.6,445.5598832,2022,308,0.007485625
1770,2022-11-05,309,4845.209426,926.1804228,3919.029003,5771.389848,2831.830955,6845.270776,12.0867113,0.22220297,11,0.3,0.11,0.75,6.6,438.8817567,2022,309,0.007563854
1771,2022-11-06,310,4781.96747,904.2284834,3877.738987,5686.195953,2831.830955,6845.270776,12.68909939,0.22220297,11,0.3,0.11,0.75,6.6,444.3701369,2022,310,0.00776625
1772,2022-11-07,311,4720.320188,885.5184052,3834.801782,5605.838593,2831.830955,6845.270776,12.92570226,0.22220297,11,0.3,0.11,0.75,6.6,452.1490852,2022,311,0.007988958
1773,2022-11-08,312,4660.268793,870.4382682,3789.830525,5530.707061,2831.830955,6845.270776,12.82777951,0.22220297,11,0.3,0.11,0.75,6.6,448.329753,2022,312,0.007902396
1774,2022-11-09,313,4601.8145,859.3044439,3742.510056,5461.118944,2831.830955,6845.270776,12.72282031,0.22220297,11,0.3,0.11,0.75,6.6,450.6991647,2022,313,0.007873333
1775,2022-11-10,314,4544.958523,852.3386763,3692.619847,5397.2972,2831.830955,6845.270776,12.63664721,0.22220297,11,0.3,0.11,0.75,6.6,449.3452958,2022,314,0.0078575
1776,2022-11-11,315,4489.702078,849.6496095,3640.052468,5339.351687,2831.830955,6845.270776,12.87809541,0.22220297,11,0.3,0.11,0.75,6.6,442.7636606,2022,315,0.011950521
1777,2022-11-12,316,4436.046377,851.2218869,3584.82449,5287.268264,2831.830955,6845.270776,12.66290885,0.22220297,11,0.3,0.11,0.75,6.6,446.3405316,2022,316,0.008968333
1778,2022-11-13,317,4383.992637,856.9148524,3527.077784,5240.907489,2831.830955,6845.270776,11.18216348,0.22220297,11,0.3,0.11,0.75,6.6,432.1520772,2022,317,0.007585
1779,2022-11-14,318,4333.54207,866.4711149,3467.070955,5200.013185,2831.830955,6845.270776,10.69699913,0.22220297,11,0.3,0.11,0.75,6.6,439.221502,2022,318,0.007477083
1780,2022-11-15,319,4284.695892,879.533375,3405.162517,5164.229267,2831.830955,6845.270776,11.1509487,0.22220297,11,0.3,0.11,0.75,6.6,440.1642715,2022,319,0.009289167
1781,2022-11-16,320,4237.455316,895.6665685,3341.788748,5133.121885,2831.830955,6845.270776,11.42708834,0.22220297,11,0.3,0.11,0.75,6.6,440.8126101,2022,320,0.008328125
1782,2022-11-17,321,4191.821558,914.3819393,3277.439619,5106.203497,2831.830955,6845.270776,11.21606794,0.22220297,11,0.3,0.11,0.75,6.6,440.8856321,2022,321,0.007495729
1783,2022-11-18,322,4147.795832,935.1600641,3212.635768,5082.955896,2831.830955,6845.270776,11.19459051,0.22220297,11,0.3,0.11,0.75,6.6,438.9301809,2022,322,0.007872604
1784,2022-11-19,323,4105.379351,957.4707918,3147.90856,5062.850143,2831.830955,6845.270776,10.21270757,0.22220297,11,0.3,0.11,0.75,6.6,433.478695,2022,323,0.007945938
1785,2022-11-20,324,4064.573332,980.7891256,3083.784206,5045.362457,2831.830955,6845.270776,10.10838542,0.22220297,11,0.3,0.11,0.75,6.6,435.7286962,2022,324,0.00788625
1786,2022-11-21,325,4025.378987,1004.606956,3020.77203,5029.985943,2831.830955,6845.270776,10.2583653,0.22220297,11,0.3,0.11,0.75,6.6,440.8241877,2022,325,0.007914167
1787,2022-11-22,326,3987.797531,1028.44114,2959.356391,5016.238671,2831.830955,6845.270776,10.81575676,0.22220297,11,0.3,0.11,0.75,6.6,442.858941,2022,326,0.008048125
1788,2022-11-23,327,3951.83018,1051.838686,2899.991494,5003.668866,2831.830955,6845.270776,10.48909635,0.22220297,11,0.3,0.11,0.75,6.6,442.1525421,2022,327,0.008204688
1789,2022-11-24,328,3917.478146,1074.379894,2843.098253,4991.85804,2831.830955,6845.270776,10.48317361,0.22220297,11,0.3,0.11,0.75,6.6,443.4103544,2022,328,0.008270104
1790,2022-11-25,329,3884.742645,1095.680206,2789.062439,4980.422852,2831.830955,6845.270776,10.81181377,0.22220297,11,0.3,0.11,0.75,6.6,442.9109446,2022,329,0.008409896
1791,2022-11-26,330,3853.624891,1115.391433,2738.233458,4969.016325,2831.830955,6845.270776,10.7406875,0.22220297,11,0.3,0.11,0.75,6.6,436.0532731,2022,330,0.008483333
1792,2022-11-27,331,3824.126099,1133.202876,2690.923223,4957.328975,2831.830955,6845.270776,10.69153193,0.22220297,11,0.3,0.11,0.75,6.6,440.1955174,2022,331,0.008977188
1793,2022-11-28,332,3796.247482,1148.842787,2647.404696,4945.090269,2831.830955,6845.270776,9.853862222,0.22220297,11,0.3,0.11,0.75,6.6,434.2663406,2022,332,0.008684792
1794,2022-11-29,333,3769.990256,1162.080527,2607.909729,4932.070783,2831.830955,6845.270776,9.501483507,0.22220297,11,0.3,0.11,0.75,6.6,436.8175445,2022,333,0.008691458
1795,2022-11-30,334,3745.355634,1172.729753,2572.625881,4918.085387,2831.830955,6845.270776,10.14778521,0.22220297,11,0.3,0.11,0.75,6.6,438.0063412,2022,334,0.025801667
1796,2022-12-01,335,3722.344832,1180.652952,2541.691879,4902.997784,2831.830955,6845.270776,10.63673304,0.22220297,11,0.3,0.11,0.75,6.6,444.332784,2022,335,0.013829271
1797,2022-12-02,336,3700.959063,1185.767687,2515.191376,4886.726749,2831.830955,6845.270776,10.8304687,0.22220297,12,0.3,0.11,0.75,6.6,459.5870889,2022,336,0.01027625
1798,2022-12-03,337,3681.199542,1188.054924,2493.144617,4869.254466,2831.830955,6845.270776,11.1417168,0.22220297,12,0.3,0.11,0.75,6.6,460.5717212,2022,337,0.010283021
1799,2022-12-04,338,3663.067483,1187.569915,2475.497568,4850.637397,2831.830955,6845.270776,10.38969618,0.22220297,12,0.3,0.11,0.75,6.6,439.3872444,2022,338,0.009545313
1800,2022-12-05,339,3646.564101,1184.456085,2462.108015,4831.020186,2831.830955,6845.270776,10.25360435,0.22220297,12,0.3,0.11,0.75,6.6,450.7397678,2022,339,0.009539063
1801,2022-12-06,340,3631.69061,1178.962458,2452.728152,4810.653067,2831.830955,6845.270776,10.59958594,0.22220297,12,0.3,0.11,0.75,6.6,452.3077771,2022,340,0.026384167
1802,2022-12-07,341,3618.448224,1171.464969,2446.983255,4789.913193,2831.830955,6845.270776,10.16450347,0.22220297,12,0.3,0.11,0.75,6.6,440.2637045,2022,341,0.040715104
1803,2022-12-08,342,3606.838159,1162.491796,2444.346362,4769.329955,2831.830955,6845.270776,10.47968854,0.22220297,12,0.3,0.11,0.75,6.6,440.5964502,2022,342,0.072271771
1804,2022-12-09,343,3596.861628,1152.752127,2444.109501,4749.613755,2831.830955,6845.270776,10.59564844,0.22220297,12,0.3,0.11,0.75,6.6,450.9770794,2022,343,0.115169271
1805,2022-12-10,344,3588.519845,1143.166623,2445.353223,4731.686468,2831.830955,6845.270776,11.30676794,0.22220297,12,0.3,0.11,0.75,6.6,455.0958606,2022,344,0.054256146
1806,2022-12-11,345,3581.814026,1134.895846,2446.91818,4716.709872,2831.830955,6845.270776,10.65718206,0.22220297,12,0.3,0.11,0.75,6.6,448.0949563,2022,345,0.034416771
1807,2022-12-12,346,3576.745385,1129.36011,2447.385275,4706.105495,2831.830955,6845.270776,10.08473084,0.22220297,12,0.3,0.11,0.75,6.6,439.6595413,2022,346,0.018743646
1808,2022-12-13,347,3573.315136,1128.240985,2445.074151,4701.55612,2831.830955,6845.270776,10.39500354,0.22220297,12,0.3,0.11,0.75,6.6,446.2686499,2022,347,0.010924688
1809,2022-12-14,348,3571.524493,1133.452343,2438.072149,4704.976836,2831.830955,6845.270776,10.97750132,0.22220297,12,0.3,0.11,0.75,6.6,448.342742,2022,348,0.026592083
1810,2022-12-15,349,3571.374671,1147.069958,2424.304712,4718.444629,2831.830955,6845.270776,11.00244327,0.22220297,12,0.3,0.11,0.75,6.6,445.1058,2022,349,0.174094792
1811,2022-12-16,350,3572.866884,1171.216135,2401.650749,4744.083019,2831.830955,6845.270776,11.16181475,0.22220297,12,0.3,0.11,0.75,6.6,442.1834972,2022,350,0.090723333
1812,2022-12-17,351,3575.979583,1207.736315,2368.243268,4783.715899,2831.830955,6845.270776,11.66259561,0.22220297,12,0.3,0.11,0.75,6.6,440.3229483,2022,351,0.057442292
1813,2022-12-18,352,3580.600164,1256.974945,2323.625219,4837.575109,2831.830955,6845.270776,10.82697991,0.22220297,12,0.3,0.11,0.75,6.6,439.1553132,2022,352,0.040089792
1814,2022-12-19,353,3586.593258,1317.359654,2269.233604,4903.952912,2831.830955,6845.270776,9.738665799,0.22220297,12,0.3,0.11,0.75,6.6,435.9464642,2022,353,0.028540313
1815,2022-12-20,354,3593.823497,1385.794904,2208.028593,4979.618401,2831.830955,6845.270776,9.537214477,0.22220297,12,0.3,0.11,0.75,6.6,440.8045225,2022,354,0.018475417
1816,2022-12-21,355,3602.155513,1458.187577,2143.967936,5060.343091,2831.830955,6845.270776,10.0634783,0.22220297,12,0.3,0.11,0.75,6.6,449.970821,2022,355,0.014081042
1817,2022-12-22,356,3611.453938,1529.950718,2081.503221,5141.404656,2831.830955,6845.270776,10.36531684,0.22220297,12,0.3,0.11,0.75,6.6,449.2211451,2022,356,0.012849479
1818,2022-12-23,357,3621.583404,1596.39115,2025.192254,5217.974555,2831.830955,6845.270776,9.629027875,0.22220297,12,0.3,0.11,0.75,6.6,439.0058743,2022,357,0.012952083
1819,2022-12-24,358,3632.408542,1652.97688,1979.431662,5285.385422,2831.830955,6845.270776,9.231125868,0.22220297,12,0.3,0.11,0.75,6.6,439.6917881,2022,358,0.009940521
1820,2022-12-25,359,3643.793985,1695.527765,1948.266219,5339.32175,2831.830955,6845.270776,10.16531538,0.22220297,12,0.3,0.11,0.75,6.6,431.1288219,2022,359,0.009538333
1821,2022-12-26,360,3655.604363,1720.387957,1935.216406,5375.992321,2831.830955,6845.270776,10.40281337,0.22220297,12,0.3,0.11,0.75,6.6,439.0618068,2022,360,0.009205833
1822,2022-12-27,361,3667.70431,1724.644702,1943.059608,5392.349012,2831.830955,6845.270776,10.57942882,0.22220297,12,0.3,0.11,0.75,6.6,439.0703155,2022,361,0.009111771
1823,2022-12-28,362,3679.958456,1706.474714,1973.483742,5386.43317,2831.830955,6845.270776,10.78095886,0.22220297,12,0.3,0.11,0.75,6.6,441.3753191,2022,362,0.008991771
1824,2022-12-29,363,3692.231434,1665.742099,2026.489334,5357.973533,2831.830955,6845.270776,11.12444746,0.22220297,12,0.3,0.11,0.75,6.6,440.0046237,2022,363,0.009029167
1825,2022-12-30,364,3704.387875,1605.055534,2099.332341,5309.443409,2831.830955,6845.270776,11.1975191,0.22220297,12,0.3,0.11,0.75,6.6,441.450393,2022,364,0.00883
1826,2022-12-31,365,3716.292411,1531.611352,2184.681059,5247.903763,2831.830955,6845.270776,11.33356944,0.22220297,12,0.3,0.11,0.75,6.6,438.8653415,2022,365,0.009216771
1827,2023-01-01,1,3452.509298,239.8966889,3212.612609,3692.405987,2831.830955,6845.270776,12.37356354,0.22220297,1,0.3,0.11,0.75,6.6,442.1245574,2023,1,0.008950625
1828,2023-01-02,2,3418.275871,244.0759369,3174.199934,3662.351808,2831.830955,6845.270776,12.1148125,0.22220297,1,0.3,0.11,0.75,6.6,448.0325801,2023,2,0.008393125
1829,2023-01-03,3,3384.314452,249.8746586,3134.439794,3634.189111,2831.830955,6845.270776,12.22878804,0.22220297,1,0.3,0.11,0.75,6.6,448.5317058,2023,3,0.013277083
1830,2023-01-04,4,3350.736316,257.1812829,3093.555033,3607.917599,2831.830955,6845.270776,11.81330671,0.22220297,1,0.3,0.11,0.75,6.6,442.4314005,2023,4,0.053243542
1831,2023-01-05,5,3317.652735,265.8386419,3051.814093,3583.491376,2831.830955,6845.270776,11.63248958,0.22220297,1,0.3,0.11,0.75,6.6,432.8627271,2023,5,0.076923958
1832,2023-01-06,6,3285.174981,275.655916,3009.519065,3560.830897,2831.830955,6845.270776,10.91198542,0.22220297,1,0.3,0.11,0.75,6.6,435.6534021,2023,6,0.056999271
1833,2023-01-07,7,3253.414328,286.4208769,2966.993451,3539.835204,2831.830955,6845.270776,10.61855833,0.22220297,1,0.3,0.11,0.75,6.6,437.5059397,2023,7,0.043551458
1834,2023-01-08,8,3222.482048,297.9106983,2924.571349,3520.392746,2831.830955,6845.270776,10.67629045,0.22220297,1,0.3,0.11,0.75,6.6,445.3585508,2023,8,0.037252917
1835,2023-01-09,9,3192.489414,309.9005003,2882.588914,3502.389915,2831.830955,6845.270776,10.15266579,0.22220297,1,0.3,0.11,0.75,6.6,438.8535518,2023,9,0.034757813
1836,2023-01-10,10,3163.5477,322.1695215,2841.378179,3485.717222,2831.830955,6845.270776,10.2048693,0.22220297,1,0.3,0.11,0.75,6.6,440.1345746,2023,10,0.033725521
1837,2023-01-11,11,3135.768179,334.5052536,2801.262925,3470.273432,2831.830955,6845.270776,10.44206323,0.22220297,1,0.3,0.11,0.75,6.6,441.8393201,2023,11,0.033027396
1838,2023-01-12,12,3109.262122,346.7060518,2762.55607,3455.968174,2831.830955,6845.270776,11.0484619,0.22220297,1,0.3,0.11,0.75,6.6,444.0079433,2023,12,0.036940833
1839,2023-01-13,13,3084.140803,358.5827437,2725.558059,3442.723547,2831.830955,6845.270776,10.52588814,0.22220297,1,0.3,0.11,0.75,6.6,438.5426816,2023,13,0.073893333
1840,2023-01-14,14,3060.515495,369.9596869,2690.555808,3430.475182,2831.830955,6845.270776,10.12681375,0.22220297,1,0.3,0.11,0.75,6.6,434.3812457,2023,14,0.071810833
1841,2023-01-15,15,3038.497471,380.6756336,2657.821838,3419.173105,2831.830955,6845.270776,10.20616193,0.22220297,1,0.3,0.11,0.75,6.6,436.2268401,2023,15,0.052806979
1842,2023-01-16,16,3018.166057,390.6109207,2627.555137,3408.776978,2831.830955,6845.270776,9.975501919,0.22220297,1,0.3,0.11,0.75,6.6,437.7047813,2023,16,0.043393958
1843,2023-01-17,17,2999.472791,399.7682261,2599.704565,3399.241017,2831.830955,6845.270776,9.669804243,0.22220297,1,0.3,0.11,0.75,6.6,446.1169135,2023,17,0.042618229
1844,2023-01-18,18,2982.337265,408.1939445,2574.143321,3390.53121,2831.830955,6845.270776,10.01579442,0.22220297,1,0.3,0.11,0.75,6.6,440.717267,2023,18,0.04328125
1845,2023-01-19,19,2966.679071,415.9474528,2550.731618,3382.626523,2831.830955,6845.270776,9.93559861,0.22220297,1,0.3,0.11,0.75,6.6,437.2002294,2023,19,0.047916563
1846,2023-01-20,20,2952.417799,423.0970381,2529.320761,3375.514837,2831.830955,6845.270776,9.957616319,0.22220297,1,0.3,0.11,0.75,6.6,436.6007424,2023,20,0.049074792
1847,2023-01-21,21,2939.473042,429.7167462,2509.756296,3369.189788,2831.830955,6845.270776,9.691882302,0.22220297,1,0.3,0.11,0.75,6.6,432.5419538,2023,21,0.046066563
1848,2023-01-22,22,2927.764391,435.8838982,2491.880493,3363.648289,2831.830955,6845.270776,9.887739965,0.22220297,1,0.3,0.11,0.75,6.6,438.7139544,2023,22,0.042841458
1849,2023-01-23,23,2917.211438,441.6771056,2475.534332,3358.888544,2831.830955,6845.270776,9.940329861,0.22220297,1,0.3,0.11,0.75,6.6,434.3187889,2023,23,0.036287604
1850,2023-01-24,24,2907.733774,447.1746717,2460.559102,3354.908446,2831.830955,6845.270776,9.793348393,0.22220297,1,0.3,0.11,0.75,6.6,437.755595,2023,24,0.027832917
1851,2023-01-25,25,2899.250991,452.4533075,2446.797684,3351.704299,2831.830955,6845.270776,10.1423738,0.22220297,1,0.3,0.11,0.75,6.6,436.3641642,2023,25,0.039376354
1852,2023-01-26,26,2891.682681,457.5871198,2434.095561,3349.2698,2831.830955,6845.270776,10.16272063,0.22220297,1,0.3,0.11,0.75,6.6,432.4529017,2023,26,0.061356563
1853,2023-01-27,27,2884.948434,462.6468483,2422.301586,3347.595282,2831.830955,6845.270776,10.23429597,0.22220297,1,0.3,0.11,0.75,6.6,434.0223845,2023,27,0.053460729
1854,2023-01-28,28,2878.967843,467.699342,2411.268501,3346.667185,2831.830955,6845.270776,10.3488926,0.22220297,1,0.3,0.11,0.75,6.6,434.7177661,2023,28,0.043095208
1855,2023-01-29,29,2873.660499,472.8072715,2400.853228,3346.467771,2831.830955,6845.270776,9.797279621,0.22220297,1,0.3,0.11,0.75,6.6,431.3220036,2023,29,0.039387083
1856,2023-01-30,30,2868.945994,478.02908,2390.916914,3346.975074,2831.830955,6845.270776,9.486072049,0.22220297,1,0.3,0.11,0.75,6.6,438.5904914,2023,30,0.053446042
1857,2023-01-31,31,2864.74392,483.4191727,2381.324747,3348.163092,2831.830955,6845.270776,9.721756354,0.22220297,1,0.3,0.11,0.75,6.6,445.5237555,2023,31,0.077950313
1858,2023-02-01,32,2860.973867,489.0283447,2371.945522,3350.002211,2831.830955,6845.270776,9.904528646,0.22220297,2,0.3,0.11,0.75,6.6,438.0963541,2023,32,0.089801667
1859,2023-02-02,33,2857.565941,494.894993,2362.670948,3352.460934,2831.830955,6845.270776,10.04784284,0.22220297,2,0.3,0.11,0.75,6.6,440.4078733,2023,33,0.097511875
1860,2023-02-03,34,2854.492303,501.0186408,2353.473662,3355.510944,2831.830955,6845.270776,10.115777,0.22220297,2,0.3,0.11,0.75,6.6,440.3117937,2023,34,0.089359479
1861,2023-02-04,35,2851.735626,507.3904466,2344.34518,3359.126073,2831.830955,6845.270776,10.41596164,0.22220297,2,0.3,0.11,0.75,6.6,434.5784099,2023,35,0.067745833
1862,2023-02-05,36,2849.278585,514.0027307,2335.275854,3363.281316,2831.830955,6845.270776,10.94686126,0.22220297,2,0.3,0.11,0.75,6.6,431.9515342,2023,36,0.054019063
1863,2023-02-06,37,2847.103853,520.8487698,2326.255084,3367.952623,2831.830955,6845.270776,10.77515365,0.22220297,2,0.3,0.11,0.75,6.6,434.010332,2023,37,0.043973125
1864,2023-02-07,38,2845.194105,527.9226188,2317.271486,3373.116724,2831.830955,6845.270776,11.09308775,0.22220297,2,0.3,0.11,0.75,6.6,440.1256723,2023,38,0.034946563
1865,2023-02-08,39,2843.532015,535.2189611,2308.313053,3378.750976,2831.830955,6845.270776,10.70844671,0.22220297,2,0.3,0.11,0.75,6.6,436.0051936,2023,39,0.028306458
1866,2023-02-09,40,2842.100255,542.7329848,2299.367271,3384.83324,2831.830955,6845.270776,10.74007217,0.22220297,2,0.3,0.11,0.75,6.6,434.2549227,2023,40,0.022688021
1867,2023-02-10,41,2840.881502,550.4602854,2290.421216,3391.341787,2831.830955,6845.270776,10.99977043,0.22220297,2,0.3,0.11,0.75,6.6,431.2665379,2023,41,0.018929792
1868,2023-02-11,42,2839.858428,558.3967923,2281.461635,3398.25522,2831.830955,6845.270776,11.05843421,0.22220297,2,0.3,0.11,0.75,6.6,430.5070436,2023,42,0.015043854
1869,2023-02-12,43,2839.013707,566.538718,2272.474989,3405.552425,2831.830955,6845.270776,11.28054934,0.22220297,2,0.3,0.11,0.75,6.6,431.1976189,2023,43,0.021251042
1870,2023-02-13,44,2838.330014,574.8825286,2263.447486,3413.212543,2831.830955,6845.270776,11.0471633,0.22220297,2,0.3,0.11,0.75,6.6,435.6185573,2023,44,0.034882813
1871,2023-02-14,45,2837.790023,583.4249331,2254.36509,3421.214956,2831.830955,6845.270776,10.82105213,0.22220297,2,0.3,0.11,0.75,6.6,433.8213437,2023,45,0.040844688
1872,2023-02-15,46,2837.376407,592.162891,2245.213516,3429.539298,2831.830955,6845.270776,11.18446579,0.22220297,2,0.3,0.11,0.75,6.6,433.7028108,2023,46,0.038734896
1873,2023-02-16,47,2837.071841,601.0936354,2235.978205,3438.165476,2831.830955,6845.270776,11.52521528,0.22220297,2,0.3,0.11,0.75,6.6,434.4330326,2023,47,0.035956042
1874,2023-02-17,48,2836.858998,610.21471,2226.644288,3447.073708,2831.830955,6845.270776,11.42829688,0.22220297,2,0.3,0.11,0.75,6.6,431.4044551,2023,48,0.202645
1875,2023-02-18,49,2836.720553,619.5240191,2217.196534,3456.244572,2831.830955,6845.270776,11.36634375,0.22220297,2,0.3,0.11,0.75,6.6,431.1791785,2023,49,0.102237083
1876,2023-02-19,50,2836.63918,629.0198888,2207.619291,3465.659068,2831.830955,6845.270776,11.14834166,0.22220297,2,0.3,0.11,0.75,6.6,434.1854774,2023,50,0.061836354
1877,2023-02-20,51,2836.597552,638.7011375,2197.896414,3475.298689,2831.830955,6845.270776,11.1254401,0.22220297,2,0.3,0.11,0.75,6.6,436.3155068,2023,51,0.045497917
1878,2023-02-21,52,2836.578344,648.5671547,2188.011189,3485.145498,2831.830955,6845.270776,11.55079789,0.22220297,2,0.3,0.11,0.75,6.6,435.5066719,2023,52,0.035107292
1879,2023-02-22,53,2836.564229,658.6179871,2177.946242,3495.182216,2831.830955,6845.270776,12.08298079,0.22220297,2,0.3,0.11,0.75,6.6,434.808645,2023,53,0.027037917
1880,2023-02-23,54,2836.537882,668.8544303,2167.683452,3505.392312,2831.830955,6845.270776,12.14190191,0.22220297,2,0.3,0.11,0.75,6.6,434.5127526,2023,54,0.022416771
1881,2023-02-24,55,2836.481977,679.2781251,2157.203852,3515.760102,2831.830955,6845.270776,12.16443316,0.22220297,2,0.3,0.11,0.75,6.6,439.4919739,2023,55,0.017458438
1882,2023-02-25,56,2836.379187,689.8916577,2146.487529,3526.270845,2831.830955,6845.270776,12.23291689,0.22220297,2,0.3,0.11,0.75,6.6,441.0585126,2023,56,0.014660729
1883,2023-02-26,57,2836.212187,700.6986623,2135.513525,3536.910849,2831.830955,6845.270776,11.88646701,0.22220297,2,0.3,0.11,0.75,6.6,440.2580971,2023,57,0.014758646
1884,2023-02-27,58,2835.963651,711.7039256,2124.259725,3547.667577,2831.830955,6845.270776,11.97156966,0.22220297,2,0.3,0.11,0.75,6.6,443.7449419,2023,58,0.016326146
1885,2023-02-28,59,2835.616252,722.9134919,2112.70276,3558.529744,2831.830955,6845.270776,12.13455182,0.22220297,2,0.3,0.11,0.75,6.6,430.9826012,2023,59,0.019053021
1886,2023-03-01,60,2835.152665,734.3347677,2100.817898,3569.487433,2831.830955,6845.270776,12.0956944,0.22220297,2,0.3,0.11,0.75,6.6,435.85403,2023,60,0.018499063
1887,2023-03-02,61,2834.555564,745.9766253,2088.578939,3580.532189,2831.830955,6845.270776,11.98113715,0.22220297,3,0.3,0.11,0.75,6.6,434.1959707,2023,61,0.078279167
1888,2023-03-03,62,2833.830583,757.843385,2075.987198,3591.673968,2831.830955,6845.270776,12.0563125,0.22220297,3,0.3,0.11,0.75,6.6,433.57771,2023,62,0.089030521
1889,2023-03-04,63,2833.075196,769.9150478,2063.160148,3602.990244,2831.830955,6845.270776,12.03951215,0.22220297,3,0.3,0.11,0.75,6.6,432.9594493,2023,63,0.083247292
1890,2023-03-05,64,2832.409839,782.1628192,2050.24702,3614.572659,2831.830955,6845.270776,11.86688674,0.22220297,3,0.3,0.11,0.75,6.6,434.2612691,2023,64,0.056858229
1891,2023-03-06,65,2831.954948,794.5544327,2037.400515,3626.50938,2831.830955,6845.270776,12.05430295,0.22220297,3,0.3,0.11,0.75,6.6,429.7276235,2023,65,0.041975417
1892,2023-03-07,66,2831.830955,807.0538871,2024.777068,3638.884843,2831.830955,6845.270776,11.8437206,0.22220297,3,0.3,0.11,0.75,6.6,433.6964266,2023,66,0.033553854
1893,2023-03-08,67,2832.158298,819.621355,2012.536943,3651.779653,2831.830955,6845.270776,11.36965294,0.22220297,3,0.3,0.11,0.75,6.6,432.7544008,2023,67,0.024874792
1894,2023-03-09,68,2833.057411,832.21324,2000.844171,3665.270651,2831.830955,6845.270776,11.42409211,0.22220297,3,0.3,0.11,0.75,6.6,437.0112672,2023,68,0.020195729
1895,2023-03-10,69,2834.648729,844.7823626,1989.866366,3679.431092,2831.830955,6845.270776,12.0294071,0.22220297,3,0.3,0.11,0.75,6.6,437.6636665,2023,69,0.018144167
1896,2023-03-11,70,2837.052687,857.2782517,1979.774435,3694.330939,2831.830955,6845.270776,12.21613021,0.22220297,3,0.3,0.11,0.75,6.6,438.1651679,2023,70,0.015545729
1897,2023-03-12,71,2840.38972,869.6475276,1970.742192,3710.037248,2831.830955,6845.270776,12.19132979,0.22220297,3,0.3,0.11,0.75,6.6,438.7925087,2023,71,0.019143021
1898,2023-03-13,72,2844.780263,881.8343604,1962.945903,3726.614623,2831.830955,6845.270776,11.8630331,0.22220297,3,0.3,0.11,0.75,6.6,436.6910025,2023,72,0.024803021
1899,2023-03-14,73,2850.344751,893.7809913,1956.56376,3744.125743,2831.830955,6845.270776,11.9690842,0.22220297,3,0.3,0.11,0.75,6.6,433.0363404,2023,73,0.027639792
1900,2023-03-15,74,2857.20362,905.4283097,1951.77531,3762.63193,2831.830955,6845.270776,11.92990811,0.22220297,3,0.3,0.11,0.75,6.6,431.1005173,2023,74,0.024685
1901,2023-03-16,75,2865.477304,916.716479,1948.760825,3782.193783,2831.830955,6845.270776,12.11723438,0.22220297,3,0.3,0.11,0.75,6.6,436.4186627,2023,75,0.021979375
1902,2023-03-17,76,2875.286238,927.5856081,1947.70063,3802.871846,2831.830955,6845.270776,12.48179375,0.22220297,3,0.3,0.11,0.75,6.6,435.6327423,2023,76,0.021669271
1903,2023-03-18,77,2886.750857,937.9764701,1948.774387,3824.727328,2831.830955,6845.270776,12.36707604,0.22220297,3,0.3,0.11,0.75,6.6,439.6809845,2023,77,0.018713438
1904,2023-03-19,78,2899.991597,947.8312692,1952.160328,3847.822867,2831.830955,6845.270776,12.03188749,0.22220297,3,0.3,0.11,0.75,6.6,431.5672683,2023,78,0.016210625
1905,2023-03-20,79,2915.128893,957.0944638,1958.034429,3872.223356,2831.830955,6845.270776,12.09871563,0.22220297,3,0.3,0.11,0.75,6.6,433.2030872,2023,79,0.014708646
1906,2023-03-21,80,2932.283179,965.7136532,1966.569525,3897.996832,2831.830955,6845.270776,11.75534962,0.22220297,3,0.3,0.11,0.75,6.6,437.3024533,2023,80,0.013832083
1907,2023-03-22,81,2951.57489,973.6405396,1977.93435,3925.21543,2831.830955,6845.270776,11.99570396,0.22220297,3,0.3,0.11,0.75,6.6,433.5075635,2023,81,0.015575417
1908,2023-03-23,82,2973.124462,980.8319813,1992.292481,3953.956443,2831.830955,6845.270776,12.21137307,0.22220297,3,0.3,0.11,0.75,6.6,437.9666535,2023,82,0.021434271
1909,2023-03-24,83,2997.052329,987.2511515,2009.801178,3984.303481,2831.830955,6845.270776,12.64541667,0.22220297,3,0.3,0.11,0.75,6.6,433.3651815,2023,83,0.029693542
1910,2023-03-25,84,3023.478928,992.8688266,2030.610101,4016.347754,2831.830955,6845.270776,12.81285938,0.22220297,3,0.3,0.11,0.75,6.6,431.7467728,2023,84,0.058254896
1911,2023-03-26,85,3052.524692,997.6648232,2054.859868,4050.189515,2831.830955,6845.270776,12.88293835,0.22220297,3,0.3,0.11,0.75,6.6,433.5560237,2023,85,0.065584271
1912,2023-03-27,86,3084.310056,1001.629612,2082.680445,4085.939668,2831.830955,6845.270776,12.85624375,0.22220297,3,0.3,0.11,0.75,6.6,434.3078519,2023,86,0.047074167
1913,2023-03-28,87,3118.955457,1004.766131,2114.189326,4123.721588,2831.830955,6845.270776,13.11817296,0.22220297,3,0.3,0.11,0.75,6.6,436.8026758,2023,87,0.034649271
1914,2023-03-29,88,3156.581328,1007.091836,2149.489492,4163.673164,2831.830955,6845.270776,13.13736354,0.22220297,3,0.3,0.11,0.75,6.6,435.2482647,2023,88,0.026475104
1915,2023-03-30,89,3197.308105,1008.640999,2188.667106,4205.949105,2831.830955,6845.270776,13.40294271,0.22220297,3,0.3,0.11,0.75,6.6,440.6666832,2023,89,0.021225313
1916,2023-03-31,90,3241.256223,1009.467296,2231.788928,4250.723519,2831.830955,6845.270776,12.97991354,0.22220297,3,0.3,0.11,0.75,6.6,442.0645923,2023,90,0.018277396
1917,2023-04-01,91,3288.546117,1009.646681,2278.899437,4298.192798,2831.830955,6845.270776,12.76736737,0.22220297,3,0.3,0.11,0.75,6.6,432.7172755,2023,91,0.018624375
1918,2023-04-02,92,3339.298222,1009.280565,2330.017658,4348.578787,2831.830955,6845.270776,12.40217469,0.22220297,4,0.3,0.11,0.75,6.6,437.2871788,2023,92,0.017825625
1919,2023-04-03,93,3393.574185,1008.513558,2385.060627,4402.087743,2831.830955,6845.270776,12.50234219,0.22220297,4,0.3,0.11,0.75,6.6,445.8001728,2023,93,0.018419792
1920,2023-04-04,94,3451.200496,1007.569805,2443.630691,4458.770301,2831.830955,6845.270776,13.1547645,0.22220297,4,0.3,0.11,0.75,6.6,451.6285063,2023,94,0.018570208
1921,2023-04-05,95,3511.944858,1006.692402,2505.252456,4518.63726,2831.830955,6845.270776,13.67886251,0.22220297,4,0.3,0.11,0.75,6.6,450.4480913,2023,95,0.017355729
1922,2023-04-06,96,3575.574973,1006.122619,2569.452354,4581.697592,2831.830955,6845.270776,13.88539931,0.22220297,4,0.3,0.11,0.75,6.6,449.2676764,2023,96,0.015160521
1923,2023-04-07,97,3641.858545,1006.095308,2635.763237,4647.953852,2831.830955,6845.270776,13.74110764,0.22220297,4,0.3,0.11,0.75,6.6,448.0872615,2023,97,0.012950833
1924,2023-04-08,98,3710.563275,1006.834092,2703.729183,4717.397366,2831.830955,6845.270776,13.49585995,0.22220297,4,0.3,0.11,0.75,6.6,446.9068466,2023,98,0.012067396
1925,2023-04-09,99,3781.456865,1008.546441,2772.910424,4790.003306,2831.830955,6845.270776,13.72877083,0.22220297,4,0.3,0.11,0.75,6.6,445.7264317,2023,99,0.010977813
1926,2023-04-10,100,3854.30702,1011.41881,2842.88821,4865.72583,2831.830955,6845.270776,13.63477431,0.22220297,4,0.3,0.11,0.75,6.6,444.5460168,2023,100,0.010183542
1927,2023-04-11,101,3928.88144,1015.612053,2913.269388,4944.493493,2831.830955,6845.270776,13.43354545,0.22220297,4,0.3,0.11,0.75,6.6,443.3656018,2023,101,0.009964479
1928,2023-04-12,102,4004.947829,1021.257357,2983.690472,5026.205186,2831.830955,6845.270776,13.44971458,0.22220297,4,0.3,0.11,0.75,6.6,442.1851869,2023,102,0.010021354
1929,2023-04-13,103,4082.273888,1028.452944,3053.820944,5110.726833,2831.830955,6845.270776,13.66797917,0.22220297,4,0.3,0.11,0.75,6.6,438.3344606,2023,103,0.010196042
1930,2023-04-14,104,4160.627321,1037.261728,3123.365593,5197.88905,2831.830955,6845.270776,14.04654249,0.22220297,4,0.3,0.11,0.75,6.6,434.9360642,2023,104,0.010143542
1931,2023-04-15,105,4239.77583,1047.710088,3192.065742,5287.485919,2831.830955,6845.270776,13.51905382,0.22220297,4,0.3,0.11,0.75,6.6,442.9670372,2023,105,0.009402188
1932,2023-04-16,106,4319.487118,1059.787807,3259.69931,5379.274925,2831.830955,6845.270776,13.0221503,0.22220297,4,0.3,0.11,0.75,6.6,437.4995153,2023,106,0.009085104
1933,2023-04-17,107,4399.528886,1073.449143,3326.079743,5472.978028,2831.830955,6845.270776,12.9888533,0.22220297,4,0.3,0.11,0.75,6.6,439.3048016,2023,107,0.008625313
1934,2023-04-18,108,4479.668837,1088.61491,3391.053927,5568.283747,2831.830955,6845.270776,13.30168983,0.22220297,4,0.3,0.11,0.75,6.6,439.8569858,2023,108,0.008166875
1935,2023-04-19,109,4559.674675,1105.175391,3454.499284,5664.850066,2831.830955,6845.270776,13.42527884,0.22220297,4,0.3,0.11,0.75,6.6,435.3787404,2023,109,0.008016771
1936,2023-04-20,110,4639.3141,1122.993834,3516.320267,5762.307934,2831.830955,6845.270776,13.02810747,0.22220297,4,0.3,0.11,0.75,6.6,433.4472032,2023,110,0.008116458
1937,2023-04-21,111,4718.354817,1141.910307,3576.44451,5860.265124,2831.830955,6845.270776,13.40288072,0.22220297,4,0.3,0.11,0.75,6.6,431.5156661,2023,111,0.007794167
1938,2023-04-22,112,4796.564527,1161.745676,3634.818851,5958.310202,2831.830955,6845.270776,13.14844049,0.22220297,4,0.3,0.11,0.75,6.6,438.181667,2023,112,0.01018375
1939,2023-04-23,113,4873.710932,1182.305509,3691.405424,6056.016441,2831.830955,6845.270776,12.97898264,0.22220297,4,0.3,0.11,0.75,6.6,445.9501419,2023,113,0.008454167
1940,2023-04-24,114,4949.561736,1203.383763,3746.177973,6152.945499,2831.830955,6845.270776,13.18080382,0.22220297,4,0.3,0.11,0.75,6.6,436.4171661,2023,114,0.007724375
1941,2023-04-25,115,5023.88464,1224.766151,3799.118489,6248.650791,2831.830955,6845.270776,13.37286074,0.22220297,4,0.3,0.11,0.75,6.6,426.8841904,2023,115,0.00752125
1942,2023-04-26,116,5096.447348,1246.233127,3850.214221,6342.680475,2831.830955,6845.270776,13.29681581,0.22220297,4,0.3,0.11,0.75,6.6,445.4745527,2023,116,0.007469479
1943,2023-04-27,117,5167.017562,1267.562482,3899.455079,6434.580044,2831.830955,6845.270776,13.377046,0.22220297,4,0.3,0.11,0.75,6.6,446.9593316,2023,117,0.007654479
1944,2023-04-28,118,5235.362983,1288.531561,3946.831422,6523.894544,2831.830955,6845.270776,13.81472975,0.22220297,4,0.3,0.11,0.75,6.6,467.0826315,2023,118,0.008255104
1945,2023-04-29,119,5301.251316,1308.919126,3992.33219,6610.170442,2831.830955,6845.270776,13.85553273,0.22220297,4,0.3,0.11,0.75,6.6,451.1101931,2023,119,0.007702708
1946,2023-04-30,120,5364.450261,1328.506931,4035.943331,6692.957192,2831.830955,6845.270776,14.07127467,0.22220297,4,0.3,0.11,0.75,6.6,452.7340816,2023,120,0.007596042
1947,2023-05-01,121,5424.727522,1347.081049,4077.646474,6771.808571,2831.830955,6845.270776,13.73576066,0.22220297,4,0.3,0.11,0.75,6.6,442.7927206,2023,121,0.007558229
1948,2023-05-02,122,5481.850802,1364.43302,4117.417782,6846.283822,2831.830955,6845.270776,13.89021801,0.22220297,5,0.3,0.11,0.75,6.6,446.9622381,2023,122,0.007365104
1949,2023-05-03,123,5535.649647,1380.392979,4155.256667,6916.042626,2831.830955,6845.270776,14.24330897,0.22220297,5,0.3,0.11,0.75,6.6,447.4533041,2023,123,0.0072325
1950,2023-05-04,124,5586.200984,1394.930288,4191.270695,6981.131272,2831.830955,6845.270776,14.29588218,0.22220297,5,0.3,0.11,0.75,6.6,454.0231232,2023,124,0.007075521
1951,2023-05-05,125,5633.643585,1408.06209,4225.581495,7041.705675,2831.830955,6845.270776,14.29515938,0.22220297,5,0.3,0.11,0.75,6.6,445.0899777,2023,125,0.006947813
1952,2023-05-06,126,5678.116222,1419.81947,4258.296752,7097.935692,2831.830955,6845.270776,14.32945219,0.22220297,5,0.3,0.11,0.75,6.6,457.0800562,2023,126,0.006990417
1953,2023-05-07,127,5719.757666,1430.245185,4289.512481,7150.002852,2831.830955,6845.270776,14.16303504,0.22220297,5,0.3,0.11,0.75,6.6,448.5872396,2023,127,0.007064375
1954,2023-05-08,128,5758.70669,1439.391766,4319.314924,7198.098456,2831.830955,6845.270776,14.06029115,0.22220297,5,0.3,0.11,0.75,6.6,455.8777414,2023,128,0.007329167
1955,2023-05-09,129,5795.102064,1447.319922,4347.782142,7242.421986,2831.830955,6845.270776,14.39327635,0.22220297,5,0.3,0.11,0.75,6.6,451.3274767,2023,129,0.007833125
1956,2023-05-10,130,5829.082561,1454.097197,4374.985364,7283.179758,2831.830955,6845.270776,14.57075947,0.22220297,5,0.3,0.11,0.75,6.6,456.0626017,2023,130,0.007203646
1957,2023-05-11,131,5860.786952,1459.796825,4400.990127,7320.583777,2831.830955,6845.270776,14.55494392,0.22220297,5,0.3,0.11,0.75,6.6,469.0854042,2023,131,0.006958854
1958,2023-05-12,132,5890.354009,1464.496753,4425.857256,7354.850762,2831.830955,6845.270776,14.66932634,0.22220297,5,0.3,0.11,0.75,6.6,461.3548763,2023,132,0.006834479
1959,2023-05-13,133,5917.922504,1468.278794,4449.64371,7386.201297,2831.830955,6845.270776,14.54417346,0.22220297,5,0.3,0.11,0.75,6.6,457.6599964,2023,133,0.006749479
1960,2023-05-14,134,5943.631207,1471.227895,4472.403312,7414.859103,2831.830955,6845.270776,14.54039293,0.22220297,5,0.3,0.11,0.75,6.6,467.5611623,2023,134,0.007240104
1961,2023-05-15,135,5967.618892,1473.431497,4494.187395,7441.050389,2831.830955,6845.270776,14.54337838,0.22220297,5,0.3,0.11,0.75,6.6,471.6156804,2023,135,0.007380729
1962,2023-05-16,136,5990.02433,1474.978965,4515.045365,7465.003294,2831.830955,6845.270776,14.98642776,0.22220297,5,0.3,0.11,0.75,6.6,472.2792128,2023,136,0.007268854
1963,2023-05-17,137,6010.986292,1475.961087,4535.025204,7486.947379,2831.830955,6845.270776,15.11393173,0.22220297,5,0.3,0.11,0.75,6.6,452.4806971,2023,137,0.007137292
1964,2023-05-18,138,6030.643549,1476.469628,4554.173921,7507.113178,2831.830955,6845.270776,15.18472249,0.22220297,5,0.3,0.11,0.75,6.6,457.846499,2023,138,0.006833646
1965,2023-05-19,139,6049.134875,1476.596928,4572.537947,7525.731803,2831.830955,6845.270776,15.46469129,0.22220297,5,0.3,0.11,0.75,6.6,447.2681128,2023,139,0.006603958
1966,2023-05-20,140,6066.59904,1476.435545,4590.163496,7543.034585,2831.830955,6845.270776,15.64617219,0.22220297,5,0.3,0.11,0.75,6.6,448.0718425,2023,140,0.006576458
1967,2023-05-21,141,6083.174817,1476.077938,4607.096879,7559.252754,2831.830955,6845.270776,15.39133767,0.22220297,5,0.3,0.11,0.75,6.6,450.1910432,2023,141,0.006533854
1968,2023-05-22,142,6099.000976,1475.616187,4623.384788,7574.617163,2831.830955,6845.270776,15.4650558,0.22220297,5,0.3,0.11,0.75,6.6,453.9377074,2023,142,0.006445521
1969,2023-05-23,143,6114.216289,1475.141753,4639.074536,7589.358043,2831.830955,6845.270776,15.60448524,0.22220297,5,0.3,0.11,0.75,6.6,464.5069549,2023,143,0.006383646
1970,2023-05-24,144,6128.959529,1474.74527,4654.214259,7603.704799,2831.830955,6845.270776,15.56538401,0.22220297,5,0.3,0.11,0.75,6.6,450.5590227,2023,144,0.006370417
1971,2023-05-25,145,6143.369467,1474.516383,4668.853085,7617.88585,2831.830955,6845.270776,15.85956733,0.22220297,5,0.3,0.11,0.75,6.6,468.9226015,2023,145,0.006311875
1972,2023-05-26,146,6157.584875,1474.543625,4683.04125,7632.1285,2831.830955,6845.270776,15.95278367,0.22220297,5,0.3,0.11,0.75,6.6,464.7617738,2023,146,0.006200833
1973,2023-05-27,147,6171.744524,1474.914338,4696.830186,7646.658862,2831.830955,6845.270776,15.7677309,0.22220297,5,0.3,0.11,0.75,6.6,452.3165644,2023,147,0.006177917
1974,2023-05-28,148,6185.987186,1475.714642,4710.272544,7661.701828,2831.830955,6845.270776,15.56219372,0.22220297,5,0.3,0.11,0.75,6.6,451.4858574,2023,148,0.006199583
1975,2023-05-29,149,6200.451632,1477.02945,4723.422183,7677.481082,2831.830955,6845.270776,15.57821491,0.22220297,5,0.3,0.11,0.75,6.6,455.1215887,2023,149,0.006201771
1976,2023-05-30,150,6215.276635,1478.942538,4736.334097,7694.219174,2831.830955,6845.270776,15.49708617,0.22220297,5,0.3,0.11,0.75,6.6,458.1082724,2023,150,0.006124271
1977,2023-05-31,151,6230.600967,1481.536671,4749.064296,7712.137637,2831.830955,6845.270776,15.72162133,0.22220297,5,0.3,0.11,0.75,6.6,462.1521863,2023,151,0.006062813
1978,2023-06-01,152,6246.563398,1484.893772,4761.669626,7731.457169,2831.830955,6845.270776,15.82250175,0.22220297,5,0.3,0.11,0.75,6.6,476.124086,2023,152,0.006046563
1979,2023-06-02,153,6263.3027,1489.095159,4774.207542,7752.397859,2831.830955,6845.270776,15.78172853,0.22220297,6,0.3,0.11,0.75,6.6,459.1745907,2023,153,0.00599
1980,2023-06-03,154,6280.915612,1494.193077,4786.722535,7775.108688,2831.830955,6845.270776,15.91680938,0.22220297,6,0.3,0.11,0.75,6.6,461.731542,2023,154,0.005962396
1981,2023-06-04,155,6299.330735,1500.12499,4799.205745,7799.455725,2831.830955,6845.270776,15.84364129,0.22220297,6,0.3,0.11,0.75,6.6,441.7296824,2023,155,0.005897292
1982,2023-06-05,156,6318.434639,1506.800304,4811.634335,7825.234943,2831.830955,6845.270776,15.92669239,0.22220297,6,0.3,0.11,0.75,6.6,440.5514358,2023,156,0.00587375
1983,2023-06-06,157,6338.11389,1514.129059,4823.984832,7852.242949,2831.830955,6845.270776,16.05404688,0.22220297,6,0.3,0.11,0.75,6.6,444.0922183,2023,157,0.005863646
1984,2023-06-07,158,6358.255059,1522.021803,4836.233255,7880.276862,2831.830955,6845.270776,16.11046667,0.22220297,6,0.3,0.11,0.75,6.6,453.7964112,2023,158,0.005875521
1985,2023-06-08,159,6378.744712,1530.389483,4848.355229,7909.134195,2831.830955,6845.270776,16.31480021,0.22220297,6,0.3,0.11,0.75,6.6,497.993115,2023,159,0.005860521
1986,2023-06-09,160,6399.469419,1539.143327,4860.326092,7938.612746,2831.830955,6845.270776,16.43003229,0.22220297,6,0.3,0.11,0.75,6.6,472.3773664,2023,160,0.005813333
1987,2023-06-10,161,6420.315747,1548.194757,4872.120991,7968.510504,2831.830955,6845.270776,16.37378438,0.22220297,6,0.3,0.11,0.75,6.6,446.9069448,2023,161,0.005751667
1988,2023-06-11,162,6441.170266,1557.455294,4883.714972,7998.62556,2831.830955,6845.270776,16.28769688,0.22220297,6,0.3,0.11,0.75,6.6,441.066435,2023,162,0.005817083
1989,2023-06-12,163,6461.919544,1566.836486,4895.083058,8028.75603,2831.830955,6845.270776,16.27680382,0.22220297,6,0.3,0.11,0.75,6.6,453.1084432,2023,163,0.006682813
1990,2023-06-13,164,6482.450148,1576.249842,4906.200306,8058.69999,2831.830955,6845.270776,16.21014552,0.22220297,6,0.3,0.11,0.75,6.6,455.557416,2023,164,0.005889063
1991,2023-06-14,165,6502.648647,1585.606776,4917.041872,8088.255423,2831.830955,6845.270776,16.26583436,0.22220297,6,0.3,0.11,0.75,6.6,455.068822,2023,165,0.005864167
1992,2023-06-15,166,6522.401611,1594.818562,4927.583048,8117.220173,2831.830955,6845.270776,16.44110342,0.22220297,6,0.3,0.11,0.75,6.6,459.4356326,2023,166,0.005835625
1993,2023-06-16,167,6541.595606,1603.796303,4937.799303,8145.391908,2831.830955,6845.270776,16.50252604,0.22220297,6,0.3,0.11,0.75,6.6,473.0311478,2023,167,0.00578
1994,2023-06-17,168,6560.117201,1612.450895,4947.666306,8172.568097,2831.830955,6845.270776,16.49681581,0.22220297,6,0.3,0.11,0.75,6.6,463.2482068,2023,168,0.005747813
1995,2023-06-18,169,6577.852966,1620.693019,4957.159947,8198.545984,2831.830955,6845.270776,16.40950044,0.22220297,6,0.3,0.11,0.75,6.6,445.9415649,2023,169,0.005736146
1996,2023-06-19,170,6594.689467,1628.433119,4966.256348,8223.122587,2831.830955,6845.270776,16.4156684,0.22220297,6,0.3,0.11,0.75,6.6,431.2700338,2023,170,0.006302917
1997,2023-06-20,171,6610.513274,1635.581406,4974.931868,8246.09468,2831.830955,6845.270776,16.39746615,0.22220297,6,0.3,0.11,0.75,6.6,435.2472437,2023,171,0.007597188
1998,2023-06-21,172,6625.210955,1642.04785,4983.163105,8267.258805,2831.830955,6845.270776,16.51857815,0.22220297,6,0.3,0.11,0.75,6.6,448.7425752,2023,172,0.007521563
1999,2023-06-22,173,6638.669078,1647.742189,4990.926889,8286.411267,2831.830955,6845.270776,16.47903472,0.22220297,6,0.3,0.11,0.75,6.6,453.1323348,2023,173,0.006583125
2000,2023-06-23,174,6650.774212,1652.57394,4998.200272,8303.348152,2831.830955,6845.270776,16.49640997,0.22220297,6,0.3,0.11,0.75,6.6,459.5555365,2023,174,0.006431667
2001,2023-06-24,175,6661.412925,1656.45241,5004.960514,8317.865335,2831.830955,6845.270776,16.65731858,0.22220297,6,0.3,0.11,0.75,6.6,451.1068989,2023,175,0.006161354
2002,2023-06-25,176,6670.471785,1659.286716,5011.185069,8329.7585,2831.830955,6845.270776,16.66220339,0.22220297,6,0.3,0.11,0.75,6.6,450.785991,2023,176,0.006938333
2003,2023-06-26,177,6677.83736,1660.985802,5016.851559,8338.823162,2831.830955,6845.270776,16.74065751,0.22220297,6,0.3,0.11,0.75,6.6,443.580799,2023,177,0.011604167
2004,2023-06-27,178,6683.39622,1661.458467,5021.937753,8344.854687,2831.830955,6845.270776,16.7488099,0.22220297,6,0.3,0.11,0.75,6.6,468.1039794,2023,178,0.00927
2005,2023-06-28,179,6687.034933,1660.613391,5026.421542,8347.648323,2831.830955,6845.270776,16.73870313,0.22220297,6,0.3,0.11,0.75,6.6,458.9925464,2023,179,0.007443542
2006,2023-06-29,180,6688.640066,1658.359163,5030.280902,8346.999229,2831.830955,6845.270776,16.89037489,0.22220297,6,0.3,0.11,0.75,6.6,470.1004629,2023,180,0.006450313
2007,2023-06-30,181,6688.098188,1654.604321,5033.493867,8342.70251,2831.830955,6845.270776,17.11436181,0.22220297,6,0.3,0.11,0.75,6.6,470.8697716,2023,181,0.006825104
2008,2023-07-01,182,6685.295868,1649.257385,5036.038483,8334.553253,2831.830955,6845.270776,17.33613013,0.22220297,6,0.3,0.11,0.75,6.6,469.2538838,2023,182,0.006826667
2009,2023-07-02,183,6680.119674,1642.226903,5037.892771,8322.346577,2831.830955,6845.270776,17.24976742,0.22220297,7,0.3,0.11,0.75,6.6,475.5443238,2023,183,0.006845417
2010,2023-07-03,184,6672.495426,1633.447382,5039.048044,8305.942808,2831.830955,6845.270776,17.2031446,0.22220297,7,0.3,0.11,0.75,6.6,481.2399817,2023,184,0.006745938
2011,2023-07-04,185,6662.505949,1622.95705,5039.548899,8285.462998,2831.830955,6845.270776,17.31608594,0.22220297,7,0.3,0.11,0.75,6.6,480.3982826,2023,185,0.006592604
2012,2023-07-05,186,6650.273319,1610.82033,5039.452989,8261.093649,2831.830955,6845.270776,17.5061214,0.22220297,7,0.3,0.11,0.75,6.6,479.5565835,2023,186,0.006371563
2013,2023-07-06,187,6635.919614,1597.101957,5038.817658,8233.021571,2831.830955,6845.270776,17.58898524,0.22220297,7,0.3,0.11,0.75,6.6,485.7157694,2023,187,0.006196563
2014,2023-07-07,188,6619.566911,1581.866965,5037.699946,8201.433876,2831.830955,6845.270776,17.44646788,0.22220297,7,0.3,0.11,0.75,6.6,484.0689044,2023,188,0.006091563
2015,2023-07-08,189,6601.337286,1565.180682,5036.156604,8166.517968,2831.830955,6845.270776,17.42568142,0.22220297,7,0.3,0.11,0.75,6.6,491.6551665,2023,189,0.005982396
2016,2023-07-09,190,6581.352816,1547.108726,5034.24409,8128.461541,2831.830955,6845.270776,17.50284635,0.22220297,7,0.3,0.11,0.75,6.6,473.7977478,2023,190,0.006013542
2017,2023-07-10,191,6559.735577,1527.717008,5032.018569,8087.452585,2831.830955,6845.270776,17.57748906,0.22220297,7,0.3,0.11,0.75,6.6,456.2081699,2023,191,0.005968438
2018,2023-07-11,192,6536.607647,1507.071747,5029.5359,8043.679394,2831.830955,6845.270776,17.4755952,0.22220297,7,0.3,0.11,0.75,6.6,454.345492,2023,192,0.005908542
2019,2023-07-12,193,6512.091102,1485.23948,5026.851622,7997.330582,2831.830955,6845.270776,17.58842002,0.22220297,7,0.3,0.11,0.75,6.6,452.4828141,2023,193,0.005859167
2020,2023-07-13,194,6486.308019,1462.287086,5024.020933,7948.595105,2831.830955,6845.270776,17.49890122,0.22220297,7,0.3,0.11,0.75,6.6,450.6201362,2023,194,0.00582375
2021,2023-07-14,195,6459.380475,1438.281814,5021.098661,7897.662289,2831.830955,6845.270776,17.55963336,0.22220297,7,0.3,0.11,0.75,6.6,448.7574583,2023,195,0.005809167
2022,2023-07-15,196,6431.430546,1413.291317,5018.13923,7844.721863,2831.830955,6845.270776,17.6303316,0.22220297,7,0.3,0.11,0.75,6.6,446.8947804,2023,196,0.005821354
2023,2023-07-16,197,6402.58031,1387.383696,5015.196614,7789.964006,2831.830955,6845.270776,17.7078125,0.22220297,7,0.3,0.11,0.75,6.6,445.0321025,2023,197,0.005796667
2024,2023-07-17,198,6372.951843,1360.627552,5012.324291,7733.579395,2831.830955,6845.270776,17.73994271,0.22220297,7,0.3,0.11,0.75,6.6,443.1694246,2023,198,0.005712604
2025,2023-07-18,199,6342.667222,1333.092048,5009.575174,7675.759269,2831.830955,6845.270776,17.82890625,0.22220297,7,0.3,0.11,0.75,6.6,441.3067467,2023,199,0.005681979
2026,2023-07-19,200,6311.848523,1304.846979,5007.001544,7616.695502,2831.830955,6845.270776,17.57905816,0.22220297,7,0.3,0.11,0.75,6.6,443.2141736,2023,200,0.005776875
2027,2023-07-20,201,6280.617824,1275.962863,5004.654961,7556.580686,2831.830955,6845.270776,17.64637533,0.22220297,7,0.3,0.11,0.75,6.6,445.1216005,2023,201,0.006570938
2028,2023-07-21,202,6249.0972,1246.511034,5002.586167,7495.608234,2831.830955,6845.270776,17.89783709,0.22220297,7,0.3,0.11,0.75,6.6,459.3526427,2023,202,0.006554583
2029,2023-07-22,203,6217.40873,1216.563762,5000.844968,7433.972492,2831.830955,6845.270776,17.62952865,0.22220297,7,0.3,0.11,0.75,6.6,503.6959271,2023,203,0.006039688
2030,2023-07-23,204,6185.674489,1186.194388,4999.480102,7371.868877,2831.830955,6845.270776,17.51624557,0.22220297,7,0.3,0.11,0.75,6.6,493.4630246,2023,204,0.005845
2031,2023-07-24,205,6154.016555,1155.477474,4998.539081,7309.494029,2831.830955,6845.270776,17.39714149,0.22220297,7,0.3,0.11,0.75,6.6,468.1372569,2023,205,0.005751042
2032,2023-07-25,206,6122.557004,1124.488987,4998.068018,7247.045991,2831.830955,6845.270776,17.44880522,0.22220297,7,0.3,0.11,0.75,6.6,487.8146375,2023,206,0.005990104
2033,2023-07-26,207,6091.417913,1093.306497,4998.111417,7184.72441,2831.830955,6845.270776,17.44171416,0.22220297,7,0.3,0.11,0.75,6.6,474.7936403,2023,207,0.005825625
2034,2023-07-27,208,6060.721359,1062.009414,4998.711946,7122.730773,2831.830955,6845.270776,17.6657659,0.22220297,7,0.3,0.11,0.75,6.6,470.7229863,2023,208,0.005634583
2035,2023-07-28,209,6030.589419,1030.679248,4999.910171,7061.268666,2831.830955,6845.270776,17.83889228,0.22220297,7,0.3,0.11,0.75,6.6,484.9839468,2023,209,0.005538854
2036,2023-07-29,210,6001.144168,999.3999075,5001.744261,7000.544076,2831.830955,6845.270776,17.79729232,0.22220297,7,0.3,0.11,0.75,6.6,475.6247207,2023,210,0.006075938
2037,2023-07-30,211,5972.507685,968.2580303,5004.249655,6940.765715,2831.830955,6845.270776,17.75781424,0.22220297,7,0.3,0.11,0.75,6.6,465.2811326,2023,211,0.006703021
2038,2023-07-31,212,5944.802046,937.3433473,5007.458698,6882.145393,2831.830955,6845.270776,17.75831337,0.22220297,7,0.3,0.11,0.75,6.6,473.4299769,2023,212,0.006057083
2039,2023-08-01,213,5918.149327,906.7490813,5011.400245,6824.898408,2831.830955,6845.270776,17.68935397,0.22220297,7,0.3,0.11,0.75,6.6,456.6712961,2023,213,0.005711146
2040,2023-08-02,214,5892.671605,876.57237,5016.099235,6769.243975,2831.830955,6845.270776,17.4726276,0.22220297,8,0.3,0.11,0.75,6.6,464.2364523,2023,214,0.005585833
2041,2023-08-03,215,5868.47664,846.9069749,5021.569665,6715.383615,2831.830955,6845.270776,17.57817704,0.22220297,8,0.3,0.11,0.75,6.6,478.9472606,2023,215,0.006023646
2042,2023-08-04,216,5845.614918,817.8217378,5027.79318,6663.436656,2831.830955,6845.270776,17.52472483,0.22220297,8,0.3,0.11,0.75,6.6,480.969019,2023,216,0.005900208
2043,2023-08-05,217,5824.122609,789.3847201,5034.737888,6613.507329,2831.830955,6845.270776,17.56649001,0.22220297,8,0.3,0.11,0.75,6.6,482.9907774,2023,217,0.00569125
2044,2023-08-06,218,5804.035881,761.6715487,5042.364332,6565.707429,2831.830955,6845.270776,17.63772464,0.22220297,8,0.3,0.11,0.75,6.6,476.0284511,2023,218,0.005640104
2045,2023-08-07,219,5785.390904,734.7664211,5050.624482,6520.157325,2831.830955,6845.270776,17.67473872,0.22220297,8,0.3,0.11,0.75,6.6,468.0791096,2023,219,0.006384167
2046,2023-08-08,220,5768.223846,708.763142,5059.460704,6476.986988,2831.830955,6845.270776,17.64933627,0.22220297,8,0.3,0.11,0.75,6.6,493.7389969,2023,220,0.006535104
2047,2023-08-09,221,5752.570878,683.7661399,5068.804739,6436.337018,2831.830955,6845.270776,17.64725752,0.22220297,8,0.3,0.11,0.75,6.6,460.0897728,2023,221,0.006253958
2048,2023-08-10,222,5738.468169,659.8913773,5078.576791,6398.359546,2831.830955,6845.270776,17.64913093,0.22220297,8,0.3,0.11,0.75,6.6,486.3837928,2023,222,0.059299375
2049,2023-08-11,223,5725.951887,637.2670323,5088.684854,6363.218919,2831.830955,6845.270776,17.55756386,0.22220297,8,0.3,0.11,0.75,6.6,473.9632255,2023,223,0.034242396
2050,2023-08-12,224,5715.058201,616.0337845,5099.024416,6331.091986,2831.830955,6845.270776,17.64795486,0.22220297,8,0.3,0.11,0.75,6.6,454.085761,2023,224,0.016158229
2051,2023-08-13,225,5705.823281,596.3444903,5109.478791,6302.167771,2831.830955,6845.270776,17.70845226,0.22220297,8,0.3,0.11,0.75,6.6,438.6166607,2023,225,0.011100208
2052,2023-08-14,226,5698.283296,578.3629918,5119.920305,6276.646288,2831.830955,6845.270776,17.78051128,0.22220297,8,0.3,0.11,0.75,6.6,461.8673761,2023,226,0.00807625
2053,2023-08-15,227,5692.474416,562.2617921,5130.212624,6254.736208,2831.830955,6845.270776,17.7460913,0.22220297,8,0.3,0.11,0.75,6.6,484.8142896,2023,227,0.010010938
2054,2023-08-16,228,5688.432808,548.2183568,5140.214451,6236.651165,2831.830955,6845.270776,17.53291406,0.22220297,8,0.3,0.11,0.75,6.6,453.4758971,2023,228,0.010178021
2055,2023-08-17,229,5686.194643,536.4099122,5149.784731,6222.604555,2831.830955,6845.270776,17.467014,0.22220297,8,0.3,0.11,0.75,6.6,440.3425981,2023,229,0.008809167
2056,2023-08-18,230,5685.79609,527.0068055,5158.789284,6212.802895,2831.830955,6845.270776,17.5190061,0.22220297,8,0.3,0.11,0.75,6.6,457.2064614,2023,230,0.007100625
2057,2023-08-19,231,5687.273317,520.1647787,5167.108539,6207.438096,2831.830955,6845.270776,17.52801942,0.22220297,8,0.3,0.11,0.75,6.6,456.4251059,2023,231,0.006449583
2058,2023-08-20,232,5690.662495,516.0168364,5174.645658,6206.679331,2831.830955,6845.270776,17.66485004,0.22220297,8,0.3,0.11,0.75,6.6,466.5618178,2023,232,0.006227188
2059,2023-08-21,233,5695.999791,514.6656708,5181.334121,6210.665462,2831.830955,6845.270776,17.70008333,0.22220297,8,0.3,0.11,0.75,6.6,480.0614813,2023,233,0.006086563
2060,2023-08-22,234,5703.321376,516.1777311,5187.143645,6219.499107,2831.830955,6845.270776,17.80784805,0.22220297,8,0.3,0.11,0.75,6.6,479.9754706,2023,234,0.00602875
2061,2023-08-23,235,5712.663418,520.5799015,5192.083517,6233.24332,2831.830955,6845.270776,17.68710987,0.22220297,8,0.3,0.11,0.75,6.6,462.4042797,2023,235,0.005974688
2062,2023-08-24,236,5724.062087,527.8593635,5196.202724,6251.921451,2831.830955,6845.270776,17.51858681,0.22220297,8,0.3,0.11,0.75,6.6,461.6199167,2023,236,0.006029167
2063,2023-08-25,237,5737.553552,537.9666627,5199.586889,6275.520215,2831.830955,6845.270776,17.72611285,0.22220297,8,0.3,0.11,0.75,6.6,457.7406527,2023,237,0.005977604
2064,2023-08-26,238,5753.173982,550.8214391,5202.352542,6303.995421,2831.830955,6845.270776,17.78975608,0.22220297,8,0.3,0.11,0.75,6.6,459.7823162,2023,238,0.005937813
2065,2023-08-27,239,5770.959545,566.3198854,5204.63966,6337.279431,2831.830955,6845.270776,17.78857292,0.22220297,8,0.3,0.11,0.75,6.6,461.8239797,2023,239,0.005930625
2066,2023-08-28,240,5790.946412,584.3428571,5206.603555,6375.289269,2831.830955,6845.270776,17.94103212,0.22220297,8,0.3,0.11,0.75,6.6,463.8656432,2023,240,0.006010833
2067,2023-08-29,241,5813.170752,604.7636725,5208.407079,6417.934424,2831.830955,6845.270776,17.85166146,0.22220297,8,0.3,0.11,0.75,6.6,465.9073066,2023,241,0.006050625
2068,2023-08-30,242,5837.668733,627.4549082,5210.213825,6465.123641,2831.830955,6845.270776,17.86629427,0.22220297,8,0.3,0.11,0.75,6.6,469.9315116,2023,242,0.006091563
2069,2023-08-31,243,5864.476525,652.2938156,5212.182709,6516.77034,2831.830955,6845.270776,17.65688358,0.22220297,8,0.3,0.11,0.75,6.6,438.4338114,2023,243,0.006263646
2070,2023-09-01,244,5893.630297,679.1662677,5214.464029,6572.796564,2831.830955,6845.270776,17.54429515,0.22220297,8,0.3,0.11,0.75,6.6,446.1473889,2023,244,0.006202188
2071,2023-09-02,245,5925.166218,707.9693424,5217.196875,6633.13556,2831.830955,6845.270776,17.57656852,0.22220297,9,0.3,0.11,0.75,6.6,443.3521513,2023,245,0.006136771
2072,2023-09-03,246,5959.0714,738.5885248,5220.482875,6697.659924,2831.830955,6845.270776,17.67667535,0.22220297,9,0.3,0.11,0.75,6.6,451.6760873,2023,246,0.006173125
2073,2023-09-04,247,5995.136727,770.8242867,5224.31244,6765.961014,2831.830955,6845.270776,17.73240799,0.22220297,9,0.3,0.11,0.75,6.6,460.7030536,2023,247,0.006184167
2074,2023-09-05,248,6033.104026,804.4627628,5228.641263,6837.566789,2831.830955,6845.270776,17.8098822,0.22220297,9,0.3,0.11,0.75,6.6,458.7814298,2023,248,0.006217917
2075,2023-09-06,249,6072.715124,839.2995845,5233.415539,6912.014708,2831.830955,6845.270776,17.65303038,0.22220297,9,0.3,0.11,0.75,6.6,472.5406992,2023,249,0.006288229
2076,2023-09-07,250,6113.711847,875.1393641,5238.572483,6988.851211,2831.830955,6845.270776,17.49395833,0.22220297,9,0.3,0.11,0.75,6.6,464.8821929,2023,250,0.006365833
2077,2023-09-08,251,6155.836023,911.7949132,5244.04111,7067.630936,2831.830955,6845.270776,17.44052951,0.22220297,9,0.3,0.11,0.75,6.6,451.5891137,2023,251,0.006355417
2078,2023-09-09,252,6198.829478,949.0863453,5249.743132,7147.915823,2831.830955,6845.270776,17.52997135,0.22220297,9,0.3,0.11,0.75,6.6,452.4524454,2023,252,0.006325833
2079,2023-09-10,253,6242.434038,986.8401606,5255.593878,7229.274199,2831.830955,6845.270776,17.30520052,0.22220297,9,0.3,0.11,0.75,6.6,443.098439,2023,253,0.006382813
2080,2023-09-11,254,6286.391532,1024.888372,5261.50316,7311.279903,2831.830955,6845.270776,17.35860764,0.22220297,9,0.3,0.11,0.75,6.6,463.5607218,2023,254,0.006405208
2081,2023-09-12,255,6330.443784,1063.067708,5267.376077,7393.511492,2831.830955,6845.270776,17.55512957,0.22220297,9,0.3,0.11,0.75,6.6,458.3209455,2023,255,0.006434167
2082,2023-09-13,256,6374.332624,1101.218905,5273.113719,7475.551529,2831.830955,6845.270776,17.43321528,0.22220297,9,0.3,0.11,0.75,6.6,443.8750876,2023,256,0.006433021
2083,2023-09-14,257,6417.799876,1139.186096,5278.61378,7556.985972,2831.830955,6845.270776,17.4700408,0.22220297,9,0.3,0.11,0.75,6.6,433.9823206,2023,257,0.006378646
2084,2023-09-15,258,6460.587368,1176.816287,5283.771081,7637.403656,2831.830955,6845.270776,17.49035211,0.22220297,9,0.3,0.11,0.75,6.6,431.0586196,2023,258,0.006372083
2085,2023-09-16,259,6502.436928,1213.958924,5288.478003,7716.395852,2831.830955,6845.270776,17.39078646,0.22220297,9,0.3,0.11,0.75,6.6,449.781779,2023,259,0.006542396
2086,2023-09-17,260,6543.09038,1250.465529,5292.624851,7793.55591,2831.830955,6845.270776,17.40217622,0.22220297,9,0.3,0.11,0.75,6.6,448.2078786,2023,260,0.006576146
2087,2023-09-18,261,6582.289553,1286.18941,5296.100144,7868.478963,2831.830955,6845.270776,17.18383094,0.22220297,9,0.3,0.11,0.75,6.6,447.7335138,2023,261,0.006506875
2088,2023-09-19,262,6619.776273,1320.985423,5298.79085,7940.761697,2831.830955,6845.270776,17.10759739,0.22220297,9,0.3,0.11,0.75,6.6,450.7894209,2023,262,0.006467083
2089,2023-09-20,263,6655.292368,1354.709798,5300.582569,8010.002166,2831.830955,6845.270776,16.97276115,0.22220297,9,0.3,0.11,0.75,6.6,471.0224726,2023,263,0.006448333
2090,2023-09-21,264,6688.579663,1387.219997,5301.359665,8075.79966,2831.830955,6845.270776,16.94535721,0.22220297,9,0.3,0.11,0.75,6.6,461.4654794,2023,264,0.006412292
2091,2023-09-22,265,6719.379985,1418.374621,5301.005364,8137.754606,2831.830955,6845.270776,16.75191493,0.22220297,9,0.3,0.11,0.75,6.6,467.3482053,2023,265,0.006399583
2092,2023-09-23,266,6747.435162,1448.033353,5299.40181,8195.468515,2831.830955,6845.270776,15.9198342,0.22220297,9,0.3,0.11,0.75,6.6,425.8020151,2023,266,0.006410208
2093,2023-09-24,267,6772.48702,1476.056928,5296.430092,8248.543949,2831.830955,6845.270776,15.77881076,0.22220297,9,0.3,0.11,0.75,6.6,439.1008496,2023,267,0.006417396
2094,2023-09-25,268,6794.277386,1502.307148,5291.970238,8296.584535,2831.830955,6845.270776,15.91619114,0.22220297,9,0.3,0.11,0.75,6.6,440.1555365,2023,268,0.006437604
2095,2023-09-26,269,6812.548087,1526.646912,5285.901175,8339.194999,2831.830955,6845.270776,16.32980423,0.22220297,9,0.3,0.11,0.75,6.6,445.2866762,2023,269,0.006455417
2096,2023-09-27,270,6827.04095,1548.940288,5278.100662,8375.981238,2831.830955,6845.270776,16.07511979,0.22220297,9,0.3,0.11,0.75,6.6,441.7808157,2023,270,0.006643854
2097,2023-09-28,271,6837.497801,1569.052617,5268.445184,8406.550418,2831.830955,6845.270776,16.04666114,0.22220297,9,0.3,0.11,0.75,6.6,443.4849657,2023,271,0.006707292
2098,2023-09-29,272,6843.660467,1586.850647,5256.80982,8430.511115,2831.830955,6845.270776,16.32371665,0.22220297,9,0.3,0.11,0.75,6.6,442.482987,2023,272,0.006655
2099,2023-09-30,273,6845.270776,1602.202715,5243.068061,8447.47349,2831.830955,6845.270776,16.38923524,0.22220297,9,0.3,0.11,0.75,6.6,440.5512494,2023,273,0.00659
2100,2023-10-01,274,6842.070553,1614.978965,5227.091588,8457.049518,2831.830955,6845.270776,16.16351291,0.22220297,9,0.3,0.11,0.75,6.6,434.319329,2023,274,0.006784583
2101,2023-10-02,275,6833.801626,1625.051633,5208.749992,8458.853259,2831.830955,6845.270776,16.31410895,0.22220297,10,0.3,0.11,0.75,6.6,447.5585174,2023,275,0.006777333
2102,2023-10-03,276,6820.286036,1632.331267,5187.954769,8452.617304,2831.830955,6845.270776,16.12568651,0.22220297,10,0.3,0.11,0.75,6.6,445.317344,2023,276,0.006789667
2103,2023-10-04,277,6801.666689,1636.873944,5164.792744,8438.540633,2831.830955,6845.270776,16.02385031,0.22220297,10,0.3,0.11,0.75,6.6,441.1268421,2023,277,0.006847298
2104,2023-10-05,278,6778.166702,1638.772277,5139.394424,8416.938979,2831.830955,6845.270776,15.85157552,0.22220297,10,0.3,0.11,0.75,6.6,463.0292614,2023,278,0.006904929
2105,2023-10-06,279,6750.009195,1638.119076,5111.890119,8388.12827,2831.830955,6845.270776,15.95564583,0.22220297,10,0.3,0.11,0.75,6.6,451.7870034,2023,279,0.006962561
2106,2023-10-07,280,6717.417286,1635.007118,5082.410168,8352.424404,2831.830955,6845.270776,15.72467857,0.22220297,10,0.3,0.11,0.75,6.6,448.1325386,2023,280,0.007020192
2107,2023-10-08,281,6680.614096,1629.528982,5051.085115,8310.143078,2831.830955,6845.270776,15.21180973,0.22220297,10,0.3,0.11,0.75,6.6,442.6787462,2023,281,0.007077823
2108,2023-10-09,282,6639.822743,1621.776917,5018.045826,8261.599661,2831.830955,6845.270776,14.88719598,0.22220297,10,0.3,0.11,0.75,6.6,452.2119934,2023,282,0.007135455
2109,2023-10-10,283,6595.266347,1611.842776,4983.423571,8207.109123,2831.830955,6845.270776,15.32394097,0.22220297,10,0.3,0.11,0.75,6.6,451.4399588,2023,283,0.007112917
2110,2023-10-11,284,6547.168026,1599.817978,4947.350048,8146.986004,2831.830955,6845.270776,15.36854948,0.22220297,10,0.3,0.11,0.75,6.6,465.6855065,2023,284,0.007075729
2111,2023-10-12,285,6495.7509,1585.793532,4909.957368,8081.544432,2831.830955,6845.270776,15.219,0.22220297,10,0.3,0.11,0.75,6.6,454.5170022,2023,285,0.007116875
2112,2023-10-13,286,6441.238087,1569.860104,4871.377983,8011.098191,2831.830955,6845.270776,14.99316843,0.22220297,10,0.3,0.11,0.75,6.6,460.5111966,2023,286,0.007096771
2113,2023-10-14,287,6383.852707,1552.108146,4831.744561,7935.960854,2831.830955,6845.270776,14.68317596,0.22220297,10,0.3,0.11,0.75,6.6,461.902513,2023,287,0.007168125
2114,2023-10-15,288,6323.81788,1532.628088,4791.189792,7856.445968,2831.830955,6845.270776,14.44523084,0.22220297,10,0.3,0.11,0.75,6.6,463.4771068,2023,288,0.007199474
2115,2023-10-16,289,6261.356723,1511.510602,4749.846121,7772.867326,2831.830955,6845.270776,14.74297818,0.22220297,10,0.3,0.11,0.75,6.6,449.7953364,2023,289,0.007257292
2116,2023-10-17,290,6196.692357,1488.846955,4707.845402,7685.539312,2831.830955,6845.270776,13.82819942,0.22220297,10,0.3,0.11,0.75,6.6,435.8634156,2023,290,0.007293854
2117,2023-10-18,291,6130.0479,1464.729466,4665.318434,7594.777367,2831.830955,6845.270776,12.45685273,0.22220297,10,0.3,0.11,0.75,6.6,442.3370721,2023,291,0.007294045
2118,2023-10-19,292,6061.646472,1439.252083,4622.394389,7500.898555,2831.830955,6845.270776,12.44379652,0.22220297,10,0.3,0.11,0.75,6.6,456.2893632,2023,292,0.007319063
2119,2023-10-20,293,5991.711192,1412.511102,4579.200089,7404.222294,2831.830955,6845.270776,13.46417014,0.22220297,10,0.3,0.11,0.75,6.6,449.6316,2023,293,0.007425208
2120,2023-10-21,294,5920.465178,1384.60607,4535.859108,7305.071247,2831.830955,6845.270776,13.21269444,0.22220297,10,0.3,0.11,0.75,6.6,448.8423768,2023,294,0.007455833
2121,2023-10-22,295,5848.13155,1355.640878,4492.490672,7203.772428,2831.830955,6845.270776,13.36297135,0.22220297,10,0.3,0.11,0.75,6.6,446.5979302,2023,295,0.007476667
2122,2023-10-23,296,5774.933427,1325.725122,4449.208305,7100.658549,2831.830955,6845.270776,13.14004621,0.22220297,10,0.3,0.11,0.75,6.6,446.2350034,2023,296,0.007476563
2123,2023-10-24,297,5701.093929,1294.975738,4406.11819,6996.069667,2831.830955,6845.270776,13.23093192,0.22220297,10,0.3,0.11,0.75,6.6,452.09475,2023,297,0.007478438
2124,2023-10-25,298,5626.836173,1263.519004,4363.31717,6890.355177,2831.830955,6845.270776,13.6143268,0.22220297,10,0.3,0.11,0.75,6.6,446.4506866,2023,298,0.007538125
2125,2023-10-26,299,5552.383281,1231.492935,4320.890345,6783.876216,2831.830955,6845.270776,14.05242707,0.22220297,10,0.3,0.11,0.75,6.6,440.0346948,2023,299,0.007580833
2126,2023-10-27,300,5477.958369,1199.050171,4278.908198,6677.008541,2831.830955,6845.270776,13.95457977,0.22220297,10,0.3,0.11,0.75,6.6,436.5409768,2023,300,0.007617789
2127,2023-10-28,301,5403.784559,1166.361393,4237.423166,6570.145952,2831.830955,6845.270776,13.84014063,0.22220297,10,0.3,0.11,0.75,6.6,450.8151464,2023,301,0.007718229
2128,2023-10-29,302,5330.084968,1133.619346,4196.465622,6463.704315,2831.830955,6845.270776,14.21146416,0.22220297,10,0.3,0.11,0.75,6.6,444.8460347,2023,302,0.007779479
2129,2023-10-30,303,5257.082717,1101.043507,4156.03921,6358.126224,2831.830955,6845.270776,14.0662164,0.22220297,10,0.3,0.11,0.75,6.6,449.7027128,2023,303,0.00822625
2130,2023-10-31,304,5185.000923,1068.885372,4116.115551,6253.886295,2831.830955,6845.270776,13.83870681,0.22220297,10,0.3,0.11,0.75,6.6,449.8874607,2023,304,0.0088325
2131,2023-11-01,305,5114.062707,1037.434294,4076.628413,6151.497001,2831.830955,6845.270776,12.66707478,0.22220297,10,0.3,0.11,0.75,6.6,457.2454178,2023,305,0.008549583
2132,2023-11-02,306,5044.491187,1007.023629,4037.467558,6051.514816,2831.830955,6845.270776,12.32906163,0.22220297,11,0.3,0.11,0.75,6.6,452.8067286,2023,306,0.008730417
2133,2023-11-03,307,4976.472498,978.0418363,3998.430662,5954.514335,2831.830955,6845.270776,11.29574826,0.22220297,11,0.3,0.11,0.75,6.6,450.5057895,2023,307,0.009337396
2134,2023-11-04,308,4910.04484,950.9384982,3959.106342,5860.983338,2831.830955,6845.270776,11.20913194,0.22220297,11,0.3,0.11,0.75,6.6,445.5598832,2023,308,0.009531458
2135,2023-11-05,309,4845.209426,926.1804228,3919.029003,5771.389848,2831.830955,6845.270776,12.0867113,0.22220297,11,0.3,0.11,0.75,6.6,438.8817567,2023,309,0.009694583
2136,2023-11-06,310,4781.96747,904.2284834,3877.738987,5686.195953,2831.830955,6845.270776,12.68909939,0.22220297,11,0.3,0.11,0.75,6.6,444.3701369,2023,310,0.009879787
2137,2023-11-07,311,4720.320188,885.5184052,3834.801782,5605.838593,2831.830955,6845.270776,12.92570226,0.22220297,11,0.3,0.11,0.75,6.6,452.1490852,2023,311,0.010147604
2138,2023-11-08,312,4660.268793,870.4382682,3789.830525,5530.707061,2831.830955,6845.270776,12.82777951,0.22220297,11,0.3,0.11,0.75,6.6,448.329753,2023,312,0.010426979
2139,2023-11-09,313,4601.8145,859.3044439,3742.510056,5461.118944,2831.830955,6845.270776,12.72282031,0.22220297,11,0.3,0.11,0.75,6.6,450.6991647,2023,313,0.010217292
2140,2023-11-10,314,4544.958523,852.3386763,3692.619847,5397.2972,2831.830955,6845.270776,12.63664721,0.22220297,11,0.3,0.11,0.75,6.6,449.3452958,2023,314,0.010551875
2141,2023-11-11,315,4489.702078,849.6496095,3640.052468,5339.351687,2831.830955,6845.270776,12.87809541,0.22220297,11,0.3,0.11,0.75,6.6,442.7636606,2023,315,0.010691771
2142,2023-11-12,316,4436.046377,851.2218869,3584.82449,5287.268264,2831.830955,6845.270776,12.66290885,0.22220297,11,0.3,0.11,0.75,6.6,446.3405316,2023,316,0.010632292
2143,2023-11-13,317,4383.992637,856.9148524,3527.077784,5240.907489,2831.830955,6845.270776,11.18216348,0.22220297,11,0.3,0.11,0.75,6.6,432.1520772,2023,317,0.010419063
2144,2023-11-14,318,4333.54207,866.4711149,3467.070955,5200.013185,2831.830955,6845.270776,10.69699913,0.22220297,11,0.3,0.11,0.75,6.6,439.221502,2023,318,0.010244896
2145,2023-11-15,319,4284.695892,879.533375,3405.162517,5164.229267,2831.830955,6845.270776,11.1509487,0.22220297,11,0.3,0.11,0.75,6.6,440.1642715,2023,319,0.010123438
2146,2023-11-16,320,4237.455316,895.6665685,3341.788748,5133.121885,2831.830955,6845.270776,11.42708834,0.22220297,11,0.3,0.11,0.75,6.6,440.8126101,2023,320,0.010326044
2147,2023-11-17,321,4191.821558,914.3819393,3277.439619,5106.203497,2831.830955,6845.270776,11.21606794,0.22220297,11,0.3,0.11,0.75,6.6,440.8856321,2023,321,0.010790729
2148,2023-11-18,322,4147.795832,935.1600641,3212.635768,5082.955896,2831.830955,6845.270776,11.19459051,0.22220297,11,0.3,0.11,0.75,6.6,438.9301809,2023,322,0.010929688
2149,2023-11-19,323,4105.379351,957.4707918,3147.90856,5062.850143,2831.830955,6845.270776,10.21270757,0.22220297,11,0.3,0.11,0.75,6.6,433.478695,2023,323,0.010869688
2150,2023-11-20,324,4064.573332,980.7891256,3083.784206,5045.362457,2831.830955,6845.270776,10.10838542,0.22220297,11,0.3,0.11,0.75,6.6,435.7286962,2023,324,0.01094
2151,2023-11-21,325,4025.378987,1004.606956,3020.77203,5029.985943,2831.830955,6845.270776,10.2583653,0.22220297,11,0.3,0.11,0.75,6.6,440.8241877,2023,325,0.019612083
2152,2023-11-22,326,3987.797531,1028.44114,2959.356391,5016.238671,2831.830955,6845.270776,10.81575676,0.22220297,11,0.3,0.11,0.75,6.6,442.858941,2023,326,0.012989375
2153,2023-11-23,327,3951.83018,1051.838686,2899.991494,5003.668866,2831.830955,6845.270776,10.48909635,0.22220297,11,0.3,0.11,0.75,6.6,442.1525421,2023,327,0.009687813
2154,2023-11-24,328,3917.478146,1074.379894,2843.098253,4991.85804,2831.830955,6845.270776,10.48317361,0.22220297,11,0.3,0.11,0.75,6.6,443.4103544,2023,328,0.009347917
2155,2023-11-25,329,3884.742645,1095.680206,2789.062439,4980.422852,2831.830955,6845.270776,10.81181377,0.22220297,11,0.3,0.11,0.75,6.6,442.9109446,2023,329,0.009260417
2156,2023-11-26,330,3853.624891,1115.391433,2738.233458,4969.016325,2831.830955,6845.270776,10.7406875,0.22220297,11,0.3,0.11,0.75,6.6,436.0532731,2023,330,0.009269063
2157,2023-11-27,331,3824.126099,1133.202876,2690.923223,4957.328975,2831.830955,6845.270776,10.69153193,0.22220297,11,0.3,0.11,0.75,6.6,440.1955174,2023,331,0.009565638
2158,2023-11-28,332,3796.247482,1148.842787,2647.404696,4945.090269,2831.830955,6845.270776,9.853862222,0.22220297,11,0.3,0.11,0.75,6.6,434.2663406,2023,332,0.009337396
2159,2023-11-29,333,3769.990256,1162.080527,2607.909729,4932.070783,2831.830955,6845.270776,9.501483507,0.22220297,11,0.3,0.11,0.75,6.6,436.8175445,2023,333,0.009589583
2160,2023-11-30,334,3745.355634,1172.729753,2572.625881,4918.085387,2831.830955,6845.270776,10.14778521,0.22220297,11,0.3,0.11,0.75,6.6,438.0063412,2023,334,0.009810313
2161,2023-12-01,335,3722.344832,1180.652952,2541.691879,4902.997784,2831.830955,6845.270776,10.63673304,0.22220297,11,0.3,0.11,0.75,6.6,444.332784,2023,335,0.011166042
2162,2023-12-02,336,3700.959063,1185.767687,2515.191376,4886.726749,2831.830955,6845.270776,10.8304687,0.22220297,12,0.3,0.11,0.75,6.6,459.5870889,2023,336,0.013555833
2163,2023-12-03,337,3681.199542,1188.054924,2493.144617,4869.254466,2831.830955,6845.270776,11.1417168,0.22220297,12,0.3,0.11,0.75,6.6,460.5717212,2023,337,0.021959479
2164,2023-12-04,338,3663.067483,1187.569915,2475.497568,4850.637397,2831.830955,6845.270776,10.38969618,0.22220297,12,0.3,0.11,0.75,6.6,439.3872444,2023,338,0.011549167
2165,2023-12-05,339,3646.564101,1184.456085,2462.108015,4831.020186,2831.830955,6845.270776,10.25360435,0.22220297,12,0.3,0.11,0.75,6.6,450.7397678,2023,339,0.010383854
2166,2023-12-06,340,3631.69061,1178.962458,2452.728152,4810.653067,2831.830955,6845.270776,10.59958594,0.22220297,12,0.3,0.11,0.75,6.6,452.3077771,2023,340,0.009971667
2167,2023-12-07,341,3618.448224,1171.464969,2446.983255,4789.913193,2831.830955,6845.270776,10.16450347,0.22220297,12,0.3,0.11,0.75,6.6,440.2637045,2023,341,0.009543158
2168,2023-12-08,342,3606.838159,1162.491796,2444.346362,4769.329955,2831.830955,6845.270776,10.47968854,0.22220297,12,0.3,0.11,0.75,6.6,440.5964502,2023,342,0.010300521
2169,2023-12-09,343,3596.861628,1152.752127,2444.109501,4749.613755,2831.830955,6845.270776,10.59564844,0.22220297,12,0.3,0.11,0.75,6.6,450.9770794,2023,343,0.013770417
2170,2023-12-10,344,3588.519845,1143.166623,2445.353223,4731.686468,2831.830955,6845.270776,11.30676794,0.22220297,12,0.3,0.11,0.75,6.6,455.0958606,2023,344,0.038232396
2171,2023-12-11,345,3581.814026,1134.895846,2446.91818,4716.709872,2831.830955,6845.270776,10.65718206,0.22220297,12,0.3,0.11,0.75,6.6,448.0949563,2023,345,0.024795833
2172,2023-12-12,346,3576.745385,1129.36011,2447.385275,4706.105495,2831.830955,6845.270776,10.08473084,0.22220297,12,0.3,0.11,0.75,6.6,439.6595413,2023,346,0.01525625
2173,2023-12-13,347,3573.315136,1128.240985,2445.074151,4701.55612,2831.830955,6845.270776,10.39500354,0.22220297,12,0.3,0.11,0.75,6.6,446.2686499,2023,347,0.010995625
2174,2023-12-14,348,3571.524493,1133.452343,2438.072149,4704.976836,2831.830955,6845.270776,10.97750132,0.22220297,12,0.3,0.11,0.75,6.6,448.342742,2023,348,0.010348652
2175,2023-12-15,349,3571.374671,1147.069958,2424.304712,4718.444629,2831.830955,6845.270776,11.00244327,0.22220297,12,0.3,0.11,0.75,6.6,445.1058,2023,349,0.010368542
2176,2023-12-16,350,3572.866884,1171.216135,2401.650749,4744.083019,2831.830955,6845.270776,11.16181475,0.22220297,12,0.3,0.11,0.75,6.6,442.1834972,2023,350,0.010108854
2177,2023-12-17,351,3575.979583,1207.736315,2368.243268,4783.715899,2831.830955,6845.270776,11.66259561,0.22220297,12,0.3,0.11,0.75,6.6,440.3229483,2023,351,0.011665833
2178,2023-12-18,352,3580.600164,1256.974945,2323.625219,4837.575109,2831.830955,6845.270776,10.82697991,0.22220297,12,0.3,0.11,0.75,6.6,439.1553132,2023,352,0.011032083
2179,2023-12-19,353,3586.593258,1317.359654,2269.233604,4903.952912,2831.830955,6845.270776,9.738665799,0.22220297,12,0.3,0.11,0.75,6.6,435.9464642,2023,353,0.009923542
2180,2023-12-20,354,3593.823497,1385.794904,2208.028593,4979.618401,2831.830955,6845.270776,9.537214477,0.22220297,12,0.3,0.11,0.75,6.6,440.8045225,2023,354,0.009611667
2181,2023-12-21,355,3602.155513,1458.187577,2143.967936,5060.343091,2831.830955,6845.270776,10.0634783,0.22220297,12,0.3,0.11,0.75,6.6,449.970821,2023,355,0.009466979
2182,2023-12-22,356,3611.453938,1529.950718,2081.503221,5141.404656,2831.830955,6845.270776,10.36531684,0.22220297,12,0.3,0.11,0.75,6.6,449.2211451,2023,356,0.009499167
2183,2023-12-23,357,3621.583404,1596.39115,2025.192254,5217.974555,2831.830955,6845.270776,9.629027875,0.22220297,12,0.3,0.11,0.75,6.6,439.0058743,2023,357,0.009406146
2184,2023-12-24,358,3632.408542,1652.97688,1979.431662,5285.385422,2831.830955,6845.270776,9.231125868,0.22220297,12,0.3,0.11,0.75,6.6,439.6917881,2023,358,0.009342708
2185,2023-12-25,359,3643.793985,1695.527765,1948.266219,5339.32175,2831.830955,6845.270776,10.16531538,0.22220297,12,0.3,0.11,0.75,6.6,431.1288219,2023,359,0.011218646
2186,2023-12-26,360,3655.604363,1720.387957,1935.216406,5375.992321,2831.830955,6845.270776,10.40281337,0.22220297,12,0.3,0.11,0.75,6.6,439.0618068,2023,360,0.024278333
2187,2023-12-27,361,3667.70431,1724.644702,1943.059608,5392.349012,2831.830955,6845.270776,10.57942882,0.22220297,12,0.3,0.11,0.75,6.6,439.0703155,2023,361,0.02876
2188,2023-12-28,362,3679.958456,1706.474714,1973.483742,5386.43317,2831.830955,6845.270776,10.78095886,0.22220297,12,0.3,0.11,0.75,6.6,441.3753191,2023,362,0.024233191
2189,2023-12-29,363,3692.231434,1665.742099,2026.489334,5357.973533,2831.830955,6845.270776,11.12444746,0.22220297,12,0.3,0.11,0.75,6.6,440.0046237,2023,363,0.018685417
2190,2023-12-30,364,3704.387875,1605.055534,2099.332341,5309.443409,2831.830955,6845.270776,11.1975191,0.22220297,12,0.3,0.11,0.75,6.6,441.450393,2023,364,0.014099479
2191,2023-12-31,365,3716.292411,1531.611352,2184.681059,5247.903763,2831.830955,6845.270776,11.33356944,0.22220297,12,0.3,0.11,0.75,6.6,438.8653415,2023,365,0.012115313